frame,x,y
0,916.19385,641.404
1,892.1693,657.2491
2,902.6272,694.5469
3,926.28845,735.0804
4,913.38763,739.8551
5,863.2671,708.99835
6,824.1996,676.4532
7,820.81915,656.00287
8,826.2009,654.2348
9,803.6108,699.9988
10,755.6421,795.04956
11,714.37573,886.1232
12,696.1415,928.9222
13,697.2283,928.4663
14,701.8031,916.6532
15,686.41296,922.85834
16,662.8405,944.572
17,674.1901,952.0816
18,720.73834,937.6347
19,751.23724,927.3227
20,731.7677,938.45074
21,690.244,958.018
22,681.6595,968.37036
23,719.4216,970.5831
24,769.90784,972.3121
25,801.1903,971.34076
26,809.0855,962.0329
27,804.0929,944.4167
28,790.43304,925.85846
29,767.2023,918.7208
30,748.07605,919.0154
31,767.6807,896.6155
32,849.3963,840.43445
33,958.1511,787.16394
34,1008.49817,781.21985
35,946.93726,832.33124
36,816.0839,903.6653
37,724.83344,935.4367
38,773.73944,902.501
39,969.3089,839.1568
40,1164.5599,796.7832
41,1186.6344,791.2395
42,1055.865,803.53723
43,938.46326,818.2081
44,905.43933,836.64417
45,894.77014,861.00543
46,864.97754,887.0652
47,835.71844,911.2245
48,812.68616,929.7426
49,776.8319,929.90405
50,726.2024,901.90314
51,684.2595,863.7756
52,677.7358,853.5274
53,713.64825,893.1646
54,767.0736,967.0251
55,799.49524,1031.1968
56,794.9839,1039.8722
57,767.0698,976.111
58,740.56995,880.0078
59,730.91425,817.3512
60,734.17,804.2013
61,740.81805,808.9876
62,747.71423,810.30096
63,752.6554,809.1542
64,752.86566,810.50946
65,750.51337,813.99664
66,752.6202,815.2998
67,765.7571,811.82465
68,789.7444,805.116
69,812.58374,799.2395
70,818.09924,798.032
71,803.6517,802.1028
72,782.9764,807.7292
73,770.52026,809.8379
74,769.9692,807.6054
75,777.49976,807.22034
76,787.12244,815.35004
77,791.53186,827.95996
78,786.489,832.9383
79,774.46216,822.9823
80,760.4408,799.9902
81,748.602,775.39764
82,742.30524,762.8304
83,742.74255,763.39417
84,748.52954,768.8432
85,755.8384,774.3029
86,759.97266,778.80817
87,759.71136,781.9125
88,757.3477,783.7508
89,754.62646,785.57
90,750.84247,789.0136
91,744.30145,793.97906
92,740.0967,796.2812
93,756.4709,789.3926
94,805.4751,773.46814
95,865.2812,759.62085
96,899.33594,757.76215
97,899.50134,766.03687
98,885.6986,778.1923
99,876.6191,791.29944
100,877.3418,800.979
101,885.3348,800.1733
102,896.4267,792.424
103,902.37976,804.4792
104,895.5568,861.53973
105,884.68854,934.7855
106,880.9933,961.5687
107,859.25366,934.17236
108,781.692,910.78107
109,676.35,935.6651
110,624.1315,989.17053
111,651.62897,1026.1149
112,706.66534,1035.9489
113,740.9501,1030.4498
114,760.30365,994.65106
115,791.95685,906.50305
116,831.16876,803.69257
117,846.9489,756.1956
118,833.0787,772.03357
119,815.7776,806.22437
120,817.8589,830.1506
121,837.49567,839.0514
122,855.3917,833.41864
123,856.1512,822.20807
124,839.8693,828.2385
125,815.86566,867.1266
126,793.8406,918.27325
127,778.67645,952.1825
128,770.53955,978.7706
129,769.4648,1017.4266
130,773.3681,1052.2424
131,776.5686,1061.4138
132,777.4778,1046.3883
133,777.5642,1016.1381
134,776.5262,980.35925
135,778.441,952.80084
136,786.13666,938.2891
137,787.96155,930.5095
138,771.2688,928.6496
139,744.37103,935.1393
140,726.74084,943.2624
141,724.0394,944.6303
142,728.835,936.8011
143,737.00665,920.5968
144,750.19806,902.8393
145,768.35406,894.60016
146,784.7574,898.59326
147,790.0191,906.6119
148,784.0162,910.7322
149,776.59216,910.5564
150,773.5338,909.53937
151,772.54126,909.0352
152,772.4368,909.038
153,773.9865,912.1457
154,774.98615,921.8357
155,774.13947,935.8729
156,773.7223,947.15936
157,775.4497,952.886
158,779.17255,956.0094
159,783.17145,959.0807
160,781.9962,961.41864
161,765.668,956.8242
162,736.6894,936.4128
163,745.48267,903.2966
164,856.8076,875.5772
165,1031.788,866.5413
166,1141.8007,871.013
167,1138.9955,875.0029
168,1090.8882,872.29926
169,1057.5742,866.31305
170,1042.5419,860.95953
171,1038.3394,857.48346
172,1048.9792,856.4987
173,1069.1816,857.5824
174,1081.1254,858.80524
175,1079.5157,859.03046
176,1078.7772,858.29205
177,1087.5162,855.47394
178,1074.8141,851.2093
179,984.7849,857.08466
180,825.1275,889.05865
181,694.90643,938.8142
182,664.1378,974.0246
183,696.6933,979.2538
184,728.3654,969.5448
185,740.2902,962.3984
186,746.83905,957.43024
187,765.08685,943.4398
188,794.5377,919.07825
189,812.2612,900.06055
190,798.61554,901.4186
191,765.4071,919.48865
192,741.08453,937.7517
193,735.9272,946.02893
194,740.48474,946.95996
195,745.77704,947.1177
196,749.6217,949.27576
197,751.5262,951.5816
198,748.23,948.10986
199,736.081,932.68134
200,720.1566,909.4028
201,711.07434,892.6956
202,711.5032,891.7267
203,718.016,903.14154
204,727.18805,916.6802
205,734.0914,924.07306
206,736.38586,926.0803
207,736.20703,928.1545
208,734.5257,930.4401
209,730.21204,926.43634
210,725.3216,912.57806
211,724.4841,897.95935
212,724.90674,895.0759
213,721.7226,905.2644
214,720.1886,923.469
215,721.27234,944.1323
216,715.8799,959.889
217,711.66064,962.6795
218,739.5894,946.0065
219,807.53,915.3618
220,862.8519,890.44775
221,852.792,884.40717
222,800.22235,893.1598
223,757.8767,905.3366
224,736.85785,911.62195
225,722.6684,910.00446
226,710.0737,906.63806
227,703.98987,909.135
228,707.01337,917.801
229,711.0901,923.9849
230,705.1626,918.6318
231,694.0705,905.00146
232,693.9376,898.2973
233,702.5264,904.842
234,690.3059,907.5003
235,639.92236,886.8285
236,596.3346,858.81177
237,623.11633,862.64044
238,706.26733,901.9445
239,777.2571,938.42694
240,803.8896,945.56323
241,800.64966,936.0835
242,789.42834,939.2347
243,782.84125,960.915
244,787.26355,982.6135
245,802.4943,1007.37396
246,819.4999,1053.6683
247,830.36865,1087.0931
248,835.207,1044.1068
249,831.7639,943.6371
250,814.8131,875.7851
251,786.47943,878.7165
252,755.52936,916.0336
253,746.84515,945.0761
254,806.7497,949.202
255,941.39,936.0213
256,1066.67,922.47235
257,1101.5392,913.797
258,1071.0562,904.9487
259,1041.217,892.6784
260,1004.4327,877.01965
261,901.28394,864.858
262,745.138,869.5146
263,634.428,891.65265
264,614.16376,915.65216
265,632.03424,933.2926
266,641.9751,945.9354
267,657.3378,948.31354
268,701.5791,935.6089
269,758.91315,918.0052
270,794.3703,910.8849
271,805.03357,917.0978
272,810.30206,929.73346
273,807.77875,946.6676
274,799.7401,973.14514
275,805.563,1006.79895
276,792.9746,1030.9429
277,738.70465,1029.1404
278,714.04395,999.44037
279,736.38116,960.07544
280,725.61584,932.67535
281,690.0998,916.89026
282,726.5466,904.2529
283,865.3351,899.7603
284,1034.1538,907.29913
285,1114.9468,911.9638
286,1052.3685,894.0114
287,917.84576,856.38806
288,813.9785,822.3765
289,770.9825,807.70306
290,765.2318,809.29474
291,771.66077,817.0737
292,779.0951,824.93304
293,784.12244,831.26935
294,785.2717,837.28265
295,782.3447,845.88293
296,777.9634,857.28217
297,784.6546,864.1286
298,842.09143,855.9903
299,982.91815,835.0609
300,1144.4951,822.5954
301,1210.6425,835.37915
302,1162.6285,861.7155
303,1080.6711,881.30743
304,1019.6994,892.7589
305,961.19775,896.5578
306,870.50287,882.79254
307,764.10114,860.6392
308,701.0898,858.6959
309,716.567,884.3352
310,783.6336,921.7313
311,841.583,960.9964
312,851.0907,993.0052
313,808.1717,980.82434
314,724.1046,885.60175
315,634.51215,748.35034
316,601.4476,685.8161
317,655.3659,762.78046
318,752.3782,912.8678
319,821.4876,1023.17975
320,839.4432,1060.579
321,833.4777,1063.2008
322,831.00525,1060.1074
323,836.2852,1056.4902
324,842.95123,1052.9292
325,847.5058,1048.7639
326,849.3788,1041.8981
327,847.39636,1032.3474
328,842.9079,1024.3989
329,840.11365,1020.3997
330,833.4287,1006.99896
331,798.58545,949.8595
332,718.18164,828.7745
333,628.35767,693.63007
334,617.91815,642.85345
335,736.21063,718.1807
336,897.9484,851.37384
337,961.98346,942.7295
338,904.05145,969.08496
339,803.6516,977.5839
340,715.62024,1002.8672
341,657.6065,1030.35
342,641.6249,1031.194
343,657.08765,1006.8119
344,679.70746,975.3347
345,697.40515,932.2317
346,705.1582,858.1547
347,711.25415,756.0253
348,735.47766,655.2279
349,767.97986,587.5993
350,775.9326,566.8963
351,757.95197,578.0409
352,740.3689,591.5883
353,735.8522,587.221
354,737.06335,563.64294
355,733.31866,555.4466
356,722.462,622.68304
357,711.6043,767.9459
358,707.98334,901.81915
359,708.168,948.24335
360,700.5131,923.716
361,683.44135,884.9085
362,671.1803,862.85815
363,683.02356,856.0555
364,729.3043,849.94196
365,789.3954,832.19666
366,825.0511,799.1198
367,827.86444,761.8396
368,813.71875,742.31744
369,785.4826,754.5435
370,742.3451,792.49243
371,702.7605,831.742
372,686.4449,848.37756
373,689.52496,842.29346
374,696.1953,830.0784
375,699.88617,822.0327
376,702.8177,818.1112
377,706.8855,816.58124
378,711.8824,817.698
379,717.32947,820.6622
380,722.25104,822.2257
381,726.0552,821.0293
382,729.67395,820.18835
383,732.29974,823.74493
384,730.7096,833.11993
385,725.19324,845.5054
386,718.1349,853.3228
387,709.1439,848.94183
388,701.57117,833.08386
389,700.774,815.9543
390,702.27765,808.01776
391,698.77295,812.90576
392,691.9958,828.239
393,687.49805,848.2195
394,688.75494,866.70636
395,697.2083,880.60175
396,706.43054,891.55365
397,699.07184,905.0897
398,664.735,924.86456
399,628.87103,944.4683
400,650.5336,949.3851
401,752.16296,933.8685
402,856.6555,909.4466
403,869.6602,891.7735
404,809.6984,891.03577
405,761.8139,912.2731
406,748.3385,948.2392
407,744.81213,979.35693
408,756.63464,991.72394
409,791.616,986.36646
410,812.9503,970.5461
411,770.6481,953.22046
412,671.5042,945.6262
413,601.6266,948.92535
414,629.50195,947.9003
415,717.21265,931.53503
416,789.4506,907.0145
417,817.54376,888.1638
418,805.7988,885.3148
419,771.08887,904.58606
420,743.3079,938.01654
421,756.8735,951.5114
422,833.69196,912.847
423,940.7577,846.2696
424,980.9122,816.35486
425,898.61755,848.65735
426,758.36816,912.24133
427,661.9329,966.1757
428,645.09564,990.4557
429,673.1445,992.4751
430,694.2176,995.3009
431,690.63715,1012.0649
432,682.594,1036.3053
433,689.1733,1056.9235
434,706.1295,1069.808
435,722.2718,1074.3773
436,739.06494,1067.9052
437,765.931,1047.5538
438,801.31213,1021.1508
439,830.8646,1004.15576
440,845.49994,1000.2585
441,848.4914,1000.794
442,843.2207,996.8891
443,822.5806,981.772
444,787.2255,958.8182
445,760.5182,943.68097
446,748.9834,938.0642
447,731.4711,927.6012
448,710.41364,914.70306
449,709.1692,913.2864
450,728.8765,919.31433
451,749.73566,920.30774
452,759.91205,926.90326
453,764.1389,962.2787
454,765.9425,1020.15106
455,765.39496,1072.6067
456,769.667,1105.9586
457,782.7604,1119.019
458,796.7828,1113.4944
459,803.3476,1098.4248
460,802.04504,1083.9662
461,796.2453,1072.0385
462,789.8947,1061.502
463,787.10547,1052.4323
464,789.7976,1044.018
465,798.3514,1039.7125
466,812.3681,1046.2009
467,826.3895,1060.0742
468,832.88763,1071.9248
469,832.2414,1080.6426
470,829.91223,1086.5261
471,824.7334,1082.3082
472,809.8516,1063.974
473,786.91113,1041.2465
474,768.429,1025.7961
475,761.67377,1015.7486
476,762.8186,1006.427
477,766.8832,1001.77466
478,772.61664,1002.94946
479,781.5361,1005.32654
480,796.72705,1009.9099
481,819.821,1021.70325
482,847.49677,1038.5675
483,870.264,1053.6501
484,880.58,1068.358
485,885.3264,1091.7113
486,899.1104,1125.2944
487,920.3271,1158.9725
488,921.48834,1182.4545
489,875.2806,1192.6776
490,797.0521,1185.787
491,746.1764,1147.4841
492,766.449,1068.2218
493,844.9627,967.8908
494,956.35834,883.32
495,1083.7993,837.16284
496,1170.709,828.7749
497,1159.5706,839.90533
498,1072.5527,851.94244
499,975.70966,861.4656
500,901.25964,873.4946
501,838.0145,891.1199
502,775.58325,915.13947
503,729.37024,943.44763
504,716.6044,970.7988
505,733.24115,994.1706
506,761.4348,1014.2338
507,783.9579,1031.8818
508,791.13434,1048.8202
509,785.82837,1064.0156
510,780.57324,1070.6611
511,785.6314,1068.1337
512,802.44476,1066.2816
513,822.01953,1069.4591
514,824.9249,1069.3195
515,799.4832,1058.3625
516,766.08936,1042.5212
517,754.431,1030.0814
518,760.35754,1016.71625
519,763.6538,999.4366
520,764.0156,986.11487
521,766.61566,980.0145
522,761.0375,980.72156
523,737.9996,989.4184
524,727.93085,985.9511
525,785.1542,935.9319
526,890.3989,853.5478
527,946.9261,801.26984
528,915.7681,806.8088
529,849.1822,845.6215
530,802.8113,891.6819
531,813.00305,930.4848
532,905.9017,947.2661
533,1048.422,936.99097
534,1137.18,916.3392
535,1087.8624,916.4427
536,925.59656,958.8982
537,773.396,1025.894
538,725.6104,1075.1635
539,757.13116,1092.1926
540,793.78546,1092.4023
541,804.9956,1088.9192
542,800.6767,1086.4624
543,795.9691,1085.8524
544,795.493,1085.9296
545,795.9027,1086.0533
546,794.3813,1082.7537
547,789.9722,1067.2302
548,780.40906,1039.1821
549,766.06036,1020.8453
550,754.8985,1032.8323
551,753.7962,1063.4222
552,759.4018,1086.33
553,765.68506,1091.5328
554,773.09894,1086.8485
555,784.2945,1084.1783
556,795.6116,1085.5118
557,796.83575,1076.9506
558,784.2379,1048.1931
559,772.2028,1021.10297
560,776.4169,1026.4576
561,791.1117,1058.1962
562,800.3532,1089.3237
563,798.6515,1108.4039
564,788.7324,1117.8624
565,773.802,1122.3824
566,761.2689,1124.3458
567,760.12555,1121.6492
568,768.28265,1113.1912
569,776.16016,1104.5732
570,780.0996,1101.6156
571,781.96985,1101.9581
572,782.79,1100.5913
573,782.4465,1098.3253
574,781.46204,1097.7794
575,780.3744,1097.7697
576,778.9643,1095.7412
577,777.5734,1090.6355
578,778.2421,1084.1765
579,782.66547,1080.8187
580,790.5034,1081.8002
581,800.8086,1080.6841
582,812.05536,1070.4495
583,820.9465,1050.8823
584,824.04047,1025.4923
585,820.42175,1000.08484
586,810.7492,987.08636
587,796.6686,997.6362
588,784.4147,1024.2759
589,779.803,1045.2672
590,778.16205,1044.3391
591,771.93835,1018.4621
592,764.4925,980.35675
593,766.3142,943.6604
594,782.6112,902.22485
595,806.84564,855.0146
596,822.55286,829.0351
597,814.60016,856.7251
598,784.7026,947.4502
599,754.4752,1061.6543
600,747.12274,1134.165
601,767.1136,1150.9725
602,796.19135,1152.6954
603,809.2104,1162.4817
604,803.07965,1163.101
605,793.9645,1136.94
606,783.9385,1090.957
607,755.7655,1037.6268
608,684.7594,978.5527
609,571.40405,923.91785
610,481.45245,896.39545
611,483.11145,898.22
612,552.51544,911.36536
613,615.641,927.99164
614,642.8385,949.0804
615,656.4034,969.1344
616,687.2008,979.31134
617,747.4017,978.7209
618,823.90576,980.6121
619,889.47577,998.4118
620,925.4866,1025.4695
621,931.405,1043.2827
622,916.1032,1042.5314
623,889.5919,1027.4419
624,860.9062,1009.0569
625,837.97986,1002.13666
626,826.67377,1018.86743
627,829.7056,1051.244
628,845.40137,1073.9459
629,863.36084,1073.8632
630,870.7747,1060.276
631,867.418,1046.9698
632,859.06573,1034.5697
633,841.9408,1012.26227
634,811.606,977.4863
635,777.5611,943.0322
636,755.3281,919.8848
637,750.6308,908.42596
638,759.3207,908.01666
639,775.7822,919.45807
640,792.68085,936.59393
641,801.6726,947.6963
642,800.3237,947.14764
643,789.9205,937.66974
644,770.83655,923.7238
645,747.0131,909.62836
646,726.3211,899.20856
647,714.4504,893.5864
648,717.98926,893.329
649,743.11536,899.0789
650,779.9406,906.63916
651,807.4768,910.1832
652,815.8089,910.4149
653,809.13605,911.2998
654,796.6921,912.1868
655,785.0853,909.9444
656,776.63965,905.2756
657,777.52356,900.7751
658,795.93414,896.6646
659,823.32117,891.97656
660,832.40906,885.1233
661,811.4696,876.3216
662,785.5001,871.5785
663,776.00366,873.6883
664,770.719,875.31036
665,758.76263,871.5445
666,748.90045,865.80164
667,747.3518,860.61206
668,752.56055,855.19415
669,761.85425,850.34326
670,770.1732,850.0813
671,772.1913,857.6303
672,770.19403,869.6262
673,773.1611,877.9415
674,785.4935,878.2686
675,802.1092,872.8091
676,814.9684,865.7662
677,819.7614,859.93585
678,816.19867,856.59094
679,807.1444,857.11163
680,800.8001,864.83093
681,806.41156,882.08417
682,821.15076,903.2288
683,830.605,917.20764
684,825.94196,918.65125
685,811.6661,912.33936
686,798.5057,911.74243
687,793.07764,929.5373
688,793.2402,960.14435
689,794.50854,982.9639
690,797.2727,987.1973
691,803.2014,979.6433
692,810.3429,971.43445
693,816.4041,967.8909
694,821.4836,967.95166
695,826.6531,968.5676
696,832.62726,968.25964
697,838.99005,966.10596
698,844.8174,961.04517
699,844.13464,952.2505
700,826.7428,938.49493
701,797.2312,921.61816
702,772.8444,906.6619
703,757.0716,894.10785
704,746.2251,881.34644
705,749.7925,871.2495
706,772.3958,868.37646
707,793.96985,869.8981
708,798.79016,869.77344
709,804.5024,868.15967
710,827.4674,868.28394
711,851.77734,869.6292
712,861.726,870.1119
713,862.9669,868.8156
714,863.27155,865.37634
715,863.3587,860.87494
716,862.6297,858.18335
717,862.324,858.80853
718,863.8146,860.6562
719,865.4849,860.6056
720,864.16693,857.66986
721,858.7562,853.79333
722,850.66284,853.0773
723,842.71234,857.86615
724,838.2107,864.79224
725,838.6637,867.6374
726,842.5389,864.1818
727,846.59863,858.4333
728,846.1658,856.4339
729,839.32227,859.4776
730,833.7569,860.2041
731,839.0825,851.3809
732,853.50714,840.14996
733,867.3345,838.7875
734,870.9627,845.21466
735,852.9107,850.53613
736,810.96014,854.96826
737,772.54736,863.51306
738,767.51385,874.8776
739,785.7916,882.9869
740,800.64874,885.6228
741,805.1958,885.386
742,804.2633,885.06604
743,800.8863,884.86957
744,797.34564,883.1017
745,796.67,879.38055
746,800.9778,874.99054
747,809.12726,870.05884
748,817.3836,863.9718
749,824.04016,858.03815
750,829.6748,854.0374
751,832.8989,852.0539
752,832.58734,852.5638
753,831.4956,856.42584
754,832.7156,861.2653
755,835.63654,862.51636
756,836.4053,858.5082
757,831.9339,852.519
758,824.5337,849.8901
759,820.6157,852.3683
760,822.5912,855.92865
761,825.0939,855.3686
762,822.8469,849.9528
763,818.5946,844.1136
764,818.1988,842.396
765,822.2466,844.14636
766,827.5872,844.85846
767,831.7864,841.9277
768,833.2325,837.387
769,832.12897,835.1668
770,831.49664,836.8101
771,833.6883,841.2798
772,836.7741,847.4746
773,837.0572,854.0266
774,834.5936,858.5888
775,832.5352,860.24457
776,832.10406,860.5918
777,832.24774,861.03937
778,831.5576,860.8157
779,828.3669,858.7503
780,823.06116,856.6791
781,819.9919,858.02167
782,822.3304,861.6778
783,826.90314,862.05646
784,827.85425,856.54553
785,823.43713,848.97797
786,818.1379,845.13416
787,817.80176,846.4337
788,822.09686,848.7672
789,824.4082,847.44794
790,819.7287,842.4962
791,810.16046,839.1415
792,801.6439,841.7254
793,796.8082,847.5521
794,793.3665,850.48236
795,789.1088,849.0007
796,786.0127,847.6343
797,787.408,850.922
798,791.35846,856.86206
799,790.60077,858.59467
800,780.91833,856.1325
801,767.1885,861.56665
802,761.00073,880.2105
803,772.1833,898.0245
804,796.3604,904.6638
805,815.09705,907.75507
806,817.508,915.6441
807,810.86804,927.2242
808,806.1152,937.0197
809,806.2414,940.4845
810,808.24725,937.9456
811,806.66003,934.42303
812,797.0673,934.0142
813,783.20276,935.9921
814,774.9364,937.6591
815,774.8525,937.5558
816,777.6919,935.12915
817,785.56177,933.5348
818,803.74634,938.446
819,813.6816,943.7198
820,788.1517,933.6655
821,742.64166,910.4082
822,722.6403,895.9079
823,745.12494,903.36115
824,787.61975,924.04865
825,819.6945,941.2298
826,829.0016,948.2145
827,822.4066,948.0472
828,812.866,941.5417
829,809.595,927.02075
830,814.5527,909.2104
831,824.7023,897.2279
832,835.0284,894.3208
833,840.2835,897.0805
834,839.4204,900.63586
835,837.0305,900.6063
836,837.3218,895.3303
837,839.738,887.64526
838,841.5496,881.3291
839,840.98285,876.0944
840,837.28253,869.2739
841,830.7098,861.6641
842,824.36633,857.47375
843,822.7086,858.02966
844,824.46674,859.38043
845,823.1462,857.62244
846,817.2864,853.63983
847,812.22473,851.23444
848,812.30194,852.50635
849,816.4898,855.6205
850,820.0909,856.35297
851,820.08923,852.83356
852,817.8794,849.1191
853,815.98676,851.32355
854,815.5313,858.924
855,816.5402,863.99695
856,817.3347,861.4693
857,815.6958,855.3928
858,812.12726,852.8102
859,809.07874,855.728
860,808.3798,861.1326
861,810.5907,865.8053
862,813.593,868.29425
863,813.55475,867.9901
864,810.1615,865.15424
865,808.71216,860.6919
866,813.55115,855.7839
867,820.30664,853.20087
868,822.3765,855.475
869,821.55756,860.14795
870,822.2856,861.64355
871,823.8539,858.4267
872,824.02466,854.03046
873,822.8629,851.85205
874,821.2447,852.9939
875,817.7384,857.3362
876,809.99445,863.7363
877,799.9124,871.4061
878,793.13385,879.97864
879,791.9412,886.9499
880,791.7542,890.15326
881,788.436,891.53894
882,785.615,893.63257
883,787.08905,895.7293
884,788.3518,895.76526
885,784.9417,893.3221
886,780.1465,890.55597
887,778.08813,890.0468
888,777.88934,891.94086
889,777.0288,894.69226
890,775.51715,897.4941
891,776.0952,900.4093
892,781.922,902.5037
893,791.7067,901.1855
894,796.0121,895.3647
895,787.4965,888.654
896,772.90436,885.8263
897,760.16974,885.7426
898,745.7171,882.7407
899,730.19366,875.5785
900,727.0084,867.72986
901,744.6473,860.6568
902,773.6237,855.1045
903,792.8964,855.15515
904,787.7222,863.6907
905,764.9466,875.63354
906,750.5081,884.6422
907,763.7572,894.04755
908,792.1511,908.0075
909,806.01514,920.2876
910,797.27325,924.2909
911,786.4052,924.56226
912,793.1444,929.9648
913,812.9413,940.28033
914,825.2592,946.5636
915,816.9159,943.01886
916,795.0979,934.0135
917,781.40704,927.11475
918,787.84827,920.02844
919,803.61975,907.4092
920,811.9739,895.80634
921,809.8694,891.7599
922,807.445,888.5618
923,811.32336,879.2113
924,812.69867,867.95306
925,798.16315,864.6802
926,771.14374,874.68195
927,753.6828,892.08856
928,760.6596,905.24744
929,781.81256,909.5061
930,797.6326,908.16504
931,800.9847,904.07153
932,796.96545,897.9363
933,792.4213,891.901
934,789.7596,888.6928
935,786.54517,889.2482
936,779.4984,894.9141
937,772.7584,908.7477
938,779.9094,930.75507
939,805.30145,953.97015
940,832.1171,971.0099
941,841.86206,981.6674
942,829.1342,986.0253
943,797.74445,978.92633
944,761.40796,960.18207
945,738.2358,938.5742
946,735.54254,923.25287
947,749.33203,919.8607
948,772.3417,930.4835
949,795.19574,952.3894
950,808.1174,976.9587
951,808.8762,992.8361
952,807.469,994.7222
953,814.7385,986.81006
954,827.31226,977.67706
955,833.9042,972.904
956,832.1942,971.6933
957,827.63666,971.631
958,821.6934,972.58716
959,812.3396,974.2425
960,801.07935,975.483
961,791.9629,976.8197
962,786.4788,979.01166
963,783.62177,980.46985
964,784.3304,980.06354
965,791.9031,979.42035
966,803.1278,978.3489
967,801.7143,970.22516
968,774.8611,947.5918
969,738.808,916.905
970,725.09814,900.23773
971,741.1117,913.5438
972,770.0108,949.3556
973,798.27386,985.18085
974,820.8876,1003.4101
975,833.4622,1002.28107
976,832.6887,992.70654
977,819.9872,985.75385
978,803.4771,983.2914
979,793.77094,980.43024
980,793.60944,973.5559
981,796.2662,964.2906
982,794.7795,955.5351
983,788.4838,947.64435
984,782.40967,941.60034
985,781.79675,939.5991
986,785.7395,940.41785
987,788.2381,940.59247
988,786.35455,939.09863
989,783.08215,936.3248
990,781.64667,932.2028
991,781.9982,927.10236
992,784.82117,921.0945
993,792.75616,914.1278
994,803.9957,908.0776
995,813.0147,904.8818
996,818.9799,903.5694
997,824.1655,901.9561
998,827.49335,899.4485
999,827.1182,896.9462
1000,824.16565,895.34296
1001,819.9749,895.01483
1002,814.5574,895.94995
1003,808.90424,895.9427
1004,805.25977,891.7336
1005,804.83203,886.8116
1006,805.37195,890.4323
1007,802.86957,904.7239
1008,797.64575,921.621
1009,793.89716,932.5144
1010,791.5616,934.48346
1011,786.08936,929.3408
1012,777.7845,921.8455
1013,773.34143,917.51263
1014,776.39777,918.4653
1015,781.6611,921.79913
1016,783.0856,923.8716
1017,784.0597,924.44324
1018,788.3639,923.2989
1019,790.45715,918.40125
1020,787.1372,911.5725
1021,784.5161,908.1312
1022,787.26154,909.64484
1023,792.2215,913.2414
1024,793.9875,916.4542
1025,791.55457,918.63983
1026,788.2363,919.65765
1027,786.5812,919.98346
1028,786.0346,920.19806
1029,785.8233,919.29974
1030,786.55994,915.5291
1031,788.0679,909.31055
1032,788.95056,904.28046
1033,788.60425,903.64026
1034,787.97174,905.4633
1035,787.8457,903.97504
1036,787.4471,895.92883
1037,786.1505,884.6473
1038,784.716,876.6453
1039,784.4601,874.8573
1040,786.335,876.9814
1041,788.44507,878.17615
1042,785.6638,874.9001
1043,776.7578,869.4175
1044,769.3848,867.9704
1045,771.53564,872.53796
1046,780.7964,878.6213
1047,787.4708,881.0717
1048,786.45483,878.9611
1049,781.95416,875.8322
1050,780.912,875.9605
1051,785.3053,879.5048
1052,790.108,882.5304
1053,788.4745,882.4874
1054,780.8838,881.7965
1055,775.1538,885.10834
1056,775.85803,893.9245
1057,779.31396,903.6252
1058,779.8733,906.07196
1059,778.13214,897.67566
1060,781.6807,885.219
1061,792.65894,880.5162
1062,799.1392,888.70154
1063,793.42554,905.08234
1064,786.56384,921.22906
1065,789.6915,931.047
1066,798.6326,934.7479
1067,802.1954,935.4045
1068,793.9481,932.3888
1069,780.3749,925.17194
1070,775.7148,917.34595
1071,783.93994,911.5471
1072,797.57556,907.10547
1073,810.2274,903.5359
1074,819.45166,900.4829
1075,823.41345,897.3149
1076,817.51636,898.4946
1077,800.5124,910.14343
1078,783.17944,930.64496
1079,777.3234,953.8983
1080,782.8041,974.154
1081,792.0083,985.08734
1082,797.74396,984.0678
1083,796.56476,976.6326
1084,790.2433,970.13
1085,785.0222,965.7809
1086,788.30054,961.63776
1087,801.85767,958.0764
1088,816.788,956.13666
1089,822.6588,954.8604
1090,821.08875,952.55304
1091,820.25385,948.0215
1092,818.4575,939.8975
1093,802.95953,926.2004
1094,769.0716,907.7032
1095,736.42395,893.10034
1096,734.9096,893.99744
1097,766.17944,908.7138
1098,793.87915,919.62726
1099,793.2575,915.0061
1100,785.0288,902.38043
1101,791.09094,893.7546
1102,799.2902,891.9341
1103,798.9426,894.75214
1104,799.5435,899.0249
1105,804.5265,901.1196
1106,809.15015,901.40045
1107,814.5333,903.2747
1108,822.4953,906.6583
1109,829.9339,907.4502
1110,834.87823,902.897
1111,840.86,895.0853
1112,850.8414,887.66046
1113,860.09784,880.83234
1114,859.86554,873.495
1115,848.3486,867.6024
1116,835.6408,865.9202
1117,832.8717,867.29
1118,838.1131,867.4113
1119,840.4884,864.01447
1120,834.9885,859.3082
1121,826.3185,857.1195
1122,821.18195,858.2789
1123,820.68414,859.5088
1124,819.59155,857.61945
1125,813.37744,853.8389
1126,804.6861,852.5222
1127,799.0423,855.4608
1128,796.4793,859.1988
1129,792.5908,859.42816
1130,785.8367,856.8336
1131,779.34485,856.3284
1132,776.44147,859.89514
1133,776.7589,863.0986
1134,776.70294,860.8784
1135,773.5044,854.46716
1136,768.76086,850.4102
1137,766.82465,853.44495
1138,769.3688,861.5864
1139,773.0366,868.2529
1140,772.5885,868.5895
1141,766.39575,864.07184
1142,759.3999,861.37854
1143,757.80035,865.4571
1144,760.17194,873.75464
1145,759.1929,879.0022
1146,752.215,877.1362
1147,744.2131,872.3038
1148,740.76654,872.5243
1149,742.4911,878.7153
1150,746.11847,883.9961
1151,749.119,884.3691
1152,752.37537,880.9149
1153,758.1192,872.52856
1154,765.30853,857.7452
1155,767.9355,844.53534
1156,761.46295,845.0135
1157,749.24634,859.37366
1158,738.0225,876.99207
1159,731.4447,889.9404
1160,730.141,897.8565
1161,732.6528,904.0845
1162,735.8828,910.2556
1163,738.0095,914.147
1164,741.0164,913.4496
1165,748.3728,910.8417
1166,759.564,912.0423
1167,769.0167,917.6452
1168,772.24646,922.2848
1169,771.37897,923.03076
1170,772.11884,921.153
1171,776.20667,917.33295
1172,780.55756,912.34357
1173,782.8008,908.2296
1174,782.8167,903.9615
1175,779.88806,895.21497
1176,772.5552,882.48975
1177,761.0167,873.42773
1178,748.913,873.9849
1179,744.2216,883.384
1180,753.4977,896.6097
1181,770.86145,905.35205
1182,781.3972,901.07007
1183,781.2393,888.72064
1184,783.91284,889.6045
1185,799.77203,914.2567
1186,823.9786,951.446
1187,847.22473,988.83246
1188,858.5836,1015.8358
1189,841.1647,1019.903
1190,786.409,1000.041
1191,719.13196,971.3827
1192,681.63763,952.0733
1193,684.8708,948.3235
1194,711.3413,953.89954
1195,747.63104,960.41516
1196,778.8218,963.0907
1197,789.2593,961.848
1198,784.11945,959.37024
1199,778.9639,956.75684
1200,777.51624,953.9759
1201,776.39716,952.74194
1202,775.6094,952.9153
1203,776.33887,950.3038
1204,776.67566,942.8324
1205,775.08704,933.50244
1206,775.7234,929.1265
1207,785.36285,939.9324
1208,802.7987,967.2209
1209,813.6805,987.0361
1210,804.8496,970.4093
1211,784.3749,926.238
1212,776.6577,896.2504
1213,794.489,908.8591
1214,821.463,958.7261
1215,832.4043,1018.60474
1216,830.23676,1062.6609
1217,839.182,1085.8267
1218,861.6009,1097.4767
1219,874.3424,1102.0488
1220,866.2743,1094.1381
1221,852.42505,1073.4915
1222,854.36774,1059.5641
1223,874.65515,1069.5951
1224,891.7616,1090.3895
1225,885.145,1102.4069
1226,856.95624,1109.6315
1227,827.12225,1121.6472
1228,814.65643,1131.8289
1229,820.0638,1123.61
1230,826.655,1087.223
1231,826.6328,1035.1794
1232,831.9816,997.842
1233,847.9602,994.02905
1234,862.6719,1015.27435
1235,869.72815,1041.4901
1236,872.4258,1061.4564
1237,870.49963,1076.9286
1238,862.9986,1094.1576
1239,854.5535,1114.6162
1240,849.583,1129.8391
1241,848.848,1130.0232
1242,855.5808,1121.1409
1243,874.5229,1118.9543
1244,897.4639,1124.0624
1245,901.0534,1116.5536
1246,873.6121,1085.7866
1247,836.21515,1057.0817
1248,817.07684,1057.1677
1249,817.3221,1071.7308
1250,822.30304,1076.1664
1251,825.459,1070.5725
1252,827.7435,1062.328
1253,830.1322,1050.8021
1254,831.57025,1034.4121
1255,828.8228,1013.24854
1256,819.6346,990.31055
1257,809.3282,976.7116
1258,807.1211,978.4384
1259,812.4789,983.95306
1260,816.60187,982.66626
1261,816.6094,978.3989
1262,816.6385,977.76056
1263,818.9313,979.9039
1264,821.9951,979.00476
1265,824.74567,972.87494
1266,827.9588,966.29846
1267,831.6111,963.8638
1268,832.67487,962.855
1269,824.70105,956.01636
1270,803.3135,941.1074
1271,775.9244,925.30304
1272,754.22675,915.12646
1273,740.75684,908.0681
1274,738.1828,902.00073
1275,751.955,899.79364
1276,770.3796,898.992
1277,770.3386,893.1182
1278,749.1244,884.2028
1279,723.5644,879.1661
1280,704.4161,877.855
1281,692.844,876.4818
1282,689.38165,875.4877
1283,698.1312,877.2852
1284,724.66266,881.7387
1285,764.411,886.12573
1286,800.85583,889.0578
1287,819.8542,892.2554
1288,818.0564,895.7138
1289,803.1312,896.6665
1290,791.1912,896.1969
1291,795.59406,897.2384
1292,815.21765,896.2779
1293,834.6216,889.6823
1294,832.1802,881.5968
1295,796.70416,875.7097
1296,747.4591,871.5584
1297,723.9537,870.70905
1298,746.90234,875.2252
1299,796.18024,881.69147
1300,820.9503,881.7815
1301,784.72815,871.47296
1302,718.9203,859.8003
1303,692.21045,860.2058
1304,721.02856,872.61084
1305,767.5947,884.4198
1306,801.1884,886.97504
1307,811.12964,882.55237
1308,795.8708,877.7102
1309,768.0379,876.13617
1310,750.18524,879.82697
1311,750.27936,889.2839
1312,751.8685,898.7234
1313,742.1516,902.2743
1314,733.5694,903.85126
1315,744.3575,911.70197
1316,776.22217,930.1985
1317,813.9394,956.43396
1318,837.84973,980.1202
1319,843.32745,993.833
1320,841.60315,999.4981
1321,841.08875,1001.7461
1322,841.1972,1002.90704
1323,839.3762,1004.2731
1324,835.6286,1006.03033
1325,830.92377,1004.1986
1326,825.00476,994.4486
1327,818.3898,982.5205
1328,813.41376,980.20166
1329,809.73596,989.4146
1330,803.4773,1001.91565
1331,795.0318,1010.6554
1332,790.4123,1011.7425
1333,793.35425,1002.949
1334,801.8255,987.3664
1335,809.1093,970.939
1336,810.6055,956.9923
1337,813.93744,950.13904
1338,828.78546,953.7343
1339,842.6775,957.842
1340,832.2078,948.17896
1341,804.12885,932.4091
1342,797.11865,941.10864
1343,831.31116,990.6787
1344,876.74817,1055.2604
1345,889.85016,1095.1891
1346,864.88086,1102.1161
1347,833.08777,1095.4541
1348,820.8932,1087.2682
1349,818.77344,1065.0225
1350,799.44037,1012.9627
1351,760.04596,947.19324
1352,726.72266,904.27997
1353,724.129,895.80444
1354,749.4713,902.26984
1355,770.5931,905.2352
1356,762.91473,905.3192
1357,739.6339,908.1465
1358,725.6256,911.5072
1359,736.3169,922.22577
1360,775.1463,954.45856
1361,817.2323,998.2129
1362,833.8002,1031.5193
1363,830.3271,1053.8772
1364,826.9179,1074.2468
1365,828.97363,1088.319
1366,830.94354,1082.7467
1367,832.12286,1061.6646
1368,838.23553,1061.1166
1369,845.212,1098.5349
1370,841.63873,1134.002
1371,830.6357,1132.7655
1372,823.6514,1112.7213
1373,822.079,1101.8728
1374,822.22546,1102.7762
1375,822.9457,1105.6196
1376,823.84845,1105.1447
1377,826.478,1102.024
1378,836.2618,1102.3363
1379,854.30115,1114.2517
1380,866.89545,1133.6411
1381,857.9561,1144.3135
1382,834.8254,1140.1301
1383,822.0181,1127.6833
1384,829.3455,1111.4381
1385,845.62933,1094.6283
1386,858.1194,1083.1448
1387,862.5177,1079.45
1388,858.4303,1080.0256
1389,846.32404,1079.6835
1390,831.0414,1076.0164
1391,820.5708,1069.0035
1392,817.80707,1059.2205
1393,819.9599,1048.0472
1394,824.32056,1034.9742
1395,828.1139,1017.10187
1396,828.6358,997.0327
1397,827.6113,984.8176
1398,829.2533,985.83594
1399,834.5867,994.43195
1400,843.6684,1002.2955
1401,854.8902,1002.8904
1402,850.3623,987.65216
1403,805.08746,951.6951
1404,731.34357,906.88605
1405,680.7936,875.19824
1406,689.6282,866.9798
1407,742.9376,875.0443
1408,788.2866,884.0524
1409,787.17053,883.6445
1410,756.0118,877.7588
1411,740.6411,877.0896
1412,760.7851,883.3931
1413,797.04156,888.6315
1414,820.5173,887.94794
1415,817.84216,884.2407
1416,792.7218,879.81537
1417,759.49927,873.85474
1418,736.0003,868.76794
1419,734.14105,869.9701
1420,748.799,877.47906
1421,756.33044,882.9511
1422,743.1022,879.2796
1423,730.70135,870.50385
1424,748.9697,867.0573
1425,788.8571,871.581
1426,802.0463,873.7739
1427,762.41486,865.1437
1428,713.0505,854.6952
1429,716.0045,856.85315
1430,768.47833,868.9999
1431,814.442,877.0229
1432,823.26715,876.5713
1433,811.10345,874.7292
1434,801.8504,876.96564
1435,802.71173,882.3282
1436,808.63043,887.75305
1437,810.79205,890.9592
1438,803.4268,891.11615
1439,791.3021,890.2968
1440,784.7519,891.453
1441,783.657,893.58856
1442,779.2577,893.4759
1443,774.0232,891.85175
1444,781.0908,891.8674
1445,799.2306,892.13293
1446,809.6906,888.93884
1447,802.85144,884.27515
1448,789.84125,884.08527
1449,783.49304,889.4344
1450,775.92773,893.3195
1451,750.44086,888.9539
1452,717.54913,880.25757
1453,701.7068,874.8483
1454,699.344,871.16156
1455,703.1036,867.1547
1456,729.6955,869.17725
1457,776.6749,878.25354
1458,811.04083,885.838
1459,818.33093,888.52124
1460,812.5746,889.9661
1461,809.16266,891.9057
1462,811.00714,893.1404
1463,811.7535,893.03784
1464,811.4925,892.2185
1465,817.407,891.05066
1466,827.6817,889.15045
1467,833.70996,885.5014
1468,831.7758,879.0888
1469,824.5011,871.5232
1470,818.06165,866.7754
1471,816.9527,866.32715
1472,819.1621,868.3148
1473,819.9356,871.37976
1474,819.9618,874.99335
1475,823.2786,877.8694
1476,829.3341,879.23535
1477,834.4943,879.57166
1478,834.9284,878.7625
1479,826.6503,875.6378
1480,811.0146,869.9098
1481,796.2211,862.8539
1482,788.4561,857.45667
1483,786.65295,857.32745
1484,788.07355,862.6684
1485,792.47394,870.4135
1486,797.9763,878.70105
1487,800.14374,888.1784
1488,799.50024,900.0139
1489,802.7622,913.01843
1490,810.0096,922.8757
1491,810.2459,925.39966
1492,799.04126,921.052
1493,784.88556,913.61945
1494,770.4257,903.2612
1495,754.23047,889.87756
1496,749.7919,880.9251
1497,765.73785,881.32477
1498,778.4027,883.2105
1499,764.0702,879.3629
1500,738.20905,875.6646
1501,724.74176,878.07214
1502,721.63837,881.94775
1503,726.9376,883.75354
1504,752.35425,885.92816
1505,792.2042,886.94226
1506,819.5453,882.8908
1507,821.73425,877.8301
1508,811.0387,878.7396
1509,799.5732,882.91516
1510,787.1321,882.5272
1511,774.9605,877.87683
1512,768.92194,874.7323
1513,766.3719,874.15985
1514,761.4135,875.0598
1515,757.2832,878.63086
1516,757.9741,884.554
1517,760.4222,890.6775
1518,761.0086,896.65753
1519,759.5149,902.7903
1520,756.6991,908.05585
1521,752.5435,911.7062
1522,745.96045,913.4914
1523,738.9602,915.5358
1524,743.6626,930.27545
1525,771.99567,972.1651
1526,812.31506,1028.8702
1527,840.0248,1067.0176
1528,850.5133,1075.3148
1529,853.26227,1070.9775
1530,850.65533,1068.8462
1531,843.7053,1069.5012
1532,837.7565,1068.7267
1533,835.4006,1063.8066
1534,834.1711,1052.5936
1535,828.67004,1033.3881
1536,814.47516,1008.48303
1537,796.9384,985.44037
1538,789.28876,972.0552
1539,794.7983,970.74097
1540,803.0616,977.53265
1541,806.09534,984.00854
1542,807.7938,984.6847
1543,817.4031,985.4654
1544,834.5054,994.217
1545,846.2674,999.1188
1546,844.03906,976.7554
1547,829.34406,931.2265
1548,804.17487,893.87744
1549,774.8315,880.73615
1550,756.6622,884.68646
1551,751.65155,893.5929
1552,738.8661,895.37585
1553,711.2782,888.21246
1554,694.78925,884.78
1555,708.22614,892.3919
1556,733.45996,902.58075
1557,743.9912,909.1355
1558,739.8096,919.4661
1559,737.8161,938.10236
1560,745.28723,959.3388
1561,756.81506,981.4724
1562,764.9752,1003.23035
1563,761.91345,1007.1637
1564,742.1291,974.4892
1565,716.49634,920.73724
1566,706.9345,886.5659
1567,719.07135,884.7694
1568,740.1429,891.05646
1569,760.267,889.45233
1570,775.41296,888.9662
1571,782.7453,899.953
1572,786.0612,921.1296
1573,788.69525,940.15765
1574,788.1657,946.11566
1575,787.4922,946.7391
1576,789.0821,952.87964
1577,779.29706,953.666
1578,744.757,932.657
1579,704.491,900.8243
1580,698.3804,891.08527
1581,734.9882,917.1981
1582,781.3216,957.4352
1583,812.76984,990.095
1584,835.1752,1017.841
1585,843.85205,1033.0396
1586,817.36676,1008.5573
1587,771.62,954.1039
1588,746.8421,912.9774
1589,745.21545,896.56366
1590,746.3501,889.9613
1591,748.3008,893.1703
1592,761.0832,911.18823
1593,789.3581,931.01917
1594,817.7202,928.3129
1595,813.962,899.13324
1596,773.59875,871.5967
1597,734.1612,870.7265
1598,727.26654,895.2444
1599,761.48083,935.4446
1600,832.4391,984.1353
1601,906.50415,1027.972
1602,941.33606,1051.4863
1603,936.8099,1053.4333
1604,918.35986,1045.8623
1605,882.4041,1035.7106
1606,809.4188,1018.7908
1607,726.764,995.5638
1608,687.8965,980.19226
1609,686.4736,983.50415
1610,677.7179,990.75854
1611,682.3373,962.2974
1612,776.7075,876.9612
1613,947.5621,779.9592
1614,1058.2615,739.1424
1615,1026.3362,759.4741
1616,916.8646,796.5203
1617,821.3847,822.97656
1618,763.2152,841.0432
1619,727.3358,859.046
1620,703.0079,877.5013
1621,690.08954,893.1607
1622,688.08954,908.1376
1623,691.5124,925.92804
1624,696.75854,943.15326
1625,702.959,955.3571
1626,708.42316,964.38983
1627,712.9696,972.8493
1628,719.0293,978.83966
1629,728.3825,980.059
1630,740.84656,977.72833
1631,755.19244,974.81366
1632,768.6094,972.43585
1633,777.57806,969.3922
1634,782.2812,966.39044
1635,788.9426,971.5997
1636,803.0465,995.7136
1637,820.1543,1034.5367
1638,829.37933,1065.9702
1639,819.8745,1066.3848
1640,786.1518,1027.1593
1641,745.27014,970.2713
1642,728.6771,934.3728
1643,740.7408,930.481
1644,758.7092,938.3413
1645,770.8607,942.2027
1646,780.3775,942.4076
1647,780.64386,940.802
1648,756.29865,929.2028
1649,710.948,889.3272
1650,657.4061,811.624
1651,575.71375,732.86316
1652,452.00238,722.00244
1653,349.7473,786.7427
1654,340.9601,855.3021
1655,408.47717,880.17725
1656,494.79926,879.30963
1657,577.5063,876.53265
1658,659.98535,874.2615
1659,733.5912,875.68427
1660,775.3103,889.0603
1661,781.1938,909.8779
1662,774.70197,909.48975
1663,776.83966,855.36505
1664,789.91504,762.93445
1665,808.093,692.54364
1666,819.416,682.9258
1667,806.8953,741.3176
1668,778.181,859.189
1669,763.35504,986.24097
1670,767.9395,1060.1847
1671,773.20184,1075.5964
1672,769.377,1066.6896
1673,757.2792,1053.979
1674,738.0617,1041.8357
1675,714.1783,1033.4907
1676,694.1202,1032.8379
1677,688.3327,1041.3381
1678,695.2222,1045.7758
1679,694.4671,1003.092
1680,666.67255,877.52185
1681,625.40393,718.8858
1682,605.0567,627.0874
1683,612.50934,623.26825
1684,623.44965,646.443
1685,621.7467,651.55096
1686,619.74603,654.7485
1687,642.7205,711.80927
1688,693.8282,841.34424
1689,743.9274,974.8312
1690,767.9272,1035.485
1691,770.14124,1027.1787
1692,764.8288,999.6566
1693,756.2395,980.95
1694,745.18243,971.5013
1695,739.4006,966.3082
1696,746.39386,962.8671
1697,760.2416,957.84033
1698,768.7717,948.3164
1699,770.6326,935.6574
1700,771.8519,924.9848
1701,774.53656,922.42
1702,776.28314,926.8261
1703,768.1188,918.34985
1704,739.6705,873.2091
1705,700.2264,806.6358
1706,678.29865,773.3281
1707,691.4421,806.5317
1708,728.6544,880.3661
1709,762.3392,942.15826
1710,775.6888,966.30145
1711,777.4646,960.2494
1712,783.9222,935.9533
1713,794.2982,905.62915
1714,799.3052,884.74603
1715,804.1218,878.67523
1716,814.81757,882.8549
1717,814.28564,894.1652
1718,789.20825,910.5184
1719,756.6231,927.4154
1720,733.5376,941.1324
1721,715.9659,950.3085
1722,698.66626,951.4485
1723,685.4838,939.83813
1724,680.34546,918.399
1725,682.48236,897.61725
1726,689.677,884.952
1727,698.52386,879.46436
1728,702.65405,876.45825
1729,698.56604,875.2677
1730,690.2971,879.6377
1731,683.4588,889.1168
1732,679.76013,897.45105
1733,677.16473,901.8349
1734,671.4548,905.0315
1735,661.3984,908.22906
1736,653.8022,910.20917
1737,660.67645,912.1365
1738,688.691,915.3121
1739,728.52167,916.21136
1740,760.57104,910.69183
1741,775.2996,900.8277
1742,779.22,892.45605
1743,782.6114,888.616
1744,790.5442,888.67914
1745,802.2099,891.03534
1746,813.475,894.2697
1747,820.1664,897.15515
1748,820.03955,899.5393
1749,814.5053,902.56244
1750,809.75275,905.97577
1751,810.44165,907.05835
1752,807.4357,902.7849
1753,782.1044,891.7325
1754,733.10254,877.23676
1755,684.54944,867.1655
1756,655.48254,864.4363
1757,643.0192,864.5566
1758,645.5715,868.1841
1759,670.4795,883.9095
1760,709.5963,911.0483
1761,733.5219,930.3691
1762,721.9227,925.98553
1763,693.5577,909.2598
1764,688.4009,903.41943
1765,720.29736,914.8705
1766,767.7523,933.0084
1767,801.5763,946.0013
1768,810.9033,951.96857
1769,813.48395,961.1197
1770,830.8939,982.38495
1771,856.44934,1010.7027
1772,870.4884,1037.2997
1773,868.8716,1061.2501
1774,859.9069,1082.3286
1775,851.8668,1096.377
1776,848.50214,1102.168
1777,848.55835,1102.4666
1778,848.8644,1099.2578
1779,849.44476,1094.7759
1780,852.6895,1091.7463
1781,856.1045,1087.0125
1782,851.8582,1071.5051
1783,839.0402,1044.9708
1784,828.75116,1023.9485
1785,828.1548,1021.6024
1786,835.48145,1030.921
1787,851.38995,1038.4645
1788,871.7398,1037.5609
1789,884.4537,1027.3838
1790,885.8699,1012.45465
1791,879.455,1000.2678
1792,866.716,997.32684
1793,853.1751,1006.03345
1794,847.6958,1021.5654
1795,850.80084,1032.8049
1796,849.4014,1025.3549
1797,820.5693,989.17676
1798,753.2387,933.5463
1799,673.8492,885.01294
1800,626.678,861.46075
1801,636.9607,863.49255
1802,704.10425,888.94434
1803,790.0133,929.74316
1804,837.4001,964.8039
1805,838.0317,981.8317
1806,829.9378,991.5888
1807,832.4409,1008.1059
1808,838.2215,1030.6156
1809,841.26794,1049.0421
1810,841.9754,1055.4352
1811,842.43884,1046.9371
1812,845.36304,1028.7457
1813,851.6418,1015.2217
1814,859.2444,1016.28815
1815,866.1115,1027.006
1816,869.90076,1037.3123
1817,867.0553,1043.5731
1818,858.58887,1047.4966
1819,851.79926,1051.0934
1820,851.1939,1054.9966
1821,853.09937,1058.5048
1822,852.6177,1061.0918
1823,850.0447,1062.869
1824,846.792,1061.5728
1825,842.4382,1053.7924
1826,839.64667,1042.5715
1827,843.28174,1036.6125
1828,851.48834,1038.3785
1829,854.0294,1040.432
1830,843.8405,1037.3262
1831,832.0121,1037.5554
1832,840.9663,1054.7014
1833,872.84686,1084.4447
1834,901.2488,1106.7107
1835,904.643,1111.586
1836,890.0565,1104.7246
1837,876.02136,1092.8511
1838,869.19305,1078.9827
1839,862.6501,1063.3418
1840,837.76575,1036.3364
1841,778.99866,984.45624
1842,716.3288,919.7413
1843,708.96313,877.03973
1844,756.97107,868.0592
1845,802.394,874.46606
1846,818.1229,882.2872
1847,814.6413,888.4693
1848,790.11273,890.22003
1849,749.9518,894.4326
1850,738.8716,922.44415
1851,781.7991,981.201
1852,837.1434,1043.6343
1853,860.9027,1078.8179
1854,857.9725,1084.8323
1855,851.2752,1079.7197
1856,849.5652,1075.7716
1857,849.0998,1072.6252
1858,846.8449,1068.9381
1859,846.72943,1070.3003
1860,853.5934,1081.9138
1861,864.7541,1097.8224
1862,870.7257,1104.3217
1863,864.14496,1094.3237
1864,849.82495,1075.2106
1865,842.20667,1061.9366
1866,846.3471,1061.5265
1867,852.48596,1067.4143
1868,853.4132,1070.8473
1869,851.56494,1072.6338
1870,849.85596,1081.2905
1871,849.4928,1095.9277
1872,859.38934,1079.7312
1873,894.5164,974.7878
1874,951.1279,786.1786
1875,997.7375,606.0672
1876,999.30707,518.52905
1877,937.43555,554.49774
1878,830.8952,712.583
1879,743.9467,922.4912
1880,724.56256,1064.8625
1881,749.39526,1095.8889
1882,771.04156,1070.8171
1883,775.89655,1046.7944
1884,780.6758,1016.2324
1885,813.16595,925.9653
1886,883.54724,770.61383
1887,961.1251,632.31866
1888,1009.634,574.4486
1889,1028.646,566.05914
1890,1024.3643,563.32587
1891,974.60535,597.59283
1892,869.3882,725.1188
1893,761.20844,909.9017
1894,716.3099,1042.5068
1895,733.77704,1080.2395
1896,764.65015,1070.6692
1897,778.1077,1058.7166
1898,774.2477,1050.602
1899,763.04645,1040.9441
1900,752.0906,1032.528
1901,745.1291,1032.868
1902,742.38495,1041.3527
1903,742.7917,1049.3455
1904,746.4437,1052.5314
1905,751.9833,1053.2762
1906,756.24066,1054.592
1907,758.39185,1057.3579
1908,758.65643,1058.3126
1909,755.67926,1050.4861
1910,750.29034,1029.897
1911,746.13525,1001.6482
1912,744.8415,976.83545
1913,746.5039,962.8949
1914,752.79285,958.20715
1915,764.1968,956.4542
1916,776.6369,953.6388
1917,784.77856,949.5859
1918,787.4284,946.3403
1919,789.414,945.9785
1920,799.5183,948.3261
1921,822.2518,952.1016
1922,852.94293,957.7255
1923,886.0161,965.56805
1924,918.56256,970.9424
1925,944.0561,964.37616
1926,956.0386,937.53644
1927,952.1669,888.4404
1928,930.7325,826.0697
1929,898.773,768.9386
1930,871.68304,728.2797
1931,837.3158,695.5514
1932,733.3622,663.6187
1933,526.999,650.1824
1934,321.9933,670.5239
1935,263.94595,708.5099
1936,348.10925,743.9596
1937,456.80557,775.1079
1938,525.8032,803.62256
1939,568.9088,828.3723
1940,606.51306,850.916
1941,637.184,874.0422
1942,656.7277,899.14874
1943,670.5211,926.3963
1944,684.009,955.8446
1945,696.58673,986.93756
1946,707.27704,1015.0839
1947,720.5208,1032.8157
1948,745.3606,1036.6812
1949,783.96027,1030.7423
1950,820.66187,1023.9791
1951,832.3892,1023.034
1952,813.35284,1026.5557
1953,784.3595,1028.8485
1954,771.39484,1026.2762
1955,778.00696,1018.4066
1956,788.9842,1007.13403
1957,794.3129,996.0825
1958,795.8685,988.9627
1959,797.7953,987.0622
1960,801.6774,987.1066
1961,803.02216,981.38184
1962,790.7907,964.6475
1963,776.1715,951.77185
1964,799.8342,972.0429
1965,858.10065,1022.66693
1966,884.1987,1071.7314
1967,848.9328,1112.2363
1968,792.3936,1146.41
1969,749.264,1140.9729
1970,719.9783,1061.2783
1971,705.45557,939.44476
1972,714.05286,855.79913
1973,737.04877,843.8228
1974,753.9858,868.82684
1975,757.17126,893.6472
1976,754.1164,913.9728
1977,754.4147,942.109
1978,761.5058,984.3021
1979,773.5048,1031.3893
1980,785.4861,1064.3972
1981,793.17145,1072.0281
1982,797.456,1060.8612
1983,801.47595,1045.2897
1984,806.3555,1037.6436
1985,810.9887,1046.7643
1986,812.20465,1070.6857
1987,807.7964,1093.0381
1988,797.78534,1098.5695
1989,783.70404,1091.4404
1990,771.3556,1089.7412
1991,764.6553,1097.5961
1992,759.60364,1098.5955
1993,756.7229,1086.2234
1994,764.4389,1073.3351
1995,782.9236,1067.6814
1996,800.9447,1065.0292
1997,809.9881,1061.4342
1998,812.11774,1057.0092
1999,812.83234,1051.3694
2000,808.2272,1039.1985
2001,784.63354,1012.6666
2002,742.0057,973.8889
2003,706.7719,940.32776
2004,703.19763,928.8845
2005,733.4889,941.749
2006,783.9814,967.05896
2007,821.33716,982.61096
2008,815.713,975.17664
2009,785.47797,962.11224
2010,772.8747,967.02277
2011,784.3093,983.96436
2012,795.5464,991.36414
2013,791.4202,981.14667
2014,777.3575,962.5306
2015,766.96094,949.1073
2016,765.0794,944.45013
2017,766.09174,943.60583
2018,765.49725,944.5078
2019,763.59094,948.67725
2020,761.832,954.98615
2021,760.40027,958.39746
2022,758.027,955.03796
2023,754.8495,947.80615
2024,752.2261,943.2803
2025,752.3652,945.65234
2026,759.1193,957.25793
2027,770.23016,977.72174
2028,777.17566,1002.243
2029,777.3118,1025.9658
2030,774.28577,1046.6233
2031,771.5212,1061.5891
2032,771.4171,1066.2158
2033,774.71814,1058.1276
2034,779.5795,1045.0238
2035,782.0041,1041.5353
2036,780.13666,1051.7052
2037,777.30145,1064.914
2038,775.4962,1072.924
2039,773.4277,1078.4061
2040,772.40686,1085.7474
2041,775.50854,1091.5
2042,785.015,1086.2462
2043,801.5052,1069.3282
2044,819.56714,1057.6536
2045,830.75085,1064.4882
2046,832.7095,1078.6338
2047,826.8489,1079.9337
2048,813.72614,1060.44
2049,799.4698,1028.7468
2050,793.81744,1003.5135
2051,796.9189,997.92957
2052,800.6925,1010.51587
2053,801.2712,1028.8962
2054,800.7177,1040.349
2055,800.8258,1042.5803
2056,801.09485,1042.4369
2057,800.94354,1045.199
2058,801.6383,1049.7709
2059,805.12213,1052.3875
2060,811.0628,1051.1151
2061,817.1632,1046.6327
2062,819.7249,1038.9647
2063,813.1913,1025.7249
2064,798.71265,1007.44104
2065,788.5458,989.547
2066,785.91284,973.75146
2067,774.9934,956.1618
2068,748.97284,938.02704
2069,727.9117,928.857
2070,735.4609,936.7969
2071,768.75464,957.8219
2072,799.8232,975.8912
2073,808.5162,979.89404
2074,800.80396,974.7631
2075,791.61053,970.3891
2076,788.80914,970.5946
2077,793.1901,975.2582
2078,800.6207,983.98004
2079,806.2567,995.4764
2080,809.16986,1006.15485
2081,811.4221,1011.7852
2082,814.248,1011.4704
2083,816.7326,1008.2657
2084,818.9646,1005.36115
2085,822.7333,1003.35016
2086,824.17346,1000.3369
2087,811.60236,993.1872
2088,784.8961,981.2377
2089,768.5444,969.2662
2090,778.63684,963.305
2091,796.9963,964.0572
2092,804.1028,967.5817
2093,803.59576,970.56494
2094,803.5899,971.9497
2095,803.0524,972.19025
2096,798.55096,973.42737
2097,792.57117,977.2758
2098,790.5116,982.2221
2099,792.0993,985.5544
2100,790.97986,983.0753
2101,782.48883,966.8176
2102,772.7749,928.31036
2103,774.602,866.994
2104,788.0402,802.26135
2105,800.4076,762.66895
2106,807.3189,752.3789
2107,813.54254,753.2168
2108,819.41956,753.7501
2109,821.9348,753.5001
2110,820.9461,753.0302
2111,817.5374,752.46655
2112,809.54663,754.88525
2113,791.9656,764.9027
2114,763.19336,782.71027
2115,727.9868,803.6707
2116,693.0712,821.9285
2117,662.59094,831.79144
2118,637.6292,830.9424
2119,617.47345,823.8951
2120,600.57227,817.25836
2121,587.9162,811.1866
2122,588.58466,800.49445
2123,612.34296,792.28723
2124,651.6816,818.388
2125,688.1293,898.9303
2126,714.5777,994.42615
2127,733.427,1042.7172
2128,743.9412,1030.942
2129,745.06506,989.2039
2130,743.19604,946.6595
2131,747.12866,917.6352
2132,756.29504,902.43896
2133,762.2164,892.99023
2134,760.13446,883.13513
2135,755.3642,871.20105
2136,757.9042,856.1821
2137,769.86646,838.9699
2138,783.03955,825.35144
2139,788.68536,823.29407
2140,784.7739,836.8292
2141,773.4524,858.3899
2142,752.9222,872.5765
2143,723.41846,874.6133
2144,699.6408,872.6999
2145,702.0469,870.24554
2146,737.84155,862.6408
2147,787.2266,851.3788
2148,814.25287,844.4771
2149,804.9533,843.14307
2150,779.3973,841.9984
2151,762.0572,838.84357
2152,758.246,835.25464
2153,760.6253,832.443
2154,763.9323,830.44727
2155,767.1953,828.9958
2156,769.8151,828.1521
2157,771.3132,828.4801
2158,773.1632,830.43414
2159,777.77954,833.94324
2160,784.2547,838.1548
2161,788.5899,841.8028
2162,789.7504,844.90656
2163,790.7824,848.19415
2164,794.151,850.87756
2165,799.4469,851.7055
2166,804.3787,850.91864
2167,806.7308,849.5512
2168,805.39264,848.71954
2169,800.44183,849.7866
2170,794.3235,852.9888
2171,790.66113,856.71265
2172,790.05493,859.2824
2173,790.6552,860.2886
2174,791.5605,860.6266
2175,792.2252,860.31976
2176,791.6631,855.9277
2177,789.57574,845.02435
2178,786.2749,832.4844
2179,782.33716,825.42255
2180,778.51263,824.4285
2181,774.8389,825.65405
2182,771.2074,827.279
2183,770.37616,829.9411
2184,777.2661,834.1526
2185,791.1594,839.1279
2186,804.0349,842.9362
2187,809.4749,843.25836
2188,804.142,838.5485
2189,789.0257,831.613
2190,778.7629,830.3041
2191,785.9004,837.3323
2192,799.00476,845.55884
2193,802.9131,849.32764
2194,800.7065,849.88934
2195,800.2595,849.8109
2196,796.8205,851.56616
2197,778.3541,857.7988
2198,747.68384,867.64246
2199,724.3968,876.927
2200,721.00793,882.69196
2201,735.6772,884.3637
2202,760.0239,882.8775
2203,782.15753,878.0125
2204,793.9078,867.2165
2205,795.34247,852.73236
2206,791.61945,843.65155
2207,792.6753,846.50183
2208,805.19165,860.03796
2209,818.31323,877.11084
2210,815.67804,892.8345
2211,801.7996,914.84924
2212,795.94086,954.07404
2213,808.4142,1005.8518
2214,835.4427,1053.1196
2215,863.0073,1075.8905
2216,878.6802,1059.4531
2217,878.3754,1014.53845
2218,855.5404,971.2411
2219,822.36005,949.58673
2220,816.7058,955.92255
2221,837.07684,993.80255
2222,836.28894,1060.226
2223,803.26984,1127.2164
2224,774.91345,1153.136
2225,769.11316,1130.9473
2226,766.3806,1094.431
2227,756.0716,1071.7576
2228,772.3568,1056.2886
2229,853.9812,1026.7855
2230,962.67456,984.64886
2231,1012.69745,949.6599
2232,967.6183,922.9161
2233,845.8582,886.905
2234,712.82214,845.70575
2235,666.0833,827.9184
2236,734.10724,842.17395
2237,824.3662,862.2962
2238,803.8653,860.3746
2239,643.58624,840.2017
2240,475.796,828.7868
2241,436.8393,839.3626
2242,514.1303,865.1064
2243,617.2176,895.6634
2244,692.7953,921.1827
2245,734.2783,936.92505
2246,755.0247,943.1602
2247,768.9411,935.6161
2248,778.89764,912.3695
2249,775.77765,885.24207
2250,751.3477,868.4199
2251,721.86206,865.16003
2252,726.90295,875.0146
2253,781.7152,899.043
2254,840.2817,928.32007
2255,851.1626,950.5555
2256,835.1976,970.7923
2257,838.66797,994.82874
2258,854.9845,1009.9393
2259,856.6803,1007.2142
2260,842.52515,994.4678
2261,824.7468,980.0799
2262,812.4542,965.19574
2263,811.0269,949.0485
2264,820.7656,933.01666
2265,835.129,920.3208
2266,845.91693,913.0918
2267,850.8609,911.3262
2268,852.3375,913.7724
2269,852.60657,917.31573
2270,854.0417,918.3808
2271,856.9797,916.10364
2272,857.06976,911.82733
2273,852.31793,907.6053
2274,847.4224,906.35754
2275,845.17175,909.924
2276,843.4343,916.6591
2277,843.3346,922.3732
2278,847.5673,919.8978
2279,849.8903,899.74097
2280,841.9398,862.9474
2281,828.34,829.6918
2282,816.0479,820.7851
2283,800.43225,836.4345
2284,781.2988,859.5674
2285,770.2066,872.51074
2286,770.9496,870.4972
2287,777.001,861.75507
2288,785.1832,855.2837
2289,795.0674,853.061
2290,804.0533,853.2649
2291,809.87305,854.32526
2292,812.5343,855.0477
2293,813.2512,854.8448
2294,813.3875,854.19885
2295,814.0781,853.4325
2296,816.15326,851.7804
2297,820.15186,848.7443
2298,825.7715,845.123
2299,830.8934,841.8429
2300,832.3681,839.41833
2301,829.3494,838.4608
2302,824.6622,839.4693
2303,821.2086,842.29443
2304,819.5238,845.22784
2305,820.12476,845.6698
2306,823.76965,843.21594
2307,828.4057,840.19147
2308,831.7925,839.3563
2309,836.7951,842.70734
2310,844.21277,848.4086
2311,839.47253,844.83765
2312,805.2348,819.4016
2313,753.6064,783.1781
2314,719.94916,765.6444
2315,722.6115,778.9761
2316,752.32336,810.16895
2317,789.5003,839.41077
2318,818.15985,853.3812
2319,834.9663,852.7251
2320,845.02466,848.21185
2321,849.22546,848.48944
2322,846.7533,855.8551
2323,842.6212,870.5646
2324,841.36,891.40924
2325,840.90784,911.062
2326,837.40155,920.1232
2327,831.9208,917.3449
2328,829.95935,909.0573
2329,832.6782,900.83136
2330,834.4417,894.23584
2331,832.73346,889.51245
2332,831.73267,887.2523
2333,834.21497,886.8935
2334,838.1438,886.86066
2335,841.5494,887.068
2336,845.79095,888.7206
2337,852.30597,891.5714
2338,858.6457,893.9929
2339,861.44543,895.2534
2340,860.7124,896.31793
2341,857.48914,899.3501
2342,850.0958,906.35944
2343,837.3809,916.37976
2344,824.0224,922.24164
2345,816.10535,915.1576
2346,814.52545,896.29346
2347,816.9772,877.05774
2348,820.8762,867.3146
2349,824.3022,868.0794
2350,826.4984,873.22754
2351,826.30066,876.4528
2352,823.2363,876.88385
2353,819.5026,877.0966
2354,816.7553,878.2229
2355,813.54224,879.6822
2356,808.39667,881.4385
2357,802.83856,884.42706
2358,798.8176,889.2183
2359,795.827,894.1692
2360,792.42944,895.83093
2361,788.02155,892.94525
2362,784.952,888.3535
2363,787.89197,885.852
2364,796.6854,886.71326
2365,805.5085,888.8477
2366,810.9996,889.7752
2367,814.4172,889.8529
2368,817.0225,890.30115
2369,818.3638,890.69543
2370,819.04767,890.2562
2371,822.09814,889.24664
2372,828.6653,888.40247
2373,835.34717,887.8925
2374,838.9055,887.38434
2375,840.3052,887.0122
2376,842.4626,887.1652
2377,846.4553,887.55865
2378,850.91956,888.06683
2379,853.6585,889.33374
2380,853.57855,891.4977
2381,852.0596,893.74493
2382,850.99036,894.3044
2383,847.6032,890.8608
2384,839.21643,884.6477
2385,834.8965,881.56476
2386,842.0754,884.1903
2387,850.2442,888.2382
2388,850.5693,889.8684
2389,848.87524,889.37415
2390,850.98663,888.1451
2391,856.8261,887.66125
2392,864.8546,889.3565
2393,872.0417,892.8204
2394,874.8918,895.9663
2395,873.2511,897.2792
2396,869.5421,896.8884
2397,865.4469,896.2875
2398,861.4572,896.7669
2399,856.84467,897.0219
2400,850.6143,894.58405
2401,844.25867,890.1566
2402,839.6391,886.65234
2403,835.748,884.5584
2404,831.469,882.40424
2405,827.0928,880.51135
2406,824.0122,880.7123
2407,825.39233,883.604
2408,832.56964,887.93445
2409,842.60474,891.93463
2410,850.80896,895.82275
2411,852.40155,901.6556
2412,845.6302,908.5472
2413,835.16846,911.1695
2414,828.3653,905.06934
2415,828.4811,892.1919
2416,833.5225,880.054
2417,840.55914,874.50824
2418,848.1255,875.215
2419,852.2557,878.4054
2420,846.9857,878.5234
2421,835.28766,870.27325
2422,828.3195,857.32837
2423,829.89716,850.32745
2424,834.6175,851.96716
2425,838.017,856.7561
2426,839.2097,861.5862
2427,838.9249,866.04706
2428,838.4268,869.1007
2429,838.7843,870.17175
2430,840.86926,870.1663
2431,843.4041,870.68787
2432,843.42084,872.41693
2433,841.50323,874.5041
2434,840.9795,875.92017
2435,842.0789,876.48303
2436,842.1376,876.6726
2437,840.399,877.1408
2438,837.8082,878.0918
2439,833.1586,878.48615
2440,828.31134,876.91815
2441,832.5085,875.383
2442,847.0728,879.3902
2443,857.7302,890.2473
2444,854.57916,900.523
2445,843.0018,901.5294
2446,831.28925,893.08
2447,821.6268,882.078
2448,813.2232,873.7458
2449,807.1497,869.1125
2450,805.5675,867.7504
2451,808.4224,867.7785
2452,813.7916,866.576
2453,819.51306,863.8509
2454,823.5365,861.5653
2455,825.05054,861.1502
2456,824.6538,862.0247
2457,822.89606,861.96985
2458,820.29395,859.0736
2459,818.70404,854.42883
2460,820.427,851.5733
2461,824.8602,852.1419
2462,828.59985,854.24744
2463,829.9052,855.6778
2464,830.1073,856.0841
2465,829.9569,854.845
2466,829.1576,850.4164
2467,830.23615,844.78186
2468,836.2724,843.1892
2469,844.9947,847.3506
2470,851.2169,854.26013
2471,853.74884,860.34326
2472,855.11035,863.2356
2473,854.1894,862.7761
2474,848.1613,863.40674
2475,843.17676,871.26465
2476,845.4133,884.64087
2477,847.52094,894.17114
2478,841.8165,894.8032
2479,831.2702,889.6119
2480,820.95355,883.99347
2481,811.85376,881.09436
2482,802.5284,880.0163
2483,793.0515,878.5855
2484,786.223,877.5872
2485,783.46436,878.28296
2486,782.59485,878.7635
2487,781.65497,877.4746
2488,781.56506,875.9813
2489,783.37854,875.54346
2490,785.7373,875.6212
2491,787.523,876.2009
2492,790.54895,877.8362
2493,796.60956,880.171
2494,804.1654,882.41895
2495,810.20374,884.1836
2496,814.2791,885.2165
2497,818.3643,885.3498
2498,822.51447,885.07513
2499,822.7307,884.8015
2500,816.15094,883.82153
2501,808.37396,882.1754
2502,807.2057,881.21265
2503,810.85767,881.3169
2504,812.9232,882.55225
2505,811.8158,885.4949
2506,809.20276,888.93976
2507,807.41895,890.64844
2508,810.183,891.47314
2509,820.3579,895.1508
2510,834.71747,903.31354
2511,846.2011,913.5739
2512,853.43243,923.1175
2513,860.26294,931.0035
2514,867.31354,936.6855
2515,872.55444,941.6594
2516,874.8031,949.09015
2517,870.01416,954.15594
2518,853.6954,946.85956
2519,831.36694,929.3065
2520,816.78107,914.13855
2521,817.569,908.11725
2522,827.7915,908.6198
2523,835.8223,911.04767
2524,837.3088,913.04535
2525,837.61993,914.39746
2526,842.7393,916.42163
2527,851.9619,920.1027
2528,860.6115,924.4687
2529,863.80835,926.9973
2530,854.60376,924.3202
2531,833.93933,917.16907
2532,822.99426,914.96796
2533,836.58435,923.8652
2534,857.5475,935.6069
2535,866.28766,940.79517
2536,866.0141,940.6599
2537,865.3125,940.12103
2538,863.16626,941.22296
2539,855.6876,943.913
2540,847.47485,948.06946
2541,847.98755,954.1358
2542,855.974,961.81464
2543,860.79156,969.34436
2544,857.91034,975.1055
2545,849.81995,979.1229
2546,838.97845,982.7708
2547,829.15936,987.50824
2548,825.76715,994.6373
2549,830.3553,1005.222
2550,837.77527,1016.93225
2551,839.0424,1021.82574
2552,829.1708,1012.4815
2553,814.8143,992.1967
2554,807.462,973.5159
2555,807.9454,964.49207
2556,808.17395,963.10803
2557,804.64984,964.09424
2558,800.7589,964.1165
2559,799.75024,962.68524
2560,801.0553,962.18475
2561,802.92084,964.46985
2562,804.06934,965.5984
2563,803.0474,959.3503
2564,800.92816,947.7009
2565,801.34216,938.61383
2566,805.30396,933.8187
2567,809.864,928.86035
2568,811.4209,921.5057
2569,809.82465,913.1245
2570,809.16705,906.0363
2571,812.7656,902.20233
2572,819.4829,901.75885
2573,825.6187,902.4126
2574,828.0881,901.92456
2575,826.4895,901.19305
2576,822.6352,902.07477
2577,817.02625,901.8941
2578,807.0055,898.3373
2579,791.07495,903.1097
2580,776.1896,933.1679
2581,775.2807,977.80444
2582,790.7325,1003.033
2583,806.2594,996.26135
2584,801.3308,968.4685
2585,771.5728,926.7519
2586,734.86334,883.85394
2587,713.7631,862.1819
2588,715.3665,862.2392
2589,733.32697,860.94293
2590,755.334,849.90955
2591,768.42975,842.56177
2592,772.32104,845.7473
2593,779.5721,853.5058
2594,793.2234,860.76135
2595,798.3331,865.67224
2596,784.6106,866.54816
2597,763.777,864.0117
2598,754.05054,861.59296
2599,757.88275,860.6663
2600,764.22876,858.8832
2601,763.93414,855.8669
2602,759.5136,855.4609
2603,764.61,859.8224
2604,787.9945,866.73145
2605,819.95905,874.5779
2606,838.33325,882.8562
2607,826.5026,889.57227
2608,800.06995,897.70526
2609,800.1801,916.06195
2610,836.45154,944.265
2611,875.6738,970.1514
2612,894.4031,985.8427
2613,898.06287,993.0962
2614,897.7605,995.896
2615,894.5734,996.85724
2616,881.1201,996.7729
2617,856.56995,995.8348
2618,835.9796,996.83887
2619,831.5049,1001.52893
2620,831.86346,1004.5573
2621,819.95886,1000.1773
2622,800.95514,991.5973
2623,791.9356,985.51276
2624,796.2117,982.92596
2625,804.65076,981.31024
2626,810.204,980.2198
2627,812.6929,980.65356
2628,816.03467,982.0978
2629,823.0524,982.2464
2630,833.71497,979.2121
2631,846.6702,973.6936
2632,857.6582,967.57367
2633,859.7935,960.76764
2634,849.7894,952.1308
2635,831.5685,942.05676
2636,813.82275,932.4414
2637,804.2225,925.88043
2638,802.7016,923.5836
2639,801.14984,923.6508
2640,794.65125,924.09875
2641,790.15924,925.4443
2642,794.0589,927.6176
2643,800.04474,927.5284
2644,802.00714,922.7763
2645,805.6715,915.962
2646,818.45874,912.1104
2647,837.56915,912.55255
2648,854.36,914.8216
2649,860.7483,915.3411
2650,842.55914,908.0996
2651,789.36584,889.29913
2652,727.478,868.374
2653,706.0281,861.61957
2654,733.70087,871.36456
2655,771.16534,884.9181
2656,785.3993,891.6487
2657,780.40137,891.31525
2658,784.60864,890.73895
2659,813.59357,895.3811
2660,846.40735,903.40283
2661,855.4967,909.715
2662,848.1402,913.02124
2663,849.72687,915.546
2664,860.17505,918.3764
2665,861.2097,921.0327
2666,851.5763,923.9711
2667,844.6818,928.067
2668,845.1901,933.3722
2669,847.56396,939.59534
2670,849.51086,946.352
2671,854.61926,953.455
2672,861.1542,959.57947
2673,860.96387,962.22363
2674,854.253,961.6763
2675,847.04376,959.0843
2676,839.06744,954.2289
2677,834.0738,951.4793
2678,839.9861,955.5386
2679,847.33453,959.39734
2680,839.4798,952.4616
2681,822.7984,937.717
2682,815.4071,926.2334
2683,818.8983,921.8875
2684,824.34625,921.6283
2685,827.8311,921.84753
2686,829.04443,920.1258
2687,828.20667,916.63837
2688,826.9267,914.0656
2689,827.82074,914.3113
2690,832.4995,916.77954
2691,837.6945,919.365
2692,833.8107,919.16
2693,815.48553,914.27466
2694,795.72095,908.2815
2695,794.3349,909.159
2696,810.77045,919.9452
2697,825.82605,933.89124
2698,822.76337,939.18896
2699,802.66364,930.5893
2700,790.0882,917.5345
2701,804.204,911.36926
2702,831.2724,910.71436
2703,849.79083,909.4652
2704,855.9084,906.8061
2705,855.358,904.57196
2706,853.2366,903.07526
2707,851.48193,900.98505
2708,848.80676,897.59827
2709,842.6594,893.9318
2710,832.8801,891.41693
2711,824.3974,891.3149
2712,823.57556,894.18604
2713,831.16455,898.03314
2714,841.6593,899.2997
2715,849.92645,896.17957
2716,856.14264,890.15875
2717,862.81165,885.3326
2718,869.4908,884.7762
2719,873.63885,887.65015
2720,874.86676,891.02527
2721,875.6131,892.0268
2722,877.4102,887.87506
2723,877.85425,878.6576
2724,873.7182,870.5426
2725,865.9448,869.31555
2726,857.9461,872.7985
2727,850.5952,875.7172
2728,843.1738,876.0691
2729,837.5657,874.4448
2730,837.10254,872.31525
2731,842.59955,871.4157
2732,851.43536,872.89844
2733,860.0707,876.09564
2734,867.44604,878.8692
2735,871.1469,879.2188
2736,860.9848,875.64087
2737,833.454,869.21967
2738,808.8997,865.3314
2739,811.0752,868.262
2740,838.2894,876.1962
2741,862.5793,882.488
2742,860.0819,882.2259
2743,846.7044,879.8335
2744,849.2285,881.6015
2745,860.82245,884.89417
2746,870.71045,886.487
2747,884.7315,888.80566
2748,897.9349,892.49225
2749,898.9256,894.06525
2750,891.66284,890.7112
2751,887.94073,884.2777
2752,892.46643,879.77264
2753,901.5821,879.47125
2754,910.2307,881.82074
2755,916.46533,884.39716
2756,921.2169,885.212
2757,926.22076,883.679
2758,932.0174,880.13275
2759,939.65045,873.86005
2760,947.4642,864.013
2761,937.0524,855.5092
2762,878.1914,868.47253
2763,772.3408,924.52
2764,675.26953,1002.54584
2765,650.9702,1040.6614
2766,711.95197,1006.85693
2767,805.09436,937.0389
2768,860.4403,888.8905
2769,862.0714,881.25543
2770,842.3675,893.32965
2771,819.1612,901.0307
2772,791.44214,897.7753
2773,770.96216,892.7493
2774,765.9891,894.11707
2775,767.22125,899.40497
2776,774.84406,906.05695
2777,794.4947,914.78674
2778,810.8607,921.09625
2779,811.2511,920.9167
2780,811.14166,919.0875
2781,822.4408,920.1655
2782,833.58496,922.17737
2783,837.92505,923.5788
2784,843.2525,924.8686
2785,851.8825,925.16406
2786,853.67755,922.1337
2787,836.94904,913.6916
2788,810.96655,903.4826
2789,808.7145,901.4934
2790,841.67554,911.1035
2791,877.52686,923.1888
2792,885.3301,927.898
2793,868.02124,923.4576
2794,849.11566,914.8832
2795,848.3965,908.3407
2796,862.9512,904.643
2797,875.85315,902.3608
2798,876.51917,903.5569
2799,858.92847,906.7712
2800,824.73376,905.7973
2801,796.6487,903.3569
2802,797.2372,908.5882
2803,815.484,919.131
2804,820.5697,922.1331
2805,802.4309,912.38513
2806,784.4734,900.5782
2807,791.4048,899.329
2808,811.1467,905.16266
2809,812.17694,905.4934
2810,792.1351,898.9461
2811,778.75134,895.3339
2812,786.4312,898.76514
2813,802.9442,903.7665
2814,816.32135,906.6265
2815,821.8863,908.10205
2816,815.22235,908.47565
2817,803.76306,908.7259
2818,804.02954,910.9939
2819,816.77264,914.63525
2820,827.6518,916.8141
2821,832.7546,916.85614
2822,839.1253,915.9846
2823,846.3002,914.7559
2824,848.33795,913.83527
2825,844.9557,914.3523
2826,840.46533,915.56604
2827,837.7696,914.6082
2828,836.60394,910.0223
2829,837.13574,904.6034
2830,840.45105,902.57153
2831,843.92786,904.19025
2832,844.1461,906.10034
2833,842.9981,906.3664
2834,844.80176,906.2072
2835,850.49225,906.6063
2836,856.2926,906.0571
2837,856.9382,902.63257
2838,849.3611,895.532
2839,835.377,885.09534
2840,821.8471,873.32477
2841,814.1659,863.2241
2842,813.34863,857.73114
2843,818.7271,858.0859
2844,826.3474,862.0598
2845,831.3844,866.04694
2846,833.8278,868.06665
2847,835.7359,868.1202
2848,837.5146,867.49976
2849,839.8638,867.4839
2850,844.42395,868.81085
2851,851.04614,872.1588
2852,857.4667,877.38556
2853,861.838,883.25995
2854,863.57166,888.7014
2855,862.7211,892.55115
2856,860.7431,893.6018
2857,860.3788,892.58875
2858,862.3453,891.57684
2859,864.20605,891.49097
2860,864.2004,892.5833
2861,862.9427,894.8355
2862,858.7417,896.4533
2863,848.16406,895.6005
2864,835.06287,893.61584
2865,827.55786,893.24347
2866,828.4974,895.6597
2867,837.0492,900.4686
2868,848.24896,905.53314
2869,854.69934,908.5231
2870,856.63837,909.796
2871,857.5472,910.7851
2872,857.07306,911.6444
2873,857.2168,911.5607
2874,859.7873,909.09326
2875,861.96185,904.2642
2876,862.157,899.5223
2877,860.4923,895.48584
2878,856.5917,889.7679
2879,851.0133,882.3187
2880,843.7507,877.1349
2881,831.8857,878.89746
2882,813.56366,889.927
2883,793.85077,905.671
2884,783.5797,917.87897
2885,791.04315,931.22766
2886,810.6997,961.27386
2887,821.1562,1004.4643
2888,801.21747,1031.4508
2889,755.4477,1021.06635
2890,721.0312,985.1014
2891,730.05066,948.5673
2892,768.1388,920.2757
2893,794.83374,898.2022
2894,794.8648,887.91376
2895,780.3824,905.72314
2896,763.07385,959.7434
2897,760.2049,1016.1659
2898,786.5211,1020.12946
2899,814.1452,970.8456
2900,805.4426,921.0707
2901,776.4901,902.8384
2902,768.58386,907.83203
2903,785.37494,918.187
2904,797.5183,924.37384
2905,794.0991,928.27167
2906,786.46686,931.6429
2907,779.30054,930.9639
2908,777.31506,929.1641
2909,781.2897,929.1401
2910,776.3127,923.6271
2911,761.8433,910.2151
2912,764.2311,898.4334
2913,795.84985,894.7268
2914,826.779,895.05115
2915,817.37933,892.9404
2916,773.70056,890.54474
2917,753.77234,903.07074
2918,800.7381,942.06555
2919,874.26953,988.264
2920,895.72156,1005.17175
2921,853.3875,985.3186
2922,798.0708,954.09235
2923,767.62866,934.16736
2924,769.3359,933.7077
2925,790.7488,957.1031
2926,802.73267,1005.0186
2927,788.87573,1063.4504
2928,771.912,1096.5073
2929,786.3921,1075.2678
2930,832.2111,1023.3092
2931,862.7973,982.4676
2932,827.64,949.22595
2933,741.845,910.7283
2934,687.36523,893.3033
2935,719.59296,920.5252
2936,804.1574,970.6931
2937,871.9409,1007.5704
2938,899.47125,1025.8926
2939,902.4807,1041.2207
2940,894.3828,1057.5883
2941,884.58215,1074.1542
2942,884.4348,1097.4001
2943,894.61847,1120.3656
2944,897.3433,1113.7681
2945,873.7023,1063.6494
2946,833.0756,1002.98975
2947,805.88666,973.2833
2948,802.6272,972.4414
2949,808.35657,975.15704
2950,811.19604,971.2599
2951,809.28125,961.48035
2952,803.2056,948.9195
2953,796.38275,940.6793
2954,790.03906,941.077
2955,781.4376,943.13873
2956,786.85803,924.1337
2957,843.4534,863.60095
2958,945.5808,786.9549
2959,1017.9935,749.90314
2960,1005.94165,764.17584
2961,936.07745,795.29803
2962,858.4254,821.9957
2963,799.77484,850.47986
2964,787.9129,884.78
2965,847.917,912.8517
2966,945.3676,927.5712
2967,1003.4948,936.34265
2968,999.7196,941.9354
2969,977.0112,941.11
2970,972.0334,935.90424
2971,983.38904,928.68964
2972,975.7744,920.0744
2973,900.8817,920.6425
2974,765.0742,948.7688
2975,656.4106,1004.77686
2976,648.0588,1065.7439
2977,715.0317,1108.4434
2978,783.0211,1123.2003
2979,810.72455,1117.4008
2980,802.03467,1108.8721
2981,776.29114,1108.6458
2982,749.9575,1112.8053
2983,733.6556,1112.2697
2984,730.1787,1107.2527
2985,733.8397,1104.6368
2986,737.9322,1102.8945
2987,742.9867,1092.1776
2988,753.46564,1073.7367
2989,768.4504,1064.837
2990,782.5274,1075.3195
2991,793.0968,1096.0107
2992,799.08044,1113.833
2993,798.8987,1123.3517
2994,794.6689,1127.481
2995,791.1335,1133.8024
2996,789.2442,1140.5712
2997,784.6909,1119.1361
2998,773.6999,1039.3666
2999,757.5676,934.911
3000,739.5011,883.63074
3001,722.2763,905.87726
3002,717.63324,948.9001
3003,752.36273,958.0091
3004,838.7458,923.0341
3005,946.8033,871.4156
3006,1035.6543,830.82855
3007,1088.1522,812.61896
3008,1113.0441,817.9835
3009,1131.5808,833.0964
3010,1116.4359,835.88086
3011,980.68713,828.74744
3012,727.3465,846.522
3013,516.0616,903.4115
3014,465.33887,958.914
3015,521.8932,973.78796
3016,591.843,962.1657
3017,649.67523,961.9109
3018,701.44403,986.0631
3019,747.9784,1016.3951
3020,786.8283,1030.0875
3021,813.35535,1022.2651
3022,823.27045,1004.3036
3023,820.48303,992.0683
3024,816.15295,995.396
3025,817.5945,1008.423
3026,823.754,1014.2684
3027,829.9799,1003.8568
3028,833.6939,983.4829
3029,837.0112,965.6047
3030,840.6286,957.3549
3031,838.7198,955.6195
3032,826.6939,952.0318
3033,810.1122,942.6447
3034,800.22784,930.93353
3035,797.53186,920.20355
3036,793.6001,909.4467
3037,794.7102,900.27985
3038,812.1927,896.078
3039,834.6064,894.0334
3040,843.31134,889.5664
3041,837.8508,883.0721
3042,829.4903,876.7462
3043,826.1519,871.3613
3044,826.96704,867.02466
3045,825.7862,863.6045
3046,819.2172,861.47955
3047,811.00793,861.53613
3048,807.4879,862.66187
3049,809.7199,861.9442
3050,813.80884,858.97253
3051,816.81995,856.5504
3052,817.2569,856.24567
3053,813.2675,857.04395
3054,806.413,858.1675
3055,802.6747,859.47504
3056,804.5571,860.2642
3057,808.5508,860.19714
3058,812.2731,859.6927
3059,816.0948,858.6848
3060,818.9737,856.80505
3061,819.3932,854.4391
3062,818.3076,852.94604
3063,818.1188,853.5432
3064,820.07465,855.0727
3065,823.1312,854.5264
3066,824.65485,851.07654
3067,822.31006,847.60785
3068,816.53217,847.2553
3069,811.21893,849.7691
3070,810.02576,852.1018
3071,812.4124,851.7933
3072,815.5783,849.1887
3073,818.24164,846.63367
3074,819.6478,846.0094
3075,818.6582,847.3848
3076,816.51917,849.119
3077,816.2983,848.95654
3078,818.496,846.2782
3079,820.93256,842.7718
3080,823.216,840.66956
3081,827.1928,841.22107
3082,832.1244,843.5891
3083,834.13,845.2372
3084,831.399,844.9708
3085,826.4282,844.3791
3086,822.67737,845.1949
3087,821.3188,846.7304
3088,821.34204,847.0456
3089,820.7749,845.639
3090,818.31885,843.9812
3091,815.0161,843.9411
3092,813.5653,845.5707
3093,816.0445,846.6613
3094,822.35815,845.58887
3095,830.1789,843.40155
3096,836.72253,841.82733
3097,839.949,840.4237
3098,838.0191,837.6939
3099,831.17975,834.8838
3100,823.25854,835.2332
3101,817.33154,838.8792
3102,813.14575,842.4622
3103,810.56836,843.6221
3104,810.4388,842.75323
3105,812.2077,841.4504
3106,814.4297,840.799
3107,815.391,840.8046
3108,812.9948,841.4314
3109,806.4582,842.7626
3110,796.2106,843.65686
3111,783.0122,842.6031
3112,771.4649,840.9646
3113,768.8834,843.6154
3114,773.42334,853.9391
3115,775.38306,870.04034
3116,776.3702,887.5382
3117,786.1169,903.0244
3118,799.1784,917.1763
3119,802.99164,936.5964
3120,802.0503,964.1639
3121,806.18256,988.9086
3122,812.7867,998.86615
3123,817.1544,997.42535
3124,818.345,996.0846
3125,814.2421,1001.46704
3126,807.55774,1012.04034
3127,807.0009,1019.7737
3128,811.56384,1012.55457
3129,809.12384,981.11847
3130,797.8218,935.4973
3131,789.49066,900.7084
3132,789.64935,886.7007
3133,792.8629,884.63
3134,793.87616,886.58734
3135,791.73975,890.90765
3136,789.16516,897.38776
3137,788.2475,902.80945
3138,786.38934,902.08704
3139,782.66156,895.64703
3140,781.7265,890.1659
3141,786.20703,891.19946
3142,791.26984,897.2053
3143,790.77185,900.4861
3144,786.12665,894.92474
3145,783.977,881.5165
3146,786.7054,866.9346
3147,790.713,858.1564
3148,793.63184,852.2664
3149,797.4899,837.05884
3150,802.4594,813.8423
3151,802.6515,801.16833
3152,793.40106,806.0032
3153,780.6648,815.9065
3154,774.6327,820.546
3155,774.26294,822.9282
3156,770.68915,829.9327
3157,765.8799,838.5557
3158,771.0704,838.59827
3159,785.91046,830.46625
3160,799.17267,832.3758
3161,806.38043,859.2684
3162,806.47504,889.4177
3163,794.97974,881.0153
3164,775.7704,837.704
3165,761.03156,808.8828
3166,755.4222,817.3718
3167,757.28174,834.633
3168,768.0966,827.3984
3169,785.44006,800.1675
3170,800.2118,780.58636
3171,808.189,779.62305
3172,807.6511,788.2643
3173,793.90015,797.32947
3174,771.56793,804.4518
3175,754.7523,817.95197
3176,749.9048,853.4065
3177,754.05023,906.76074
3178,763.24084,947.6176
3179,775.025,957.2822
3180,788.4885,947.4022
3181,801.0287,935.4612
3182,808.2453,927.3678
3183,810.9435,922.3847
3184,814.28796,918.76025
3185,820.54236,914.3821
3186,829.8998,908.2479
3187,841.80817,901.7487
3188,851.63446,896.60114
3189,854.47833,892.3882
3190,850.45526,887.7831
3191,840.7121,883.52844
3192,825.7501,882.11475
3193,811.0686,884.4044
3194,803.6375,888.4874
3195,798.91,892.6887
3196,786.20245,897.3955
3197,770.2057,902.0286
3198,766.538,903.62164
3199,777.48566,900.78265
3200,792.80994,895.58136
3201,806.1144,890.2922
3202,816.0769,884.90564
3203,821.0907,878.5902
3204,821.0935,872.4807
3205,820.1583,868.9224
3206,822.0366,867.65326
3207,824.58264,865.89343
3208,823.66144,862.8212
3209,820.8822,860.395
3210,820.9472,858.96985
3211,824.18695,856.4301
3212,827.9829,853.02545
3213,831.46643,852.08777
3214,833.6943,854.4028
3215,831.31274,857.0812
3216,823.5736,858.52094
3217,816.133,859.2804
3218,814.48004,859.4928
3219,817.75006,859.4403
3220,822.00684,859.9476
3221,825.08185,860.63257
3222,827.56305,860.75085
3223,831.6555,860.7599
3224,837.90857,860.5869
3225,842.88226,859.6602
3226,843.24603,859.13245
3227,841.53424,859.84674
3228,843.0209,860.22235
3229,847.16766,859.4541
3230,848.2642,859.7438
3231,844.94995,862.5342
3232,841.72327,865.22327
3233,841.0988,865.21466
3234,841.94214,864.3382
3235,843.7828,865.1036
3236,847.1943,865.52747
3237,851.8246,862.01807
3238,855.6416,856.0089
3239,856.3121,852.96686
3240,854.2978,854.3568
3241,852.12177,855.7771
3242,850.5139,853.92236
3243,848.88464,850.4507
3244,847.72906,848.0229
3245,847.6208,846.96594
3246,848.3401,847.35803
3247,849.4853,849.9973
3248,850.59924,853.5779
3249,853.1234,854.62164
3250,859.69904,851.50244
3251,868.3925,846.5693
3252,874.0321,843.27423
3253,875.22565,841.8532
3254,874.2358,839.6474
3255,873.63196,835.2958
3256,875.3522,829.4437
3257,878.0735,821.58887
3258,876.96216,811.7229
3259,870.24176,805.6117
3260,860.72473,809.4237
3261,851.1948,819.19434
3262,844.5459,825.44604
3263,843.8115,825.0713
3264,848.6226,822.0845
3265,853.957,820.79736
3266,854.1993,821.58746
3267,849.6202,822.025
3268,845.07623,820.7906
3269,841.87134,819.9114
3270,837.25836,822.2547
3271,831.0999,826.9195
3272,826.53406,829.98145
3273,825.26434,830.1257
3274,826.5259,829.58405
3275,828.90295,830.1185
3276,830.0346,831.47375
3277,824.69086,830.37366
3278,808.00757,821.91693
3279,787.0583,812.2424
3280,778.43744,822.5158
3281,782.984,863.35986
3282,785.5057,918.47705
3283,784.5996,968.0634
3284,791.7878,1010.0143
3285,807.3581,1048.2023
3286,820.8033,1078.9474
3287,826.1299,1098.3202
3288,825.59863,1108.3109
3289,822.7912,1110.905
3290,819.7696,1106.3944
3291,822.75635,1097.6974
3292,841.06665,1089.7017
3293,870.9916,1083.0748
3294,888.1467,1069.1438
3295,870.4733,1035.2965
3296,826.7559,983.88806
3297,787.12585,938.29016
3298,767.5965,916.5668
3299,761.4754,912.51355
3300,760.1628,912.6892
3301,764.07855,911.45624
3302,774.97034,905.74365
3303,789.1196,894.7804
3304,800.9111,883.87476
3305,806.96716,879.38684
3306,804.888,883.2557
3307,793.092,893.6738
3308,775.27124,908.8538
3309,762.278,927.4935
3310,762.6083,945.02094
3311,774.3043,951.2538
3312,787.53064,938.8004
3313,789.37396,919.0498
3314,778.89386,912.4937
3315,774.0351,921.28265
3316,787.21954,934.1052
3317,812.74164,946.848
3318,841.6619,960.0725
3319,868.27637,970.46234
3320,889.0672,974.7478
3321,901.2498,974.6648
3322,891.9968,974.4632
3323,846.51654,975.73944
3324,783.63965,975.51135
3325,746.87683,970.19037
3326,749.1941,959.5188
3327,771.4305,946.05646
3328,804.3939,940.1709
3329,848.7969,958.874
3330,892.3003,1000.90216
3331,918.20636,1039.2101
3332,923.74963,1051.3248
3333,914.0184,1036.204
3334,894.47974,1006.76654
3335,873.1695,979.5885
3336,848.2549,959.3183
3337,806.19037,937.7701
3338,749.027,913.1481
3339,707.51434,896.4727
3340,715.5699,898.7225
3341,768.11163,916.13257
3342,822.0827,932.20386
3343,848.20306,936.6698
3344,852.7433,933.3637
3345,851.68024,929.16156
3346,852.99664,925.46185
3347,858.2998,920.2238
3348,865.44763,912.5854
3349,871.0969,904.61975
3350,872.96436,898.655
3351,870.9445,894.3996
3352,866.99457,890.4345
3353,861.84705,886.0058
3354,855.02136,880.98785
3355,848.4729,876.2167
3356,844.7316,872.9179
3357,843.1478,871.2542
3358,841.1025,870.3794
3359,836.79913,869.80817
3360,831.2661,870.0463
3361,828.7541,871.6161
3362,833.82263,873.7022
3363,847.082,874.1246
3364,863.11066,871.40436
3365,874.071,866.5594
3366,877.0206,861.77277
3367,876.35126,858.27826
3368,877.907,856.2971
3369,880.0553,856.05
3370,874.2394,857.8821
3371,857.8649,861.1208
3372,840.03625,864.6266
3373,831.01697,869.5842
3374,833.3089,879.0362
3375,843.31287,893.244
3376,851.504,907.7641
3377,844.5436,916.62476
3378,820.1805,917.04694
3379,796.2589,913.7565
3380,794.4794,917.23676
3381,813.53284,931.69165
3382,830.7172,949.7841
3383,835.69305,965.7594
3384,839.48456,982.55493
3385,849.61835,1001.8507
3386,861.5147,1020.0097
3387,869.2629,1034.0562
3388,872.66345,1042.4304
3389,873.21576,1041.3246
3390,863.52374,1025.6587
3391,839.73486,1000.82007
3392,825.78345,990.8641
3393,844.76483,1011.68964
3394,877.73895,1045.4916
3395,895.3169,1068.232
3396,900.2062,1076.479
3397,911.81055,1074.7787
3398,934.06287,1067.3696
3399,941.0902,1065.5155
3400,901.2094,1079.3687
3401,831.51227,1096.7526
3402,790.2587,1090.9216
3403,802.2084,1054.1626
3404,835.1301,1007.10315
3405,835.12366,980.7838
3406,774.48553,989.0839
3407,696.2728,1008.23773
3408,671.5245,1008.2232
3409,707.20807,1001.6564
3410,759.5768,1021.0284
3411,800.4711,1063.0021
3412,825.7702,1090.7454
3413,841.6244,1069.4291
3414,855.8331,988.55505
3415,864.9259,884.08295
3416,857.55,821.32336
3417,836.45386,831.57104
3418,821.73096,892.05963
3419,822.85785,955.2238
3420,826.00854,984.83673
3421,820.34125,982.1144
3422,812.62463,971.16656
3423,810.2577,965.4751
3424,811.2785,961.8877
3425,810.21234,953.26953
3426,803.6051,937.71747
3427,792.58984,921.5606
3428,783.7023,914.8075
3429,783.94543,919.9546
3430,795.0012,925.62933
3431,813.3299,917.9725
3432,829.9625,900.2117
3433,833.9821,889.9562
3434,824.4427,895.7512
3435,813.56476,908.95044
3436,810.7261,919.0007
3437,809.3092,925.5512
3438,801.524,932.4119
3439,794.6811,939.25024
3440,797.18066,943.6766
3441,804.655,945.7802
3442,809.53986,948.3676
3443,809.87445,951.87445
3444,806.137,951.5966
3445,799.24963,944.8921
3446,792.52594,936.0601
3447,790.80493,929.65515
3448,796.3574,924.9789
3449,805.47504,919.41644
3450,810.7168,912.32
3451,808.44934,904.02716
3452,804.2774,895.275
3453,807.349,888.72614
3454,816.6745,885.7748
3455,823.1703,883.65283
3456,825.32587,880.4816
3457,827.9698,878.0834
3458,830.5739,877.73315
3459,829.1655,878.4762
3460,824.6555,879.5536
3461,821.83246,880.75696
3462,822.3766,881.6214
3463,824.01324,882.38855
3464,825.0137,883.46295
3465,824.8933,883.57684
3466,822.3995,881.903
3467,816.81537,880.6135
3468,810.7123,881.64575
3469,807.4124,883.1244
3470,806.10913,882.1399
3471,803.8923,879.4965
3472,800.4577,878.90814
3473,797.41614,881.57806
3474,795.1219,884.1323
3475,792.07684,883.25336
3476,787.37384,880.51385
3477,782.0575,879.952
3478,777.49036,882.162
3479,775.38336,884.32025
3480,777.63477,884.7728
3481,781.9009,884.3857
3482,782.7394,884.3811
3483,779.1183,884.6217
3484,774.19226,884.114
3485,770.0452,883.24414
3486,767.2874,884.35065
3487,766.5596,889.6516
3488,768.0836,899.8829
3489,770.213,913.36847
3490,769.73883,924.3329
3491,765.7565,926.7557
3492,762.1324,923.22943
3493,763.04034,921.9888
3494,767.48804,923.88043
3495,771.6537,923.0194
3496,774.46735,917.6592
3497,776.9863,911.74396
3498,779.24677,909.99445
3499,780.9046,913.8975
3500,781.27716,920.00226
3501,778.0168,923.7509
3502,770.2739,924.514
3503,762.8508,924.87537
3504,762.1448,926.1452
3505,766.2083,924.83545
3506,762.11237,913.14984
3507,741.25684,888.20654
3508,715.9497,861.34406
3509,706.9289,849.14667
3510,726.3532,864.9441
3511,780.0878,920.0865
3512,854.0637,998.3991
3513,909.411,1039.3241
3514,923.2398,998.0113
3515,910.4299,912.05365
3516,903.16846,858.54755
3517,924.6278,859.9503
3518,959.7552,877.66486
3519,968.6602,876.0053
3520,946.4298,858.91693
3521,919.7105,850.4079
3522,887.42395,858.71747
3523,831.69684,876.9262
3524,776.7602,901.5106
3525,766.30237,933.15094
3526,796.9674,970.0578
3527,827.99115,995.2801
3528,833.6474,980.013
3529,822.82947,925.83856
3530,816.24457,876.6824
3531,816.6664,869.0029
3532,816.4363,908.9545
3533,816.42285,988.4055
3534,819.5754,1076.3838
3535,819.20605,1129.1614
3536,802.58386,1138.8558
3537,762.6112,1132.58
3538,707.4049,1125.6482
3539,677.0535,1096.6024
3540,741.6079,1005.461
3541,911.4404,860.80347
3542,1061.5725,745.0166
3543,1059.7467,719.52655
3544,932.03955,756.6679
3545,797.8667,801.06323
3546,720.08563,832.674
3547,690.00543,856.25806
3548,693.0086,875.0073
3549,729.10016,885.7457
3550,780.8592,889.0662
3551,819.2576,895.2409
3552,833.05884,913.22076
3553,810.78864,937.17993
3554,753.5653,955.9842
3555,705.63654,969.0505
3556,698.7793,979.23724
3557,713.7229,984.44257
3558,726.33777,983.599
3559,734.90857,978.9534
3560,744.4113,973.99176
3561,757.85187,973.86383
3562,777.42993,982.54706
3563,800.09045,996.3045
3564,817.5744,1005.448
3565,825.2647,1004.8006
3566,822.7323,996.31964
3567,807.1974,982.4192
3568,775.85785,962.8211
3569,737.13306,940.0226
3570,712.80743,923.8677
3571,715.2378,920.9585
3572,728.45984,923.4168
3573,730.4843,920.48615
3574,722.7779,914.23126
3575,723.0335,914.564
3576,741.64844,924.1736
3577,765.6429,931.2779
3578,765.991,921.8307
3579,740.75604,901.1084
3580,727.70905,888.5892
3581,749.29675,892.00543
3582,783.7092,904.1101
3583,802.8594,918.7963
3584,804.06866,937.15393
3585,800.37775,961.0961
3586,797.9987,983.3662
3587,792.53265,991.60547
3588,782.0187,985.00995
3589,770.2689,973.2623
3590,763.92303,965.0408
3591,767.29956,963.043
3592,773.5799,962.22894
3593,777.3615,959.402
3594,788.27966,959.74854
3595,811.3179,965.5308
3596,833.0476,971.0429
3597,838.8773,968.9689
3598,827.9715,955.178
3599,811.271,935.18646
3600,799.4862,920.56287
3601,792.9609,914.5115
3602,786.17194,914.93365
3603,776.8141,924.56067
3604,767.6846,942.1133
3605,761.22906,957.2262
3606,754.83026,965.336
3607,747.17755,974.7894
3608,742.1634,993.5372
3609,742.241,1016.4444
3610,749.84155,1033.9872
3611,769.9868,1047.2363
3612,797.9266,1059.561
3613,820.3462,1065.5079
3614,834.7232,1060.7183
3615,845.3223,1049.2065
3616,850.7026,1037.3315
3617,850.3325,1028.8322
3618,843.32904,1024.9106
3619,824.56213,1024.2351
3620,799.19904,1022.26984
3621,783.6758,1016.7724
3622,784.9853,1011.7928
3623,793.1388,1007.54443
3624,789.7187,993.50977
3625,763.2286,963.0335
3626,727.07135,929.5267
3627,710.6359,915.4371
3628,722.35187,926.20856
3629,740.56525,944.18835
3630,749.2807,944.86725
3631,758.9953,919.06323
3632,778.986,884.47656
3633,798.16003,865.63885
3634,807.5526,865.39874
3635,810.12317,870.93854
3636,806.9043,875.4501
3637,798.4064,881.32294
3638,790.7585,893.0485
3639,788.3984,912.2999
3640,788.94836,933.7167
3641,788.5699,947.2753
3642,787.4273,949.009
3643,787.4164,944.62915
3644,786.3807,941.3334
3645,776.4856,940.06366
3646,749.042,936.0216
3647,707.9785,926.72614
3648,672.34534,916.4006
3649,652.89703,909.8203
3650,646.0082,910.9965
3651,656.10156,927.9554
3652,694.62805,964.76495
3653,754.83923,1010.6789
3654,804.9604,1041.8994
3655,814.5119,1033.4595
3656,789.7243,984.88245
3657,767.1675,929.5373
3658,768.31836,894.95135
3659,783.286,876.89667
3660,794.70575,875.56024
3661,795.6835,909.6753
3662,788.9869,969.8866
3663,781.15717,1015.41644
3664,779.5377,1028.9435
3665,791.0019,1025.706
3666,815.68933,1020.27814
3667,841.42303,1017.9205
3668,855.17017,1022.5309
3669,856.9306,1033.3826
3670,850.81305,1038.4811
3671,835.2081,1022.48676
3672,812.2822,986.30664
3673,793.059,949.5587
3674,787.5147,922.2068
3675,796.60345,892.33484
3676,812.55225,856.4351
3677,824.3627,830.65155
3678,824.9259,827.41815
3679,816.4716,849.0907
3680,809.47766,888.1831
3681,810.1303,924.2697
3682,815.61914,945.71075
3683,825.6277,963.16034
3684,841.37146,985.27606
3685,855.68884,1004.55237
3686,859.3917,1014.12494
3687,850.83746,1015.1233
3688,832.8646,1004.51263
3689,809.2511,976.81213
3690,788.4311,942.8083
3691,779.35986,922.77545
3692,779.0474,916.5169
3693,776.2463,907.8374
3694,767.4763,894.00464
3695,758.67444,877.69965
3696,754.23944,845.4639
3697,753.5551,794.3152
3698,759.44476,759.6384
3699,775.67395,784.8311
3700,787.5845,871.93945
3701,772.781,969.6676
3702,740.39124,1023.1895
3703,737.05994,1031.7657
3704,799.0456,1028.8925
3705,890.5758,1027.6327
3706,931.6823,1019.2658
3707,901.35974,1004.7533
3708,845.3154,998.90204
3709,799.02435,1006.14746
3710,769.4463,1011.58356
3711,753.2283,1008.99854
3712,738.41766,1015.6463
3713,725.3211,1035.9131
3714,730.8801,1040.9156
3715,751.86444,1007.3598
3716,767.75494,951.899
3717,782.8837,912.0533
3718,821.5198,906.7604
3719,879.07806,923.3858
3720,908.4204,927.5912
3721,852.8372,888.6891
3722,710.59814,820.71124
3723,574.621,773.5279
3724,535.739,766.38525
3725,576.8986,778.98016
3726,629.689,796.6389
3727,661.0863,815.69745
3728,675.25684,829.96844
3729,684.2466,838.4106
3730,694.4532,850.22266
3731,720.21515,870.5326
3732,780.9607,891.70917
3733,862.73145,915.30286
3734,924.955,957.1738
3735,944.53326,1006.5337
3736,918.4714,1026.4977
3737,845.0606,1002.6211
3738,726.5684,949.96765
3739,606.2832,896.09973
3740,561.6275,861.6872
3741,607.73444,841.86255
3742,675.5107,826.63776
3743,711.3112,818.34595
3744,719.8678,816.676
3745,718.6685,816.4953
3746,716.89886,818.9277
3747,721.117,829.2028
3748,729.9942,846.1656
3749,741.5638,861.0675
3750,760.6692,868.2295
3751,785.23755,874.2811
3752,804.35864,893.53296
3753,814.5776,931.56165
3754,822.55945,975.0415
3755,834.3414,1004.36743
3756,852.22,1016.64233
3757,876.6431,1024.9401
3758,901.57306,1035.547
3759,912.94885,1042.7036
3760,896.1283,1043.6221
3761,847.344,1042.2982
3762,787.1604,1042.0746
3763,751.28485,1044.1345
3764,763.10657,1049.0323
3765,820.4684,1053.495
3766,884.49646,1043.8278
3767,895.35266,1003.42706
3768,840.51447,944.70215
3769,779.27576,916.5208
3770,760.0381,948.6928
3771,764.6525,997.44446
3772,784.7429,975.6324
3773,869.4976,857.8066
3774,1025.1799,729.6043
3775,1147.6919,685.7834
3776,1148.4034,715.9029
3777,1075.9119,747.21515
3778,1011.39716,757.22296
3779,947.9768,783.674
3780,859.02625,845.8618
3781,771.817,914.1769
3782,721.6337,958.55475
3783,703.62305,975.03754
3784,694.48285,951.67834
3785,682.505,867.0278
3786,666.0516,751.43024
3787,653.55255,677.2269
3788,670.4845,662.965
3789,737.04865,661.4617
3790,826.17737,640.6711
3791,877.2009,625.1613
3792,860.1531,668.76086
3793,799.9258,791.4576
3794,747.83905,936.4824
3795,732.85474,1021.25366
3796,738.88715,1027.482
3797,742.6344,1000.5544
3798,744.2688,978.9432
3799,750.6611,966.0978
3800,759.43567,957.6788
3801,763.45514,954.8909
3802,760.9691,952.5965
3803,756.4273,943.7292
3804,753.99384,930.29755
3805,757.09546,918.76544
3806,765.36945,913.85126
3807,770.9184,915.71625
3808,768.3795,919.2191
3809,762.9655,919.66626
3810,762.3249,917.61835
3811,765.1574,916.1607
3812,764.9298,916.78296
3813,763.8147,919.29895
3814,770.6813,923.1415
3815,786.271,927.1987
3816,801.44946,930.20624
3817,808.4452,932.2059
3818,807.64465,933.486
3819,804.7595,932.4004
3820,806.28784,928.7026
3821,814.4506,926.8787
3822,823.3663,929.4648
3823,826.96716,932.10065
3824,821.48694,929.1892
3825,791.0101,918.85266
3826,721.29346,906.6706
3827,639.5747,903.84076
3828,598.196,909.3824
3829,613.06793,906.62274
3830,654.5048,890.27124
3831,685.6018,876.0752
3832,689.52057,878.2665
3833,682.5607,897.8388
3834,697.1727,930.7775
3835,736.84033,969.4432
3836,772.5654,998.8221
3837,786.5088,1007.12915
3838,791.9724,997.50714
3839,815.31506,984.56964
3840,868.0299,984.7253
3841,929.03076,1002.6237
3842,962.2366,1023.6448
3843,954.5798,1029.6793
3844,921.3523,1017.0339
3845,878.595,992.25214
3846,834.70105,963.96985
3847,807.85297,943.20135
3848,810.9269,934.7497
3849,818.06415,927.56665
3850,799.77527,911.28375
3851,774.8271,895.6244
3852,768.6332,897.1292
3853,763.3429,916.4385
3854,742.9236,938.058
3855,727.34595,946.8384
3856,730.9845,941.55676
3857,743.60333,932.3086
3858,755.4302,927.8824
3859,766.7683,929.9545
3860,782.9476,937.11584
3861,806.2228,946.15674
3862,813.61847,941.78296
3863,761.26624,898.74036
3864,631.6123,820.7693
3865,464.0397,757.7378
3866,350.961,748.38885
3867,365.52777,775.96564
3868,465.21274,803.62585
3869,543.89435,819.1303
3870,563.6885,833.883
3871,564.3829,856.2475
3872,581.23145,877.3581
3873,607.1971,886.44714
3874,627.84503,886.8177
3875,662.4158,889.23755
3876,743.1398,900.27716
3877,847.08093,917.98157
3878,893.5449,932.53394
3879,837.7721,935.5078
3880,732.7107,931.72473
3881,668.91693,935.7611
3882,674.0194,955.17786
3883,708.35974,982.44666
3884,732.86304,1005.9627
3885,739.8258,1021.32416
3886,739.9601,1019.76086
3887,744.2617,986.3588
3888,755.2035,932.95526
3889,768.9345,896.25146
3890,780.2638,888.91986
3891,786.23724,892.8552
3892,788.0445,893.49884
3893,788.0706,891.1145
3894,787.9505,890.11383
3895,792.6968,891.67053
3896,808.0779,894.3306
3897,830.25165,897.45844
3898,844.611,902.374
3899,835.3545,909.14636
3900,801.97516,913.5827
3901,767.5147,912.42267
3902,754.2235,909.4213
3903,758.9989,913.2425
3904,767.31757,930.0211
3905,772.37085,953.8809
3906,773.4035,971.27936
3907,769.5443,977.9622
3908,759.5159,978.6281
3909,746.39264,975.9377
3910,737.6199,972.0325
3911,736.3749,971.11664
3912,737.9128,974.4882
3913,736.63513,979.4069
3914,732.64154,983.25494
3915,730.71124,985.73596
3916,736.54395,986.95483
3917,752.5283,983.90454
3918,771.91736,973.04315
3919,783.54553,957.0805
3920,791.72125,940.6763
3921,815.0467,923.1264
3922,853.4501,906.2069
3923,883.0067,897.3578
3924,886.9846,897.72327
3925,866.63934,902.58624
3926,833.34766,911.213
3927,803.0434,922.34686
3928,783.8499,928.1595
3929,774.23944,924.0977
3930,777.5163,918.4782
3931,795.6444,921.3719
3932,815.19794,929.3509
3933,822.29474,932.9518
3934,818.01434,931.1359
3935,813.322,928.9315
3936,818.2431,928.7065
3937,827.0228,928.21594
3938,820.44165,924.34393
3939,795.6004,918.37683
3940,773.4317,915.1159
3941,770.1015,913.82886
3942,781.5051,905.2971
3943,791.81165,885.02344
3944,789.5875,863.8174
3945,783.08875,855.4382
3946,787.74335,859.9748
3947,800.37354,868.6861
3948,807.91595,876.473
3949,807.77405,881.78467
3950,804.4824,883.6717
3951,801.07385,884.97424
3952,799.1742,891.58923
3953,800.04297,904.2902
3954,801.60156,915.9964
3955,799.65656,920.145
3956,796.36127,917.9181
3957,798.2208,914.93933
3958,805.0639,913.68555
3959,814.1935,912.8596
3960,828.36,911.4738
3961,845.33374,908.56866
3962,851.77014,903.4918
3963,835.22125,901.9334
3964,794.6235,916.7393
3965,744.1908,954.2312
3966,707.37305,1001.9443
3967,696.5061,1040.3833
3968,702.38257,1063.4991
3969,710.08606,1077.5264
3970,715.1451,1087.4432
3971,718.661,1093.5333
3972,719.62665,1095.4207
3973,720.7174,1096.0767
3974,730.39886,1101.1337
3975,749.0807,1110.907
3976,765.88666,1118.5588
3977,776.10815,1119.6324
3978,785.09955,1116.1182
3979,795.00305,1111.9271
3980,802.1868,1109.7125
3981,804.115,1109.392
3982,802.4876,1109.0151
3983,803.5755,1107.9386
3984,814.2189,1106.3749
3985,831.63794,1102.5303
3986,842.9749,1093.1433
3987,840.36456,1079.1445
3988,830.81555,1069.8297
3989,828.1887,1073.1649
3990,836.7238,1084.0349
3991,846.6144,1091.9977
3992,842.6587,1091.3656
3993,815.5966,1078.3904
3994,776.9351,1052.1528
3995,753.9616,1021.4269
3996,758.99963,1004.62897
3997,778.3116,1011.89655
3998,792.4894,1023.71515
3999,794.8544,1010.7882
4000,788.9765,977.5061
4001,778.33124,953.9343
4002,764.9522,950.69684
4003,756.86084,952.9578
4004,777.62885,950.13135
4005,839.9934,947.36646
4006,897.71844,945.66455
4007,895.6283,938.6925
4008,854.81525,942.5212
4009,821.9469,981.413
4010,794.223,1031.5231
4011,745.02527,1041.1824
4012,674.83075,1010.91547
4013,628.4643,986.82635
4014,646.74567,988.68036
4015,708.5547,1000.6458
4016,760.3061,1004.0951
4017,775.11725,991.5773
4018,764.57965,972.3756
4019,754.1892,962.7914
4020,756.4035,963.7381
4021,766.50195,966.44464
4022,773.1711,972.0084
4023,772.16254,978.6653
4024,774.4254,960.90857
4025,791.6144,894.2541
4026,814.3758,806.7095
4027,819.5457,767.4881
4028,799.1653,806.8631
4029,771.4563,879.94635
4030,762.74036,914.9837
4031,781.8294,882.5786
4032,812.9376,821.5444
4033,835.14777,788.7564
4034,844.4848,793.4585
4035,851.40656,807.2762
4036,863.6214,812.17413
4037,879.34796,810.23145
4038,892.2404,809.05286
4039,898.7011,813.32477
4040,902.37427,822.29297
4041,910.2439,830.9092
4042,923.6264,834.38464
4043,936.73236,831.17883
4044,943.98486,821.42303
4045,946.12384,806.76135
4046,951.5652,799.9969
4047,967.4596,831.4751
4048,982.45905,918.8066
4049,973.86865,1025.1108
4050,936.4089,1085.2013
4051,876.86725,1070.821
4052,797.71063,1003.5187
4053,723.37396,932.7921
4054,696.7057,904.2986
4055,718.79926,916.8738
4056,751.9846,930.07135
4057,779.4753,920.3892
4058,804.6116,901.555
4059,818.99896,893.8424
4060,809.4275,895.2772
4061,779.89056,892.01855
4062,759.08777,888.33246
4063,770.2012,908.04297
4064,795.2545,961.87213
4065,808.80585,1025.4233
4066,814.5137,1064.663
4067,818.4617,1074.762
4068,817.18604,1073.5771
4069,812.6979,1072.0554
4070,809.33246,1069.9563
4071,807.1332,1066.2225
4072,803.9109,1062.0621
4073,798.7557,1058.9773
4074,793.7693,1057.8441
4075,793.1707,1059.0258
4076,798.94684,1061.7208
4077,806.5385,1064.1116
4078,809.8134,1065.6675
4079,808.89594,1068.0353
4080,807.1682,1071.8748
4081,805.42346,1074.9042
4082,803.1442,1075.6796
4083,801.20245,1076.2858
4084,800.9501,1078.2754
4085,801.90436,1079.859
4086,802.1271,1079.3073
4087,800.8227,1077.7963
4088,799.1343,1077.9258
4089,798.3589,1079.7201
4090,798.6407,1077.3829
4091,799.69714,1060.9725
4092,801.40027,1030.0018
4093,804.50037,1005.00037
4094,810.5446,1003.5295
4095,817.712,1013.6514
4096,820.5664,1015.1794
4097,816.75024,1004.8544
4098,808.9474,989.70715
4099,802.6275,977.34033
4100,802.3221,972.58307
4101,807.16644,974.2606
4102,816.2591,979.10724
4103,830.73157,986.58704
4104,844.07465,993.9003
4105,845.9826,994.9857
4106,836.4639,990.1578
4107,828.1597,990.1916
4108,834.16327,1005.7797
4109,852.89734,1033.8589
4110,874.89606,1061.624
4111,901.2224,1082.9406
4112,932.7344,1101.396
4113,939.6442,1113.0205
4114,877.6843,1086.4066
4115,764.067,987.83514
4116,676.9477,846.144
4117,623.4685,746.5949
4118,523.84406,738.0028
4119,390.6891,788.44
4120,345.9015,838.80853
4121,426.30484,864.4383
4122,550.37244,877.73956
4123,647.5819,894.874
4124,706.4331,916.12964
4125,739.8355,932.33527
4126,758.07336,937.8741
4127,766.4401,936.8719
4128,771.42566,940.5606
4129,781.31195,956.9739
4130,797.65015,983.70105
4131,812.9775,1013.3014
4132,818.3903,1039.1677
4133,808.2375,1052.5431
4134,787.71173,1046.4027
4135,775.4629,1027.4863
4136,786.00726,1012.87665
4137,812.42615,1011.89606
4138,834.20374,1020.0864
4139,840.3511,1028.0829
4140,837.7332,1031.4642
4141,837.1741,1034.6663
4142,838.41614,1041.9789
4143,833.27454,1046.6193
4144,820.87036,1034.607
4145,808.53937,999.8337
4146,799.45966,957.04834
4147,791.527,931.06744
4148,783.7102,929.41895
4149,776.0392,938.6941
4150,766.5889,942.11273
4151,752.4839,933.14264
4152,737.6207,923.6073
4153,733.7426,931.91095
4154,746.2774,954.23645
4155,767.90784,967.0372
4156,788.9061,959.9934
4157,804.47235,945.1666
4158,810.90533,937.82275
4159,804.1925,941.925
4160,790.411,952.4118
4161,787.2376,961.1266
4162,804.9101,954.4324
4163,839.81903,917.86145
4164,910.98987,855.61066
4165,1055.0793,799.2822
4166,1219.0122,781.41046
4167,1279.2521,804.98456
4168,1225.8696,854.4489
4169,1149.9318,909.21454
4170,1082.738,931.49896
4171,1002.42456,889.9609
4172,911.9297,811.4904
4173,835.7431,758.68695
4174,792.6713,754.8777
4175,782.7236,776.36975
4176,788.74786,796.3022
4177,795.58295,804.62445
4178,802.5382,806.6563
4179,814.36835,814.2588
4180,830.58984,832.91675
4181,850.10516,857.48395
4182,876.1223,878.4861
4183,904.7181,888.7831
4184,920.87823,886.11523
4185,916.9569,873.09674
4186,901.37585,855.456
4187,885.7855,840.18915
4188,873.734,837.5992
4189,858.86456,860.5476
4190,832.16785,907.3436
4191,800.2717,953.7969
4192,783.33136,981.51215
4193,779.67267,994.3566
4194,765.39716,997.59064
4195,736.2381,989.96326
4196,709.9938,973.6277
4197,697.15295,953.90967
4198,698.9264,943.5067
4199,719.4582,965.57806
4200,758.3239,1022.39813
4201,799.3005,1071.3379
4202,823.395,1067.635
4203,826.25146,1015.6882
4204,813.5205,957.4439
4205,791.1779,925.83264
4206,769.15674,921.24756
4207,758.95233,927.22894
4208,760.44684,933.1787
4209,766.9459,945.2767
4210,775.1888,978.38477
4211,780.8962,1023.6283
4212,780.7048,1043.5808
4213,774.63416,1017.48016
4214,762.7127,968.6756
4215,755.8886,926.2286
4216,781.5837,874.11456
4217,844.53986,787.63214
4218,897.54346,707.75116
4219,902.3789,694.9544
4220,885.47205,734.3239
4221,887.81866,770.5313
4222,912.9525,789.3766
4223,946.07996,810.58
4224,979.28375,843.68524
4225,1006.4557,877.309
4226,1017.9253,896.0585
4227,1012.9935,896.54065
4228,1004.88617,885.1926
4229,1005.2438,867.9191
4230,1011.1158,850.88477
4231,1005.79297,845.48096
4232,979.8236,855.1521
4233,954.9514,862.77313
4234,954.3663,854.67993
4235,962.5284,841.8266
4236,954.25543,836.42377
4237,929.06696,837.0039
4238,903.2086,842.6626
4239,895.70233,853.74176
4240,908.1273,867.6176
4241,918.3642,884.0326
4242,910.71234,901.72577
4243,892.1017,914.836
4244,874.77264,918.85077
4245,866.20496,914.6077
4246,872.7631,904.6957
4247,889.7034,889.05316
4248,885.2393,873.3272
4249,825.5536,880.3885
4250,731.3003,929.3269
4251,666.99695,996.96185
4252,659.3628,1036.244
4253,680.42377,1035.0524
4254,710.33,1017.6236
4255,756.0384,1002.7813
4256,809.9633,993.20667
4257,842.99097,988.64905
4258,843.15125,990.97156
4259,829.9247,996.3178
4260,840.5534,983.5767
4261,901.6383,931.3081
4262,984.9975,860.9382
4263,1028.7827,822.4183
4264,1018.6951,824.6884
4265,992.1455,831.1121
4266,977.91296,817.4834
4267,975.9562,794.1067
4268,976.20386,781.8996
4269,978.21655,787.4794
4270,991.9165,799.5704
4271,1017.1509,803.7177
4272,1022.7155,802.60144
4273,958.78827,817.4803
4274,829.1586,858.61035
4275,728.5805,907.5126
4276,728.1802,940.5875
4277,780.55334,954.1772
4278,812.92474,959.9535
4279,817.3284,966.1819
4280,813.2154,970.24976
4281,804.77576,968.265
4282,787.8147,965.27814
4283,764.0049,970.44714
4284,738.75867,982.20953
4285,711.441,988.901
4286,678.624,986.6376
4287,647.4355,982.1842
4288,632.9944,979.125
4289,643.05286,975.0314
4290,674.4895,968.2181
4291,714.8118,957.25104
4292,752.52747,942.5041
4293,801.238,934.1431
4294,876.22974,941.67755
4295,941.99207,955.2596
4296,948.9566,959.5382
4297,906.1056,959.10474
4298,845.2109,966.8546
4299,764.2792,979.41125
4300,679.8863,983.7021
4301,661.5722,975.63153
4302,733.98834,962.4779
4303,804.8729,953.70435
4304,778.8772,953.03503
4305,696.4239,957.41864
4306,665.3822,959.53436
4307,712.6501,954.7299
4308,788.3152,947.7378
4309,854.242,944.67236
4310,900.3975,940.41394
4311,920.52655,931.3703
4312,920.32715,943.93085
4313,908.7283,1009.689
4314,866.9478,1100.3546
4315,777.18744,1153.0862
4316,665.493,1159.1725
4317,582.2524,1153.8024
4318,560.167,1140.4076
4319,583.67615,1102.6792
4320,601.8362,1071.4127
4321,599.9664,1088.6245
4322,619.09875,1128.6625
4323,684.47046,1140.5787
4324,775.1621,1122.9801
4325,861.3767,1107.3523
4326,923.08185,1112.0941
4327,949.2181,1126.9731
4328,943.7053,1120.1611
4329,913.9895,1067.1294
4330,860.27295,987.4299
4331,796.1079,930.878
4332,738.2697,914.7751
4333,677.8924,909.8658
4334,613.23535,890.0985
4335,570.9346,857.9826
4336,565.97815,826.56024
4337,590.51874,807.1656
4338,640.1883,806.6221
4339,712.58057,815.66174
4340,793.7788,815.5787
4341,868.1533,803.896
4342,927.6013,793.6685
4343,967.783,794.9581
4344,985.965,808.0068
4345,977.3967,821.5314
4346,935.43774,821.1497
4347,866.984,806.76227
4348,795.4313,790.4315
4349,737.1749,780.68494
4350,695.4126,782.0068
4351,676.4152,798.1888
4352,682.8405,822.1953
4353,700.9011,836.68787
4354,717.2481,834.34735
4355,733.77466,825.9046
4356,756.5827,828.70557
4357,787.1135,851.7367
4358,819.6261,883.0883
4359,821.5209,893.40265
4360,749.4084,864.21674
4361,633.00525,812.9964
4362,585.3696,773.2523
4363,668.13104,756.24164
4364,796.09015,753.5344
4365,840.50433,757.4868
4366,780.93146,759.99713
4367,688.04333,751.49536
4368,617.8424,735.03937
4369,563.7009,731.37646
4370,482.49203,758.73987
4371,379.80646,806.5187
4372,325.65137,840.2929
4373,348.46744,841.2466
4374,385.77325,827.1952
4375,362.73672,826.56165
4376,288.89053,843.04443
4377,273.9254,854.94934
4378,420.9653,848.4553
4379,681.48425,836.29755
4380,877.70825,833.2982
4381,902.9293,835.86676
4382,811.4839,838.37225
4383,706.8877,844.4865
4384,641.793,855.5873
4385,613.99634,865.18304
4386,598.55005,867.2574
4387,588.6888,864.6915
4388,607.16406,864.0869
4389,669.1957,866.1747
4390,752.6345,868.04407
4391,817.9495,858.4276
4392,845.2445,819.2796
4393,839.55237,764.0225
4394,815.08325,736.97144
4395,788.4327,751.12537
4396,772.228,779.67145
4397,767.2329,800.55493
4398,769.20306,801.441
4399,777.9795,771.352
4400,791.9293,724.0454
4401,804.8002,693.192
4402,813.0491,689.90546
4403,817.76886,702.2348
4404,822.0021,723.2637
4405,831.8706,752.47473
4406,857.8291,788.5546
4407,904.50226,829.9606
4408,938.6517,868.24316
4409,885.6076,885.42365
4410,729.43884,879.6587
4411,588.7513,877.60156
4412,581.3304,897.686
4413,669.27795,926.5815
4414,730.855,941.2074
4415,705.57513,934.2533
4416,635.0092,921.95746
4417,619.3712,929.44476
4418,715.07135,963.20386
4419,857.895,1003.1635
4420,939.8562,1024.1328
4421,937.8943,1019.6569
4422,896.1431,1000.85913
4423,845.98706,981.95703
4424,805.7661,974.8067
4425,790.1892,984.17706
4426,792.3368,1000.0528
4427,797.3139,1006.2949
4428,812.1987,1001.3501
4429,856.0618,997.3651
4430,918.7366,999.47784
4431,962.4851,1003.1527
4432,972.2927,1006.5488
4433,963.822,1008.51636
4434,950.12756,1003.0942
4435,934.2392,987.6478
4436,917.2176,970.3294
4437,898.8441,967.4175
4438,876.05786,988.69385
4439,837.5867,1017.6576
4440,774.9722,1026.0328
4441,711.41437,1016.1581
4442,684.16864,1016.82697
4443,696.8115,1035.1558
4444,726.57806,1046.5405
4445,758.59174,1033.7648
4446,794.67395,1011.73083
4447,842.74414,1006.86163
4448,890.9226,1025.7822
4449,908.55585,1050.968
4450,891.25757,1061.7087
4451,869.0801,1059.6526
4452,860.365,1062.9133
4453,851.94727,1075.3347
4454,826.2184,1083.1967
4455,791.5666,1064.057
4456,783.16235,991.4308
4457,818.8893,875.08405
4458,862.0939,781.65375
4459,868.1678,760.0615
4460,843.4804,783.6124
4461,818.06415,809.20215
4462,802.71234,844.18365
4463,794.1197,916.0984
4464,788.6946,1005.17896
4465,785.1617,1059.2374
4466,783.70465,1066.2009
4467,783.52893,1056.3456
4468,782.8556,1052.6072
4469,782.1474,1056.3374
4470,783.3791,1060.6406
4471,784.43744,1058.349
4472,779.6915,1044.2505
4473,769.96906,1022.97406
4474,765.4584,1008.76855
4475,773.17584,1008.1584
4476,787.578,1013.9454
4477,795.80365,1017.8802
4478,790.0696,1019.46844
4479,777.8189,1021.4587
4480,774.7978,1018.8818
4481,784.81036,1000.24426
4482,796.53766,967.1782
4483,800.6637,939.5268
4484,798.4923,931.2922
4485,794.10565,936.93274
4486,788.9008,943.4109
4487,784.02545,942.138
4488,781.4519,933.57556
4489,783.6468,929.3644
4490,791.7911,942.13245
4491,799.63226,967.4409
4492,792.13654,990.0984
4493,763.2999,1006.8381
4494,736.33154,1021.68054
4495,741.7886,1035.1813
4496,776.23846,1051.7363
4497,810.20306,1071.0944
4498,826.1947,1078.3955
4499,827.80963,1061.0454
4500,823.2794,1024.7823
4501,815.02094,991.2036
4502,803.3281,978.4954
4503,790.6264,984.2348
4504,779.35974,993.7306
4505,770.93616,994.04767
4506,766.08563,977.676
4507,762.214,948.1567
4508,757.88806,920.90393
4509,756.81287,911.53705
4510,759.0607,926.0223
4511,765.0801,959.1096
4512,780.0974,996.70233
4513,797.47833,1022.3135
4514,798.10187,1020.07434
4515,769.46,979.97485
4516,726.0027,920.90027
4517,706.8505,885.3608
4518,724.27344,886.7849
4519,745.5749,898.7153
4520,751.54846,901.64435
4521,751.7712,899.0946
4522,748.9905,899.1369
4523,746.64,909.1262
4524,754.0745,929.83746
4525,764.9695,948.2892
4526,770.5726,951.15643
4527,776.3061,937.4041
4528,785.05896,917.6755
4529,791.3997,908.109
4530,794.53625,916.86615
4531,796.82587,935.96326
4532,795.6509,949.77075
4533,788.6035,949.28906
4534,776.98834,937.6624
4535,762.1234,923.80444
4536,750.2735,914.5422
4537,751.74713,912.3008
4538,764.6933,914.5347
4539,774.91986,916.0312
4540,771.78845,913.2082
4541,753.20935,906.64795
4542,726.24243,900.4509
4543,704.6537,895.9986
4544,692.8606,896.6104
4545,683.4093,920.0361
4546,677.8291,975.9732
4547,689.2317,1036.5433
4548,718.9235,1067.2295
4549,751.22107,1064.4888
4550,778.47534,1033.9435
4551,806.7678,976.2088
4552,832.5148,912.6274
4553,843.53613,878.03125
4554,839.8144,885.3601
4555,831.76544,923.2474
4556,827.1195,968.1662
4557,827.31384,996.0705
4558,829.7397,1001.75415
4559,831.72925,996.34216
4560,832.71814,988.2811
4561,829.43756,976.46674
4562,814.44934,953.70135
4563,788.475,922.96625
4564,763.3176,916.08575
4565,749.5023,968.6583
4566,755.07855,1060.795
4567,781.4067,1126.2213
4568,812.35626,1127.3491
4569,828.8601,1076.9283
4570,829.0849,1013.75146
4571,824.6972,989.28076
4572,825.64185,1033.2983
4573,829.7334,1109.6578
4574,825.7931,1140.2928
4575,811.83307,1093.8722
4576,806.6031,1021.81934
4577,825.1081,978.45526
4578,850.64124,951.28687
4579,852.1965,914.92566
4580,819.347,884.183
4581,770.5718,874.7668
4582,728.49384,876.96
4583,699.2161,879.0099
4584,684.94714,881.26227
4585,687.308,885.7739
4586,694.271,885.87787
4587,694.13574,878.4867
4588,694.2802,883.71985
4589,709.4704,926.5353
4590,739.02466,989.1198
4591,767.3727,1026.1018
4592,784.8518,1033.1353
4593,791.9805,1041.2787
4594,790.9339,1061.0508
4595,787.14197,1081.3317
4596,787.85236,1094.3313
4597,794.60785,1098.4398
4598,803.7031,1096.2087
4599,811.07947,1093.1956
4600,815.3273,1091.4763
4601,818.48083,1087.0717
4602,822.1966,1077.5338
4603,824.6951,1075.449
4604,824.039,1101.9816
4605,820.2487,1151.1454
4606,815.3242,1186.0527
4607,817.3814,1182.0403
4608,835.7207,1147.5472
4609,862.8136,1108.2299
4610,875.6218,1073.7827
4611,860.5054,1026.2015
4612,827.35657,967.05707
4613,799.21576,933.34576
4614,786.36884,937.2553
4615,773.4905,945.3161
4616,744.04364,928.7181
4617,714.26215,901.9157
4618,712.5096,895.43774
4619,724.5271,904.6245
4620,722.27155,908.45
4621,725.88776,915.77734
4622,756.7986,937.668
4623,785.21075,951.4088
4624,779.2495,935.19763
4625,748.21875,911.87744
4626,721.6702,924.9442
4627,718.4028,974.14154
4628,735.0665,1019.4241
4629,752.3125,1042.506
4630,755.3557,1050.3077
4631,751.6727,1041.4889
4632,759.19965,1011.2851
4633,778.5273,975.31116
4634,792.81934,956.38245
4635,792.85266,950.049
4636,785.98474,939.3948
4637,782.4196,925.4877
4638,780.39056,914.8312
4639,770.68604,907.40173
4640,757.1239,905.503
4641,750.60614,910.2229
4642,746.824,913.4993
4643,740.8689,909.59705
4644,740.8647,903.5444
4645,744.1463,899.4903
4646,741.58936,897.6171
4647,745.3116,901.29755
4648,765.94244,909.29346
4649,786.33276,913.3587
4650,785.6995,917.4896
4651,766.1781,939.91736
4652,750.58484,983.11237
4653,752.9921,1020.28796
4654,753.41766,1019.0822
4655,728.44696,972.20337
4656,698.715,914.38696
4657,703.91565,894.1174
4658,743.6127,918.55725
4659,786.42847,958.6405
4660,815.79144,994.84863
4661,833.56744,1022.0596
4662,832.06177,1031.1848
4663,787.1573,1020.4274
4664,708.20984,1015.7973
4665,664.1342,1045.896
4666,698.327,1096.9055
4667,763.0743,1112.398
4668,790.22034,1048.8427
4669,773.3948,942.5142
4670,745.7042,878.64386
4671,728.0646,884.67053
4672,727.9304,922.72345
4673,743.8765,960.3488
4674,759.8511,991.92004
4675,761.7873,1023.85443
4676,753.3629,1059.4094
4677,750.83014,1085.2572
4678,766.8169,1080.3132
4679,796.9496,1051.7662
4680,823.3974,1039.6179
4681,830.01245,1061.3812
4682,826.6496,1085.2098
4683,848.97986,1079.8163
4684,897.38116,1054.465
4685,917.8354,1031.3226
4686,887.27344,1017.448
4687,846.63965,1015.2257
4688,827.0453,1021.83746
4689,817.9763,1020.5918
4690,807.6657,1003.8236
4691,798.5066,995.5472
4692,783.6527,1014.8902
4693,764.4105,1022.9982
4694,793.58276,962.3282
4695,903.4322,853.238
4696,1005.23016,782.64014
4697,994.0602,787.8676
4698,899.8758,824.85223
4699,819.6866,848.34357
4700,784.2763,858.48773
4701,765.2489,873.5588
4702,743.91376,897.6131
4703,724.9166,922.478
4704,711.18756,942.79456
4705,694.6726,956.3403
4706,670.0332,960.91943
4707,648.89026,960.6748
4708,645.76154,964.56775
4709,655.3867,973.61145
4710,667.0121,977.59595
4711,680.84735,954.7594
4712,696.30383,885.09155
4713,708.99054,794.6828
4714,718.02106,741.7969
4715,724.3263,737.0592
4716,728.4173,747.5264
4717,731.56805,774.04236
4718,736.7502,851.5352
4719,748.0814,967.87695
4720,766.58344,1052.5138
4721,787.409,1069.1628
4722,805.0595,1051.7769
4723,817.86487,1042.2684
4724,825.40173,1043.8959
4725,824.8894,1025.9019
4726,813.2061,961.84247
4727,795.0711,875.6418
4728,783.3766,829.91595
4729,786.4562,857.87
4730,798.69977,926.592
4731,802.934,974.4833
4732,787.73065,975.6139
4733,763.55945,951.9795
4734,748.2093,931.1837
4735,748.40216,922.1714
4736,761.62085,923.6003
4737,778.68036,929.6883
4738,789.51526,932.62836
4739,787.98663,927.3448
4740,768.9049,914.1451
4741,732.08295,899.1893
4742,691.05853,889.80365
4743,663.3991,887.2074
4744,649.52405,885.58636
4745,640.99316,880.2753
4746,647.57324,876.5146
4747,687.433,884.2515
4748,747.5016,901.9646
4749,789.4194,916.01465
4750,799.4356,917.8583
4751,795.9865,911.7127
4752,795.32446,908.0717
4753,796.6881,913.47784
4754,794.10455,923.3066
4755,787.54443,929.01776
4756,780.572,931.45856
4757,775.03265,936.5052
4758,769.88153,942.2208
4759,762.09204,942.85645
4760,748.7416,937.5249
4761,733.89325,924.8939
4762,734.9446,900.92426
4763,763.25024,870.26996
4764,800.3649,849.97095
4765,819.6478,851.97345
4766,817.7644,868.9201
4767,805.3678,885.6454
4768,789.8975,896.0669
4769,777.7531,903.206
4770,774.7218,909.41754
4771,781.8717,912.1038
4772,796.42993,909.0349
4773,810.83905,902.99115
4774,813.25323,899.49994
4775,801.01044,903.00916
4776,789.661,913.12524
4777,790.73004,922.3789
4778,785.32935,919.99835
4779,747.6515,901.44196
4780,690.9378,876.273
4781,655.5985,859.7634
4782,664.0386,858.07166
4783,711.4013,868.88257
4784,772.2124,884.992
4785,816.3707,896.1375
4786,836.4071,898.20905
4787,843.03546,895.6545
4788,844.49896,893.559
4789,840.81476,892.56616
4790,827.69366,890.3599
4791,810.7582,886.83484
4792,801.00885,884.229
4793,787.25793,880.38513
4794,755.7159,871.7856
4795,733.58563,863.75476
4796,755.03314,864.45795
4797,801.69806,872.72736
4798,827.98346,881.73413
4799,822.3521,887.42596
4800,810.2006,886.7255
4801,813.9517,876.8808
4802,831.5694,864.0352
4803,848.9426,858.64124
4804,856.8898,859.7475
4805,851.27814,861.9872
4806,833.15717,868.6402
4807,812.05444,880.5836
4808,789.69257,887.37805
4809,756.80914,881.60626
4810,729.1654,872.2628
4811,740.8145,873.4467
4812,784.44977,884.2384
4813,813.2005,891.3718
4814,802.38837,888.19543
4815,773.5824,882.5537
4816,758.58307,884.5624
4817,760.9383,890.46533
4818,768.4194,892.2546
4819,776.88904,899.56854
4820,784.2419,929.371
4821,791.03326,975.1555
4822,802.6241,1009.9892
4823,813.0722,1020.7112
4824,809.1739,1017.03937
4825,793.76886,1010.4015
4826,784.2217,997.023
4827,789.0947,964.37286
4828,800.3627,920.7184
4829,808.14465,900.5657
4830,809.4454,922.0167
4831,803.1989,961.2118
4832,790.95026,985.1657
4833,779.982,987.3674
4834,778.7931,973.2429
4835,785.1422,936.5739
4836,784.25366,881.6489
4837,770.8645,839.45416
4838,756.21466,829.1776
4839,750.59686,837.9653
4840,759.3724,851.2513
4841,785.78876,868.2178
4842,820.4966,886.691
4843,837.7433,896.9869
4844,820.6845,894.5163
4845,785.82837,886.4943
4846,758.356,883.54156
4847,740.3504,892.5151
4848,729.2075,913.1341
4849,726.67084,932.1625
4850,725.7594,935.0564
4851,727.8474,929.90173
4852,742.33563,938.02057
4853,762.158,967.321
4854,775.4715,1012.49866
4855,783.163,1059.9031
4856,789.37933,1088.5552
4857,794.9527,1085.7927
4858,801.0686,1057.7164
4859,809.4618,1023.8126
4860,820.47174,994.4942
4861,832.382,956.8607
4862,842.318,909.03827
4863,847.90704,877.243
4864,843.6905,874.865
4865,815.3246,885.90717
4866,756.7274,893.1238
4867,701.6695,901.4922
4868,697.1,927.1867
4869,731.1669,962.02167
4870,741.51666,972.02985
4871,703.70435,941.0173
4872,664.5446,894.8574
4873,675.6,871.79553
4874,721.6868,879.8908
4875,745.8301,898.3411
4876,733.2538,910.675
4877,720.86414,916.7451
4878,722.05444,916.28156
4879,709.88605,903.8901
4880,688.0915,886.1061
4881,696.65204,879.18604
4882,737.1292,885.4144
4883,773.0067,890.3069
4884,791.18854,881.456
4885,801.27466,862.0721
4886,803.3411,844.73364
4887,794.5293,836.97626
4888,784.13403,839.1893
4889,781.4813,845.9544
4890,783.9371,851.02765
4891,789.14453,866.04047
4892,802.4883,914.92633
4893,824.24695,989.8962
4894,843.7205,1047.8876
4895,850.9671,1069.6794
4896,847.15625,1078.5234
4897,839.73914,1091.9741
4898,828.9508,1099.43
4899,808.83374,1090.7814
4900,784.7892,1075.0487
4901,771.2845,1062.9656
4902,770.17816,1044.4954
4903,771.47955,1001.60754
4904,771.3136,945.8534
4905,769.84814,909.3875
4906,755.3002,896.25964
4907,717.1664,885.5066
4908,680.6578,871.8312
4909,687.1263,866.7843
4910,732.6896,874.68713
4911,774.0072,888.6839
4912,787.3651,902.1368
4913,782.6787,914.8255
4914,777.435,926.6092
4915,776.22284,922.4377
4916,769.9028,882.1515
4917,754.2227,819.7309
4918,739.23254,773.4803
4919,735.22125,753.5233
4920,741.0911,755.1358
4921,750.69543,797.28015
4922,763.29895,882.5314
4923,778.38654,961.8397
4924,786.22046,991.7142
4925,778.33777,981.1473
4926,760.90063,960.4066
4927,744.7956,944.20245
4928,732.899,932.4367
4929,729.7987,926.7
4930,743.9884,931.8774
4931,765.7945,941.3517
4932,774.1058,942.8436
4933,771.9367,940.395
4934,778.1006,945.7734
4935,793.62463,956.6945
4936,807.4739,963.7986
4937,814.0093,966.6564
4938,810.2489,970.85284
4939,792.21094,975.05164
4940,759.1075,971.4074
4941,722.9839,959.78107
4942,705.62415,948.86304
4943,714.89716,943.8033
4944,737.9823,943.4502
4945,758.22266,945.3878
4946,766.5974,948.153
4947,765.2517,951.6729
4948,763.7447,956.02325
4949,767.3103,959.3164
4950,772.0107,959.37854
4951,772.62396,956.77496
4952,770.57196,954.14404
4953,770.8589,953.8745
4954,772.976,954.4736
4955,768.9353,949.2751
4956,755.42975,937.52844
4957,745.0569,932.02594
4958,750.67584,939.4918
4959,763.725,946.7312
4960,766.408,942.3429
4961,755.27893,931.4935
4962,742.65137,923.3163
4963,744.64124,921.82
4964,763.70105,925.21094
4965,775.40234,924.185
4966,752.645,909.7747
4967,712.63226,888.60876
4968,703.7919,878.2429
4969,738.0072,884.38745
4970,778.6497,895.9337
4971,795.9179,901.5528
4972,795.8951,899.77277
4973,795.49854,894.7399
4974,797.95447,890.4552
4975,798.3042,888.1507
4976,795.2403,885.82245
4977,792.8371,881.9886
4978,796.6758,879.3534
4979,799.9392,882.34247
4980,785.91876,894.7206
4981,768.74475,918.8062
4982,781.983,941.68585
4983,814.3069,936.0499
4984,828.86554,903.3904
4985,822.3131,886.4965
4986,817.3138,918.92896
4987,829.967,990.40753
4988,853.05585,1060.6711
4989,864.2284,1096.8549
4990,857.47955,1100.7004
4991,847.97815,1094.3732
4992,841.8905,1093.4657
4993,830.0149,1103.505
4994,812.8672,1119.5851
4995,806.12537,1128.0934
4996,816.05115,1123.1991
4997,827.22754,1109.541
4998,822.76306,1088.7231
4999,805.2969,1056.3351
5000,783.0518,1006.7219
5001,754.6474,947.0091
5002,735.8974,913.0739
5003,754.27826,939.62463
5004,794.4789,1007.42285
5005,817.4448,1062.7606
5006,818.93835,1083.453
5007,815.8937,1082.7666
5008,816.9574,1061.2455
5009,825.36395,1002.0799
5010,838.39026,921.81915
5011,845.29816,870.6926
5012,837.5962,866.5658
5013,818.4401,882.37836
5014,798.5872,892.8856
5015,787.15845,894.9468
5016,788.4289,895.0432
5017,796.68304,895.5389
5018,791.2412,892.50946
5019,757.615,884.61
5020,715.8041,879.1351
5021,694.97974,882.5832
5022,698.1234,891.94684
5023,722.02625,899.92255
5024,763.8962,900.1633
5025,802.19196,892.33765
5026,816.93823,884.4426
5027,811.52124,882.7618
5028,799.02625,885.6011
5029,787.8471,888.47626
5030,773.9445,887.8974
5031,745.649,882.7165
5032,713.2023,877.4347
5033,703.2243,878.1912
5034,714.9314,883.7765
5035,727.49695,889.40704
5036,729.5451,892.6266
5037,718.44543,892.47253
5038,709.28436,895.5867
5039,726.29285,911.6542
5040,760.3703,932.7794
5041,774.2231,938.5479
5042,750.72144,922.7616
5043,706.43475,897.6559
5044,671.1605,877.94635
5045,665.0572,869.8841
5046,677.35187,868.968
5047,678.81134,866.9475
5048,675.75256,865.8113
5049,707.0394,874.21564
5050,767.7008,887.4864
5051,807.12885,893.2029
5052,806.9159,892.4797
5053,792.5764,894.434
5054,786.1533,900.9496
5055,787.88153,907.632
5056,787.8487,910.76074
5057,779.5309,910.9021
5058,763.8872,911.4088
5059,747.31903,913.65924
5060,737.52026,916.5199
5061,736.44995,919.48895
5062,735.4536,920.1873
5063,721.05286,911.3451
5064,690.52795,888.75714
5065,657.35376,860.8655
5066,641.2415,844.5664
5067,657.89557,850.2332
5068,704.29913,871.35986
5069,749.01733,890.4921
5070,760.3107,899.7708
5071,743.7131,909.72327
5072,731.62573,930.2253
5073,745.60767,958.91583
5074,781.5181,991.5749
5075,816.15955,1019.67554
5076,817.7391,1020.9624
5077,767.965,980.1943
5078,693.2431,919.21136
5079,656.7479,874.8494
5080,693.7864,852.46893
5081,767.5668,837.7089
5082,814.9451,828.89044
5083,820.3863,829.61774
5084,813.14075,837.7255
5085,815.636,849.1605
5086,827.1811,858.9537
5087,838.339,862.33215
5088,840.8741,859.5104
5089,833.1193,855.81305
5090,823.86334,856.0432
5091,821.1083,861.0795
5092,813.1799,869.0323
5093,778.53784,876.5464
5094,721.38116,878.8781
5095,673.53546,874.272
5096,658.1434,869.351
5097,682.67847,874.7546
5098,742.8753,893.70276
5099,794.0702,912.9126
5100,784.0039,914.3812
5101,738.9422,903.8601
5102,720.67615,901.3194
5103,722.7483,904.3094
5104,706.31506,897.4128
5105,675.21326,881.66925
5106,655.30896,868.0879
5107,658.51404,865.45636
5108,687.0102,883.9116
5109,734.2795,925.4586
5110,776.69867,968.1828
5111,791.0528,984.16565
5112,782.5628,972.97754
5113,774.14185,958.18115
5114,773.8961,955.3486
5115,773.93005,959.9655
5116,773.58704,966.34125
5117,783.5478,980.1433
5118,806.06323,1002.97327
5119,827.5389,1021.3124
5120,833.3839,1020.1182
5121,816.27936,994.22015
5122,775.5524,948.1701
5123,723.14136,899.5777
5124,679.80133,869.7485
5125,659.2628,863.00116
5126,669.2125,874.80316
5127,715.0324,910.10004
5128,780.76514,969.3399
5129,828.3913,1032.2473
5130,836.56573,1075.2582
5131,820.7127,1093.4486
5132,807.51434,1097.0197
5133,806.101,1096.3595
5134,807.1213,1093.2822
5135,800.8572,1085.4927
5136,791.886,1076.7357
5137,792.27954,1072.1627
5138,802.19696,1068.2496
5139,810.19806,1060.3794
5140,812.36926,1054.7888
5141,814.7585,1060.8231
5142,817.80756,1071.67
5143,812.62897,1060.9751
5144,794.7552,1010.6006
5145,774.1308,941.65875
5146,762.599,892.7904
5147,757.7537,878.3378
5148,754.8178,905.179
5149,759.6973,985.1182
5150,773.7215,1087.0557
5151,788.63025,1145.8773
5152,803.5754,1137.0979
5153,823.44965,1084.8395
5154,846.3368,1026.0511
5155,861.8214,990.2387
5156,848.5762,973.70294
5157,791.8449,949.4939
5158,714.9599,914.3716
5159,662.715,891.6157
5160,656.9544,894.9536
5161,685.7006,911.31177
5162,720.4629,909.5625
5163,738.93646,870.6363
5164,738.4084,817.2831
5165,731.21185,789.0105
5166,728.5581,791.38043
5167,729.3278,804.52704
5168,726.6375,819.45087
5169,720.1099,835.79816
5170,714.9539,849.0106
5171,713.1007,855.0362
5172,711.0314,852.7191
5173,707.3951,842.01385
5174,714.80005,836.0686
5175,752.03827,866.101
5176,811.6821,941.97156
5177,859.8614,1021.84314
5178,876.97,1058.1631
5179,868.3599,1047.8656
5180,846.4768,1017.70276
5181,828.1993,994.47034
5182,825.6181,990.6542
5183,831.2544,998.9386
5184,834.6652,1007.0701
5185,839.273,1014.2642
5186,844.3791,1022.6492
5187,836.5556,1027.5115
5188,815.3758,1028.1747
5189,799.6405,1032.4044
5190,796.62384,1041.9417
5191,794.1043,1049.786
5192,786.06213,1052.8992
5193,779.827,1051.3844
5194,780.45544,1038.185
5195,784.81836,1013.03296
5196,786.60187,1000.8912
5197,784.387,1022.40326
5198,786.68695,1062.328
5199,800.61957,1093.6138
5200,814.80914,1098.0774
5201,806.2716,1065.987
5202,774.45966,1017.4764
5203,753.41864,994.5042
5204,765.93414,1000.31964
5205,788.30084,993.6321
5206,791.3855,960.3189
5207,781.0081,930.489
5208,773.0431,917.5845
5209,769.0711,909.222
5210,775.8881,919.2092
5211,813.9759,976.84937
5212,875.7169,1058.6193
5213,914.6037,1104.2026
5214,909.24835,1099.8217
5215,882.1976,1077.8087
5216,846.30566,1055.6188
5217,799.9383,1030.2574
5218,761.78705,1008.42566
5219,750.9493,1003.6235
5220,759.7668,1018.671
5221,773.3885,1044.4625
5222,784.9166,1066.9125
5223,794.0673,1079.4435
5224,803.1843,1083.4202
5225,808.1797,1073.7924
5226,805.48444,1046.3007
5227,804.6096,1018.00946
5228,807.54895,1010.17694
5229,794.89197,1016.6949
5230,761.6242,1020.7053
5231,730.73035,1022.709
5232,718.575,1028.2783
5233,722.8635,1032.3389
5234,736.7807,1029.0864
5235,752.41565,1022.68134
5236,760.63763,1021.1448
5237,758.7092,1026.0118
5238,753.46985,1030.5873
5239,753.93774,1024.197
5240,763.90454,1009.0322
5241,779.7421,1012.49536
5242,793.98865,1050.4456
5243,801.6132,1095.4956
5244,801.58734,1117.9816
5245,795.5107,1120.9116
5246,787.1799,1118.0563
5247,782.8985,1113.7439
5248,787.7663,1106.3633
5249,798.3078,1096.3342
5250,806.2342,1088.2445
5251,808.5237,1086.8031
5252,806.1296,1093.3417
5253,800.4801,1104.4111
5254,794.1097,1114.1766
5255,788.9589,1118.3839
5256,787.6589,1109.2166
5257,791.69183,1073.6255
5258,792.39343,1014.0516
5259,782.8825,960.9059
5260,776.24054,942.6858
5261,783.434,954.67017
5262,792.0395,972.71497
5263,787.9591,980.40955
5264,775.20026,975.1573
5265,764.4963,962.18463
5266,755.76,945.98755
5267,740.44244,927.5356
5268,710.5691,906.0888
5269,667.5556,883.83636
5270,633.4828,874.4587
5271,636.2159,891.21606
5272,678.494,922.21234
5273,731.9258,940.91266
5274,763.8039,938.0
5275,767.4837,925.0243
5276,760.16504,920.44
5277,758.74066,937.34485
5278,765.7014,968.49365
5279,772.60706,993.6244
5280,772.487,1006.3035
5281,768.578,1013.5351
5282,770.748,1021.4897
5283,783.32245,1035.3038
5284,797.5508,1051.7717
5285,799.25616,1057.0034
5286,785.7823,1045.746
5287,770.94995,1027.4708
5288,768.58105,1010.17487
5289,775.3509,991.0142
5290,778.6726,966.7826
5291,775.86,945.2697
5292,773.16534,936.128
5293,774.3881,934.8814
5294,780.67206,925.1074
5295,791.0439,899.8625
5296,800.0131,873.9243
5297,805.09125,864.4277
5298,811.974,869.3238
5299,822.05066,875.5164
5300,823.03394,875.0222
5301,804.3135,868.11865
5302,778.4046,862.52014
5303,770.74646,866.308
5304,784.0246,875.54626
5305,791.9981,877.6714
5306,774.5427,868.09845
5307,743.61237,855.7215
5308,726.0904,850.1305
5309,728.9192,850.796
5310,738.026,858.8672
5311,745.2288,886.20435
5312,752.7295,932.7449
5313,756.94464,974.7555
5314,751.6732,994.7247
5315,743.49615,998.6615
5316,744.754,997.92914
5317,753.62396,995.65015
5318,751.0522,984.51227
5319,723.97626,953.484
5320,697.27277,908.7731
5321,714.0371,873.58545
5322,768.34985,860.24225
5323,808.94293,862.3022
5324,810.5488,869.6407
5325,788.5685,877.1523
5326,765.1078,883.6956
5327,752.1062,889.8197
5328,749.8063,897.1314
5329,752.58746,905.354
5330,757.8374,912.00385
5331,767.78186,917.4363
5332,780.9805,922.8527
5333,789.34784,926.0638
5334,791.08075,924.88153
5335,795.51764,917.2011
5336,809.5863,900.87067
5337,826.7779,882.3236
5338,835.4642,874.5119
5339,836.055,880.9929
5340,837.35425,890.57336
5341,839.69635,889.48236
5342,838.95074,880.3668
5343,837.6542,879.8734
5344,836.7803,891.91583
5345,826.9071,902.495
5346,796.81274,900.5681
5347,748.4488,888.30853
5348,704.9379,876.4442
5349,696.4258,875.5345
5350,722.88934,885.06165
5351,750.463,894.06995
5352,757.0908,896.3499
5353,745.34265,893.388
5354,721.0883,887.912
5355,695.40533,886.8485
5356,680.82,895.9257
5357,676.13837,908.3743
5358,671.7975,912.27374
5359,660.58984,904.3272
5360,647.3609,892.8609
5361,645.0927,888.07166
5362,649.7666,888.25134
5363,645.19293,884.94763
5364,633.14984,878.90106
5365,628.23755,877.01624
5366,631.69104,878.6922
5367,632.63464,877.7007
5368,633.5739,876.2198
5369,653.9081,884.8091
5370,692.8928,903.2667
5371,716.7111,915.53284
5372,706.8865,912.9521
5373,681.8879,903.7128
5374,659.49567,893.26807
5375,646.12134,880.39136
5376,651.82117,870.833
5377,682.3885,873.5248
5378,723.4418,885.1722
5379,741.6479,889.6069
5380,726.5333,880.51355
5381,707.68677,870.78204
5382,699.10504,867.7637
5383,691.4975,867.5372
5384,692.88434,872.45465
5385,703.0529,882.72943
5386,697.68866,887.7498
5387,676.4618,884.7497
5388,663.8192,882.2831
5389,665.48975,882.07
5390,670.5258,878.5683
5391,673.9995,872.4593
5392,675.1547,870.314
5393,670.37256,873.48474
5394,662.3335,877.3225
5395,670.22186,881.1107
5396,710.5416,888.91486
5397,766.1141,899.71936
5398,798.64185,906.54584
5399,794.18866,906.08417
5400,773.7056,901.11615
5401,762.5695,895.78864
5402,768.6189,893.9132
5403,783.65265,897.3933
5404,793.60095,904.32733
5405,791.8568,911.3763
5406,786.02954,916.6487
5407,786.7991,920.4088
5408,793.93756,924.2165
5409,799.5308,927.44336
5410,799.3413,926.7468
5411,795.6683,921.9585
5412,793.0917,917.8375
5413,791.7661,916.6314
5414,788.96844,915.65027
5415,790.7819,914.6864
5416,801.5984,915.9893
5417,800.0079,914.8793
5418,763.7035,904.19366
5419,717.9793,894.6327
5420,708.74316,907.9591
5421,734.86066,939.1429
5422,758.811,959.5859
5423,763.7704,960.0338
5424,758.53064,952.89496
5425,751.6592,945.46533
5426,749.4933,939.92377
5427,754.32117,938.7861
5428,751.2721,935.69775
5429,728.74884,922.9719
5430,707.5784,908.8793
5431,712.04395,906.36816
5432,729.9495,912.63654
5433,739.6764,918.2183
5434,748.91644,923.1115
5435,769.4462,928.2768
5436,788.49097,928.9876
5437,793.2722,925.70514
5438,790.20245,924.13904
5439,788.8146,925.2707
5440,789.62427,925.66595
5441,789.2938,923.65594
5442,786.8229,921.246
5443,784.0506,921.1307
5444,783.8943,923.4101
5445,783.7352,924.48114
5446,769.31525,918.4546
5447,732.7183,904.00476
5448,693.13885,889.01636
5449,669.4572,880.22046
5450,654.4806,874.86273
5451,648.7475,872.21783
5452,672.62616,879.1566
5453,720.42365,895.5801
5454,755.5043,909.4453
5455,755.7654,910.3525
5456,728.2155,899.5292
5457,700.33936,889.7719
5458,701.80945,893.3637
5459,727.08826,904.9285
5460,746.4972,910.7887
5461,758.42126,912.4809
5462,776.4468,918.0568
5463,782.02075,921.27026
5464,746.2406,911.2604
5465,685.87836,892.39856
5466,649.6291,879.93884
5467,658.0731,887.14844
5468,698.72845,922.1486
5469,750.7259,975.1367
5470,790.09894,1016.64856
5471,806.02625,1029.8567
5472,809.297,1026.2606
5473,813.7853,1025.5054
5474,820.0827,1032.4252
5475,811.39417,1029.7848
5476,771.8452,996.2346
5477,724.7566,937.21185
5478,722.34186,885.8228
5479,770.5126,865.68634
5480,817.7566,870.3193
5481,831.67615,882.46045
5482,818.4381,892.13654
5483,784.2092,893.9792
5484,738.4102,886.1099
5485,702.23016,874.7609
5486,681.2684,868.60724
5487,665.8397,870.1146
5488,664.23566,876.44
5489,693.18475,877.9302
5490,735.9021,859.639
5491,757.4903,820.0146
5492,753.27466,776.3479
5493,741.7751,748.4013
5494,734.9925,745.74634
5495,734.45154,761.368
5496,738.32837,780.28546
5497,754.2699,793.8403
5498,795.50336,798.515
5499,848.4562,796.68933
5500,870.5288,805.999
5501,844.1229,853.5836
5502,806.8044,943.79095
5503,798.7675,1038.3173
5504,809.6419,1087.761
5505,807.29,1066.3314
5506,784.6274,980.7705
5507,758.2948,881.5037
5508,741.87286,828.97107
5509,731.78485,829.11224
5510,720.94354,848.9026
5511,712.9002,870.86163
5512,718.72986,894.5105
5513,743.95276,916.6844
5514,769.35675,928.1936
5515,770.22095,924.6481
5516,758.46796,915.7901
5517,754.119,911.10095
5518,747.772,907.9236
5519,737.94196,905.8994
5520,744.76263,910.26166
5521,769.68317,917.9235
5522,791.12573,921.634
5523,795.10425,927.70026
5524,784.31537,951.73254
5525,767.2119,990.0149
5526,755.7676,1016.9244
5527,773.46356,1016.8267
5528,833.488,995.4463
5529,893.89624,966.99176
5530,897.4362,944.96375
5531,853.2504,934.46436
5532,806.56537,932.1722
5533,775.7778,938.6988
5534,761.86475,960.0704
5535,758.2817,989.62756
5536,739.92926,1003.24255
5537,689.1548,986.66144
5538,633.8601,955.8439
5539,616.279,936.0014
5540,635.4239,930.63513
5541,661.2482,924.1888
5542,676.08453,909.5326
5543,674.2264,906.54333
5544,655.1237,944.8914
5545,635.42377,1016.0158
5546,639.95685,1068.1842
5547,672.0203,1068.7084
5548,713.1061,1035.3911
5549,747.4174,1004.7376
5550,771.61633,998.813
5551,788.52673,1012.92346
5552,802.4832,1027.4308
5553,817.44934,1033.5269
5554,833.40424,1036.404
5555,846.03296,1039.3077
5556,849.73663,1037.8215
5557,840.8053,1026.9148
5558,820.87085,1008.30817
5559,795.8867,988.7887
5560,773.07275,973.00653
5561,760.0945,963.6137
5562,763.6293,970.66565
5563,785.7055,1007.00433
5564,816.9193,1060.6141
5565,839.688,1096.9188
5566,841.5372,1097.9929
5567,821.2356,1069.3633
5568,795.1833,1019.77924
5569,788.1397,959.6049
5570,800.42487,908.1316
5571,810.23315,883.7668
5572,809.61194,885.71246
5573,808.2178,899.2914
5574,811.2874,910.0113
5575,813.7265,899.3293
5576,810.4045,853.7027
5577,804.4499,791.168
5578,802.26,745.9592
5579,803.42206,727.75354
5580,802.16376,725.1757
5581,793.0756,734.31433
5582,774.5372,769.8673
5583,755.74475,844.6758
5584,749.8982,933.28534
5585,756.2202,988.74744
5586,765.7121,999.7504
5587,776.56635,991.93164
5588,788.81146,985.5741
5589,797.754,982.6479
5590,800.7063,980.67883
5591,799.7477,979.8124
5592,797.3229,978.8406
5593,794.91394,974.7277
5594,793.84766,968.14136
5595,791.959,961.48944
5596,781.15576,952.4636
5597,754.335,936.28
5598,717.47076,913.71875
5599,694.69507,896.3067
5600,703.39813,894.83
5601,724.4713,901.91046
5602,727.74335,902.849
5603,710.8526,895.29944
5604,692.97473,886.89594
5605,691.01184,886.46045
5606,704.6762,898.6363
5607,721.0703,920.41766
5608,734.1637,943.80756
5609,746.8555,959.3483
5610,754.09924,957.6955
5611,746.59955,939.5507
5612,729.8146,920.10565
5613,716.5981,911.43396
5614,712.21136,911.7761
5615,718.55066,913.36676
5616,735.98566,909.43146
5617,756.4603,899.8307
5618,767.42,890.993
5619,765.8773,887.0545
5620,760.51733,887.78107
5621,758.88245,891.84686
5622,760.3155,896.03546
5623,762.4248,897.2632
5624,765.632,898.2304
5625,769.6527,905.57684
5626,773.2227,919.5762
5627,775.43585,932.7197
5628,775.32684,939.97345
5629,775.2741,940.58606
5630,778.90204,932.84216
5631,778.62213,915.4221
5632,761.6527,893.1377
5633,738.2074,881.1458
5634,730.6652,893.0932
5635,737.2622,919.56635
5636,743.54193,935.6196
5637,737.1754,927.01917
5638,706.40216,900.14734
5639,667.79694,875.2629
5640,666.05035,867.67725
5641,715.0387,874.7178
5642,764.0778,881.2004
5643,757.9983,875.3778
5644,719.67426,865.33844
5645,714.38007,871.715
5646,752.0477,904.98096
5647,791.4447,960.8057
5648,811.06555,1020.23206
5649,822.2029,1056.903
5650,835.85345,1064.2985
5651,847.0588,1055.5167
5652,840.51324,1034.556
5653,806.7962,996.8297
5654,760.6356,951.06146
5655,734.6573,917.4972
5656,745.33496,906.4728
5657,775.46545,910.7308
5658,797.31696,916.66895
5659,796.53204,915.1302
5660,771.0497,903.84064
5661,729.68933,889.5964
5662,695.55475,889.42535
5663,696.5029,916.0289
5664,733.9008,941.4314
5665,767.0534,904.7076
5666,763.4893,805.8519
5667,741.2304,721.8092
5668,733.68463,695.63837
5669,750.75507,714.79816
5670,780.63257,779.3389
5671,807.74994,890.94763
5672,825.0769,1003.63654
5673,830.9977,1056.971
5674,828.4669,1047.9396
5675,825.1929,1020.549
5676,822.9371,1001.36816
5677,816.6942,987.4844
5678,805.42676,974.632
5679,794.82556,963.9328
5680,790.6532,953.199
5681,789.756,937.16925
5682,783.4654,915.97644
5683,768.9246,897.79236
5684,749.3328,888.9374
5685,731.596,886.90967
5686,727.23236,882.9415
5687,746.0489,870.55786
5688,778.37933,855.0173
5689,793.9082,849.45154
5690,780.8111,864.5839
5691,766.1018,902.98956
5692,772.9414,951.97833
5693,790.6521,988.60565
5694,805.3682,1002.7747
5695,818.6734,1003.5577
5696,824.83905,998.96564
5697,810.3597,987.98676
5698,782.1554,974.0566
5699,763.03436,966.2593
5700,759.6326,966.4817
5701,760.1145,969.81726
5702,757.0054,973.1197
5703,756.66284,974.04816
5704,764.6397,968.0816
5705,770.0149,953.4544
5706,756.0166,932.5536
5707,720.1695,905.83936
5708,687.60016,879.12244
5709,697.7005,868.6544
5710,749.8061,879.78876
5711,796.3342,897.72144
5712,809.03674,905.25854
5713,800.7132,895.59375
5714,788.53436,876.0194
5715,779.6044,863.5204
5716,779.39197,869.0082
5717,788.76306,886.3616
5718,799.90045,901.2384
5719,804.666,909.4566
5720,797.9132,915.7365
5721,772.50946,917.0105
5722,731.7725,907.8291
5723,705.49347,898.43134
5724,718.8929,904.1371
5725,756.58624,928.3134
5726,790.8839,968.87646
5727,812.94086,1014.6437
5728,822.88916,1042.2611
5729,827.27625,1046.7948
5730,839.71185,1051.6953
5731,861.5349,1071.8002
5732,874.4635,1092.4615
5733,858.3089,1083.9121
5734,814.68317,1028.1257
5735,777.3989,950.1965
5736,774.5058,898.20056
5737,788.0531,881.90497
5738,785.6081,878.22174
5739,757.5204,873.78436
5740,713.054,866.42163
5741,672.96466,858.7959
5742,656.3527,859.74243
5743,665.96735,873.7773
5744,692.6349,893.25146
5745,724.9763,906.8403
5746,748.1946,910.2071
5747,750.564,905.6842
5748,737.14935,895.8844
5749,721.0391,882.6005
5750,713.4729,875.257
5751,721.3244,885.2337
5752,729.53735,902.2357
5753,715.3382,904.593
5754,690.9119,894.29944
5755,688.83673,891.02905
5756,715.1121,902.2469
5757,746.09076,917.6002
5758,761.533,924.48267
5759,767.774,921.9137
5760,781.27185,917.8822
5761,798.0921,918.908
5762,796.11395,924.16846
5763,768.6827,926.7297
5764,742.3583,924.08734
5765,742.9431,922.68097
5766,755.514,923.90436
5767,742.81494,916.6947
5768,698.64417,896.4741
5769,661.27686,878.02246
5770,662.02264,875.57166
5771,688.2949,886.8895
5772,715.75433,903.7743
5773,734.62427,918.704
5774,741.9747,926.71454
5775,745.90063,933.41187
5776,757.42096,946.19495
5777,763.0947,954.83417
5778,740.0248,942.368
5779,703.54535,918.3262
5780,695.1746,909.9803
5781,722.26154,917.5573
5782,759.3483,918.5587
5783,789.2244,908.81305
5784,805.5712,901.66943
5785,806.0963,902.24457
5786,796.5788,905.6605
5787,786.67334,908.4865
5788,781.9378,911.016
5789,781.71075,913.2985
5790,783.8075,914.2993
5791,787.0571,914.9696
5792,788.9041,919.74805
5793,787.9639,931.5932
5794,786.27014,942.7782
5795,784.662,929.4158
5796,783.0403,872.37665
5797,782.9511,797.5213
5798,783.3186,755.24255
5799,780.875,753.74963
5800,778.1843,771.0652
5801,784.2242,814.896
5802,802.5592,903.1462
5803,822.3361,1004.34924
5804,830.0703,1062.4846
5805,827.2668,1067.094
5806,823.4285,1049.002
5807,816.8717,1034.0717
5808,799.3017,1031.4298
5809,776.4173,1039.601
5810,763.15454,1050.7435
5811,760.8289,1055.861
5812,760.147,1050.3671
5813,759.7527,1038.6885
5814,765.60236,1028.2932
5815,777.79553,1018.8438
5816,787.02454,1004.5175
5817,783.48505,983.23425
5818,762.88403,957.0824
5819,727.0504,929.31964
5820,687.2251,905.2351
5821,659.5417,889.4691
5822,650.9757,881.7906
5823,654.75,878.11346
5824,660.08453,873.5945
5825,663.7116,866.83124
5826,671.1521,861.63947
5827,686.198,861.31696
5828,701.9144,863.6263
5829,708.14825,864.3002
5830,705.30536,862.4819
5831,700.8286,860.4086
5832,696.4086,859.60956
5833,688.8633,859.8045
5834,680.0324,861.11194
5835,676.0759,863.64813
5836,676.41254,864.948
5837,675.36304,863.63885
5838,672.6175,862.3738
5839,668.39087,862.02405
5840,658.8101,860.5535
5841,645.72656,858.32855
5842,638.3422,857.8503
5843,643.97186,860.94495
5844,660.83594,867.00366
5845,673.0804,870.72565
5846,666.4948,867.5529
5847,657.64606,863.3008
5848,681.22064,869.3303
5849,741.90765,887.3096
5850,803.10516,905.71936
5851,832.2388,913.67224
5852,834.14703,912.20764
5853,831.5954,908.5303
5854,839.15326,906.2239
5855,855.5509,903.85333
5856,868.7218,899.5578
5857,871.76105,892.92
5858,867.4684,884.2486
5859,860.6938,878.4998
5860,855.5579,881.13513
5861,852.78186,888.1118
5862,847.35504,892.77637
5863,835.1843,895.0998
5864,820.50385,896.4544
5865,810.3662,896.23346
5866,804.81415,894.9399
5867,800.09564,894.30597
5868,794.9386,895.7158
5869,783.4325,898.2585
5870,756.62354,898.49725
5871,723.5086,895.65643
5872,700.5845,890.482
5873,680.5495,879.9286
5874,652.5902,864.95404
5875,632.6793,855.14197
5876,645.63495,858.4325
5877,695.0343,873.611
5878,750.974,889.95416
5879,776.5061,895.87616
5880,772.089,892.586
5881,766.4676,892.1518
5882,771.8805,902.03644
5883,777.205,917.04913
5884,774.4527,926.90234
5885,767.7509,928.4169
5886,760.6256,926.0076
5887,753.5267,924.0567
5888,751.21606,923.5394
5889,758.7527,922.37463
5890,771.76184,918.536
5891,780.6658,914.15344
5892,783.4905,912.3748
5893,788.0599,911.87665
5894,801.1154,910.32684
5895,817.3357,908.3693
5896,826.3155,904.159
5897,828.4364,893.50635
5898,832.02014,881.47076
5899,838.4915,879.1794
5900,838.91986,888.15704
5901,823.43536,901.37823
5902,792.00885,911.5027
5903,756.85815,912.0
5904,729.616,900.2269
5905,705.6924,880.85645
5906,674.9868,864.02356
5907,650.2174,861.906
5908,661.60657,885.29956
5909,713.1553,932.5499
5910,767.447,978.9326
5911,787.0094,996.2864
5912,776.7588,987.9209
5913,770.0211,979.88464
5914,770.0502,974.37134
5915,744.132,949.0515
5916,699.83276,914.56476
5917,692.90283,914.28815
5918,732.6659,950.9776
5919,773.16534,985.81213
5920,797.7558,1006.78955
5921,823.8687,1027.6886
5922,840.801,1034.5441
5923,814.48364,995.1914
5924,750.59534,923.0847
5925,694.81165,872.7514
5926,677.53186,868.72955
5927,701.7594,891.8306
5928,746.2987,914.45337
5929,771.76184,919.73773
5930,764.3691,906.0186
5931,749.0678,878.5969
5932,751.8074,847.8696
5933,772.0406,827.2078
5934,789.942,817.2408
5935,795.0029,826.2581
5936,796.5324,888.00037
5937,806.88306,1000.61346
5938,825.87616,1100.9639
5939,842.26184,1146.8835
5940,849.1307,1155.5961
5941,851.636,1152.7638
5942,854.9887,1144.855
5943,856.78644,1133.771
5944,856.65356,1126.7274
5945,859.75366,1130.064
5946,865.1764,1137.2642
5947,855.4656,1122.626
5948,808.9971,1061.2739
5949,741.5203,974.6996
5950,708.1989,923.5132
5951,728.9347,932.2102
5952,761.67975,970.5956
5953,771.63824,1006.0589
5954,763.7818,1017.07916
5955,746.31744,983.47955
5956,719.03705,915.75305
5957,697.5476,860.47314
5958,702.65454,847.2702
5959,728.02167,869.64233
5960,754.3234,919.7085
5961,776.42413,990.64105
5962,796.6869,1051.9286
5963,814.09235,1072.3074
5964,822.7801,1056.11
5965,816.23566,1027.5707
5966,800.201,1002.95496
5967,789.357,984.1331
5968,785.0062,960.96173
5969,772.201,928.75336
5970,742.1976,899.92474
5971,707.0816,888.24884
5972,688.3606,894.89813
5973,698.2202,912.57153
5974,730.5523,932.8375
5975,760.8196,946.71814
5976,767.02167,946.4961
5977,757.26776,933.2524
5978,753.5148,914.8593
5979,757.7066,899.0159
5980,763.7047,892.76044
5981,772.584,896.2493
5982,773.7258,898.8028
5983,755.7907,893.17004
5984,736.7726,886.10956
5985,734.2388,885.1224
5986,731.2783,885.56793
5987,708.5299,879.48334
5988,675.1613,868.0437
5989,651.99036,860.1525
5990,645.3478,861.3491
5991,650.2817,869.5007
5992,669.6327,880.9867
5993,704.0856,892.55444
5994,737.11597,901.25684
5995,758.44037,906.20306
5996,778.89594,906.1103
5997,803.00336,900.92035
5998,816.7059,897.16534
5999,814.9593,908.95856
6000,812.6539,947.5776
6001,818.7671,997.4328
6002,818.3267,1016.6838
6003,788.6348,981.4734
6004,733.99634,917.5015
6005,693.91125,874.96857
6006,700.6011,877.82764
6007,735.54944,905.06335
6008,750.88306,921.3419
6009,737.8657,921.65906
6010,740.63196,933.2853
6011,782.4997,966.61224
6012,826.6084,988.94415
6013,836.07764,968.7107
6014,820.3999,923.3381
6015,801.36237,893.8323
6016,779.63885,890.9419
6017,752.1646,896.75256
6018,726.32764,895.1174
6019,709.29724,876.27106
6020,706.2692,839.02216
6021,721.5189,803.28125
6022,760.93616,793.9496
6023,831.8881,809.22565
6024,899.68396,823.327
6025,870.3929,810.9246
6026,697.07837,774.188
6027,476.37143,749.9869
6028,361.41333,763.25464
6029,395.03876,795.4225
6030,496.67282,818.53986
6031,590.1411,824.74646
6032,660.0042,823.49615
6033,713.2578,828.5649
6034,756.03357,842.8084
6035,787.7756,859.4151
6036,802.2401,875.49194
6037,799.2655,894.02594
6038,783.24316,916.9694
6039,761.23755,941.81793
6040,749.7873,962.16345
6041,760.0416,974.1581
6042,781.64667,982.6025
6043,798.26654,995.2169
6044,802.32324,1015.44806
6045,789.6847,1042.6803
6046,756.04236,1072.7733
6047,708.86163,1092.147
6048,684.5512,1070.5211
6049,728.64,981.1923
6050,851.95703,848.0586
6051,1021.0691,745.7234
6052,1163.7085,725.25793
6053,1210.1023,764.93384
6054,1161.6433,811.8382
6055,1066.5791,841.2691
6056,959.7942,858.783
6057,864.7252,871.01276
6058,797.31995,879.275
6059,758.1061,890.3399
6060,739.753,911.96814
6061,736.0698,942.0488
6062,743.30096,972.1816
6063,755.7175,994.73956
6064,764.743,1003.5257
6065,766.5636,997.4474
6066,764.33307,984.519
6067,762.7295,973.8299
6068,766.83484,966.5201
6069,777.24084,959.5363
6070,778.9736,949.6419
6071,754.751,934.74054
6072,718.5316,920.6951
6073,703.8484,916.9707
6074,711.7281,920.9156
6075,718.9288,926.2726
6076,727.4689,939.8913
6077,745.9795,962.6127
6078,759.50745,977.47974
6079,761.0501,977.6444
6080,761.85046,973.7951
6081,763.527,972.4174
6082,759.9771,971.72705
6083,753.39233,970.18896
6084,749.77954,968.3554
6085,750.6295,966.79205
6086,754.7291,963.97174
6087,761.0313,958.1279
6088,764.705,950.3851
6089,755.5316,941.80914
6090,730.67474,931.06445
6091,706.9902,921.0335
6092,707.26855,920.59546
6093,733.0272,932.4064
6094,761.7941,946.9663
6095,772.8131,954.206
6096,766.4033,953.7595
6097,756.6935,950.20703
6098,754.3692,943.99335
6099,759.5795,930.3264
6100,767.0938,906.7217
6101,773.91595,881.4878
6102,778.9992,867.39545
6103,780.19147,866.99445
6104,776.7005,875.3384
6105,770.6514,889.84955
6106,764.82874,906.4045
6107,761.2816,917.2829
6108,760.98145,919.9074
6109,763.7529,918.6024
6110,767.52985,917.4149
6111,769.85974,916.56915
6112,772.91724,913.5711
6113,780.47217,906.42365
6114,790.6389,898.0575
6115,799.49994,895.5545
6116,805.6368,902.00385
6117,808.02734,912.3782
6118,805.7296,920.14185
6119,799.157,923.62506
6120,790.1994,924.00574
6121,781.53345,922.07623
6122,775.4433,919.0822
6123,773.0675,916.86884
6124,773.6137,915.8742
6125,774.44965,915.019
6126,774.44135,913.21765
6127,777.5185,909.1671
6128,787.8753,901.4903
6129,800.8365,892.30786
6130,807.1051,887.0119
6131,805.7688,887.84827
6132,804.0047,892.04346
6133,805.0576,895.24396
6134,801.02216,893.51935
6135,781.3464,886.1981
6136,753.01465,875.6137
6137,743.9883,854.2603
6138,773.35754,808.18475
6139,823.00946,749.8959
6140,856.43207,713.7115
6141,858.2014,711.28925
6142,837.60474,725.9867
6143,809.42694,738.7435
6144,784.0104,745.922
6145,767.65515,770.2185
6146,765.7651,839.513
6147,776.62476,935.50903
6148,784.83234,1002.08734
6149,775.8969,1016.17084
6150,756.50555,1002.42975
6151,745.79846,986.94635
6152,749.3663,975.2899
6153,757.2331,963.3336
6154,761.8726,949.5843
6155,765.99054,940.57135
6156,774.8135,944.9017
6157,785.8622,957.8566
6158,791.35583,964.472
6159,789.16766,960.894
6160,783.95667,955.1656
6161,780.1521,952.18274
6162,778.82043,951.2744
6163,778.585,950.2465
6164,778.22595,947.812
6165,780.91064,948.30804
6166,792.19385,958.79895
6167,808.76135,975.193
6168,817.48224,982.5773
6169,809.8983,974.2536
6170,791.4049,959.456
6171,776.7779,951.8158
6172,774.2295,954.9036
6173,777.29266,961.17
6174,779.2229,965.12787
6175,781.0644,968.7212
6176,781.42175,972.4805
6177,774.3465,971.45654
6178,761.6611,963.3699
6179,755.9731,953.52277
6180,763.07007,946.68335
6181,771.75183,943.08795
6182,770.06854,944.7537
6183,760.53015,953.76636
6184,752.71,965.8709
6185,750.4106,973.9255
6186,751.066,974.80115
6187,751.84344,970.336
6188,752.717,963.3686
6189,755.0806,955.15155
6190,759.60443,946.4859
6191,766.15076,938.4176
6192,773.9236,930.60486
6193,781.50006,921.00555
6194,787.12805,909.2339
6195,789.289,898.1152
6196,789.5446,889.00793
6197,793.5764,877.0869
6198,804.9242,856.815
6199,817.9043,832.68835
6200,822.4528,815.3493
6201,819.0959,809.1871
6202,820.59033,813.27747
6203,832.09393,825.32086
6204,843.55206,840.14514
6205,847.22687,853.1761
6206,845.26294,863.38464
6207,840.8685,871.0587
6208,835.5004,876.34845
6209,830.6514,878.8845
6210,827.91296,878.0998
6211,828.5936,874.8128
6212,831.5451,871.4957
6213,833.5459,869.7421
6214,833.9841,868.8812
6215,835.1381,868.01184
6216,837.7818,867.10034
6217,839.8584,866.0145
6218,839.2667,864.30054
6219,835.93243,861.3856
6220,830.44867,858.6555
6221,823.3269,863.7653
6222,816.6982,884.6125
6223,813.28723,914.0725
6224,812.12634,935.3214
6225,809.8363,941.8626
6226,809.2275,934.63367
6227,818.00494,912.77356
6228,834.3697,884.35693
6229,846.4785,865.7796
6230,846.4996,861.8214
6231,834.60956,864.4075
6232,816.74536,867.4445
6233,801.9229,870.1536
6234,794.70703,872.32495
6235,792.98615,873.07794
6236,793.8344,872.59595
6237,798.85675,874.102
6238,811.59625,882.0444
6239,827.59845,895.5758
6240,837.0165,908.76715
6241,839.95685,918.8397
6242,843.6193,925.6325
6243,844.30444,922.6158
6244,830.679,902.0948
6245,807.0247,873.9993
6246,794.4861,860.50824
6247,804.3629,868.27936
6248,826.21735,885.4928
6249,844.79443,901.34
6250,855.6396,913.9765
6251,861.0889,924.53357
6252,859.9232,931.0901
6253,848.8012,931.2914
6254,826.4436,926.73944
6255,789.58734,919.27527
6256,743.3321,910.9654
6257,715.48254,911.0218
6258,729.1864,927.61176
6259,764.2103,950.7703
6260,778.56915,961.1693
6261,759.5281,953.4066
6262,723.8547,935.505
6263,691.52844,916.2348
6264,681.9938,902.87415
6265,711.19025,899.8545
6266,772.6742,902.7965
6267,831.32886,900.0481
6268,851.6259,885.9897
6269,827.58344,867.3263
6270,779.87946,853.493
6271,738.12933,848.2669
6272,725.79443,850.5496
6273,741.88763,857.04767
6274,762.37714,864.2097
6275,772.0768,870.70953
6276,778.5561,877.59894
6277,794.1392,884.188
6278,819.1793,885.54285
6279,835.7714,878.5886
6280,816.1202,873.3861
6281,752.9672,893.9574
6282,681.06396,952.8951
6283,649.3646,1024.6471
6284,671.4427,1070.5009
6285,720.44965,1082.6825
6286,765.37726,1077.725
6287,793.6728,1070.0292
6288,809.4684,1067.38
6289,821.25757,1070.102
6290,828.7182,1065.6741
6291,824.01263,1037.1667
6292,806.7894,988.44806
6293,793.41113,945.4412
6294,793.8785,921.6464
6295,786.51196,906.1918
6296,752.9425,890.91705
6297,715.4173,883.45685
6298,706.29083,889.26154
6299,730.7351,901.87646
6300,765.9626,911.83356
6301,779.96136,896.504
6302,760.6906,829.57404
6303,730.5576,746.698
6304,721.9245,723.36395
6305,741.46014,763.66296
6306,771.173,811.5588
6307,795.833,839.4373
6308,815.01373,852.3909
6309,833.82196,855.6538
6310,851.88416,852.5046
6311,864.41455,849.21783
6312,868.943,848.9805
6313,866.311,848.41705
6314,858.1272,843.1504
6315,847.93524,830.5972
6316,845.4451,810.3771
6317,858.11597,798.28357
6318,875.5757,834.5433
6319,882.193,936.227
6320,875.5665,1046.2869
6321,855.5256,1089.4001
6322,821.8981,1061.1772
6323,788.0512,1012.0747
6324,769.6356,977.9438
6325,764.79047,960.9993
6326,764.368,952.65045
6327,771.92145,950.82556
6328,793.4554,956.6081
6329,813.9258,963.119
6330,809.54364,959.0195
6331,780.9575,943.45386
6332,749.19806,925.5362
6333,729.8791,913.90704
6334,730.58203,918.1505
6335,754.401,946.77686
6336,789.2487,990.0127
6337,811.1977,1020.4852
6338,811.52606,1015.7212
6339,804.14087,972.6359
6340,803.6056,917.8652
6341,808.8321,894.75366
6342,809.30194,918.5704
6343,803.8916,962.87915
6344,802.5732,994.6484
6345,808.3142,1005.69977
6346,814.13684,1006.0063
6347,818.17126,995.9892
6348,826.8919,964.9679
6349,840.6,920.976
6350,849.0352,891.51764
6351,847.53687,886.6434
6352,843.543,892.2482
6353,843.23816,895.3526
6354,844.7679,893.3802
6355,845.0955,888.7625
6356,841.83234,885.43567
6357,828.9004,888.4123
6358,802.8813,902.24915
6359,774.89484,924.1815
6360,761.36896,942.13336
6361,763.5302,942.55164
6362,771.30756,920.82025
6363,776.8697,892.0031
6364,775.5165,879.8941
6365,771.1055,884.08606
6366,777.06006,876.338
6367,794.695,836.7274
6368,805.4938,781.1099
6369,800.0168,748.4521
6370,796.0619,770.68475
6371,812.8709,847.9501
6372,839.28253,935.3593
6373,846.81665,980.9984
6374,828.598,983.63495
6375,803.41095,975.05206
6376,788.5059,970.3698
6377,785.11475,967.0639
6378,782.3967,959.93744
6379,767.8247,945.0255
6380,740.99927,926.2618
6381,721.0214,914.56647
6382,729.5509,910.8134
6383,764.2693,902.2293
6384,801.3751,886.0791
6385,822.4836,876.88226
6386,826.2489,883.1438
6387,816.1828,895.8855
6388,797.7318,901.9558
6389,784.5411,899.0507
6390,785.18365,895.93506
6391,790.0909,901.0074
6392,782.1653,912.55975
6393,759.2717,921.49493
6394,741.2645,924.7428
6395,742.1419,927.8772
6396,752.26685,933.3883
6397,761.3788,937.22736
6398,766.8932,934.0239
6399,760.866,921.81757
6400,741.515,905.6099
6401,728.68823,895.0734
6402,744.39307,897.37756
6403,777.3456,908.6221
6404,790.74194,915.2037
6405,776.1059,912.09106
6406,758.1592,908.1478
6407,739.9487,906.4205
6408,707.8652,901.2607
6409,679.9927,896.39984
6410,681.79047,900.53156
6411,702.5339,910.33417
6412,714.06805,913.06866
6413,704.5253,900.9513
6414,692.3785,883.98566
6415,712.1022,882.69116
6416,764.7654,899.73157
6417,806.2847,915.07025
6418,806.9925,913.78766
6419,784.64294,901.41797
6420,769.2011,891.129
6421,769.24194,887.6005
6422,775.96875,885.90704
6423,782.1987,882.0418
6424,795.33606,883.8033
6425,823.1555,904.87726
6426,844.3895,939.28625
6427,835.3254,962.39716
6428,816.4196,968.4857
6429,814.80774,972.55835
6430,817.7127,973.2118
6431,805.8678,954.57367
6432,788.84406,922.19073
6433,785.6543,900.6165
6434,794.6656,898.60046
6435,794.90454,902.9088
6436,772.3092,899.60583
6437,736.98615,886.37115
6438,707.1216,869.64923
6439,687.71,856.4103
6440,686.57886,847.04535
6441,720.69543,835.7792
6442,777.9284,822.65393
6443,818.42914,818.5658
6444,826.5063,830.0152
6445,820.4726,848.9708
6446,819.22577,863.45526
6447,819.5752,868.7816
6448,804.85596,866.59973
6449,776.20355,861.36096
6450,756.0272,858.72046
6451,753.9427,863.1404
6452,757.0466,875.1329
6453,754.1684,888.4053
6454,746.9459,894.5415
6455,740.9029,895.5187
6456,741.884,903.55273
6457,753.92413,922.1549
6458,767.6587,936.7445
6459,768.70917,936.1037
6460,762.4553,931.3092
6461,765.4881,937.3256
6462,778.8473,949.85614
6463,788.4096,953.51636
6464,785.7864,943.14624
6465,774.44867,925.3773
6466,758.9832,906.646
6467,743.9908,893.9132
6468,733.08514,892.0851
6469,731.4069,893.59546
6470,751.3506,888.83215
6471,788.83887,880.75726
6472,818.3832,878.66284
6473,829.739,885.54626
6474,832.67664,895.10614
6475,834.01215,897.297
6476,835.7423,887.59326
6477,839.52545,874.2339
6478,838.1253,870.25336
6479,810.21594,875.1615
6480,746.42975,875.81995
6481,686.3466,870.3589
6482,687.4438,874.0179
6483,746.0812,891.693
6484,802.99493,908.0544
6485,818.4067,911.6638
6486,790.5309,904.76965
6487,733.6787,891.5415
6488,677.6977,876.1317
6489,663.2855,869.99603
6490,706.9872,887.41486
6491,772.08484,929.1836
6492,808.89417,978.0293
6493,812.6502,1012.573
6494,804.98676,1024.4381
6495,797.6512,1021.0047
6496,794.088,1005.0565
6497,793.64575,968.9896
6498,794.5097,925.60486
6499,795.7344,906.8773
6500,792.644,920.42377
6501,785.7619,950.3161
6502,786.33765,984.85974
6503,794.72565,1004.1441
6504,802.71295,981.8437
6505,835.4309,928.4626
6506,928.1914,886.3689
6507,1035.5684,877.7419
6508,1059.4259,891.4084
6509,970.7476,901.7662
6510,818.6597,891.6095
6511,682.19165,875.4899
6512,632.70886,883.4603
6513,666.9299,919.82166
6514,718.5621,965.0271
6515,748.19135,1003.2749
6516,765.78186,1028.8094
6517,789.8098,1042.2012
6518,819.62573,1046.7004
6519,835.9377,1039.6024
6520,822.6634,1014.9925
6521,791.78265,984.1555
6522,770.1726,974.2764
6523,763.82745,995.0119
6524,763.46545,1026.0366
6525,769.7107,1044.3798
6526,786.1573,1048.4601
6527,805.84436,1049.0088
6528,817.3842,1050.2388
6529,818.30334,1050.1014
6530,824.3919,1049.6829
6531,856.11316,1051.8143
6532,902.73303,1053.2323
6533,926.8255,1049.0924
6534,911.08575,1041.7225
6535,866.8427,1035.3173
6536,814.9838,1028.7911
6537,779.1197,1012.2863
6538,769.43243,974.1059
6539,775.60785,929.78516
6540,787.87646,926.32007
6541,804.6307,989.6862
6542,821.82874,1082.5977
6543,837.4556,1142.2701
6544,855.6429,1148.7406
6545,873.5928,1126.06
6546,876.92255,1098.7427
6547,854.89197,1076.5642
6548,816.1631,1061.9097
6549,784.52136,1052.0743
6550,777.6294,1041.2671
6551,792.2168,1029.3036
6552,808.4927,1022.1144
6553,800.81476,1023.1442
6554,755.2571,1031.2056
6555,696.09894,1040.6605
6556,665.42456,1042.7303
6557,662.9638,1030.9373
6558,651.6726,1009.8656
6559,629.6168,1002.9274
6560,643.9602,1027.3997
6561,710.12714,1058.432
6562,771.2141,1058.6514
6563,769.5903,1031.3894
6564,719.7715,1003.3497
6565,699.6292,976.45624
6566,778.6834,932.37286
6567,935.90546,873.07874
6568,1061.7678,827.55676
6569,1068.9381,817.54626
6570,970.07477,837.713
6571,842.8306,868.18964
6572,762.44855,890.41583
6573,762.59717,895.1898
6574,816.2746,887.5871
6575,848.446,880.71204
6576,813.63434,876.0476
6577,747.1876,861.21075
6578,703.0414,838.05145
6579,693.44586,826.4336
6580,710.5477,831.5187
6581,747.7193,838.9844
6582,782.5781,838.52734
6583,795.0748,832.1159
6584,802.5475,826.97156
6585,822.5596,825.18884
6586,839.65094,823.07654
6587,840.9108,821.169
6588,835.4906,823.7212
6589,834.60425,829.19147
6590,841.8307,830.8877
6591,859.37006,825.4978
6592,886.05756,816.6449
6593,908.2966,810.905
6594,902.5189,812.6436
6595,852.1461,823.4107
6596,771.37573,842.4359
6597,708.06305,869.48627
6598,699.60284,905.32153
6599,731.1573,938.18195
6600,758.1808,948.4871
6601,756.5058,937.27094
6602,737.41864,922.475
6603,723.9642,913.89435
6604,724.12946,911.132
6605,732.9612,912.4776
6606,746.55225,917.39453
6607,760.4331,923.9169
6608,767.36035,927.7498
6609,765.4382,927.3153
6610,760.4375,926.08716
6611,758.07275,925.73645
6612,759.4291,918.4292
6613,763.946,895.83514
6614,770.2318,868.3194
6615,773.80786,853.9172
6616,770.6074,846.09265
6617,762.8389,823.20447
6618,758.40265,787.45807
6619,762.98004,761.41504
6620,773.71826,753.80054
6621,784.1691,756.05035
6622,791.8483,759.98267
6623,795.7728,761.9374
6624,791.39923,760.98236
6625,774.2818,760.1889
6626,747.43036,762.8375
6627,719.86774,766.2679
6628,698.22577,764.01196
6629,684.02484,754.1634
6630,676.76184,744.8069
6631,676.4528,750.14325
6632,686.55817,782.5355
6633,711.2211,843.7102
6634,741.71704,910.68665
6635,755.2345,948.68646
6636,738.7051,949.6617
6637,706.49817,928.0933
6638,686.27966,891.34015
6639,692.5368,842.5045
6640,722.4261,789.0055
6641,771.49255,735.74945
6642,836.9126,685.0876
6643,904.403,644.13983
6644,953.98816,624.2991
6645,985.14484,631.5829
6646,1014.5653,657.5033
6647,1044.0199,683.0212
6648,1050.4984,695.71027
6649,1026.4292,700.2558
6650,1003.7985,711.30493
6651,997.3334,738.78876
6652,975.15424,777.84064
6653,924.22314,812.8019
6654,872.7586,834.12537
6655,838.1731,847.95807
6656,809.7782,866.1091
6657,776.3407,891.54
6658,743.7836,916.534
6659,728.27637,933.47076
6660,738.5162,943.6617
6661,762.9261,950.8845
6662,779.6525,954.99774
6663,780.75,959.35846
6664,774.4628,971.208
6665,769.52765,987.3013
6666,768.6651,983.2766
6667,768.1873,930.9464
6668,764.7707,843.45734
6669,776.3327,775.23566
6670,829.8919,755.83685
6671,904.9714,765.5765
6672,943.71423,777.38336
6673,927.33795,781.00073
6674,883.1766,777.1029
6675,845.71735,772.2109
6676,842.7446,776.7542
6677,876.4072,807.2794
6678,919.3064,879.1636
6679,941.0237,973.05164
6680,919.6751,1019.89197
6681,856.65924,966.81335
6682,797.7808,857.90924
6683,784.9342,788.40063
6684,791.6001,790.85016
6685,777.74994,826.8405
6686,771.8103,853.3167
6687,821.1768,854.05664
6688,908.1243,837.1874
6689,978.4157,817.6697
6690,1010.02606,800.4059
6691,1003.23267,790.5721
6692,955.9392,801.70654
6693,886.35834,832.21436
6694,829.83374,865.08545
6695,804.81586,904.0725
6696,801.9579,968.3817
6697,797.8858,1046.8495
6698,783.902,1098.3309
6699,775.07184,1104.896
6700,781.43365,1090.593
6701,792.5925,1078.2573
6702,800.6347,1065.1709
6703,812.5436,1047.7714
6704,830.47626,1033.9277
6705,845.6031,1030.7157
6706,853.435,1036.8733
6707,850.2541,1037.2405
6708,827.20135,1010.9618
6709,789.7834,962.2916
6710,758.30676,921.78687
6711,739.1017,908.1002
6712,723.46576,913.51666
6713,719.9342,919.37427
6714,769.0672,913.6406
6715,888.845,903.6401
6716,1009.987,904.34625
6717,1048.4891,915.8152
6718,1021.00104,927.6078
6719,999.7346,935.05475
6720,1009.75934,939.7683
6721,1028.64,942.66846
6722,1036.8162,943.3553
6723,1036.9528,943.3415
6724,1035.096,943.23663
6725,1019.3023,935.426
6726,973.3636,909.77655
6727,911.8583,873.3833
6728,869.9811,848.2777
6729,851.6802,845.21765
6730,830.4899,857.2822
6731,805.28284,873.291
6732,813.0667,889.5282
6733,872.70245,910.72906
6734,945.881,934.99164
6735,983.9821,950.73816
6736,986.22626,954.65607
6737,977.902,952.9968
6738,963.8549,945.4235
6739,933.12604,926.4818
6740,888.3391,902.6144
6741,845.7752,888.64453
6742,814.12646,886.78613
6743,794.50385,886.3655
6744,796.34125,880.166
6745,830.68823,869.8696
6746,884.4953,861.0203
6747,928.5874,857.966
6748,952.7048,863.7475
6749,958.4494,882.3971
6750,942.8996,914.3595
6751,920.95355,948.9115
6752,908.2496,970.22034
6753,891.26587,975.6174
6754,862.7549,973.577
6755,828.0652,960.9291
6756,790.3684,933.84143
6757,764.56287,912.1405
6758,753.72314,912.7905
6759,745.62964,918.8924
6760,743.731,902.6966
6761,753.07306,865.76227
6762,758.21045,838.42926
6763,739.1906,838.4566
6764,705.4108,849.11316
6765,688.9327,850.11664
6766,697.01697,847.9999
6767,708.06287,859.0589
6768,708.4409,882.925
6769,704.4107,903.3272
6770,714.6742,895.98346
6771,757.869,843.3444
6772,829.55457,765.2146
6773,902.08417,707.24835
6774,948.60864,687.06726
6775,957.3371,687.9992
6776,938.3658,692.5008
6777,914.48065,693.87085
6778,899.39435,689.08716
6779,894.2637,678.0606
6780,895.3297,671.93805
6781,895.54205,682.4653
6782,888.51556,701.43384
6783,877.2931,712.15186
6784,872.8581,711.1653
6785,879.292,705.8623
6786,877.9598,709.93195
6787,836.0886,743.73914
6788,752.761,811.2215
6789,676.1986,879.61096
6790,646.3319,915.1605
6791,654.31274,924.24786
6792,674.1346,929.6718
6793,691.2536,933.80927
6794,698.47314,928.0837
6795,696.3574,915.55743
6796,691.86224,907.5866
6797,689.16626,907.8797
6798,697.6331,908.951
6799,729.7594,902.5061
6800,768.83264,891.68195
6801,779.572,888.1994
6802,767.49634,890.23456
6803,777.0223,871.60077
6804,821.65173,813.287
6805,864.4872,741.7017
6806,877.48883,702.84235
6807,872.46515,703.992
6808,868.84033,716.4378
6809,876.29926,720.92377
6810,897.8349,723.9807
6811,904.2413,743.88885
6812,842.04785,789.99054
6813,725.806,848.7162
6814,645.9365,893.917
6815,642.8445,912.777
6816,677.1404,913.4986
6817,711.9007,910.06055
6818,741.9803,909.1704
6819,771.10266,911.0772
6820,794.72314,915.2342
6821,802.97125,923.0097
6822,794.20807,934.1488
6823,774.7118,941.39655
6824,751.63477,938.857
6825,732.2469,933.4347
6826,721.1825,935.4602
6827,724.4299,947.2232
6828,750.8182,968.1794
6829,792.1047,996.8741
6830,821.3178,1024.7782
6831,822.4463,1038.308
6832,799.5632,1024.8937
6833,766.47906,982.2333
6834,746.9372,932.1499
6835,769.34186,909.7216
6836,841.17694,927.5198
6837,922.37787,961.7832
6838,960.7755,982.1704
6839,959.1792,985.3299
6840,947.7002,983.1493
6841,933.9324,979.99994
6842,929.9201,979.9589
6843,948.72,986.5809
6844,969.96515,992.3687
6845,969.4068,990.32513
6846,951.45734,982.97174
6847,937.9142,972.7519
6848,952.4566,960.8676
6849,991.5704,951.6582
6850,1009.63806,944.01294
6851,966.579,929.1014
6852,871.5873,906.95654
6853,767.02563,889.73114
6854,697.4557,882.9644
6855,681.2588,880.3727
6856,689.2371,881.0208
6857,678.9372,904.9247
6858,649.6669,970.9174
6859,640.7809,1049.7325
6860,678.6006,1090.324
6861,737.2718,1093.2854
6862,773.36365,1093.2349
6863,779.6512,1096.8055
6864,781.3272,1078.4479
6865,809.131,1010.30383
6866,867.99725,904.5793
6867,912.011,822.3683
6868,893.7155,807.7723
6869,829.7006,843.35046
6870,770.6056,887.51526
6871,741.26245,917.3329
6872,737.24835,929.514
6873,747.4703,926.8635
6874,762.7114,916.76294
6875,775.3081,911.3587
6876,783.45715,916.6341
6877,791.29034,927.49695
6878,799.4308,935.1977
6879,797.10657,933.9138
6880,773.73474,924.55505
6881,740.6265,914.9211
6882,713.5736,908.8683
6883,684.8482,900.182
6884,650.47437,887.23376
6885,637.48663,882.54156
6886,673.04926,897.486
6887,742.2801,923.9348
6888,799.6468,940.78625
6889,822.2711,936.93896
6890,826.7305,916.8418
6891,836.52,890.9336
6892,854.4017,874.06464
6893,861.2567,878.8952
6894,834.15454,897.0469
6895,775.2037,907.8318
6896,724.0414,910.2193
6897,715.85736,916.70917
6898,734.6341,925.70715
6899,743.2156,927.9515
6900,729.81665,922.4546
6901,703.65405,913.14484
6902,681.21576,905.0577
6903,678.42377,903.77936
6904,698.8914,910.83215
6905,730.01556,920.55676
6906,755.95953,926.1964
6907,772.3291,928.40326
6908,782.3681,930.902
6909,793.1471,931.6148
6910,812.5081,925.1025
6911,836.38904,912.484
6912,852.2085,902.35205
6913,854.8408,900.4347
6914,848.24994,905.3549
6915,838.90607,912.20856
6916,832.09985,916.31055
6917,829.25616,916.7407
6918,828.7745,915.63806
6919,829.3881,914.20026
6920,831.1403,911.92554
6921,834.20514,908.58624
6922,836.94305,904.1019
6923,836.04694,897.21954
6924,830.42413,887.9708
6925,824.1999,880.5042
6926,823.19257,878.87054
6927,826.9451,880.6483
6928,828.14856,880.1716
6929,823.02026,877.01917
6930,817.1675,875.53906
6931,817.5413,878.0909
6932,822.6168,882.4945
6933,824.78186,884.476
6934,817.9763,881.3395
6935,800.72394,874.0786
6936,779.33777,867.0861
6937,764.60223,864.18713
6938,760.7679,864.2945
6939,766.197,863.8586
6940,778.66595,862.56006
6941,789.9011,863.3974
6942,789.2394,868.2448
6943,779.30634,875.79126
6944,771.33765,883.8947
6945,768.25195,892.1451
6946,766.56134,900.6558
6947,765.1718,908.00635
6948,764.24036,913.0661
6949,762.32965,917.3885
6950,757.9792,922.99945
6951,752.2702,928.91
6952,747.9675,932.4857
6953,746.10535,933.3937
6954,746.24567,933.4955
6955,751.51953,933.13
6956,767.09827,930.266
6957,788.061,924.2164
6958,796.81573,916.45233
6959,781.5906,907.4377
6960,752.8667,897.6995
6961,731.442,889.46674
6962,724.875,883.2652
6963,729.9811,877.62634
6964,746.24207,872.7042
6965,768.6543,869.59357
6966,786.56433,867.59094
6967,801.62445,863.86383
6968,822.5515,855.87195
6969,841.06274,846.75635
6970,842.68945,844.74194
6971,833.93146,852.7968
6972,832.0629,865.0802
6973,842.0027,875.473
6974,855.91907,882.8428
6975,857.9551,888.7134
6976,833.56976,893.32605
6977,792.7933,893.29474
6978,767.03424,890.80396
6979,774.91364,911.8147
6980,807.9145,984.49817
6981,839.0244,1082.5062
6982,846.40704,1145.3573
6983,839.7851,1156.1941
6984,845.01056,1142.1766
6985,867.89325,1129.0193
6986,895.767,1128.3387
6987,917.26855,1136.2216
6988,918.37994,1122.4999
6989,881.04083,1044.8389
6990,813.1227,912.6135
6991,756.8495,802.7163
6992,741.7727,767.33466
6993,757.6468,782.36456
6994,783.1222,805.7205
6995,806.0002,821.61444
6996,818.1465,828.2708
6997,816.2948,825.8876
6998,805.29443,819.2142
6999,793.48285,820.6723
7000,786.6845,839.0137
7001,786.4545,862.856
7002,789.7133,874.3236
7003,788.7334,873.20337
7004,777.0591,869.236
7005,758.79156,866.3039
7006,746.4015,864.1106
7007,745.94165,862.12115
7008,752.4112,859.6212
7009,760.5937,855.9493
7010,770.6127,850.0036
7011,783.62604,844.8424
7012,801.26105,862.27106
7013,825.2921,932.1752
7014,848.1277,1041.0858
7015,856.21594,1130.2406
7016,850.3218,1167.7432
7017,842.75006,1175.9689
7018,836.27075,1179.2567
7019,822.2638,1150.1138
7020,795.403,1041.321
7021,766.5236,888.25836
7022,754.148,791.5931
7023,762.1728,782.51465
7024,780.56683,811.60645
7025,798.60986,837.9288
7026,808.34515,852.41644
7027,808.5174,858.3242
7028,805.0401,861.30023
7029,801.97186,863.35175
7030,796.6522,862.3205
7031,786.6016,859.07275
7032,776.38275,859.58496
7033,772.45917,866.74084
7034,774.9861,876.7572
7035,779.3306,885.13336
7036,782.12286,890.66595
7037,782.2823,893.8776
7038,780.1712,895.7613
7039,778.6447,898.5098
7040,780.8664,904.011
7041,786.85443,910.558
7042,795.0461,914.1652
7043,804.7544,914.1667
7044,815.13763,913.6536
7045,823.2547,913.4829
7046,825.6439,911.53973
7047,822.8768,907.5925
7048,822.17865,901.5911
7049,831.98364,891.42413
7050,849.18823,879.6079
7051,860.86096,872.9123
7052,861.5216,871.5322
7053,855.1861,869.53955
7054,845.2788,865.10046
7055,833.1461,861.95026
7056,820.9483,862.43463
7057,810.3912,864.1794
7058,796.7847,864.3443
7059,776.2652,864.39636
7060,763.0787,867.9964
7061,770.5997,874.81354
7062,783.59326,881.90656
7063,782.7528,890.3107
7064,772.2938,901.89954
7065,764.86957,914.5631
7066,763.19586,926.25696
7067,763.0649,935.32477
7068,761.513,938.95056
7069,757.9863,936.8428
7070,754.5537,927.8699
7071,756.124,907.98987
7072,763.84436,881.9441
7073,771.22534,863.1433
7074,772.4722,856.3939
7075,769.6671,855.4505
7076,767.9438,854.7341
7077,768.52905,853.0556
7078,770.9129,850.80035
7079,776.6544,848.7729
7080,785.2389,848.2674
7081,792.20026,849.9978
7082,795.4,852.89923
7083,796.35376,854.98004
7084,792.6493,854.4429
7085,778.2774,850.20935
7086,756.46783,843.3379
7087,740.28516,837.8268
7088,738.0675,840.49194
7089,748.17017,856.5141
7090,762.22754,879.4188
7091,771.0444,894.3671
7092,772.7184,896.00055
7093,771.28033,891.34375
7094,770.20624,887.1944
7095,771.408,884.05084
7096,774.5352,879.19073
7097,773.86456,873.94
7098,764.3214,876.82434
7099,754.71265,891.5848
7100,757.7709,907.8803
7101,770.6188,915.66504
7102,784.3972,918.37665
7103,795.5283,924.6592
7104,799.8705,937.43787
7105,795.54254,954.1093
7106,789.50745,972.4248
7107,788.7061,992.1443
7108,789.35767,1011.51135
7109,784.82404,1026.4956
7110,775.3016,1034.5337
7111,763.44403,1036.9132
7112,751.24225,1035.913
7113,743.07715,1032.4894
7114,748.2258,1029.0261
7115,774.4696,1029.2803
7116,812.0214,1033.1608
7117,839.76025,1035.42
7118,852.5037,1031.7535
7119,859.5022,1025.127
7120,864.0501,1022.8586
7121,864.3863,1026.9812
7122,862.0947,1028.5092
7123,859.1801,1009.4597
7124,855.7469,960.079
7125,852.2851,899.9271
7126,845.86566,860.88416
7127,831.5113,850.70184
7128,816.05414,858.2584
7129,810.09656,873.02057
7130,804.1337,880.8301
7131,789.24615,872.24695
7132,799.0373,848.38654
7133,874.7957,806.5942
7134,981.0945,756.0248
7135,1031.597,723.6703
7136,1001.42755,716.19434
7137,938.12573,718.5845
7138,889.5126,726.3521
7139,868.6624,742.01385
7140,861.4985,759.5883
7141,852.9676,772.4168
7142,843.3714,778.33185
7143,841.04333,774.41724
7144,846.5118,761.81354
7145,841.04486,755.7315
7146,804.18286,782.8321
7147,748.04895,851.9332
7148,706.841,927.15063
7149,693.2266,962.8584
7150,692.63116,957.0968
7151,689.8728,939.1776
7152,682.1616,927.9348
7153,675.1069,922.47003
7154,673.82135,916.0221
7155,678.2892,906.97235
7156,687.6879,896.2076
7157,702.9145,881.11884
7158,722.48285,859.03107
7159,742.11163,832.39905
7160,757.15546,813.24786
7161,761.6321,832.1381
7162,755.45886,918.43774
7163,754.0345,1045.9929
7164,770.4725,1143.7583
7165,794.4127,1180.3698
7166,808.90283,1182.3131
7167,812.9367,1178.0116
7168,814.73834,1174.3148
7169,818.04443,1170.2377
7170,822.49805,1166.5793
7171,828.94904,1165.8904
7172,836.8297,1168.5822
7173,840.7574,1174.5112
7174,837.50464,1187.9093
7175,833.0949,1204.8287
7176,834.9361,1187.3352
7177,835.0573,1087.6979
7178,813.7165,933.6934
7179,772.5261,826.12994
7180,739.32416,810.9873
7181,729.50885,838.1162
7182,738.2175,854.6997
7183,759.4144,856.3367
7184,780.3674,855.51935
7185,784.19727,854.7081
7186,774.8861,853.751
7187,774.6243,868.86237
7188,793.7963,922.2123
7189,818.1613,999.1041
7190,825.6399,1058.0066
7191,812.6775,1088.5101
7192,799.14514,1105.3771
7193,804.4855,1111.5044
7194,825.4401,1105.7433
7195,844.5484,1094.7488
7196,852.50085,1085.3293
7197,851.61993,1079.5955
7198,850.39594,1077.8417
7199,859.40173,1082.6318
7200,878.25073,1090.2135
7201,886.40546,1066.1346
7202,859.1583,961.80444
7203,801.16907,798.97894
7204,747.2303,677.76117
7205,716.5139,651.7779
7206,698.64185,679.3218
7207,689.6312,717.4255
7208,700.1272,773.15454
7209,728.08887,848.26056
7210,754.24274,907.90393
7211,765.7511,928.0457
7212,767.0503,922.3028
7213,766.849,912.4682
7214,763.4193,908.3424
7215,747.9086,911.3544
7216,722.6056,917.2922
7217,702.76196,920.1711
7218,696.86847,918.47394
7219,700.7,913.48804
7220,707.7311,905.8909
7221,713.4081,898.30963
7222,718.4524,894.14844
7223,732.12506,893.3827
7224,759.4564,894.9926
7225,788.48834,899.5667
7226,804.0098,907.6127
7227,805.9758,919.1081
7228,802.5878,933.6185
7229,797.3253,950.355
7230,792.95764,969.04767
7231,794.8148,987.9852
7232,803.389,1001.9307
7233,814.0481,1007.2407
7234,824.2901,1008.96893
7235,833.642,1014.47424
7236,837.597,1019.3682
7237,831.0732,1013.4545
7238,818.7049,995.31433
7239,809.6572,969.05817
7240,803.0705,941.1954
7241,789.2746,920.23236
7242,763.8148,907.59485
7243,736.5395,900.04803
7244,724.83905,899.85284
7245,735.54285,911.09973
7246,760.2339,932.5103
7247,787.0244,957.6963
7248,806.99396,977.8861
7249,815.92694,986.9789
7250,815.01184,985.42523
7251,804.54895,976.1324
7252,785.0448,961.5035
7253,769.10187,947.8176
7254,772.4068,942.2828
7255,790.64716,942.1369
7256,808.15247,937.91144
7257,820.0884,927.8622
7258,827.9093,920.1966
7259,829.5099,922.58026
7260,823.6257,933.35925
7261,814.24493,943.34045
7262,807.9191,942.99176
7263,807.11414,927.6529
7264,808.5482,904.4035
7265,809.2445,889.16583
7266,808.5184,889.0874
7267,806.7893,897.2984
7268,809.42126,904.03467
7269,823.3715,904.4064
7270,842.61566,900.3357
7271,850.7666,899.78204
7272,843.4043,909.9992
7273,831.84534,926.50977
7274,826.0113,935.49243
7275,825.33435,932.23346
7276,822.1065,924.62286
7277,809.68555,917.84064
7278,790.7465,911.16693
7279,775.16675,906.6755
7280,770.09247,906.715
7281,776.2844,906.6617
7282,787.28296,902.00824
7283,793.9265,896.4643
7284,795.8479,894.3133
7285,798.0233,894.7235
7286,800.68463,900.0781
7287,802.89905,917.16376
7288,805.26215,942.25977
7289,806.1752,959.2787
7290,803.781,956.6349
7291,802.54364,935.92957
7292,811.08344,911.7081
7293,827.3237,900.32355
7294,837.1995,902.30054
7295,833.5115,909.10504
7296,820.0289,918.9809
7297,799.9521,932.28784
7298,772.3791,945.5031
7299,739.04376,954.89355
7300,720.2564,956.3243
7301,754.64343,950.1427
7302,850.3132,950.243
7303,951.4221,967.4665
7304,996.14044,991.3756
7305,979.08594,1007.27216
7306,935.4312,1014.63885
7307,902.40436,1020.55304
7308,877.0834,1021.71124
7309,810.2008,1006.8731
7310,699.33826,985.4078
7311,625.0203,979.2491
7312,636.48267,986.49567
7313,695.3479,991.79156
7314,749.26855,992.559
7315,782.2893,993.3216
7316,800.74536,995.32434
7317,814.1153,997.37463
7318,827.03986,998.28864
7319,832.2195,995.4819
7320,815.2627,984.33496
7321,784.55194,968.34076
7322,775.8519,964.14343
7323,801.90594,980.4306
7324,834.0991,1002.72516
7325,847.6603,1016.159
7326,844.77545,1026.1208
7327,836.10065,1037.2294
7328,829.33685,1026.2157
7329,831.2014,963.8698
7330,841.7223,867.4719
7331,847.9572,793.6336
7332,837.1446,768.89075
7333,811.7183,770.693
7334,784.4027,775.4441
7335,768.8744,788.92365
7336,772.08234,826.72565
7337,783.89996,877.2922
7338,784.6486,905.56
7339,771.2322,898.6382
7340,767.54517,887.43
7341,795.1819,919.4997
7342,835.69995,1004.4715
7343,855.5161,1088.5488
7344,855.8302,1115.0944
7345,855.10864,1089.665
7346,854.7694,1052.4955
7347,846.6983,1025.3181
7348,825.7409,1000.83923
7349,795.3686,963.15234
7350,770.6937,918.6585
7351,765.9918,894.27966
7352,779.1542,901.09454
7353,795.05286,922.5675
7354,802.2894,937.67596
7355,800.7775,940.28467
7356,793.3642,935.212
7357,783.6211,927.5963
7358,782.6636,922.7463
7359,794.86694,924.6466
7360,805.04407,930.591
7361,801.93317,934.47266
7362,792.42096,934.19226
7363,785.82355,932.8693
7364,787.15814,931.6502
7365,796.52344,925.94525
7366,803.02625,914.75116
7367,794.70447,904.44745
7368,775.51764,898.99567
7369,760.74744,897.22205
7370,763.2991,898.82965
7371,786.4376,903.5008
7372,819.08966,903.7626
7373,845.46277,889.6599
7374,860.8427,866.459
7375,868.99457,851.37524
7376,872.996,850.0152
7377,872.479,856.2879
7378,864.9355,867.0858
7379,849.4625,879.0745
7380,823.8134,885.724
7381,785.7154,886.95776
7382,747.7276,887.4764
7383,730.01495,885.48254
7384,732.99,875.54614
7385,741.7883,860.13837
7386,750.96497,847.58813
7387,764.597,841.8297
7388,782.0963,846.6244
7389,797.5878,869.29736
7390,807.4826,903.6749
7391,811.3589,928.7538
7392,810.4354,935.35657
7393,808.4091,932.2041
7394,809.67957,928.29474
7395,815.63806,926.4649
7396,822.4695,926.78217
7397,819.7468,926.9166
7398,799.1742,922.6442
7399,772.72687,910.1668
7400,763.1397,888.54584
7401,772.7817,866.13885
7402,789.3215,860.81433
7403,808.9341,881.09076
7404,827.4908,911.7641
7405,834.94244,930.026
7406,832.0976,929.02686
7407,828.0729,916.9142
7408,822.67065,904.08014
7409,812.59515,897.0184
7410,807.54425,896.45264
7411,816.87524,899.875
7412,829.9493,904.9814
7413,828.89825,909.4985
7414,808.6366,910.9887
7415,773.7038,907.18695
7416,727.81714,896.7919
7417,680.3005,883.2858
7418,652.4405,875.2745
7419,664.6698,881.07196
7420,712.107,902.00397
7421,754.6564,925.2835
7422,763.20197,934.7759
7423,754.48517,931.2678
7424,748.9285,925.7262
7425,747.5244,922.8684
7426,751.3642,919.9886
7427,760.84485,912.0925
7428,770.702,899.7297
7429,776.5466,892.7861
7430,778.16876,900.11383
7431,779.489,917.64825
7432,787.82764,940.9653
7433,806.27295,976.8392
7434,823.80963,1016.94305
7435,826.58716,1034.1146
7436,817.9912,1023.7347
7437,811.26227,1007.1675
7438,811.11127,998.5598
7439,813.7048,997.1706
7440,812.44604,999.7189
7441,801.1193,1004.845
7442,782.763,1008.65466
7443,770.3146,1006.29504
7444,771.5487,999.48553
7445,781.37933,994.078
7446,790.4566,992.04425
7447,797.40125,991.72266
7448,805.92737,990.2312
7449,804.7523,979.3188
7450,773.8443,949.31854
7451,727.6646,907.3777
7452,713.3805,873.1805
7453,746.9361,853.5405
7454,794.4142,845.09656
7455,822.53345,847.8087
7456,828.29004,858.6295
7457,820.6028,871.0046
7458,805.19666,883.51166
7459,790.84106,896.3973
7460,784.16876,903.60364
7461,778.621,899.11237
7462,768.7651,889.381
7463,761.1883,885.7558
7464,761.89124,886.16187
7465,771.7436,880.8995
7466,789.27765,871.5606
7467,807.1637,866.3341
7468,815.40607,862.96533
7469,810.2209,854.83295
7470,796.6486,850.7947
7471,783.62415,867.2826
7472,775.41235,897.56396
7473,768.6386,913.9018
7474,763.67334,905.1737
7475,771.6289,889.3988
7476,794.2542,885.2281
7477,813.87897,889.9683
7478,819.822,892.62573
7479,818.91327,891.60126
7480,815.5344,890.8291
7481,807.27405,891.3749
7482,796.33984,892.6129
7483,789.47534,894.9591
7484,787.97186,897.9242
7485,780.3448,897.64685
7486,749.71716,889.20795
7487,699.161,874.2496
7488,661.388,863.9759
7489,661.8355,866.62103
7490,684.66766,875.6408
7491,703.44995,880.68353
7492,723.77625,881.8287
7493,761.97095,882.9913
7494,802.71606,883.3954
7495,810.05634,883.5095
7496,781.59094,891.91675
7497,762.38165,917.35486
7498,775.61914,948.32404
7499,785.1344,959.1783
7500,768.22375,950.9729
7501,754.78876,951.0312
7502,768.09607,966.554
7503,795.75726,983.74207
7504,819.6229,999.7452
7505,835.6317,1018.1784
7506,849.46686,1033.5483
7507,863.7665,1041.9957
7508,875.31744,1051.0037
7509,883.07355,1066.2859
7510,887.8911,1081.312
7511,890.0535,1088.2208
7512,892.8994,1088.1261
7513,897.08356,1084.6023
7514,896.96436,1077.2643
7515,894.33734,1065.5067
7516,895.7528,1049.808
7517,885.5933,1024.7297
7518,836.0032,982.6458
7519,759.16016,934.28516
7520,704.84485,904.1072
7521,693.0933,897.26
7522,697.9504,898.71655
7523,697.7989,899.90985
7524,697.93567,901.6151
7525,708.1118,902.9107
7526,726.3588,901.4407
7527,737.91223,895.2895
7528,723.43054,882.99774
7529,688.2277,870.65985
7530,671.1255,872.62067
7531,696.3542,894.14355
7532,740.7376,921.916
7533,772.4613,941.0759
7534,788.42035,950.3074
7535,789.37366,950.31757
7536,759.8309,934.233
7537,704.80554,903.8072
7538,665.3249,877.6498
7539,670.3256,871.7866
7540,703.28925,882.02985
7541,723.66534,889.21594
7542,714.9579,884.37103
7543,703.40735,880.9709
7544,713.8952,892.24097
7545,739.7666,916.4944
7546,770.7014,953.5223
7547,811.0984,1009.92065
7548,858.1237,1073.1144
7549,882.66675,1099.3378
7550,856.87897,1056.5062
7551,793.36115,973.08655
7552,733.3819,912.47064
7553,711.53723,906.4205
7554,731.5984,936.059
7555,754.8689,955.15607
7556,738.25006,932.7955
7557,686.3422,890.28735
7558,642.5118,872.15314
7559,639.1663,891.0714
7560,663.42487,927.53784
7561,684.548,960.3778
7562,703.0026,979.7393
7563,739.24493,985.55914
7564,794.2299,986.89575
7565,846.251,994.8158
7566,874.9492,1008.4904
7567,876.4439,1020.263
7568,860.2127,1030.5277
7569,839.5278,1042.0978
7570,822.2251,1051.5625
7571,803.4898,1052.8403
7572,771.3498,1036.1542
7573,727.18256,995.0262
7574,698.57996,950.26465
7575,728.4061,941.2798
7576,835.37854,978.92053
7577,965.4731,1029.8162
7578,1016.08093,1048.7659
7579,938.2681,1017.5743
7580,790.4626,960.51483
7581,680.90607,918.5496
7582,661.1091,907.7767
7583,687.6053,916.18787
7584,697.0762,927.1249
7585,686.0052,930.5611
7586,690.16693,927.94617
7587,720.72784,927.6373
7588,754.59296,928.70166
7589,765.1396,924.9594
7590,747.52124,919.3866
7591,718.18256,915.85077
7592,693.1423,910.4121
7593,679.7996,902.3623
7594,687.39514,906.40906
7595,722.74274,938.9003
7596,768.94495,985.64655
7597,798.70435,1012.93604
7598,806.5464,1010.65936
7599,799.0621,992.343
7600,779.47736,971.3371
7601,758.0678,957.05286
7602,746.6584,953.73566
7603,739.9676,954.7222
7604,728.56506,951.5198
7605,717.5022,945.662
7606,707.6282,938.6304
7607,690.5087,925.3903
7608,681.1115,910.4578
7609,708.2881,906.6163
7610,764.71765,911.7189
7611,813.1658,910.3583
7612,834.8285,895.618
7613,838.36334,875.6689
7614,834.0471,867.52203
7615,817.60284,880.79425
7616,785.656,901.6881
7617,758.5208,914.98364
7618,759.3181,936.8205
7619,783.2262,991.0168
7620,809.83685,1061.4364
7621,824.2418,1106.2178
7622,824.09186,1113.01
7623,817.8314,1103.5731
7624,813.85895,1096.963
7625,814.5739,1096.3048
7626,817.5486,1096.3224
7627,818.11615,1088.9104
7628,810.3661,1064.0892
7629,785.0772,1013.14746
7630,741.663,944.6534
7631,703.8545,888.3085
7632,694.6842,864.80225
7633,703.74115,867.94934
7634,706.4664,881.8933
7635,693.47614,893.5642
7636,668.1573,893.9532
7637,639.5864,883.9699
7638,620.3894,874.15546
7639,622.78754,877.6713
7640,650.8157,901.9801
7641,692.8355,940.31995
7642,736.4976,980.5465
7643,779.1612,1013.8796
7644,812.0027,1020.9586
7645,824.0476,983.8292
7646,816.24347,925.27954
7647,794.87946,890.36945
7648,764.94293,886.8381
7649,732.0577,888.1062
7650,708.4253,882.5298
7651,705.43176,880.95825
7652,716.3136,888.7609
7653,727.8565,899.66626
7654,739.45105,909.55804
7655,753.68616,918.6826
7656,768.9884,927.4699
7657,783.4837,935.7131
7658,794.14655,941.42114
7659,799.4356,941.8954
7660,801.3619,934.91406
7661,800.88226,918.41534
7662,800.9764,895.4039
7663,810.5923,881.51434
7664,829.06757,902.99994
7665,840.2474,973.3269
7666,836.0887,1063.2737
7667,824.5706,1121.6497
7668,813.751,1134.1549
7669,806.2987,1125.6713
7670,803.27106,1111.8816
7671,805.62103,1086.0596
7672,812.82983,1048.4883
7673,821.61383,1018.3686
7674,828.41003,1008.4183
7675,830.91437,1009.7549
7676,829.4137,1009.7027
7677,826.9688,1007.40857
7678,824.26685,1007.94025
7679,819.9483,1012.4144
7680,814.98047,1017.60785
7681,810.6917,1021.6773
7682,808.1782,1028.7644
7683,810.7217,1044.6697
7684,820.6328,1066.2959
7685,835.7093,1083.5918
7686,849.19214,1088.4727
7687,848.35547,1067.8422
7688,824.0466,1011.10254
7689,788.4309,943.0769
7690,764.8039,904.47644
7691,760.21967,897.105
7692,766.06024,898.8783
7693,773.7384,905.112
7694,777.98004,918.5374
7695,777.032,933.0647
7696,773.79724,944.08923
7697,773.61383,955.39246
7698,779.45825,968.8134
7699,787.7514,979.9446
7700,794.16736,988.8595
7701,801.1391,1002.0073
7702,811.7228,1021.048
7703,822.27594,1038.8801
7704,827.451,1048.66
7705,828.0703,1050.5934
7706,826.58215,1044.878
7707,813.556,1024.1887
7708,776.24854,983.89075
7709,733.4565,938.26355
7710,730.08954,909.17114
7711,775.662,899.4627
7712,828.3355,905.3759
7713,851.39075,937.455
7714,847.2309,991.29535
7715,835.8643,1036.8545
7716,827.62476,1060.4445
7717,821.07715,1070.2186
7718,813.6508,1068.6333
7719,806.2088,1055.4634
7720,801.8402,1038.4458
7721,802.6217,1027.64
7722,806.05634,1029.9913
7723,808.51434,1046.153
7724,813.00946,1065.985
7725,825.11273,1075.0261
7726,840.3183,1069.9944
7727,846.361,1062.7142
7728,841.0921,1070.6533
7729,837.5171,1100.5396
7730,842.761,1133.5654
7731,844.53644,1129.779
7732,830.79956,1063.8004
7733,808.31036,968.414
7734,790.8725,908.23376
7735,782.657,900.6163
7736,776.0449,910.6456
7737,755.08673,908.3751
7738,716.67303,893.18195
7739,689.68567,883.3592
7740,700.207,893.4033
7741,729.5465,914.9629
7742,744.5144,931.2187
7743,749.1845,944.64374
7744,763.66943,964.92114
7745,780.487,984.77783
7746,782.4017,992.021
7747,767.1783,983.3893
7748,742.9744,961.4534
7749,729.88776,937.437
7750,742.74,925.38983
7751,760.156,925.4705
7752,752.20056,932.0826
7753,733.3106,959.3687
7754,741.8744,1028.1066
7755,777.7007,1114.4583
7756,806.3688,1154.3
7757,812.13696,1118.9331
7758,805.20325,1046.7772
7759,797.64655,992.64886
7760,797.0607,976.18494
7761,805.40607,983.43085
7762,816.86444,994.0479
7763,824.17206,997.06506
7764,825.8885,994.27966
7765,824.9623,994.28687
7766,823.4752,1002.0718
7767,821.89795,1014.4399
7768,816.33673,1015.5126
7769,800.3589,983.05225
7770,786.8896,923.0165
7771,795.5183,875.4011
7772,795.57434,866.632
7773,740.6324,891.2921
7774,666.3833,934.55066
7775,653.0811,984.6237
7776,710.6881,1034.4437
7777,780.451,1071.7235
7778,821.69666,1065.7772
7779,843.8987,989.8131
7780,864.0476,871.14545
7781,878.8002,782.5004
7782,882.31146,771.6038
7783,874.8026,832.2379
7784,858.41504,916.7828
7785,837.3795,966.59827
7786,803.2983,965.2606
7787,744.7744,944.66425
7788,690.5997,936.64343
7789,684.5001,945.8586
7790,718.2645,961.9859
7791,750.2673,977.54333
7792,763.1374,989.4054
7793,767.09564,995.7826
7794,776.58856,999.9283
7795,796.8124,1006.87317
7796,817.65753,1012.2082
7797,824.315,1006.92377
7798,817.29834,993.08136
7799,808.032,979.67365
7800,797.8867,967.57544
7801,778.71344,951.3956
7802,755.23474,933.8906
7803,745.3579,925.83167
7804,749.4138,927.90656
7805,750.21796,929.9568
7806,745.9632,930.41077
7807,749.7735,935.8811
7808,764.8974,941.79596
7809,782.1387,934.46216
7810,792.54504,914.863
7811,794.1253,899.26917
7812,791.0166,895.27167
7813,787.8838,896.6224
7814,786.03033,897.15076
7815,785.2254,896.46924
7816,785.34955,896.4457
7817,786.05963,898.1505
7818,786.51624,901.27905
7819,783.95715,904.1051
7820,775.4484,905.0717
7821,764.5307,906.0664
7822,759.69324,910.3795
7823,762.3309,916.9216
7824,761.0083,919.49274
7825,743.81165,912.38995
7826,716.5276,898.5069
7827,694.3442,887.1691
7828,679.0318,882.031
7829,664.0804,879.4419
7830,651.1329,876.4453
7831,650.5353,875.7889
7832,671.91235,884.5612
7833,712.0602,905.527
7834,754.40234,930.82574
7835,782.557,948.0227
7836,793.0006,953.68085
7837,794.8085,962.727
7838,797.6388,999.8556
7839,804.095,1068.4185
7840,811.1546,1134.69
7841,815.0134,1164.6107
7842,815.8102,1161.493
7843,815.6851,1148.9639
7844,813.18964,1139.8777
7845,805.4805,1133.7888
7846,797.2137,1124.6492
7847,798.0942,1101.751
7848,807.64014,1059.4391
7849,815.58215,1014.92816
7850,817.9167,995.73895
7851,818.7434,1006.0875
7852,821.3085,1027.3575
7853,825.5005,1043.8689
7854,829.52563,1051.8717
7855,832.0766,1053.1346
7856,833.3259,1050.7637
7857,834.456,1048.4032
7858,836.5746,1047.5918
7859,839.4108,1047.1615
7860,841.7634,1047.9637
7861,842.29504,1053.1068
7862,840.58124,1061.0945
7863,838.5929,1065.9757
7864,838.2841,1065.151
7865,838.5582,1061.0311
7866,838.0611,1056.1971
7867,836.91907,1048.2509
7868,830.665,1029.0684
7869,809.0883,994.75586
7870,773.0035,957.0374
7871,743.5294,934.9925
7872,737.45306,933.5833
7873,747.02045,940.518
7874,754.2179,942.6051
7875,749.67694,936.6452
7876,740.2478,930.53564
7877,740.9724,935.07196
7878,752.96313,948.9214
7879,762.8498,960.2431
7880,764.5135,963.76654
7881,762.6071,963.64233
7882,760.34534,962.8533
7883,757.16766,958.27734
7884,753.3508,945.66376
7885,750.6091,928.7522
7886,749.98236,917.0357
7887,751.2496,913.7583
7888,753.3212,917.0885
7889,754.98737,927.1144
7890,756.45044,940.45294
7891,759.23517,948.9249
7892,763.65125,949.96106
7893,767.6589,948.41425
7894,769.1161,948.44696
7895,767.3696,949.453
7896,763.73285,948.6389
7897,761.2821,945.0863
7898,760.5356,939.22455
7899,760.74567,932.89343
7900,764.3574,930.81976
7901,767.87305,934.21106
7902,765.0035,940.7433
7903,765.7601,954.2694
7904,779.3542,977.04877
7905,790.0999,998.93115
7906,783.0773,1010.1727
7907,767.50104,1012.26056
7908,760.1919,1011.8783
7909,767.19775,1014.88586
7910,779.0645,1021.0492
7911,776.5496,1016.87244
7912,748.26373,987.0685
7913,711.50183,943.7487
7914,720.7986,918.1558
7915,825.9635,917.4351
7916,988.2181,924.1912
7917,1091.6003,928.1267
7918,1078.5375,929.70026
7919,1005.94525,930.0614
7920,958.4663,930.01135
7921,965.71936,928.7665
7922,977.2233,919.9351
7923,910.0424,898.79645
7924,769.4741,878.02814
7925,665.5185,876.481
7926,662.2687,898.0664
7927,700.7295,946.1049
7928,703.38934,1025.2661
7929,673.95685,1108.6709
7930,660.5202,1154.2037
7931,676.76764,1154.5394
7932,703.0529,1126.2346
7933,734.4428,1076.5757
7934,777.221,1012.73895
7935,804.79425,955.7999
7936,790.6651,930.3192
7937,773.04297,946.44196
7938,789.54944,980.8805
7939,803.08215,985.26105
7940,774.56976,943.7218
7941,729.2985,895.8197
7942,712.2093,885.1685
7943,732.05566,918.3858
7944,760.8814,966.1197
7945,772.3889,992.56305
7946,771.31915,994.3012
7947,778.687,995.1271
7948,798.75415,1006.87976
7949,819.0317,1023.0786
7950,834.0944,1040.8433
7951,842.30176,1056.9717
7952,829.07544,1049.4525
7953,787.7441,1003.1122
7954,749.92,953.9197
7955,754.41565,957.0244
7956,792.5105,1008.6214
7957,823.28644,1041.6614
7958,824.99115,999.9823
7959,804.8992,903.7201
7960,781.7882,822.8323
7961,773.14355,791.563
7962,784.93475,792.2432
7963,805.06085,802.3979
7964,816.823,815.3889
7965,818.77527,830.89
7966,818.1704,846.39636
7967,815.3153,858.2098
7968,808.19196,865.05634
7969,800.86847,868.34247
7970,798.6673,870.80383
7971,802.5489,874.87054
7972,810.7023,879.8225
7973,819.9996,879.152
7974,825.8321,864.04095
7975,826.00073,835.56805
7976,830.6922,816.82935
7977,859.07495,841.0213
7978,905.68463,906.36847
7979,926.3472,963.6312
7980,890.6092,985.9156
7981,829.6766,1006.23016
7982,792.69666,1041.2106
7983,783.7314,1055.816
7984,784.91095,1034.3743
7985,801.0167,997.0809
7986,834.1793,954.4692
7987,846.8216,913.0204
7988,807.3064,890.83105
7989,747.7433,893.6981
7990,721.8681,905.9123
7991,739.8741,913.74945
7992,769.6448,917.45135
7993,776.90936,920.5699
7994,762.5333,924.5223
7995,753.98083,935.7234
7996,764.3016,962.18884
7997,783.4928,994.67395
7998,797.6946,1010.483
7999,798.8024,1002.18256
8000,789.0963,980.4338
8001,781.23267,955.6124
8002,778.8595,933.448
8003,767.2003,915.9026
8004,739.1709,902.5076
8005,708.56976,894.74133
8006,689.8279,892.75024
8007,690.8146,894.24744
8008,714.652,899.52484
8009,743.6942,906.3504
8010,748.90674,908.13477
8011,728.594,904.2752
8012,704.3546,898.5152
8013,697.4039,891.7707
8014,727.8156,886.56146
8015,788.8809,885.5952
8016,838.92664,885.3115
8017,853.9328,883.04584
8018,845.3836,887.56793
8019,828.20966,911.9567
8020,808.96375,952.2514
8021,792.187,984.39606
8022,783.61145,986.9034
8023,786.31433,959.0151
8024,787.0739,922.8133
8025,765.0828,904.6455
8026,731.66766,908.46875
8027,721.1251,919.4215
8028,723.0192,924.22284
8029,698.0287,919.75354
8030,673.4601,921.0388
8031,709.0967,950.571
8032,786.37415,1003.1857
8033,845.6074,1049.1416
8034,873.82196,1071.7711
8035,889.51013,1074.4586
8036,900.099,1067.8148
8037,902.6266,1064.3986
8038,900.2498,1073.5453
8039,899.2109,1095.0015
8040,891.604,1106.2399
8041,851.6256,1063.6782
8042,749.00964,954.1617
8043,582.2372,835.83484
8044,422.06793,778.3688
8045,365.21765,783.03577
8046,420.87415,806.573
8047,509.91638,830.2485
8048,558.55,865.8435
8049,563.12006,914.04254
8050,576.20056,947.14825
8051,631.92206,935.2196
8052,712.77057,881.4072
8053,785.9367,822.4601
8054,842.73645,789.57635
8055,896.282,788.7754
8056,947.7711,815.24854
8057,961.98553,848.88025
8058,899.476,857.1325
8059,788.33954,838.2442
8060,706.1235,823.8495
8061,684.8074,828.0792
8062,699.1617,839.1931
8063,722.066,849.8567
8064,741.26654,862.14374
8065,752.18445,878.15186
8066,765.13995,899.88165
8067,799.47705,928.853
8068,860.3186,962.22546
8069,930.26135,991.8013
8070,976.2817,1006.3947
8071,973.1673,997.52026
8072,924.857,959.9741
8073,848.0255,887.99054
8074,765.82916,790.7953
8075,726.2974,701.57056
8076,764.3309,645.5392
8077,843.29254,620.2643
8078,889.7835,610.0254
8079,875.8648,594.3229
8080,828.5117,560.4664
8081,785.5524,531.29297
8082,770.9232,568.4078
8083,785.3591,710.6221
8084,808.76605,897.7592
8085,824.21906,1019.3168
8086,833.83624,1049.147
8087,844.3076,1049.0425
8088,852.7056,1059.5945
8089,856.93243,1071.8961
8090,860.53735,1075.0204
8091,862.36865,1072.0978
8092,860.3934,1067.8309
8093,858.4677,1065.0697
8094,856.03217,1068.4667
8095,840.3378,1084.143
8096,798.21655,1106.7366
8097,752.05133,1100.4807
8098,786.58295,1021.452
8099,961.46375,890.34937
8100,1167.3586,791.9109
8101,1215.2139,762.95984
8102,1084.5646,760.0351
8103,915.51385,752.0755
8104,810.028,754.87695
8105,775.41315,779.9193
8106,781.5299,812.33417
8107,797.8803,835.3665
8108,806.6423,853.1143
8109,803.71344,887.46576
8110,796.1732,948.4022
8111,793.54694,1008.4783
8112,793.84686,1032.4789
8113,790.3079,1024.8467
8114,786.31396,1012.5347
8115,787.596,1004.70294
8116,791.8063,996.1783
8117,793.4715,984.6041
8118,789.03204,971.50385
8119,779.91547,959.97577
8120,774.4406,954.435
8121,779.2579,956.9733
8122,790.89355,964.8411
8123,800.925,973.99554
8124,804.79266,981.43384
8125,803.62665,984.8452
8126,800.73236,985.3016
8127,797.91,986.61005
8128,795.154,989.25385
8129,792.448,990.8817
8130,790.38336,991.4244
8131,789.7681,991.86505
8132,790.0734,989.9149
8133,786.79626,985.10504
8134,776.53046,987.93854
8135,765.29315,1007.12
8136,761.3215,1033.4021
8137,763.3645,1055.338
8138,765.7337,1073.9362
8139,767.6924,1088.9448
8140,771.81384,1084.4564
8141,778.40576,1044.7933
8142,781.7939,990.57214
8143,775.61536,963.0041
8144,766.00946,962.7452
8145,763.95325,958.46576
8146,766.1822,945.1405
8147,763.3582,947.78204
8148,755.9378,985.7392
8149,751.15643,1041.3568
8150,757.3923,1059.2981
8151,779.5238,1001.4406
8152,807.93976,901.44696
8153,823.4357,829.2636
8154,820.88916,810.697
8155,813.1371,822.23413
8156,813.6099,837.9817
8157,825.5266,847.50604
8158,839.7449,851.90643
8159,844.60254,858.20154
8160,841.97003,870.4906
8161,842.1992,884.00037
8162,850.5392,889.33844
8163,866.69104,887.64276
8164,877.3919,909.0998
8165,860.1981,990.99475
8166,819.63666,1108.1556
8167,786.59674,1182.4623
8168,775.72015,1185.4702
8169,781.16614,1157.6989
8170,795.407,1133.4492
8171,821.3746,1097.6569
8172,880.3625,1019.2384
8173,974.5663,919.9718
8174,1050.2577,861.57886
8175,1056.9475,860.01025
8176,1019.4614,879.8771
8177,994.3834,895.5717
8178,983.50586,907.6146
8179,942.3869,919.88855
8180,871.48016,926.24
8181,863.2321,912.5959
8182,996.35095,869.77765
8183,1181.9495,813.82825
8184,1249.2728,776.9384
8185,1171.944,769.6326
8186,1053.7621,779.3958
8187,967.8494,798.23926
8188,911.7336,829.1344
8189,855.0256,874.46246
8190,799.517,921.2756
8191,774.86774,946.81934
8192,782.63794,948.99164
8193,798.6925,953.6434
8194,812.5072,983.01917
8195,825.10004,1029.7704
8196,832.89294,1069.6655
8197,831.294,1088.3044
8198,817.5516,1076.5118
8199,797.9556,1028.1909
8200,795.68396,973.433
8201,820.5445,955.70685
8202,846.21497,960.73553
8203,849.57886,944.4625
8204,839.10376,916.807
8205,828.7866,923.71686
8206,818.046,966.5315
8207,802.9691,994.3863
8208,789.71814,970.2734
8209,789.10706,916.34875
8210,795.57996,882.18286
8211,791.6235,884.61444
8212,783.694,909.4997
8213,795.77203,948.6512
8214,829.9566,1000.33856
8215,866.58246,1052.2297
8216,888.26715,1087.7833
8217,893.66864,1102.7657
8218,891.0371,1091.5378
8219,884.0785,1034.3265
8220,873.46783,939.48987
8221,861.096,862.85315
8222,849.11096,841.0367
8223,832.71436,855.00684
8224,801.9047,887.68524
8225,770.2376,953.52936
8226,767.57886,1045.0349
8227,794.42,1116.6873
8228,825.68066,1142.5967
8229,844.8037,1137.5282
8230,851.7699,1124.1642
8231,855.6714,1115.1433
8232,868.65137,1119.8004
8233,895.52655,1143.514
8234,914.64954,1165.1456
8235,884.3518,1128.2346
8236,788.85443,996.7708
8237,646.1279,824.64844
8238,482.07245,714.2789
8239,356.07745,705.368
8240,330.75284,758.2321
8241,379.96344,822.2082
8242,437.7746,871.77203
8243,491.03256,899.9828
8244,549.6351,908.9534
8245,604.92,904.6271
8246,646.2947,897.0508
8247,679.02057,904.806
8248,717.6055,943.05804
8249,766.1905,997.71246
8250,810.54004,1036.368
8251,837.07025,1048.8229
8252,848.2759,1049.3081
8253,852.82965,1049.9998
8254,856.10645,1052.4619
8255,860.93274,1053.1018
8256,866.99554,1048.9967
8257,871.4704,1041.977
8258,872.55194,1036.9559
8259,869.9696,1035.9473
8260,863.6817,1036.0903
8261,854.674,1033.1885
8262,845.7588,1026.9231
8263,839.9676,1025.8524
8264,837.97186,1041.1725
8265,836.7135,1068.49
8266,832.422,1089.8468
8267,825.42456,1094.6189
8268,817.6357,1077.7676
8269,809.3092,1038.2056
8270,804.5015,999.29004
8271,809.87604,990.32587
8272,823.9063,1006.25543
8273,837.4858,1023.8131
8274,844.84015,1034.0983
8275,846.83545,1039.292
8276,845.2845,1041.4554
8277,841.259,1041.6947
8278,839.64954,1042.5654
8279,846.9137,1048.4229
8280,861.4461,1060.8755
8281,872.913,1074.5111
8282,872.89484,1082.1915
8283,861.9761,1082.8422
8284,848.20374,1079.6946
8285,840.58765,1075.2972
8286,840.6134,1070.2
8287,839.7507,1061.0435
8288,830.41296,1041.7332
8289,819.1609,1014.2847
8290,818.02075,992.4532
8291,825.6357,986.9159
8292,830.4936,994.16895
8293,823.603,1000.7278
8294,805.0753,996.5091
8295,789.45776,987.259
8296,790.56915,984.4156
8297,800.3455,986.49756
8298,804.3434,986.23834
8299,804.4784,984.46844
8300,808.4901,985.0971
8301,814.01447,987.473
8302,817.0436,990.64514
8303,822.11383,997.4692
8304,831.55597,1007.93585
8305,838.7451,1015.5111
8306,839.101,1016.36017
8307,834.69543,1017.44434
8308,828.89386,1028.9156
8309,823.92285,1048.3721
8310,820.8693,1064.7719
8311,820.17957,1076.0374
8312,821.54034,1084.5552
8313,823.37823,1084.2798
8314,823.7141,1064.4807
8315,819.5033,1024.4082
8316,809.07465,987.6408
8317,800.2543,983.6208
8318,806.9643,1012.2779
8319,832.0684,1051.6866
8320,855.8321,1081.9587
8321,846.9728,1082.482
8322,799.5923,1035.0876
8323,723.62823,953.90295
8324,607.2808,888.6087
8325,488.55936,868.88324
8326,464.86426,874.00195
8327,541.6408,874.6638
8328,632.359,865.63715
8329,689.52655,856.3215
8330,716.11487,856.78394
8331,721.06476,869.94666
8332,716.65356,891.8009
8333,717.9248,917.2399
8334,715.8432,946.5112
8335,684.832,982.1413
8336,644.80865,1008.68726
8337,650.4315,1001.6679
8338,704.0649,966.9261
8339,755.80695,930.2418
8340,774.49365,899.9615
8341,765.7318,875.56714
8342,749.0374,863.8159
8343,748.3502,864.59
8344,797.3933,863.44037
8345,913.172,848.4488
8346,1035.449,826.349
8347,1074.3694,813.4237
8348,1042.6831,811.821
8349,1028.8619,807.64136
8350,1055.1995,795.7999
8351,1045.2166,802.5603
8352,930.8707,860.80475
8353,770.2447,947.1919
8354,686.1745,998.838
8355,698.70984,1001.92993
8356,732.0693,991.93805
8357,742.7532,987.52814
8358,744.378,981.872
8359,755.5461,972.0959
8360,776.4318,966.7657
8361,796.29047,973.3594
8362,808.7733,989.46857
8363,817.33307,1005.86487
8364,825.4242,1013.26276
8365,832.1993,1007.23047
8366,838.1308,993.3198
8367,844.64966,984.1747
8368,849.9775,987.2106
8369,851.47076,1001.34
8370,848.2729,1022.9148
8371,844.04803,1040.3187
8372,861.07324,1022.38025
8373,921.78564,947.76263
8374,987.6651,856.28796
8375,989.0285,812.2231
8376,921.84515,823.5944
8377,834.3027,854.49896
8378,770.56866,872.89435
8379,761.2894,862.2001
8380,792.871,832.99994
8381,795.42255,821.7472
8382,723.42163,862.3408
8383,636.63214,950.7272
8384,628.588,1032.527
8385,694.78625,1055.4203
8386,761.56384,1028.0632
8387,791.759,997.1433
8388,793.53754,992.2481
8389,785.5299,1008.3643
8390,781.7136,1024.3491
8391,782.1985,1032.8827
8392,778.2559,1043.059
8393,774.7154,1052.1108
8394,803.6769,1028.9634
8395,890.5377,951.82806
8396,992.63116,862.0159
8397,1030.6296,820.93207
8398,991.81903,825.6046
8399,930.6734,835.94794
8400,894.2001,841.8987
8401,895.2163,853.47253
8402,905.2423,863.837
8403,861.9045,847.8894
8404,732.62897,798.40466
8405,566.1113,750.2421
8406,456.90417,743.7371
8407,452.5851,781.36115
8408,514.359,835.7304
8409,582.22797,877.54474
8410,631.84564,894.61554
8411,664.56,895.8209
8412,689.9182,897.02167
8413,719.72534,908.52826
8414,758.5306,934.8034
8415,795.05634,974.04877
8416,816.4974,1016.3141
8417,827.18695,1048.4725
8418,837.20123,1063.7208
8419,846.60315,1065.2491
8420,852.5757,1059.7723
8421,857.1177,1052.1279
8422,861.5063,1045.9943
8423,863.7678,1042.9645
8424,862.86066,1041.946
8425,859.46045,1041.7596
8426,854.9101,1042.059
8427,851.34546,1042.7198
8428,849.2091,1044.2351
8429,844.0914,1047.1655
8430,830.1322,1050.4404
8431,808.2812,1052.2601
8432,786.8666,1052.9451
8433,773.35925,1054.1056
8434,770.5817,1054.4113
8435,778.3549,1049.8568
8436,793.905,1040.0181
8437,813.0345,1030.2076
8438,831.4053,1025.4141
8439,844.97565,1025.2509
8440,852.4893,1026.0138
8441,855.8882,1025.5594
8442,857.5298,1024.6238
8443,858.973,1023.65656
8444,860.3665,1020.7392
8445,860.52484,1014.64954
8446,859.5825,1008.2878
8447,856.22284,1003.6727
8448,835.14905,991.32556
8449,778.1347,958.0062
8450,705.2697,912.68585
8451,664.3964,881.98834
8452,665.91656,874.9787
8453,675.63983,877.4301
8454,669.98303,877.0031
8455,657.5348,873.9443
8456,651.9617,871.7536
8457,655.92725,871.61285
8458,664.9845,873.4187
8459,667.15955,873.7133
8460,654.14703,868.02954
8461,637.57605,860.2116
8462,642.4809,867.08527
8463,684.54407,904.8408
8464,745.81555,960.9423
8465,784.7484,999.76086
8466,785.816,1006.89056
8467,774.06525,1000.2702
8468,774.5195,998.3889
8469,783.7009,1001.54535
8470,790.51886,1005.59076
8471,801.37726,1018.8844
8472,818.55774,1048.4543
8473,823.14404,1074.908
8474,813.58765,1059.1527
8475,825.33356,979.6058
8476,896.40674,866.6959
8477,1030.7476,787.7553
8478,1159.3257,778.2074
8479,1181.5583,810.7427
8480,1099.0813,846.44324
8481,1002.94226,876.08856
8482,931.62897,900.38354
8483,860.66327,909.6106
8484,791.73254,899.15533
8485,753.32086,887.3531
8486,735.17834,908.1318
8487,698.4657,976.9383
8488,646.55597,1058.4614
8489,623.5814,1099.7147
8490,650.1183,1089.8375
8491,705.421,1052.8733
8492,757.2262,1013.63116
8493,787.2827,986.2563
8494,797.0422,971.3465
8495,797.1492,962.81573
8496,796.37476,955.4375
8497,797.18524,946.1207
8498,796.2589,935.68976
8499,790.98486,928.13293
8500,786.15753,927.18823
8501,788.31885,933.49426
8502,795.26624,943.919
8503,798.1429,955.49207
8504,789.64404,969.2875
8505,772.0804,982.09576
8506,773.6492,969.307
8507,836.8905,906.38763
8508,948.86926,824.7361
8509,1031.2739,785.06494
8510,1043.6226,790.79486
8511,1006.2798,802.94885
8512,918.45276,818.7489
8513,781.9839,866.0587
8514,670.34064,933.3795
8515,650.8889,971.9789
8516,697.3431,968.2213
8517,747.71765,949.8579
8518,776.91125,936.25714
8519,791.2822,927.77606
8520,802.12103,921.8541
8521,810.75604,918.25507
8522,810.8464,917.01965
8523,803.594,919.0684
8524,798.49365,925.818
8525,795.09235,932.8382
8526,783.2048,931.1809
8527,769.0677,920.06525
8528,772.1151,907.6117
8529,786.1466,900.3522
8530,784.77466,904.80817
8531,773.23096,924.28625
8532,772.8516,932.9526
8533,747.4175,893.46655
8534,646.8358,828.7758
8535,527.5588,803.97626
8536,493.48987,829.1157
8537,545.5208,860.63043
8538,612.7967,872.10455
8539,662.1717,869.38464
8540,701.49255,867.0843
8541,736.60474,874.4073
8542,762.52594,891.8852
8543,777.3691,913.04877
8544,785.57654,930.8147
8545,787.54034,941.7422
8546,773.8381,941.56287
8547,739.9669,927.95966
8548,710.9775,915.30853
8549,719.86444,924.14044
8550,756.674,950.2473
8551,786.1106,972.4632
8552,798.13055,982.5886
8553,800.1607,984.0369
8554,788.8773,976.4534
8555,758.07513,957.9039
8556,721.92566,935.983
8557,700.9521,921.54706
8558,694.0674,914.9848
8559,690.5578,910.85754
8560,685.99945,906.1262
8561,679.165,900.65784
8562,670.3656,895.9571
8563,662.57733,892.5662
8564,661.0683,889.8804
8565,662.709,886.4145
8566,654.65356,880.3967
8567,636.6939,873.27527
8568,625.1684,868.73535
8569,628.01544,867.3505
8570,638.6752,867.19244
8571,652.8892,868.4732
8572,670.1577,872.3124
8573,687.4639,877.7424
8574,703.80707,883.1193
8575,718.2791,886.89355
8576,723.2476,887.0085
8577,714.1888,883.1724
8578,702.50903,879.2194
8579,703.03064,879.40625
8580,716.3907,883.26117
8581,736.673,887.5978
8582,760.87555,890.7516
8583,777.3018,891.355
8584,764.5103,886.0641
8585,725.7172,875.0604
8586,697.7547,866.2276
8587,696.1002,864.1688
8588,695.05664,863.89105
8589,681.3061,862.9623
8590,674.88586,867.0918
8591,692.85254,881.1419
8592,713.36346,899.57007
8593,687.0075,910.1804
8594,613.0407,916.75006
8595,556.63885,938.94653
8596,556.5692,979.02936
8597,595.8009,1019.9214
8598,659.42926,1053.3336
8599,743.1739,1078.6062
8600,806.18616,1074.4963
8601,784.0051,1007.8033
8602,672.31555,900.8422
8603,536.0885,834.0219
8604,452.21796,836.48566
8605,462.81006,857.3148
8606,533.704,858.32153
8607,599.20636,846.6885
8608,644.5293,834.5994
8609,683.78656,827.2061
8610,708.18335,830.16644
8611,708.1554,841.5481
8612,700.602,850.2781
8613,700.75354,852.4225
8614,708.86774,855.05194
8615,725.6111,864.139
8616,746.1254,880.3053
8617,761.1238,898.8303
8618,774.24023,908.56506
8619,794.43207,903.0247
8620,818.88214,891.4893
8621,838.3228,886.8861
8622,848.0395,889.10596
8623,848.6664,890.23474
8624,844.9419,888.51495
8625,843.21515,889.32715
8626,844.27905,896.9947
8627,842.37524,907.3677
8628,841.9116,902.11786
8629,871.813,862.4076
8630,950.1953,804.65936
8631,1033.3562,773.0128
8632,1057.2928,782.1145
8633,1013.8119,808.22217
8634,934.09247,831.5707
8635,846.28906,855.31866
8636,774.4315,894.01624
8637,734.8995,948.1614
8638,723.2392,994.23834
8639,718.91876,1014.6479
8640,708.5442,1017.24506
8641,695.3779,1013.3515
8642,683.577,995.7347
8643,671.82764,945.16064
8644,660.8744,864.0194
8645,635.7012,792.41547
8646,569.09094,764.9562
8647,474.12534,774.4412
8648,398.88773,796.6173
8649,381.2714,815.3254
8650,432.50885,822.6362
8651,522.8643,822.5893
8652,606.25586,825.9288
8653,664.09656,835.3462
8654,702.6398,845.0885
8655,736.93884,849.443
8656,779.2033,848.033
8657,823.3456,847.4793
8658,848.79395,856.0561
8659,844.8928,873.3103
8660,823.2168,888.0222
8661,804.9653,890.16547
8662,795.3334,886.24664
8663,778.2399,901.82446
8664,753.6204,956.7705
8665,748.15063,1031.7307
8666,768.71967,1083.9099
8667,793.1844,1100.5631
8668,806.7734,1103.9645
8669,808.2771,1112.0736
8670,799.13306,1124.8188
8671,789.7593,1135.1476
8672,794.87024,1137.7025
8673,811.9267,1135.1902
8674,823.8781,1136.6991
8675,822.9333,1147.066
8676,817.652,1161.5653
8677,815.6234,1171.0479
8678,803.2724,1164.5177
8679,761.5355,1130.2196
8680,721.41644,1062.7134
8681,772.36096,961.4149
8682,953.7785,848.9168
8683,1160.6193,783.9045
8684,1244.3315,789.203
8685,1187.2898,816.17316
8686,1086.5732,828.4671
8687,1002.48694,838.6288
8688,925.90436,859.67426
8689,856.2945,886.85834
8690,809.4615,911.4311
8691,780.14325,927.9075
8692,757.9599,937.4895
8693,745.9213,943.4053
8694,745.2533,943.9629
8695,748.4,935.7301
8696,750.05426,919.07245
8697,756.1217,899.45276
8698,779.9138,883.9325
8699,827.2033,873.9437
8700,884.5241,862.9494
8701,921.9983,845.7771
8702,899.1331,830.13434
8703,794.0005,834.2526
8704,662.5255,869.05316
8705,604.7547,916.91437
8706,644.5495,945.00366
8707,721.08594,947.7952
8708,777.08575,946.5616
8709,797.362,956.4952
8710,795.50806,975.9831
8711,790.9156,992.4413
8712,791.8642,995.61035
8713,794.27594,987.42694
8714,792.1653,976.8271
8715,785.55634,970.738
8716,778.81464,970.1192
8717,775.97595,971.5214
8718,777.866,971.4045
8719,780.6774,967.8988
8720,775.3265,959.064
8721,754.83936,943.2246
8722,730.2659,924.57916
8723,723.9624,912.7067
8724,738.9481,911.4085
8725,756.1824,914.7659
8726,762.10944,915.8974
8727,759.2818,913.52344
8728,755.3275,910.21375
8729,754.8629,908.88135
8730,758.7005,910.9599
8731,764.5634,914.72095
8732,769.78894,916.825
8733,774.0734,916.49347
8734,778.1793,914.8416
8735,781.5138,912.055
8736,782.764,908.3276
8737,783.50226,904.5353
8738,789.0047,901.11633
8739,801.22394,898.4361
8740,814.10626,896.605
8741,820.60284,894.28314
8742,820.87225,890.95245
8743,819.7151,889.54913
8744,816.1601,891.6925
8745,803.49194,892.3087
8746,784.4446,887.6655
8747,772.70404,884.6808
8748,774.63385,890.4577
8749,782.7298,900.1554
8750,787.97253,905.5885
8751,789.2513,906.2459
8752,789.21185,905.8453
8753,788.293,905.85913
8754,786.1319,905.8603
8755,783.7953,905.95233
8756,783.5092,906.70996
8757,786.97235,908.3633
8758,792.4715,910.2931
8759,796.36163,911.2862
8760,798.1463,911.37085
8761,799.05695,911.69086
8762,797.44794,911.2155
8763,791.85535,907.3248
8764,785.3138,900.8343
8765,779.7836,895.0778
8766,773.0282,891.25977
8767,767.838,890.64465
8768,770.4609,895.212
8769,778.6437,902.4972
8770,785.5772,908.5644
8771,786.2641,913.7737
8772,774.43787,916.3991
8773,752.2784,907.8688
8774,740.236,886.0546
8775,752.2966,865.09247
8776,774.12604,859.47504
8777,785.8759,869.17
8778,780.49176,885.2711
8779,756.20465,896.7004
8780,722.0992,898.344
8781,701.1274,898.3686
8782,713.53754,908.90204
8783,759.9607,932.3248
8784,805.6863,952.81
8785,802.20776,947.0301
8786,747.32825,916.69336
8787,688.45636,889.4695
8788,665.9361,881.5912
8789,685.4572,887.27277
8790,720.26874,897.8434
8791,723.81213,913.57855
8792,682.77374,944.24146
8793,644.5721,988.9579
8794,653.89844,1026.6715
8795,706.50494,1044.1207
8796,768.3194,1040.9161
8797,797.3508,1013.8293
8798,770.262,963.51465
8799,689.57086,894.40735
8800,566.8108,822.2061
8801,443.7514,788.41077
8802,395.26648,807.68427
8803,448.1042,832.514
8804,544.4126,828.3039
8805,625.47186,813.1585
8806,688.4643,804.6095
8807,749.29944,798.5755
8808,797.20825,798.4164
8809,803.5953,818.21344
8810,775.9835,854.8646
8811,755.52954,891.6536
8812,753.4927,927.1613
8813,755.14685,964.7795
8814,759.93756,994.07983
8815,768.80225,1008.7171
8816,772.8313,1015.6085
8817,771.48975,1020.9572
8818,774.02386,1025.8937
8819,781.6916,1031.4656
8820,783.509,1039.2373
8821,772.8145,1046.0753
8822,768.709,1038.5939
8823,813.6691,1002.79895
8824,916.5329,949.49316
8825,1005.04626,911.11163
8826,999.40674,901.81323
8827,918.99475,909.2429
8828,843.6511,920.9483
8829,798.5213,926.8119
8830,752.0385,916.78284
8831,700.1896,895.38354
8832,685.7819,871.7319
8833,736.646,843.549
8834,817.8244,817.3509
8835,875.13446,813.9142
8836,899.9774,836.0339
8837,900.79297,860.8906
8838,873.92035,866.5587
8839,836.08765,850.9094
8840,818.7633,833.71747
8841,831.967,849.0619
8842,852.32697,915.55383
8843,849.8787,999.3574
8844,836.2621,1041.4692
8845,834.0817,1028.197
8846,826.3317,996.77423
8847,807.97424,988.0405
8848,800.629,1012.68353
8849,795.8451,1050.1676
8850,770.4556,1078.6503
8851,739.6804,1086.224
8852,767.17004,1055.496
8853,891.4771,984.204
8854,1026.2065,913.90735
8855,1036.7168,886.16144
8856,916.2028,889.79517
8857,778.062,893.64105
8858,711.6105,892.24976
8859,713.332,893.28894
8860,733.7713,898.19366
8861,744.69965,904.30066
8862,746.6659,907.5701
8863,748.4413,905.3613
8864,765.7957,900.1413
8865,813.2942,895.07556
8866,875.8689,888.2644
8867,915.57947,879.298
8868,913.05566,876.01025
8869,872.6423,885.6796
8870,814.3848,912.5473
8871,781.93805,964.1641
8872,800.3309,1033.6453
8873,834.6501,1091.346
8874,841.3004,1119.4653
8875,820.42084,1127.8328
8876,797.82605,1129.1958
8877,788.95404,1125.2654
8878,788.3393,1115.5842
8879,788.73004,1104.437
8880,794.80133,1097.5168
8881,810.3315,1098.0626
8882,827.66364,1106.101
8883,837.4388,1119.0769
8884,837.98517,1133.0957
8885,830.49567,1143.0533
8886,818.3882,1143.9022
8887,810.53125,1133.8068
8888,812.3853,1116.3456
8889,821.87604,1098.8363
8890,836.3083,1085.6815
8891,852.4675,1074.5562
8892,865.3602,1065.2698
8893,873.04736,1066.3063
8894,878.7503,1079.6481
8895,887.7534,1093.5251
8896,900.3677,1099.6748
8897,908.6392,1097.2944
8898,908.75964,1083.9336
8899,911.09314,1062.4519
8900,922.90735,1049.3298
8901,934.55237,1058.756
8902,936.92303,1083.4008
8903,934.0587,1105.6042
8904,932.0367,1118.9524
8905,930.3674,1127.5658
8906,925.8,1135.8972
8907,916.6521,1147.294
8908,902.92596,1160.5189
8909,888.89453,1168.0278
8910,884.2672,1169.6449
8911,890.90314,1167.2157
8912,889.6339,1139.2546
8913,860.0429,1066.581
8914,813.2572,981.0105
8915,778.7973,932.64294
8916,767.15985,924.81384
8917,771.41394,926.6326
8918,786.07513,919.74756
8919,802.6658,905.76227
8920,807.5704,892.8018
8921,800.69037,887.77966
8922,796.0518,890.973
8923,800.539,892.60626
8924,810.2674,881.63715
8925,818.5974,861.49994
8926,820.8727,846.734
8927,818.8274,843.04315
8928,817.8181,844.2291
8929,820.058,845.181
8930,821.43024,846.91266
8931,815.3064,851.8658
8932,803.62213,858.9942
8933,798.3629,866.63055
8934,806.17413,877.42487
8935,817.8416,892.0743
8936,820.2009,903.01074
8937,808.73114,902.2358
8938,784.8597,891.5939
8939,765.15436,881.517
8940,776.5475,879.2858
8941,815.34595,881.93506
8942,848.38275,883.3404
8943,856.2095,882.9584
8944,841.51263,884.2944
8945,816.8047,888.3911
8946,799.9932,893.8091
8947,802.5807,900.43555
8948,817.99457,907.3609
8949,832.60974,912.3879
8950,844.9953,916.21014
8951,860.7493,920.0412
8952,874.55707,921.71484
8953,873.08746,919.0851
8954,847.365,911.784
8955,797.2046,899.1669
8956,740.733,883.9457
8957,706.4036,873.28754
8958,701.1562,870.40375
8959,710.63824,872.08685
8960,724.3499,874.5491
8961,737.1763,876.22766
8962,737.692,876.67206
8963,713.1236,874.85516
8964,672.24335,871.6076
8965,653.7388,876.3026
8966,688.9191,903.2009
8967,756.7318,952.92615
8968,807.20074,1006.9201
8969,821.90564,1046.7262
8970,817.4098,1068.2897
8971,810.2526,1077.4617
8972,805.7314,1080.6194
8973,805.73065,1079.104
8974,811.26404,1071.8618
8975,817.60583,1061.3289
8976,817.6425,1051.3132
8977,813.95874,1040.786
8978,811.24786,1022.9032
8979,801.1328,995.08765
8980,782.95276,971.63135
8981,775.3675,969.9445
8982,783.39996,983.94244
8983,792.43976,993.9082
8984,795.3066,994.8365
8985,796.3539,995.0216
8986,800.21075,998.8961
8987,805.2606,1004.0298
8988,805.50446,1009.93335
8989,800.4064,1021.6143
8990,797.5847,1039.7307
8991,804.13336,1056.618
8992,817.92084,1068.2343
8993,827.1278,1075.694
8994,819.8625,1070.9474
8995,806.678,1038.7444
8996,830.7638,983.0677
8997,914.064,936.4743
8998,997.34796,920.4603
8999,986.72455,909.7372
9000,842.60626,871.8979
9001,610.4416,826.88354
9002,414.46902,818.7416
9003,370.63074,846.9655
9004,461.80847,875.38916
9005,581.4648,884.8729
9006,667.3985,879.94104
9007,715.89154,870.7931
9008,729.1382,873.84204
9009,707.89935,904.4804
9010,678.2401,949.7418
9011,676.3145,978.0435
9012,700.8642,984.34125
9013,726.1469,986.04517
9014,744.18604,986.2623
9015,756.7043,981.7209
9016,753.4144,984.774
9017,729.72687,1003.36884
9018,719.7965,1008.35315
9019,767.3042,959.1537
9020,845.81726,872.21893
9021,892.4391,808.9865
9022,914.8464,796.52435
9023,947.88837,814.53906
9024,975.22516,833.5649
9025,967.3361,840.5084
9026,893.40625,851.8192
9027,738.9485,893.7382
9028,589.7101,953.6727
9029,566.34125,983.5278
9030,658.1141,967.2712
9031,756.1812,936.413
9032,802.5559,917.3779
9033,813.62445,911.5819
9034,819.8116,915.4114
9035,836.4064,928.47363
9036,862.80164,942.9546
9037,867.9723,934.0974
9038,786.5693,883.2105
9039,601.2355,818.45825
9040,425.05096,790.93494
9041,388.77072,808.1444
9042,474.6579,838.9908
9043,575.3332,863.0385
9044,638.9931,879.3925
9045,678.5365,892.19116
9046,709.52637,906.49164
9047,720.01227,932.4085
9048,694.52985,975.19635
9049,660.9469,1009.40204
9050,673.6793,999.70337
9051,739.2506,963.71875
9052,807.6967,955.8245
9053,841.57526,986.8545
9054,846.85364,1018.3326
9055,841.90594,1021.52356
9056,833.3727,1003.97076
9057,819.8434,986.2918
9058,806.43665,976.9852
9059,807.4066,976.30164
9060,822.5939,981.62286
9061,833.0628,983.6387
9062,827.01794,972.46893
9063,805.2136,945.1386
9064,772.7857,906.44666
9065,737.16223,867.3029
9066,705.0389,839.6326
9067,680.43964,827.7276
9068,664.4102,825.2839
9069,658.2521,824.72473
9070,664.0968,824.2523
9071,678.32904,823.7576
9072,692.197,821.1692
9073,700.8993,816.1177
9074,706.9401,812.98413
9075,715.2281,814.37067
9076,726.0761,816.91766
9077,738.7262,821.89935
9078,759.3118,837.4315
9079,788.25977,861.4543
9080,808.77234,879.6708
9081,806.5343,885.00586
9082,790.56213,883.83234
9083,781.3751,881.1508
9084,785.46985,872.7818
9085,793.4128,859.4641
9086,798.2747,854.1697
9087,803.1112,864.22375
9088,809.86456,880.38043
9089,813.30133,890.32544
9090,811.1621,892.7469
9091,808.92975,894.2812
9092,812.21484,899.3075
9093,819.5633,906.15674
9094,817.1322,906.31036
9095,790.22705,889.4835
9096,750.3712,859.5196
9097,724.30676,834.9873
9098,717.5108,827.64905
9099,718.4247,834.0915
9100,719.5112,844.4921
9101,718.3684,850.00244
9102,715.8871,848.52325
9103,714.7798,844.732
9104,715.35114,843.11597
9105,715.7576,843.9883
9106,715.04816,845.31024
9107,713.1056,846.0671
9108,709.7489,846.7722
9109,705.80206,847.72864
9110,702.95746,848.88885
9111,701.3571,850.2315
9112,699.3145,851.30994
9113,697.4196,851.9375
9114,699.2282,852.6059
9115,706.19965,854.10736
9116,720.5426,860.3256
9117,747.05585,877.0435
9118,776.8671,900.71594
9119,789.332,918.95935
9120,784.1428,929.0069
9121,781.976,940.8118
9122,785.8284,955.3016
9123,768.6699,957.541
9124,717.8577,946.33093
9125,672.3905,945.64636
9126,675.8953,965.4712
9127,716.5822,982.3385
9128,754.6499,974.2324
9129,773.8408,945.02954
9130,769.3047,901.2791
9131,705.1258,841.4198
9132,556.2972,791.422
9133,410.56,792.70215
9134,393.1484,837.1898
9135,485.7893,880.58636
9136,578.57526,904.2979
9137,635.28906,916.9119
9138,686.3574,926.8523
9139,740.82446,936.74493
9140,778.3146,944.9258
9141,791.6002,950.28625
9142,792.3314,963.9017
9143,784.75824,997.3609
9144,764.8097,1039.5277
9145,739.5782,1069.396
9146,722.7655,1077.9207
9147,723.33856,1057.6687
9148,771.2227,994.0021
9149,905.38525,898.23926
9150,1083.3358,824.5743
9151,1184.364,810.52686
9152,1144.3433,836.31506
9153,1012.46796,865.9741
9154,883.63336,883.53424
9155,818.39777,891.835
9156,806.9146,903.9916
9157,806.50287,925.19165
9158,795.61536,933.36957
9159,772.3458,898.4695
9160,742.94586,834.492
9161,718.16486,791.8504
9162,702.58777,790.55994
9163,699.5844,811.29083
9164,713.91376,834.5588
9165,740.0143,850.24744
9166,764.3338,849.6572
9167,779.1565,828.4326
9168,788.5518,802.58185
9169,799.9189,815.96576
9170,812.51807,897.51764
9171,824.11646,1004.56226
9172,836.0889,1059.0782
9173,843.2418,1042.4152
9174,837.8613,1003.4792
9175,820.8668,986.6899
9176,799.91595,992.5615
9177,782.0796,998.3357
9178,769.2443,990.93805
9179,762.46844,975.52246
9180,764.4683,961.304
9181,771.551,949.3126
9182,769.44824,936.1174
9183,745.7801,920.56213
9184,708.351,904.9707
9185,679.7981,894.71643
9186,678.2653,896.21606
9187,707.45087,912.1705
9188,750.34534,935.96716
9189,780.2217,954.6673
9190,781.822,956.1151
9191,757.5586,934.1362
9192,726.9003,899.72314
9193,707.27594,875.72235
9194,689.0411,869.4455
9195,658.89374,870.4872
9196,631.43225,872.54675
9197,625.9024,877.38324
9198,639.7892,885.39465
9199,657.0172,892.1828
9200,660.48566,891.00836
9201,649.2178,881.8342
9202,650.02405,879.5038
9203,689.8978,903.8182
9204,759.7612,955.4861
9205,818.52673,1006.5744
9206,825.71936,1020.1543
9207,777.4604,983.76733
9208,718.11383,926.8344
9209,688.80066,890.4381
9210,681.8999,883.1166
9211,676.9195,887.8277
9212,668.5893,890.8075
9213,654.8023,888.2061
9214,645.3273,884.22186
9215,660.63763,885.9617
9216,701.55396,894.6704
9217,740.7007,903.328
9218,754.2221,905.30566
9219,745.00073,902.46796
9220,723.88806,899.1932
9221,697.3711,896.3028
9222,675.8407,893.8172
9223,667.8139,890.2041
9224,675.35535,882.75134
9225,696.97437,874.5297
9226,728.12683,873.8946
9227,762.9818,884.87915
9228,784.7359,900.7761
9229,770.1583,908.13336
9230,727.5311,902.1233
9231,699.6309,894.1458
9232,711.31866,895.3992
9233,736.50507,900.5197
9234,731.96423,897.9905
9235,697.5142,890.0273
9236,671.1811,888.2478
9237,665.9276,893.3036
9238,665.1091,895.51544
9239,675.9232,892.8668
9240,719.4959,891.901
9241,777.7566,896.6293
9242,809.0754,907.4279
9243,794.09424,918.5589
9244,740.5836,917.732
9245,681.3506,905.1309
9246,652.00305,895.5797
9247,645.041,891.3878
9248,633.32446,883.0366
9249,630.0787,874.72144
9250,668.2727,880.5808
9251,736.56714,900.2728
9252,781.56464,916.23645
9253,769.15063,914.7403
9254,715.326,899.93726
9255,664.1135,886.352
9256,653.12415,881.8158
9257,689.9066,880.8515
9258,746.5145,877.16797
9259,780.7526,872.8719
9260,773.2547,869.984
9261,740.2738,866.19867
9262,711.8463,862.1337
9263,712.0536,865.5038
9264,745.8674,882.46594
9265,786.2579,903.43274
9266,798.1488,912.10675
9267,783.1833,911.3963
9268,769.3864,918.0221
9269,766.1889,932.5088
9270,767.9364,939.8112
9271,778.31836,933.31366
9272,797.7105,918.7499
9273,812.1068,908.1408
9274,808.5433,915.8039
9275,788.32697,942.66296
9276,766.5339,970.49646
9277,757.2271,984.2347
9278,759.2438,989.0873
9279,762.6266,998.51886
9280,763.23065,1013.52893
9281,763.64996,1024.5344
9282,764.75305,1029.3022
9283,764.55695,1032.787
9284,762.69244,1034.7163
9285,759.9499,1032.2137
9286,756.7954,1027.8861
9287,757.88245,1025.1908
9288,771.76355,1021.8763
9289,794.6112,1013.1644
9290,802.9202,993.709
9291,778.8465,960.0321
9292,736.58136,923.02344
9293,707.35645,903.1553
9294,699.3292,901.549
9295,695.79285,899.399
9296,692.633,890.813
9297,701.4076,888.25964
9298,722.1964,897.5902
9299,740.6712,909.70154
9300,743.3888,913.1731
9301,737.0336,907.81067
9302,744.56976,903.8115
9303,762.9361,905.3335
9304,756.4135,904.76074
9305,714.4657,897.4153
9306,676.3632,892.242
9307,681.98816,903.268
9308,726.0424,931.4888
9309,769.73596,959.9316
9310,786.1467,972.9919
9311,783.8103,973.4355
9312,787.1518,968.03784
9313,804.49316,950.5919
9314,821.834,920.4971
9315,826.10767,895.4328
9316,822.8134,886.521
9317,824.2642,887.28064
9318,829.03125,889.2335
9319,821.5499,888.5205
9320,796.3733,884.7975
9321,775.33026,882.623
9322,779.0935,886.4898
9323,797.71454,893.605
9324,811.86835,897.6283
9325,808.4092,894.5975
9326,774.8841,884.66925
9327,724.87445,878.309
9328,703.7729,891.4654
9329,729.2089,922.2712
9330,768.1365,950.74
9331,788.8544,964.41406
9332,782.08514,960.66876
9333,743.89923,937.5058
9334,689.0854,904.9297
9335,657.8611,885.17346
9336,674.4805,888.31384
9337,714.2628,901.158
9338,728.0982,902.5904
9339,701.3018,889.62787
9340,686.7143,893.6254
9341,746.8437,949.9205
9342,855.7423,1037.736
9343,920.5074,1088.7117
9344,899.1361,1065.722
9345,836.64386,997.8327
9346,788.9784,936.9537
9347,757.2839,904.56354
9348,724.783,894.1097
9349,711.07074,903.816
9350,734.20374,934.892
9351,769.88,975.8266
9352,788.9502,1011.79266
9353,791.56555,1037.2065
9354,789.9182,1053.8322
9355,789.3424,1064.1986
9356,795.9781,1069.8765
9357,820.7644,1074.7937
9358,858.9547,1083.0684
9359,884.4944,1093.4515
9360,880.45886,1101.7151
9361,858.52167,1104.7949
9362,840.7112,1101.7551
9363,834.2538,1094.4076
9364,831.82043,1085.4552
9365,827.3146,1075.5645
9366,820.4683,1062.7957
9367,813.62744,1047.1907
9368,811.3194,1035.9534
9369,814.2742,1034.3438
9370,815.261,1034.8678
9371,809.84265,1028.5287
9372,803.2066,1018.0692
9373,801.5716,1012.2015
9374,801.4043,1012.9863
9375,792.9905,1012.7211
9376,779.57666,1005.8455
9377,775.55255,996.4741
9378,781.79297,988.9731
9379,785.4069,981.8346
9380,777.78253,972.9486
9381,756.61523,961.41724
9382,722.35706,945.4343
9383,689.31476,928.4883
9384,684.25995,919.6322
9385,707.1368,917.5453
9386,714.78296,914.12854
9387,681.7382,921.3333
9388,645.4392,960.1169
9389,648.75696,1017.34076
9390,682.8168,1058.0931
9391,719.49023,1075.3474
9392,754.4627,1083.383
9393,796.19165,1083.6091
9394,838.7905,1072.9172
9395,864.8619,1061.526
9396,871.39166,1060.8966
9397,879.7616,1068.898
9398,907.5042,1072.6056
9399,934.07513,1062.5592
9400,926.62103,1042.0735
9401,893.8256,1020.0056
9402,870.49176,1005.2713
9403,866.625,1007.94885
9404,865.68365,1030.4917
9405,852.30676,1058.3481
9406,825.59875,1067.4303
9407,797.37695,1045.8082
9408,780.77167,1005.3935
9409,777.20245,965.0061
9410,777.5137,933.7379
9411,775.50256,918.8727
9412,776.1584,929.1192
9413,786.3,960.89026
9414,801.1385,993.87933
9415,807.3443,1003.99115
9416,793.9432,980.2494
9417,761.4712,935.8008
9418,725.6782,898.403
9419,700.67456,881.9702
9420,683.871,878.5659
9421,671.77325,879.04083
9422,668.49585,882.62604
9423,672.52295,888.6003
9424,676.02136,892.78937
9425,673.3908,891.32043
9426,667.58844,885.2147
9427,664.5104,879.1656
9428,659.8195,875.7676
9429,650.1072,876.8279
9430,645.3216,884.412
9431,651.0848,895.14465
9432,659.0581,902.45654
9433,664.6228,905.0245
9434,667.5757,902.7323
9435,660.7112,894.0108
9436,660.6644,896.6947
9437,710.5009,941.1058
9438,800.18414,1015.0014
9439,858.30725,1068.1836
9440,849.81964,1080.9655
9441,810.5303,1069.7683
9442,789.45215,1040.2675
9443,798.51917,983.3922
9444,817.19867,914.35876
9445,827.3788,872.7771
9446,822.8133,870.8462
9447,795.1265,883.6103
9448,746.4361,889.61005
9449,704.4754,889.1122
9450,693.6196,890.8853
9451,715.262,899.1711
9452,757.4125,911.8912
9453,797.1427,922.6237
9454,815.21216,925.93005
9455,806.2643,921.3482
9456,772.7668,912.6238
9457,732.6465,906.43604
9458,709.2484,905.06256
9459,710.4777,902.8434
9460,737.7491,895.1785
9461,785.0341,882.4737
9462,828.80853,870.20465
9463,849.7552,867.40234
9464,849.1182,874.5375
9465,838.3461,882.2227
9466,830.4717,885.45087
9467,829.49744,886.54517
9468,816.4849,887.1328
9469,772.19116,887.04004
9470,724.67267,891.21686
9471,725.0015,907.0304
9472,768.4338,929.0348
9473,807.3849,940.4637
9474,826.23975,934.9045
9475,839.7473,923.53766
9476,853.8942,918.9735
9477,864.75433,919.9789
9478,861.73553,916.9074
9479,831.51526,907.59406
9480,784.587,898.074
9481,753.7031,893.5671
9482,754.5409,896.5905
9483,773.70953,903.9682
9484,786.3621,903.79816
9485,776.3113,887.33264
9486,752.11914,863.7594
9487,736.4268,850.576
9488,742.8231,853.29755
9489,773.22974,866.8636
9490,816.7784,884.19244
9491,847.85266,896.68823
9492,847.56226,901.2845
9493,822.5311,905.9784
9494,793.8861,918.1736
9495,777.00323,931.9062
9496,771.3952,935.81055
9497,764.2445,931.23444
9498,746.4008,931.3148
9499,723.98175,941.00836
9500,710.7518,949.5095
9501,715.6239,942.0385
9502,737.4879,913.3806
9503,760.0186,877.2575
9504,763.94165,855.6943
9505,764.7621,854.6343
9506,813.12274,866.6537
9507,920.88885,886.9268
9508,1012.7948,908.0301
9509,1006.36914,916.4818
9510,929.5147,910.88983
9511,897.34344,909.6012
9512,951.8455,924.5567
9513,991.84564,944.407
9514,917.57227,955.6968
9515,777.2259,957.7592
9516,692.8838,954.9983
9517,702.08417,950.0738
9518,750.1606,940.4569
9519,780.4218,923.9956
9520,779.5529,907.81366
9521,768.47095,900.9587
9522,766.94867,904.0161
9523,771.0735,911.18286
9524,766.578,915.881
9525,751.93634,915.6485
9526,739.84467,913.6743
9527,739.4737,913.54736
9528,747.81305,916.7865
9529,756.5667,924.6372
9530,760.1086,935.32336
9531,758.86304,943.71875
9532,756.49493,946.66595
9533,753.7606,942.4989
9534,751.8111,931.4004
9535,756.55597,922.0331
9536,764.4919,923.163
9537,760.89014,928.82764
9538,744.7182,928.5757
9539,727.9212,922.2581
9540,714.7429,915.1179
9541,705.8364,911.5518
9542,705.4692,913.28735
9543,716.3491,917.76917
9544,737.834,923.7557
9545,753.46533,935.35724
9546,719.7926,951.8132
9547,615.999,961.481
9548,499.27957,957.77216
9549,435.98508,948.5393
9550,412.1957,941.7086
9551,396.44305,937.5879
9552,424.75113,935.4939
9553,536.9283,935.1246
9554,678.3166,933.577
9555,756.6187,927.4923
9556,767.6966,919.04504
9557,772.68066,915.2202
9558,793.82556,917.1717
9559,810.7645,918.0831
9560,812.9031,916.16144
9561,806.0543,917.83826
9562,796.81335,925.3935
9563,790.6875,933.7863
9564,789.4211,939.51733
9565,788.9799,943.7099
9566,784.88367,947.52246
9567,773.6237,948.3306
9568,754.06635,942.6717
9569,732.8022,933.161
9570,717.0688,925.6524
9571,708.92596,922.2539
9572,715.0155,923.9151
9573,736.3838,929.785
9574,756.94855,934.6238
9575,766.7899,936.30725
9576,772.3995,937.4429
9577,780.0205,938.13763
9578,787.88385,935.0239
9579,788.2716,925.5953
9580,781.7457,912.8308
9581,789.0975,904.651
9582,821.7148,903.6312
9583,855.5845,904.7856
9584,862.7739,913.5119
9585,844.2317,947.8336
9586,822.7852,1005.44037
9587,816.4852,1054.7413
9588,822.0766,1075.1873
9589,828.3649,1077.3849
9590,831.31573,1077.5703
9591,829.7087,1074.3761
9592,820.4055,1054.8241
9593,803.95746,1019.18585
9594,788.69666,986.92255
9595,779.6993,971.39813
9596,772.8041,971.8609
9597,771.43176,989.7037
9598,789.2416,1022.38556
9599,822.98865,1051.4149
9600,848.2838,1060.8455
9601,848.45184,1054.3241
9602,827.98816,1044.9055
9603,805.381,1039.6572
9604,793.7166,1030.8563
9605,777.94745,1000.2404
9606,735.16614,945.4689
9607,682.1442,893.89246
9608,659.743,872.007
9609,668.7983,876.88336
9610,677.90594,890.9497
9611,686.85913,902.99646
9612,718.64417,907.28906
9613,765.8279,903.0598
9614,798.40027,897.8418
9615,805.1358,901.60364
9616,793.5025,916.40936
9617,771.4172,931.45245
9618,752.2945,934.68317
9619,753.38586,927.8841
9620,772.1443,920.31396
9621,788.2332,916.8198
9622,792.42145,918.71814
9623,790.2961,926.6651
9624,785.8183,938.21924
9625,771.94824,942.6235
9626,735.54156,926.798
9627,685.05334,896.70935
9628,650.81586,875.53735
9629,648.39014,875.9721
9630,676.58405,894.1472
9631,721.0182,917.62946
9632,749.0569,931.07855
9633,745.3971,928.823
9634,731.3254,915.99554
9635,731.61456,899.9261
9636,747.1444,890.05066
9637,761.8355,893.439
9638,766.0042,906.3181
9639,765.02246,921.2946
9640,765.2502,938.29596
9641,765.7621,959.2868
9642,767.11884,978.9977
9643,775.49866,987.6473
9644,791.7978,982.49927
9645,799.68335,970.8723
9646,779.93744,957.6043
9647,739.49207,941.275
9648,699.6915,922.85223
9649,666.649,904.9375
9650,648.7508,892.3158
9651,669.8226,895.1529
9652,724.12885,913.56616
9653,766.2521,929.3901
9654,775.7964,931.59937
9655,774.2592,929.6266
9656,773.7662,931.73
9657,769.0993,936.5068
9658,765.17,943.1451
9659,767.82904,949.2972
9660,765.05676,947.3952
9661,747.0773,936.2383
9662,733.8865,931.1521
9663,751.22107,946.9506
9664,787.18976,972.92474
9665,810.79285,988.03876
9666,819.0546,993.9284
9667,828.0588,1006.2622
9668,840.4807,1027.4059
9669,848.93036,1047.0792
9670,850.22125,1056.65
9671,846.30804,1055.1382
9672,841.1063,1047.2819
9673,837.7971,1038.7195
9674,837.6034,1033.4324
9675,839.39795,1033.9291
9676,840.4253,1041.2832
9677,838.8913,1054.0973
9678,834.55066,1068.2754
9679,827.43207,1078.7211
9680,819.3734,1082.6221
9681,816.1569,1082.1981
9682,822.87054,1081.9601
9683,835.2793,1082.2887
9684,843.95593,1080.1241
9685,846.5023,1072.6061
9686,842.6023,1049.8871
9687,826.92566,999.7269
9688,802.46155,936.3483
9689,784.40906,894.6534
9690,779.67346,885.1679
9691,774.1667,889.7795
9692,749.7903,894.2045
9693,713.063,897.5443
9694,692.4619,903.8217
9695,702.6211,915.41034
9696,724.39056,926.505
9697,727.3623,927.0515
9698,704.10474,916.94666
9699,672.9345,905.9476
9700,656.2727,898.1689
9701,665.3733,888.9434
9702,694.6239,878.091
9703,729.67365,872.03784
9704,766.417,874.8176
9705,801.9874,887.24414
9706,819.94745,906.92487
9707,815.3353,926.2278
9708,803.2638,937.69995
9709,788.0542,937.5794
9710,767.1378,925.04846
9711,759.87775,908.5254
9712,779.29364,901.5262
9713,798.21857,903.97253
9714,783.6331,901.9445
9715,733.07117,888.384
9716,682.5108,881.72784
9717,681.12006,912.19604
9718,725.1364,978.8882
9719,762.08984,1047.8453
9720,770.85504,1091.8328
9721,773.1046,1107.2914
9722,782.7167,1104.883
9723,791.3009,1085.5212
9724,787.58093,1034.5764
9725,770.23145,962.19135
9726,753.9981,915.6764
9727,760.96716,925.5999
9728,786.3093,970.9184
9729,796.28235,1011.11304
9730,775.02234,1028.7633
9731,742.70575,1030.7697
9732,727.8238,1028.6398
9733,738.261,1022.36017
9734,758.2686,999.6622
9735,770.40424,963.13074
9736,770.3317,935.9461
9737,762.8013,928.9809
9738,762.7587,936.51013
9739,787.5473,954.3446
9740,826.0132,974.9902
9741,845.9719,991.0636
9742,843.3008,1009.74335
9743,841.73004,1034.6484
9744,850.73566,1051.4103
9745,859.18884,1051.7158
9746,858.1629,1043.9641
9747,849.97705,1037.009
9748,840.86304,1033.852
9749,834.3876,1034.999
9750,831.5223,1036.39
9751,831.49884,1031.2421
9752,832.7387,1025.1731
9753,835.74475,1035.3553
9754,840.26526,1058.5503
9755,837.3893,1063.0466
9756,817.47565,1031.5244
9757,789.1017,991.86957
9758,769.3797,984.4154
9759,760.4394,1009.89844
9760,756.9942,1032.6062
9761,758.5567,1027.8768
9762,762.67523,1006.08673
9763,764.49225,990.44635
9764,763.0469,987.7078
9765,760.3603,989.4976
9766,757.6637,989.6772
9767,755.0665,989.45685
9768,753.0282,990.5585
9769,753.96765,989.1435
9770,762.666,980.50165
9771,780.81714,969.1347
9772,801.3782,963.1421
9773,809.5659,958.32635
9774,791.8807,943.41376
9775,752.4718,919.69476
9776,710.58716,899.2964
9777,678.24927,887.2451
9778,665.45557,880.1205
9779,687.82434,876.1583
9780,735.9695,875.3412
9781,780.82043,877.5632
9782,818.58356,882.73474
9783,857.3976,887.33997
9784,885.26135,887.6949
9785,891.4574,885.644
9786,885.1441,883.88965
9787,876.15533,882.75354
9788,863.1539,884.6269
9789,842.79297,891.61096
9790,812.3739,897.84766
9791,769.18604,894.8669
9792,728.0565,886.2923
9793,723.19147,886.032
9794,764.9655,898.3997
9795,821.14606,912.6947
9796,854.355,919.0192
9797,853.9888,916.8183
9798,838.2748,909.866
9799,830.2093,901.15643
9800,829.3143,892.582
9801,823.03546,886.7842
9802,814.4315,884.95404
9803,813.0135,884.7342
9804,814.0048,884.7792
9805,809.62195,887.2326
9806,801.66235,892.9469
9807,788.4887,897.5153
9808,762.40717,894.5179
9809,729.54315,883.6096
9810,708.602,872.69586
9811,702.8853,868.3457
9812,696.6663,868.7094
9813,679.73724,869.11426
9814,657.91785,868.6861
9815,647.7589,873.2569
9816,663.6677,890.568
9817,694.3555,911.72003
9818,708.01556,913.3406
9819,693.44446,892.30414
9820,668.8139,870.4469
9821,653.9674,862.4159
9822,661.99066,868.274
9823,696.15497,884.6173
9824,738.6982,903.54694
9825,767.7858,916.62396
9826,777.53015,921.82983
9827,771.3596,919.2621
9828,756.3406,908.9491
9829,741.0062,893.97736
9830,729.4379,876.2804
9831,712.7177,846.59686
9832,655.8573,799.20605
9833,534.4078,760.92163
9834,418.43417,762.6581
9835,418.85504,792.3244
9836,527.91046,820.0129
9837,640.9337,835.0806
9838,698.8394,837.8755
9839,715.44586,831.541
9840,721.96313,821.89777
9841,735.57513,812.8343
9842,762.4152,809.49365
9843,806.1262,824.901
9844,858.9761,868.17224
9845,894.1462,921.09045
9846,893.81866,952.86383
9847,874.49457,962.1223
9848,861.0876,971.9909
9849,848.3497,984.1446
9850,811.68896,974.6562
9851,756.18695,947.81537
9852,718.46375,942.0243
9853,717.1207,959.6585
9854,740.45795,959.7177
9855,769.50256,933.91986
9856,789.5192,918.04816
9857,795.04974,927.18567
9858,790.0098,939.84625
9859,785.0009,937.8206
9860,791.19336,926.0905
9861,805.27716,919.18677
9862,809.23254,919.5767
9863,792.94214,917.7773
9864,767.54865,911.4322
9865,746.7866,906.5538
9866,728.24646,904.4966
9867,708.40625,902.3605
9868,696.2403,898.7948
9869,702.14404,893.91486
9870,726.1949,889.1354
9871,755.14453,886.674
9872,774.3813,886.5834
9873,783.3401,886.2462
9874,787.08124,885.0009
9875,785.2269,886.9735
9876,778.2827,897.0162
9877,768.3419,913.2859
9878,752.0556,927.1734
9879,720.1107,933.7498
9880,666.0699,932.97955
9881,613.25574,919.88995
9882,628.16766,893.2114
9883,761.1805,872.4608
9884,958.44714,877.97064
9885,1076.2184,899.5976
9886,1032.1425,914.98804
9887,902.7881,920.6396
9888,808.726,923.5811
9889,777.90576,927.2991
9890,773.95087,934.8672
9891,772.8632,948.54144
9892,774.78424,964.39215
9893,782.40686,975.01794
9894,790.2979,976.9345
9895,789.9723,970.96515
9896,778.7789,959.27795
9897,764.63165,946.7801
9898,758.4317,938.9073
9899,761.15784,935.0133
9900,766.24854,930.26434
9901,771.05493,923.4607
9902,778.17957,917.75464
9903,789.956,915.0154
9904,804.34265,913.70685
9905,813.56366,912.3724
9906,810.5391,911.9184
9907,798.60345,913.58044
9908,789.79565,917.7473
9909,790.48584,924.6129
9910,790.31323,932.38293
9911,778.4968,939.00916
9912,765.14343,944.3999
9913,757.12384,943.06476
9914,744.33685,929.92664
9915,736.56494,917.4471
9916,754.5684,921.4599
9917,786.0904,937.1844
9918,803.86755,949.3412
9919,799.2458,950.02325
9920,777.7214,939.6992
9921,752.3806,925.64905
9922,736.43866,915.9222
9923,730.3474,910.7379
9924,729.5113,908.8368
9925,737.28107,917.3301
9926,758.74475,944.7486
9927,787.1747,984.39716
9928,807.58136,1016.1346
9929,814.7482,1029.1858
9930,813.36523,1028.8304
9931,807.59045,1021.75385
9932,805.857,1004.19415
9933,818.4156,966.6069
9934,838.0129,917.4076
9935,843.80676,883.4613
9936,831.62585,875.68036
9937,819.9247,882.61774
9938,821.1943,892.635
9939,822.0311,901.037
9940,800.91425,907.7865
9941,759.9019,912.7694
9942,721.97876,911.85034
9943,702.7719,904.7985
9944,700.7692,899.75024
9945,705.56635,902.6643
9946,709.1325,910.1441
9947,711.74695,915.85986
9948,715.25745,918.8645
9949,718.22375,923.42944
9950,720.6233,931.99054
9951,726.50885,937.24164
9952,741.507,923.6904
9953,769.7604,876.66486
9954,808.04736,793.69257
9955,837.9972,708.01166
9956,840.2544,674.0324
9957,818.95996,700.70306
9958,788.5287,747.8223
9959,753.0446,785.2934
9960,720.5725,808.6695
9961,706.56213,821.7899
9962,711.114,830.7026
9963,717.32556,838.9157
9964,711.975,840.9702
9965,699.2745,828.6786
9966,701.19293,812.14197
9967,734.6335,832.8632
9968,780.8856,921.56396
9969,805.6036,1027.6299
9970,803.0502,1061.7115
9971,787.31335,1020.7137
9972,768.9974,978.7291
9973,758.52167,971.0464
9974,752.0227,972.4564
9975,725.21045,961.82446
9976,681.05493,947.88196
9977,663.5974,945.4421
9978,694.19037,956.14014
9979,734.078,964.86725
9980,708.118,941.45306
9981,572.9865,870.2825
9982,405.05322,790.6841
9983,345.4458,761.54974
9984,419.0874,786.73553
9985,526.7356,823.89
9986,599.8481,843.629
9987,644.95355,846.14825
9988,678.434,842.86993
9989,698.97266,842.2189
9990,703.38165,848.19415
9991,694.9674,862.0781
9992,682.58093,880.0603
9993,677.03284,894.6339
9994,681.02295,903.31104
9995,687.5148,910.3157
9996,691.97754,919.7509
9997,697.02795,933.55164
9998,706.2692,949.93854
9999,723.27545,956.5615
10000,747.7187,938.98035
10001,767.0639,905.5392
10002,772.17694,884.99347
10003,775.9908,892.8469
10004,790.38574,916.4312
10005,804.7456,934.2053
10006,808.5298,938.1926
10007,805.5866,933.01447
10008,799.6838,923.4321
10009,792.6538,914.0394
10010,789.3959,910.7597
10011,790.6523,913.5386
10012,792.977,913.6559
10013,796.15497,902.5482
10014,802.0653,884.35706
10015,809.75775,872.18976
10016,813.4025,868.0946
10017,805.94507,862.1717
10018,788.55804,852.3202
10019,772.3914,846.1806
10020,767.14856,847.7168
10021,770.66864,858.53217
10022,771.5332,881.06396
10023,763.08075,908.4499
10024,750.63727,931.2227
10025,742.1876,953.1096
10026,740.32227,975.8913
10027,743.94244,988.55066
10028,749.528,988.4124
10029,752.60297,986.40674
10030,752.73486,988.8051
10031,753.45624,992.08734
10032,755.7976,992.5743
10033,757.35785,991.17474
10034,757.9659,989.48505
10035,760.2342,986.79565
10036,764.4902,982.2547
10037,767.7758,977.575
10038,766.8341,973.7361
10039,761.7433,968.97644
10040,758.60425,963.42944
10041,761.13165,951.07806
10042,761.007,917.31476
10043,748.35004,869.64886
10044,722.2547,837.5957
10045,686.95166,827.34644
10046,653.87305,820.8322
10047,639.9191,810.09174
10048,649.8656,801.58203
10049,671.2972,802.21045
10050,688.30566,810.37805
10051,691.9915,817.7114
10052,684.2878,817.7263
10053,676.47815,805.7519
10054,678.82196,780.2466
10055,689.2448,754.89044
10056,697.4022,749.4055
10057,699.2505,762.04126
10058,698.71155,774.30774
10059,699.2872,778.96155
10060,702.7669,785.56305
10061,710.13983,803.5684
10062,718.81213,827.7128
10063,723.6679,843.29736
10064,719.05054,841.90674
10065,700.18774,826.51013
10066,673.48285,809.9081
10067,656.9094,805.8271
10068,659.3317,813.25806
10069,672.03125,819.4966
10070,681.25336,819.7492
10071,678.81134,826.2319
10072,664.97754,853.81647
10073,646.83624,894.4017
10074,632.99854,922.62897
10075,628.09174,929.588
10076,629.99567,927.0242
10077,632.71515,925.11096
10078,632.362,924.2671
10079,628.5898,921.39435
10080,623.31506,915.9525
10081,620.049,910.5504
10082,621.9641,908.75586
10083,629.6001,912.4409
10084,638.84644,917.9187
10085,642.9928,918.97516
10086,640.53265,915.46356
10087,640.3178,911.7819
10088,655.1901,909.64
10089,685.13367,908.1148
10090,712.18085,906.551
10091,721.01733,905.1136
10092,715.94135,903.91455
10093,712.0742,901.3886
10094,718.7,895.62726
10095,731.9322,888.24243
10096,741.4133,883.4094
10097,743.24115,882.8994
10098,741.53143,884.9007
10099,741.9922,886.6227
10100,748.2362,886.322
10101,757.8732,884.16
10102,763.27734,881.25385
10103,760.57715,877.80286
10104,753.44867,873.8562
10105,745.1594,870.7722
10106,733.5665,871.50055
10107,718.938,879.91077
10108,707.2612,895.1498
10109,701.96265,909.04755
10110,701.23474,915.334
10111,701.77594,915.4903
10112,700.72656,914.13477
10113,697.18054,915.22906
10114,693.2379,918.52997
10115,695.129,913.81036
10116,710.27783,889.3889
10117,735.5096,854.14905
10118,755.7539,831.7322
10119,761.75854,829.72546
10120,756.97656,838.49384
10121,747.8687,852.38776
10122,741.74146,874.18506
10123,747.61694,906.8038
10124,765.2712,942.1409
10125,777.7822,960.38043
10126,771.41095,956.5814
10127,760.4133,959.5933
10128,766.3665,995.5474
10129,784.19684,1045.4486
10130,797.53906,1074.9668
10131,803.5982,1082.6984
10132,805.097,1084.5273
10133,798.5312,1074.505
10134,780.90576,1035.0328
10135,761.8707,979.9168
10136,751.9941,946.2355
10137,744.1017,941.6917
10138,729.6146,937.8434
10139,719.1576,914.91223
10140,726.4872,896.63055
10141,746.82605,920.394
10142,765.75073,976.21387
10143,777.9493,1017.1262
10144,788.0705,1020.8337
10145,800.1786,1005.81726
10146,809.2232,996.26117
10147,804.999,994.481
10148,785.4889,991.2496
10149,761.1326,983.64966
10150,745.21136,972.5283
10151,741.3561,957.3886
10152,741.8966,944.21796
10153,738.88,945.85913
10154,731.93994,962.3948
10155,724.2092,977.689
10156,717.3665,982.60785
10157,714.3241,985.143
10158,719.172,996.576
10159,728.1411,1013.1388
10160,730.79456,1019.4821
10161,724.8513,1011.6697
10162,720.1742,1001.074
10163,727.1828,997.9623
10164,744.1606,1002.2576
10165,759.1462,1008.04144
10166,763.66486,1010.7268
10167,757.8582,1008.5051
10168,746.3446,1003.29083
10169,733.7566,999.7835
10170,722.9062,999.864
10171,715.8089,1001.1576
10172,712.3401,1000.656
10173,709.1462,997.09595
10174,704.5402,991.5203
10175,700.94226,987.0167
10176,699.22125,986.2979
10177,695.9888,988.8544
10178,690.46674,991.4073
10179,692.30927,989.66815
10180,714.01636,980.8313
10181,749.59717,968.30316
10182,775.4306,958.7462
10183,780.9143,951.098
10184,780.2911,940.90173
10185,787.9672,935.63855
10186,800.55646,945.9972
10187,807.9013,968.2954
10188,807.2096,994.3949
10189,804.0461,1022.3739
10190,805.2783,1047.9694
10191,810.1382,1066.4156
10192,813.7931,1082.8776
10193,824.1517,1104.7754
10194,850.88513,1122.0477
10195,856.69495,1099.422
10196,764.7348,1011.2934
10197,581.2774,897.0913
10198,450.84872,830.3921
10199,476.8751,829.0753
10200,579.96576,862.74194
10201,641.93134,913.3044
10202,659.94684,967.65674
10203,687.37103,1002.95013
10204,733.6383,1011.3385
10205,767.40594,1006.6359
10206,767.071,1005.9771
10207,741.2128,1016.9647
10208,719.0643,1033.5238
10209,743.77155,1036.2313
10210,837.6809,1006.3723
10211,941.2803,951.69916
10212,965.9781,899.9033
10213,913.4183,866.89325
10214,850.1904,857.2398
10215,810.2192,879.453
10216,781.2664,933.01624
10217,740.6063,981.0999
10218,681.2044,974.88007
10219,622.02795,923.24335
10220,597.5359,878.33813
10221,624.69934,856.4414
10222,684.0343,844.3253
10223,740.7537,843.97485
10224,763.0312,857.8918
10225,716.00183,872.4114
10226,598.2914,874.63257
10227,514.46356,862.4491
10228,615.5279,836.3101
10229,895.94745,799.3901
10230,1148.5526,770.7641
10231,1193.5132,773.11584
10232,1067.7881,802.968
10233,935.50775,833.4935
10234,880.8008,837.53925
10235,861.4606,808.50836
10236,825.8971,773.0429
10237,780.38495,760.85284
10238,749.0029,766.53906
10239,738.0905,768.45355
10240,740.7391,758.16486
10241,746.02234,740.02765
10242,745.86127,735.18756
10243,740.0766,773.11066
10244,735.9445,846.8568
10245,741.76324,911.575
10246,759.65936,946.5067
10247,784.74603,967.9637
10248,807.68195,985.4586
10249,819.9011,991.2821
10250,826.9445,982.49585
10251,853.4534,969.7088
10252,907.1035,962.8638
10253,938.7798,956.38477
10254,888.3817,938.59296
10255,777.31134,910.47864
10256,693.3387,886.211
10257,678.6383,878.11816
10258,700.77594,886.4284
10259,723.45917,905.503
10260,744.31006,936.18634
10261,774.3765,984.59436
10262,812.09924,1047.0261
10263,838.616,1102.3392
10264,838.89734,1125.3746
10265,815.9169,1104.4598
10266,774.3805,1049.604
10267,719.52783,994.16766
10268,677.92645,968.2855
10269,678.39197,966.20557
10270,714.9147,965.45544
10271,757.79114,958.3848
10272,787.1951,947.27246
10273,803.31226,933.6468
10274,815.6639,919.6374
10275,829.3918,908.01935
10276,842.5851,899.16156
10277,851.7202,892.07874
10278,854.54944,886.73413
10279,850.2333,882.182
10280,839.91144,875.9651
10281,828.1234,868.4671
10282,822.3977,865.7175
10283,826.8257,873.3527
10284,835.25305,887.2007
10285,837.51044,896.7697
10286,831.05756,898.2145
10287,820.2391,895.3471
10288,810.3742,891.357
10289,805.4934,886.8099
10290,806.26514,882.28516
10291,809.05347,879.20746
10292,807.11896,878.98615
10293,796.08124,883.4249
10294,780.59753,895.5889
10295,770.929,917.38354
10296,770.4506,949.30286
10297,770.21045,995.0264
10298,759.84216,1054.4734
10299,745.09235,1108.6888
10300,757.39014,1124.4899
10301,822.7572,1084.5686
10302,902.6904,1015.3339
10303,926.1329,965.17633
10304,887.6584,951.37305
10305,837.309,956.00867
10306,803.42236,961.9232
10307,782.6244,965.617
10308,767.754,969.2352
10309,759.9092,975.09454
10310,765.4953,983.3169
10311,788.04156,993.19653
10312,823.66296,1007.10205
10313,860.07764,1024.609
10314,887.052,1024.4711
10315,915.07837,966.66266
10316,954.50543,849.0364
10317,971.31177,744.40875
10318,926.9599,717.9497
10319,850.03467,745.16156
10320,795.4532,770.0419
10321,774.77185,778.7127
10322,770.08057,781.9746
