frame,x,y
0,808.60406,771.0998
1,784.4257,807.26935
2,774.7782,836.7169
3,769.4565,842.387
4,752.9378,829.1998
5,730.19336,831.1826
6,716.7343,855.6265
7,717.795,873.60516
8,726.1952,871.29
9,735.01373,857.21844
10,745.0733,837.10345
11,755.6438,816.4202
12,762.35706,806.6761
13,773.0652,815.8494
14,802.2103,845.0555
15,840.8176,882.8092
16,860.53766,905.1827
17,850.4306,903.05023
18,827.40674,892.7573
19,815.20447,889.8591
20,820.53503,892.2805
21,827.1275,891.17993
22,815.7225,884.51965
23,783.74677,877.8901
24,741.9741,874.3293
25,709.5048,868.30634
26,710.1977,856.07465
27,742.92444,843.2879
28,767.8841,839.15845
29,753.5217,847.60016
30,720.76855,859.83685
31,715.17316,863.1118
32,743.16473,858.9971
33,770.67035,859.16864
34,776.64215,867.89856
35,770.9629,875.7931
36,771.3068,869.999
37,777.2986,858.1534
38,777.4748,866.38794
39,778.6381,897.3349
40,786.0962,916.8744
41,779.38196,898.0765
42,750.875,857.2659
43,719.2398,830.6453
44,691.5655,829.7416
45,663.33203,839.9015
46,645.7007,846.3929
47,654.2913,844.59753
48,679.2587,838.7305
49,695.4533,837.3258
50,700.51764,844.56854
51,714.2887,856.2581
52,742.4593,864.07715
53,769.5349,865.1387
54,783.50366,864.5222
55,786.41125,864.7895
56,788.7783,859.15094
57,797.8154,842.60583
58,805.09955,827.36536
59,799.99536,828.76044
60,790.3553,839.42737
61,791.2994,842.256
62,804.65436,837.4458
63,817.58,836.2008
64,810.41943,837.2079
65,773.6661,827.49
66,727.4367,807.95166
67,700.174,794.6944
68,689.4879,791.55237
69,676.9646,789.1092
70,660.42316,785.3962
71,649.3456,785.0636
72,658.33936,789.6633
73,700.1137,801.46454
74,758.254,826.2726
75,795.69965,862.25604
76,800.1211,891.94543
77,780.85626,894.497
78,740.90594,866.1235
79,693.1193,825.2587
80,667.50793,795.4076
81,677.01904,789.6003
82,706.0554,809.496
83,733.5675,842.29034
84,750.4826,867.54095
85,759.6187,880.6258
86,765.30316,891.22064
87,766.8886,893.4271
88,760.23926,870.34894
89,743.9776,836.9671
90,730.2399,831.81067
91,736.6523,862.19727
92,758.9502,899.7994
93,781.0613,911.03424
94,803.75525,877.903
95,822.6961,822.6323
96,818.1796,792.5101
97,795.9532,802.77374
98,784.05914,830.0605
99,789.32294,853.3493
100,803.1186,870.36426
101,835.00653,886.2623
102,897.9749,901.96216
103,943.35187,906.977
104,863.95514,886.4264
105,640.6615,850.0348
106,407.83948,832.02734
107,284.3505,846.77893
108,251.19014,878.57825
109,251.0755,905.5787
110,313.5205,902.0174
111,511.71637,852.70734
112,799.55444,786.13324
113,1010.8297,750.1455
114,1066.0195,753.23956
115,1045.3983,769.01465
116,1044.8729,780.0187
117,1040.8687,789.1852
118,923.6402,809.0538
119,686.5475,843.57275
120,483.8132,875.2279
121,454.04358,893.4843
122,594.7248,913.23676
123,776.1505,935.4039
124,855.0226,938.50116
125,820.7956,915.8597
126,763.8158,881.00024
127,737.15625,854.31946
128,735.14734,850.9082
129,742.7228,864.9886
130,755.07935,876.8825
131,770.6276,876.9477
132,781.3191,870.2594
133,782.3871,865.4449
134,785.66376,870.2563
135,798.39777,886.6976
136,805.9449,904.00385
137,798.8202,904.17224
138,793.65015,874.06366
139,809.3368,816.2759
140,830.0672,756.3657
141,818.65717,723.24695
142,770.1222,718.03284
143,714.7837,723.7776
144,674.8596,735.6259
145,651.10565,759.68494
146,641.9628,792.8375
147,657.11414,818.6237
148,703.4607,824.64874
149,760.01044,819.499
150,794.62646,821.50836
151,799.31635,836.9393
152,776.55383,863.9392
153,728.3909,896.5412
154,699.9218,920.5949
155,757.8808,931.02686
156,872.7341,930.9252
157,934.607,913.10406
158,911.30994,880.95703
159,859.6845,858.1677
160,812.9626,856.08014
161,760.43414,866.3806
162,698.64325,880.8726
163,658.3783,894.3693
164,657.32074,898.957
165,633.85895,889.66187
166,534.53345,871.7037
167,444.79156,858.23596
168,487.7292,865.95844
169,639.97687,899.6951
170,774.21326,933.546
171,825.47174,941.54755
172,818.1653,934.98596
173,790.18835,930.7874
174,761.7478,926.76575
175,742.33716,923.0272
176,733.8535,922.21796
177,732.5783,918.8719
178,734.3816,909.5842
179,737.4128,899.6487
180,741.1928,892.76654
181,747.1889,884.66364
182,755.3746,874.14795
183,758.5648,867.859
184,749.478,867.42053
185,731.7137,865.38477
186,714.8527,856.314
187,702.52496,841.5065
188,692.03467,824.6275
189,681.65704,809.95245
190,673.45386,801.81744
191,669.9208,803.5329
192,669.6098,814.7289
193,668.42584,826.49475
194,665.1487,828.26733
195,662.50183,821.1659
196,663.05054,813.392
197,666.3029,808.2604
198,669.8788,806.108
199,671.9839,808.05255
200,672.3796,812.91583
201,672.3843,818.28564
202,672.95197,823.71814
203,672.6527,830.3525
204,669.7303,838.3604
205,664.2719,843.3325
206,658.5533,840.65985
207,657.68164,834.05695
208,664.7966,830.4193
209,674.5262,830.9187
210,679.2305,833.6263
211,680.6945,836.62805
212,687.7742,839.20215
213,702.6682,843.42786
214,716.3621,849.3571
215,719.65,854.09766
216,711.7334,858.61206
217,697.1013,866.49884
218,680.94763,876.6836
219,666.8745,884.0862
220,655.87134,886.35547
221,647.76636,885.8688
222,642.29785,885.14417
223,639.6648,883.70135
224,640.4874,880.7726
225,643.6995,877.22906
226,646.83655,873.8015
227,648.67737,870.852
228,648.4226,868.74457
229,643.7618,865.9255
230,633.92896,859.8489
231,623.64343,852.08105
232,619.04285,848.3631
233,620.6107,850.78394
234,624.32916,854.3158
235,627.23785,854.68964
236,629.20886,853.8877
237,631.10565,854.07745
238,632.52106,853.2775
239,632.50995,849.187
240,630.9769,841.6016
241,626.8929,832.0118
242,619.53296,824.4925
243,613.8558,825.41327
244,617.27216,839.2325
245,629.2085,861.6391
246,641.4831,878.9584
247,648.6272,881.3684
248,652.2441,874.1371
249,657.6199,869.8534
250,668.977,874.7514
251,686.9369,885.2685
252,709.1575,891.8135
253,730.5152,887.15454
254,743.99896,876.6839
255,748.0041,875.6805
256,749.31696,887.3312
257,751.0444,894.0851
258,748.17804,887.2676
259,742.61194,880.8726
260,744.7501,882.47974
261,754.38043,883.0417
262,758.83685,875.83057
263,751.6382,864.3264
264,737.9134,855.9774
265,724.34625,854.2665
266,713.7601,855.578
267,707.709,853.4096
268,707.3242,845.2698
269,711.1585,834.47205
270,717.5925,825.8406
271,727.1949,821.3014
272,739.384,820.2474
273,751.1969,822.3939
274,760.9276,828.212
275,768.7156,837.7006
276,771.2536,848.9049
277,762.5182,857.3438
278,746.02234,859.61115
279,733.9232,857.0792
280,727.6931,853.22986
281,717.60675,849.9405
282,701.6265,847.82007
283,687.9157,846.3554
284,681.4756,844.2686
285,679.0522,842.0424
286,675.75507,840.7685
287,670.6325,838.52295
288,665.77765,833.15875
289,661.95105,827.51025
290,657.467,826.77075
291,653.1996,831.6373
292,653.043,837.9026
293,657.74554,842.00726
294,663.9071,843.38544
295,667.69464,842.48596
296,667.04346,839.743
297,662.71387,835.93256
298,657.35077,832.2754
299,652.20306,830.4682
300,646.6706,832.22095
301,641.81335,837.17017
302,640.0336,842.32745
303,641.21765,845.58386
304,642.8491,847.2106
305,642.78156,847.65857
306,641.091,847.7766
307,639.338,849.9683
308,638.2489,856.8746
309,639.3275,869.3889
310,647.4689,882.7351
311,667.13025,885.6885
312,695.2963,871.4853
313,720.623,847.758
314,734.85675,829.81635
315,742.52344,827.1122
316,751.8428,837.22046
317,763.8544,848.8707
318,774.8736,852.87714
319,781.014,851.3829
320,779.6529,852.4245
321,770.8858,860.9546
322,762.44836,872.8501
323,767.6438,870.80347
324,782.89923,848.99786
325,786.2678,830.70807
326,771.96826,832.0722
327,756.3477,843.1764
328,752.2485,851.4904
329,758.84406,852.4464
330,766.79517,848.64087
331,766.02527,849.7426
332,754.158,861.28156
333,741.9838,872.72766
334,743.1977,869.62354
335,755.1055,855.4359
336,764.5513,845.61505
337,767.7559,846.1755
338,766.5304,851.12616
339,759.1371,853.8121
340,746.6844,852.3329
341,734.25665,847.7266
342,723.72406,842.02167
343,713.69574,837.44995
344,702.58685,835.39954
345,690.0251,834.943
346,678.93634,833.6793
347,673.46606,830.8194
348,674.33673,827.29065
349,679.3618,824.885
350,685.6647,825.83765
351,689.44885,829.08356
352,688.14185,829.48645
353,683.27637,823.3462
354,678.0292,812.18494
355,674.85077,802.3753
356,675.8405,800.29395
357,679.97455,803.7834
358,683.0061,802.0405
359,684.8429,788.4476
360,691.34973,773.9196
361,707.5214,776.76526
362,733.09375,792.0339
363,759.95386,800.4987
364,767.9763,798.4912
365,735.68396,792.55237
366,657.6735,803.7472
367,541.0665,852.2613
368,417.0554,910.89984
369,340.7667,935.11536
370,330.9337,919.3557
371,357.44897,886.83453
372,391.40314,862.62756
373,421.97485,859.19904
374,453.19354,866.5191
375,492.5906,865.07886
376,524.7513,852.2617
377,521.3755,842.0264
378,482.1969,841.21045
379,434.81467,843.18134
380,416.9819,836.4663
381,479.64874,812.2501
382,656.03705,780.24554
383,904.44464,769.1967
384,1105.8667,793.66907
385,1150.2231,833.2625
386,1044.2772,858.1547
387,898.8087,863.5855
388,805.4345,865.47186
389,774.05743,874.0823
390,769.55035,887.2187
391,761.1316,901.9859
392,741.2584,919.74335
393,718.2724,937.8935
394,702.9578,941.9707
395,701.0371,913.1061
396,707.75336,860.1827
397,708.5336,833.93304
398,692.761,865.10443
399,668.5284,909.7596
400,654.53754,916.7079
401,655.8841,900.0378
402,663.301,892.0084
403,673.8669,894.54565
404,692.188,898.2565
405,716.0927,897.9933
406,736.3313,893.0264
407,745.93774,887.2529
408,745.1378,883.20795
409,738.44495,875.6421
410,728.3982,857.75507
411,718.5427,836.91693
412,716.9028,829.4263
413,727.7142,836.2873
414,747.2651,845.28406
415,768.6626,853.1352
416,786.2557,864.9498
417,797.37805,877.4778
418,802.1962,880.35754
419,804.0416,872.14685
420,806.6105,861.19965
421,809.6699,853.93335
422,810.7121,852.2133
423,809.0241,855.0699
424,806.1162,857.86945
425,803.2438,857.0476
426,800.3265,854.758
427,797.6696,853.79584
428,796.0723,854.0872
429,794.71075,855.7271
430,792.78253,856.5306
431,791.0425,852.35626
432,788.3251,845.453
433,783.0351,841.682
434,777.49255,842.17804
435,774.5923,842.83777
436,774.2349,838.54675
437,774.0067,831.7563
438,772.25134,830.9508
439,771.4866,834.88684
440,773.8939,830.97174
441,778.3063,813.00183
442,785.67926,789.51294
443,795.64856,772.8396
444,802.2718,766.4063
445,803.57355,764.93286
446,805.474,764.23553
447,808.3253,765.58167
448,798.7033,770.90497
449,770.34973,778.662
450,739.49536,786.42944
451,721.8959,793.86707
452,716.64795,799.20154
453,717.0738,799.397
454,717.7522,795.88043
455,714.5357,792.587
456,705.8691,790.9503
457,692.01263,791.3335
458,675.2198,793.3196
459,661.2817,793.40906
460,654.06464,789.2678
461,650.7443,784.50024
462,648.92786,784.24615
463,650.9726,790.0748
464,657.0101,800.5335
465,662.324,810.7305
466,663.5006,814.00543
467,661.74054,809.4535
468,659.83887,802.9814
469,658.5473,799.6367
470,656.08246,798.5484
471,651.66156,795.7264
472,648.0863,791.07336
473,647.6798,788.5656
474,649.0029,788.8247
475,649.96875,788.28564
476,650.2255,786.24615
477,649.973,784.8907
478,648.75684,782.6551
479,646.56335,777.483
480,645.4451,774.3992
481,647.4209,779.05756
482,651.3161,788.27594
483,653.86743,794.66345
484,653.5559,795.7247
485,652.9722,793.9173
486,656.4195,791.5258
487,664.18256,789.2211
488,671.7859,788.2606
489,675.10864,790.52234
490,672.41986,793.88995
491,663.8339,793.89777
492,653.1607,791.5923
493,646.303,789.206
494,644.14355,783.9166
495,642.41547,776.778
496,640.64325,775.71844
497,642.91125,782.37756
498,649.6665,789.47766
499,656.76074,791.5591
500,661.53436,788.78485
501,665.4403,785.2351
502,670.184,783.6935
503,673.8513,780.65485
504,673.0577,773.23956
505,667.56055,765.46606
506,661.17926,762.0993
507,657.6498,762.85144
508,657.14545,764.5405
509,657.7838,765.6817
510,658.3515,766.88385
511,659.04236,767.3768
512,660.65045,765.55896
513,664.483,765.9817
514,670.0705,776.94104
515,671.2758,792.664
516,665.22687,795.5351
517,660.4295,783.73987
518,662.8543,774.6347
519,667.2753,780.0473
520,668.3234,792.1393
521,667.3249,795.4713
522,668.0296,788.744
523,672.2192,783.3374
524,679.0977,784.34503
525,685.67065,787.1228
526,688.4516,787.4259
527,686.64636,786.59283
528,683.1691,787.31604
529,681.7301,788.48645
530,682.9363,788.3039
531,683.22107,787.0894
532,678.1987,784.27435
533,669.47986,779.70624
534,664.7482,775.9718
535,667.3289,775.61365
536,673.07385,780.02954
537,679.2206,789.24774
538,687.41113,798.92365
539,698.4285,802.1787
540,710.2058,797.278
541,719.39325,786.4877
542,723.31976,770.73724
543,721.42474,756.7049
544,713.235,757.8313
545,700.0005,776.55774
546,689.23376,799.62897
547,687.14,815.05164
548,690.2393,820.0513
549,692.60986,817.503
550,693.5872,813.812
551,694.71014,814.11945
552,695.70435,817.6458
553,695.1825,818.33575
554,692.99976,809.70386
555,692.10614,797.98126
556,694.1015,803.0907
557,692.0621,823.58234
558,680.71387,829.51154
559,668.3978,812.80676
560,663.93536,795.7424
561,665.77423,790.8908
562,670.7805,794.6762
563,679.0175,802.2412
564,688.514,809.4886
565,694.05884,812.1287
566,692.8458,808.89044
567,687.1897,803.30896
568,682.4778,799.02783
569,684.5254,794.12225
570,692.52155,785.2482
571,695.2791,776.02374
572,685.6368,771.15106
573,671.5968,768.513
574,662.4939,767.04297
575,657.55,770.03644
576,655.1694,778.6485
577,660.8726,790.1125
578,678.7605,799.51746
579,700.98444,802.43207
580,715.54895,797.5095
581,721.5048,788.54144
582,725.5703,780.76404
583,729.3629,774.6945
584,729.4678,771.1295
585,724.69086,774.10254
586,718.05725,781.1544
587,713.65497,783.85315
588,713.06573,780.40344
589,714.5939,776.37756
590,715.8059,774.8909
591,717.7609,772.0031
592,722.92426,763.5995
593,728.5234,755.015
594,729.9916,754.392
595,727.3355,759.9371
596,723.33887,763.4434
597,720.7106,760.0757
598,719.5137,752.66614
599,717.57104,750.3818
600,715.3421,758.81586
601,715.74506,771.921
602,720.2704,778.3873
603,726.9875,774.95624
604,731.2456,770.6944
605,731.2149,773.97125
606,729.918,779.8732
607,729.5331,780.2866
608,729.4428,777.588
609,729.0616,777.40436
610,728.62854,775.93475
611,728.56555,766.5741
612,729.3956,756.2282
613,733.1193,759.05554
614,744.3147,774.59924
615,763.73083,789.1432
616,780.3022,795.95233
617,783.85315,794.3044
618,781.47015,776.89764
619,783.44165,745.27893
620,788.7221,719.7638
621,792.05664,712.4859
622,789.06793,713.77234
623,783.00757,708.7354
624,788.78796,690.75745
625,817.5859,667.5024
626,860.604,657.97095
627,891.98083,671.5878
628,893.77576,695.9076
629,878.4298,712.22754
630,870.2019,714.3177
631,871.65564,709.5814
632,871.84906,706.0178
633,866.8469,705.1624
634,849.05115,708.97235
635,811.9529,719.96313
636,777.77106,733.23834
637,775.5752,741.49677
638,798.77997,745.03033
639,820.5163,746.42596
640,824.06,745.84674
641,805.7308,746.971
642,777.6775,753.8332
643,759.3429,765.64954
644,752.9505,783.3504
645,744.442,808.47375
646,728.8842,831.4791
647,715.61584,837.58966
648,711.2458,826.6218
649,713.3778,813.4053
650,714.944,809.2366
651,710.53,811.717
652,703.0666,811.43506
653,699.6165,803.59784
654,702.84973,792.1027
655,711.3163,783.02515
656,724.0537,778.09595
657,740.2039,777.03436
658,755.1341,778.2596
659,762.7878,776.85034
660,762.83636,772.92084
661,762.27563,772.7455
662,767.68475,774.0623
663,778.40686,771.2909
664,790.48895,771.5974
665,801.4498,781.7843
666,809.3488,792.3877
667,813.7016,791.782
668,817.2249,783.4745
669,821.74097,779.90857
670,822.4698,786.4136
671,813.48645,796.27795
672,797.93805,800.19366
673,784.6159,796.73315
674,778.887,787.727
675,780.8103,774.8932
676,786.65356,768.07874
677,792.0747,777.5202
678,795.45026,798.88635
679,796.8499,818.735
680,794.1557,827.7115
681,784.2029,825.5124
682,771.47534,826.11444
683,769.47516,846.51764
684,785.08704,867.61707
685,806.30225,859.03394
686,812.5943,844.59937
687,795.1456,858.1969
688,764.24725,883.4627
689,740.14526,894.8465
690,739.6599,892.5489
691,764.3349,886.1434
692,792.0821,881.98865
693,795.3776,883.16785
694,777.28217,886.9136
695,764.14014,883.0075
696,765.3368,866.26794
697,767.5422,848.1176
698,759.68353,842.04364
699,747.5379,844.41797
700,743.31433,844.6847
701,747.85046,842.30054
702,752.76556,840.92145
703,754.0234,840.0008
704,753.74664,837.44727
705,752.9237,832.6197
706,749.3564,826.40125
707,743.86694,818.9378
708,742.9617,809.7517
709,750.026,800.59705
710,758.79144,794.0293
711,761.30927,791.5703
712,758.62054,793.7597
713,758.9017,799.25525
714,766.2613,804.511
715,776.62537,804.1151
716,783.8331,798.0185
717,783.7039,800.6909
718,775.10315,823.6791
719,763.6311,842.4383
720,759.96045,818.8414
721,765.1537,767.0779
722,765.77765,743.262
723,755.56024,766.81415
724,745.84814,801.61194
725,746.9875,810.0748
726,758.2624,794.87317
727,771.8078,784.8809
728,777.09247,794.3442
729,773.1919,810.7004
730,770.47473,818.3397
731,773.8022,814.2396
732,777.66724,802.27563
733,777.0542,788.03784
734,773.11676,776.4584
735,768.5178,770.1516
736,762.3531,770.0587
737,753.6561,774.1441
738,745.31696,776.7538
739,740.30914,772.6841
740,739.58624,763.5941
741,743.93365,756.96375
742,751.453,756.6042
743,755.6234,759.65625
744,752.72833,764.2081
745,749.9593,770.1541
746,760.29913,769.4678
747,786.7731,755.0645
748,815.54974,740.1349
749,827.3386,744.9147
750,814.3004,771.08246
751,789.7376,801.37506
752,776.2768,815.52124
753,778.8275,807.4178
754,785.6983,787.5861
755,793.39795,768.1304
756,803.84546,754.33453
757,807.9007,748.4369
758,800.0435,749.0545
759,792.0635,750.72345
760,788.95984,754.15186
761,776.3856,768.4325
762,750.4264,795.0928
763,734.3367,819.5055
764,744.17096,827.57446
765,760.3243,824.66205
766,759.91235,823.1623
767,751.1589,819.7287
768,752.0489,806.2421
769,762.9245,789.1132
770,774.01624,780.4664
771,778.5984,785.7281
772,772.6699,802.28485
773,756.20416,821.377
774,739.0829,836.36127
775,736.618,846.4134
776,753.20917,849.6712
777,774.5928,844.3667
778,786.22,834.2854
779,790.4328,822.4915
780,793.6761,807.4797
781,794.88776,789.92645
782,790.944,775.85565
783,782.4364,771.6093
784,774.6943,779.6505
785,768.2182,797.8252
786,755.784,816.96375
787,738.9891,824.60675
788,731.9995,817.50433
789,742.22186,804.96564
790,759.048,796.60785
791,765.1162,793.0309
792,754.4489,789.2925
793,735.20215,779.7604
794,716.7555,760.52246
795,702.6607,734.4557
796,694.05676,716.1425
797,692.764,724.64856
798,700.3879,761.99835
799,713.2933,803.6187
800,724.5669,821.713
801,733.58655,814.22815
802,741.3372,799.52484
803,742.49036,790.1603
804,735.3299,785.8327
805,727.973,786.0409
806,728.13556,798.86346
807,733.5751,830.9927
808,735.30316,863.1075
809,732.40753,858.7986
810,734.41907,819.73755
811,744.0357,790.3672
812,756.95844,792.43823
813,772.39325,807.1109
814,783.98846,817.94666
815,781.0454,825.43774
816,764.29456,830.6603
817,742.938,831.2643
818,726.3432,826.5778
819,721.17224,818.838
820,725.7049,811.8067
821,733.7804,807.39703
822,745.83777,800.61456
823,764.4582,783.96204
824,780.6306,767.7011
825,781.9912,778.81445
826,773.63745,821.68085
827,767.13464,864.6981
828,759.1892,879.0346
829,746.1836,866.8782
830,739.8145,850.0086
831,751.4379,848.226
832,772.5185,863.99976
833,780.13153,881.28546
834,768.228,881.28625
835,760.4816,857.34406
836,772.9206,821.5507
837,785.73645,796.8523
838,777.46704,794.93646
839,757.681,808.0176
840,744.2662,823.18866
841,737.3598,836.9023
842,727.97876,852.21515
843,714.3854,868.0011
844,702.87537,879.2171
845,698.2608,883.96063
846,698.9551,885.2858
847,701.821,886.67645
848,706.75214,886.61084
849,712.13116,882.1413
850,711.7319,876.28455
851,703.48474,874.0762
852,694.42065,874.7397
853,690.68634,874.52954
854,691.9518,874.87067
855,699.93805,880.6755
856,715.9487,882.40326
857,726.3733,860.0523
858,717.41077,826.85736
859,699.1104,820.1196
860,687.7791,838.7175
861,683.99786,852.32355
862,680.5784,850.77966
863,673.52094,842.929
864,669.6573,837.6326
865,689.9384,837.1308
866,744.68274,834.0033
867,803.1247,824.2535
868,820.59906,819.80615
869,794.98846,828.6923
870,763.4712,839.89124
871,753.26874,842.2102
872,763.08276,837.83344
873,778.45135,833.2055
874,780.8936,832.45074
875,761.1995,837.3088
876,734.34644,844.5978
877,719.10333,849.6327
878,717.06177,851.6251
879,725.56757,849.2745
880,742.8447,839.7336
881,758.92084,826.4541
882,763.82367,818.20337
883,758.46106,819.7906
884,748.3885,829.28687
885,737.5828,839.4443
886,729.51624,841.9982
887,724.0297,837.7631
888,719.13727,836.0447
889,721.23,838.6744
890,738.8396,836.5737
891,764.6597,826.68536
892,779.65436,818.6276
893,773.64594,821.22406
894,751.2203,832.6486
895,723.809,843.63715
896,704.1117,846.7476
897,700.0028,843.18835
898,707.4755,839.24286
899,714.31366,838.5894
900,712.6544,841.2143
901,704.9145,846.38116
902,697.5943,853.08453
903,694.9296,858.73615
904,699.9907,858.3011
905,713.7535,847.6072
906,730.4409,833.0317
907,741.8886,828.1565
908,746.0935,835.0546
909,745.1819,844.23254
910,739.8531,850.4992
911,731.3706,854.7904
912,725.62006,855.6961
913,729.58057,848.1619
914,742.3853,833.18665
915,754.4384,821.3513
916,759.0162,818.37054
917,757.98505,818.968
918,752.4324,820.3076
919,742.0107,825.2383
920,734.66516,830.5066
921,739.5208,827.01544
922,753.18933,814.6557
923,765.4968,804.60175
924,772.91125,802.6934
925,777.66376,803.8355
926,779.0235,804.93054
927,772.0024,808.23663
928,753.81,813.28394
929,730.87274,817.56024
930,714.3892,821.19977
931,707.8619,824.661
932,706.03595,829.0814
933,702.10754,837.6234
934,694.7662,845.5618
935,695.9467,839.641
936,718.44464,817.9926
937,745.7453,799.9838
938,745.0659,807.5621
939,717.2097,836.70715
940,692.7348,861.55316
941,687.28796,869.9324
942,696.92316,868.6771
943,712.58435,856.17114
944,719.25256,827.63434
945,712.08856,803.7733
946,714.5558,804.6989
947,747.8137,813.4526
948,789.584,812.99164
949,799.652,813.5876
950,774.93365,822.4892
951,744.92755,832.18634
952,732.9947,833.013
953,741.2668,820.289
954,754.91797,800.2045
955,758.91656,784.78955
956,753.03485,776.6551
957,745.3677,770.1753
958,741.11816,763.1035
959,743.9091,754.1701
960,755.15045,739.5447
961,767.29956,721.74646
962,770.0372,713.6212
963,764.38153,723.4629
964,760.00464,740.94086
965,760.30493,748.7523
966,760.679,740.8314
967,758.9936,722.8021
968,756.34045,706.67914
969,754.53705,702.52826
970,757.999,707.72046
971,766.3807,712.70184
972,773.17413,714.3307
973,777.55994,716.1219
974,781.5958,722.03894
975,779.5732,734.10864
976,769.5407,751.15704
977,761.19354,770.2066
978,754.1911,792.51166
979,737.8658,819.6104
980,716.9427,843.745
981,704.4568,855.20715
982,701.6949,854.17346
983,702.56726,848.2065
984,702.56116,843.8159
985,700.0674,842.28516
986,697.6327,842.09564
987,701.98706,841.82605
988,716.75195,837.3387
989,736.9703,823.8624
990,754.60785,806.70984
991,765.24524,798.08307
992,772.3168,798.45996
993,781.93835,797.2518
994,787.0407,792.9772
995,776.1622,794.0144
996,756.68933,802.7784
997,742.7888,814.5566
998,735.65924,824.8787
999,732.23535,830.2966
1000,731.67413,830.81866
1001,728.99524,833.5394
1002,720.1113,843.9704
1003,710.3406,856.8468
1004,706.4469,864.6774
1005,707.2485,866.1037
1006,708.1596,860.67786
1007,707.7212,846.2453
1008,706.2632,825.54333
1009,702.8989,810.44415
1010,696.95764,810.48804
1011,689.7113,818.61523
1012,683.49835,821.14233
1013,681.0409,815.4571
1014,683.9356,808.0187
1015,690.0659,804.14526
1016,695.9781,804.1658
1017,701.23804,806.02295
1018,706.3431,808.4823
1019,710.0694,809.53076
1020,711.765,806.29285
1021,712.7182,799.35645
1022,713.82556,792.95245
1023,714.23,789.9652
1024,714.2187,789.8911
1025,716.72894,791.7403
1026,721.9359,796.596
1027,720.94995,807.2984
1028,703.48987,824.0939
1029,677.171,839.2894
1030,663.0377,843.6181
1031,667.0786,838.15063
1032,678.5407,830.986
1033,693.7899,826.6699
1034,719.30756,823.92
1035,753.61816,819.53424
1036,782.1601,813.38873
1037,791.47974,808.90015
1038,782.327,808.37396
1039,769.2727,809.51135
1040,764.0838,808.95276
1041,759.9896,808.8856
1042,744.8657,813.301
1043,723.5582,819.2499
1044,710.0402,820.3779
1045,707.53796,816.9101
1046,709.0263,814.4837
1047,707.9028,814.6139
1048,703.4372,814.26666
1049,699.3375,811.9475
1050,697.32544,807.736
1051,694.3509,802.45746
1052,688.0987,799.1538
1053,684.1739,801.6374
1054,695.33923,810.7566
1055,726.5781,822.5727
1056,760.7397,831.56055
1057,774.0403,833.03705
1058,763.7992,824.48566
1059,746.2803,812.0276
1060,736.5345,806.28546
1061,744.6468,805.4354
1062,784.80756,793.6136
1063,859.0522,762.83356
1064,926.19366,729.6167
1065,931.5865,712.672
1066,874.5341,705.5454
1067,802.07056,695.9956
1068,747.71906,689.1856
1069,714.82996,691.0814
1070,699.59186,689.13446
1071,698.68256,671.0647
1072,703.32367,653.87787
1073,705.6363,659.573
1074,708.8335,677.38104
1075,720.5731,686.19543
1076,741.425,683.90466
1077,764.70667,677.243
1078,782.81104,670.8882
1079,793.9464,667.9182
1080,803.82587,668.0172
1081,819.53467,668.11914
1082,842.5211,667.88965
1083,865.85535,669.7116
1084,873.8328,672.54333
1085,853.8753,672.0032
1086,816.48706,667.51886
1087,780.4409,668.4175
1088,746.029,692.01013
1089,714.035,744.3062
1090,697.998,804.5711
1091,697.4951,846.8309
1092,694.31134,865.3082
1093,677.1046,867.4256
1094,652.66925,863.4138
1095,636.2984,860.97906
1096,643.2613,850.3427
1097,682.32104,812.45337
1098,736.4345,756.03284
1099,771.38403,714.7486
1100,776.73395,703.08923
1101,768.83453,707.35046
1102,763.14624,711.08563
1103,764.9124,708.8505
1104,772.8632,704.0838
1105,782.85846,701.76117
1106,790.1757,703.34924
1107,791.5261,707.3844
1108,787.4659,712.1313
1109,781.8401,717.0022
1110,780.3022,722.2198
1111,788.43286,727.8278
1112,807.0671,733.89044
1113,830.56006,739.5692
1114,844.66626,739.0675
1115,819.4837,727.2595
1116,736.4284,715.7458
1117,633.4732,724.4751
1118,560.3953,755.49615
1119,514.12885,797.3902
1120,485.60522,840.02875
1121,492.76453,870.99713
1122,539.85095,882.21576
1123,611.85077,879.642
1124,683.98975,872.24225
1125,722.08954,861.93256
1126,711.1859,847.8746
1127,669.8604,832.0572
1128,630.01526,819.72986
1129,620.3534,816.238
1130,651.30536,822.15717
1131,701.7675,829.4018
1132,740.6191,827.90857
1133,761.87714,819.87335
1134,774.1216,816.8261
1135,771.73535,822.8149
1136,750.44696,831.5535
1137,729.14374,836.07355
1138,727.8422,831.5293
1139,746.68207,812.2834
1140,772.7194,780.1794
1141,787.38074,753.15607
1142,781.82104,749.5479
1143,769.0697,767.4945
1144,763.40814,786.0763
1145,763.5962,785.7059
1146,759.34326,769.3841
1147,733.56213,752.2507
1148,682.3959,735.63025
1149,631.27045,721.73035
1150,597.25806,730.689
1151,575.2951,764.3266
1152,570.90753,792.1273
1153,594.13336,795.4279
1154,630.9432,785.982
1155,651.9704,780.3937
1156,642.3323,781.84985
1157,613.07983,785.5598
1158,586.73193,788.8312
1159,576.3219,792.1376
1160,580.043,796.8532
1161,589.7263,802.3586
1162,597.9877,804.3828
1163,601.75275,799.71796
1164,602.7459,791.0581
1165,604.33966,784.13934
1166,608.55133,781.503
1167,615.5248,781.7009
1168,624.539,782.7636
1169,633.6308,783.50256
1170,638.14294,783.53107
1171,633.5009,783.6967
1172,621.10394,784.8478
1173,608.4291,786.4654
1174,601.3602,788.04706
1175,598.9554,790.12555
1176,597.76245,792.9416
1177,597.25165,795.9061
1178,598.4752,798.1922
1179,600.7473,799.6562
1180,601.6351,801.26953
1181,599.63776,803.37885
1182,596.0568,804.722
1183,593.5376,804.1686
1184,593.17535,802.035
1185,592.23566,799.7741
1186,584.25195,798.9595
1187,566.97876,800.06354
1188,559.56226,799.48987
1189,608.92004,786.62305
1190,718.8244,758.6421
1191,778.02185,739.3959
1192,703.6078,750.024
1193,584.7237,773.8773
1194,529.2508,787.0253
1195,528.7511,790.23676
1196,541.91516,792.02527
1197,560.1607,792.96436
1198,586.17865,791.863
1199,612.1535,791.65027
1200,621.74835,796.02094
1201,609.4651,803.48663
1202,593.3008,806.7256
1203,593.1706,801.2654
1204,601.6213,794.50574
1205,597.14655,797.405
1206,578.93146,808.20795
1207,567.0033,814.9496
1208,573.66833,811.1594
1209,589.8046,801.1401
1210,600.7493,793.2265
1211,610.2715,793.86346
1212,634.895,804.69574
1213,671.37646,818.5253
1214,695.8352,824.73535
1215,698.89624,822.3978
1216,694.2449,818.7417
1217,695.0239,818.4468
1218,699.4478,821.0531
1219,695.9995,822.48193
1220,680.35425,816.4457
1221,669.70355,798.2405
1222,680.06946,773.8725
1223,689.43677,762.12604
1224,670.46484,772.27625
1225,640.5736,794.38824
1226,628.274,821.1739
1227,629.8729,848.13617
1228,628.754,862.6087
1229,622.13416,857.48395
1230,615.59784,837.56256
1231,607.9871,814.73773
1232,593.70935,802.86224
1233,576.76276,803.53235
1234,571.31366,804.3035
1235,584.7601,796.3223
1236,607.44507,786.1991
1237,626.7122,789.7724
1238,643.0147,812.918
1239,661.4143,840.9685
1240,680.4447,854.4248
1241,694.0836,849.7922
1242,694.49176,836.94336
1243,679.55817,827.06525
1244,660.4811,828.31726
1245,654.41364,841.2229
1246,671.2846,854.27783
1247,704.245,843.56726
1248,726.7437,791.7397
1249,719.01733,723.9417
1250,699.996,689.1434
1251,704.7176,696.62695
1252,736.28754,722.1588
1253,766.12195,761.92645
1254,777.22455,822.69305
1255,783.28424,875.20514
1256,802.39703,874.7094
1257,826.7183,820.40717
1258,836.95844,760.0463
1259,837.0117,753.4981
1260,832.19867,822.3895
1261,806.7294,908.43097
1262,765.5992,921.7046
1263,741.23065,843.9769
1264,744.32904,742.95026
1265,763.55743,690.1167
1266,800.4842,693.8338
1267,864.99084,713.6385
1268,948.1008,722.8004
1269,1007.91736,735.1917
1270,995.08594,769.45685
1271,912.0855,809.4267
1272,813.8829,823.82477
1273,745.415,809.9711
1274,716.0809,787.17346
1275,722.5132,758.88153
1276,762.32996,714.9775
1277,817.54205,677.925
1278,854.75104,692.4045
1279,859.4334,749.79376
1280,844.9079,796.9419
1281,829.1455,813.8084
1282,822.67395,817.3665
1283,826.3013,819.85364
1284,828.7095,817.0625
1285,819.1155,800.54395
1286,797.09534,769.4945
1287,764.83905,728.5045
1288,733.1391,684.8085
1289,720.18555,650.39087
1290,724.77295,633.4211
1291,729.67413,627.28516
1292,728.33575,619.2583
1293,723.391,611.24457
1294,716.4453,618.6549
1295,712.18915,642.6658
1296,717.1279,661.8789
1297,731.8868,663.44135
1298,748.39215,659.58307
1299,756.74695,661.4422
1300,760.6358,662.51886
1301,775.0193,658.16864
1302,802.8198,656.8614
1303,831.5011,664.117
1304,853.8565,672.99664
1305,871.20404,673.888
1306,878.04004,665.4442
1307,866.1474,655.2954
1308,843.99316,651.57697
1309,828.29675,653.5527
1310,819.4031,652.21783
1311,808.6714,642.7895
1312,799.50433,634.317
1313,801.28723,639.8522
1314,812.5186,654.95764
1315,823.73267,660.36127
1316,826.2507,650.76764
1317,817.73987,640.23517
1318,810.5063,639.5031
1319,814.1274,645.2415
1320,814.8016,647.43176
1321,802.029,641.31476
1322,792.165,633.7517
1323,802.78296,636.6421
1324,830.1897,652.77203
1325,858.3142,669.52423
1326,871.05457,672.3779
1327,868.19147,662.0366
1328,870.1403,652.02325
1329,874.0131,660.32
1330,840.9258,703.78345
1331,781.5421,768.7394
1332,772.31586,799.35846
1333,836.409,774.90375
1334,909.20874,750.3273
1335,929.0436,765.5641
1336,888.1977,798.2597
1337,823.25,819.2817
1338,783.2982,824.6151
1339,785.18726,822.3054
1340,803.6364,818.9369
1341,809.97955,815.7337
1342,801.5467,811.8826
1343,790.6525,810.3805
1344,788.0359,814.04266
1345,797.42145,817.7163
1346,812.05927,815.8041
1347,823.8167,811.6246
1348,835.8368,810.0582
1349,856.8454,809.869
1350,883.8818,808.2799
1351,896.24725,805.90234
1352,880.8138,805.6053
1353,857.7062,808.399
1354,857.60376,810.7197
1355,884.87555,807.7407
1356,917.5482,799.669
1357,931.28577,792.37305
1358,916.738,790.9747
1359,886.6266,793.853
1360,869.93536,795.1686
1361,882.9114,792.635
1362,907.86725,788.5058
1363,913.29626,785.2457
1364,896.50195,784.3477
1365,890.8572,785.1376
1366,916.03467,783.3558
1367,947.6111,777.93933
1368,952.743,775.5603
1369,930.2685,778.94385
1370,904.6559,781.081
1371,894.6382,778.09436
1372,899.1507,774.2313
1373,909.938,772.7424
1374,923.9922,772.5485
1375,936.3548,772.8752
1376,935.32465,774.0087
1377,922.34656,773.26483
1378,917.2693,766.8176
1379,927.7205,756.5274
1380,935.2712,748.94836
1381,922.4379,746.529
1382,900.3288,742.62177
1383,895.4749,729.5963
1384,911.38654,712.9099
1385,926.67535,705.63556
1386,930.9542,709.79095
1387,930.16797,717.145
1388,923.46484,720.7777
1389,909.98505,718.0081
1390,902.0198,711.62915
1391,907.55963,708.6314
1392,917.1299,711.0694
1393,905.40533,710.34076
1394,848.7963,698.34503
1395,770.611,683.1116
1396,741.56195,679.10876
1397,800.73224,686.071
1398,896.6527,694.5944
1399,937.10364,700.3296
1400,895.3475,701.66876
1401,829.7091,699.0521
1402,802.769,697.8545
1403,821.143,700.3315
1404,851.9487,699.48096
1405,867.06433,692.48145
1406,856.90845,691.73553
1407,829.37823,705.4623
1408,808.1361,721.7518
1409,807.75195,728.592
1410,819.1712,730.7128
1411,828.27313,736.32635
1412,829.07513,741.4955
1413,822.6195,736.3444
1414,816.0175,721.9859
1415,817.895,708.59216
1416,829.0152,702.492
1417,833.4009,715.9927
1418,812.5444,760.8361
1419,787.12244,809.05884
1420,800.8312,822.23474
1421,838.3496,814.63477
1422,837.94934,819.70026
1423,789.91144,836.4796
1424,738.72864,848.71967
1425,711.7948,852.77637
1426,702.8759,853.7124
1427,699.9103,853.791
1428,699.35345,851.48004
1429,701.24445,847.6435
1430,703.5625,846.15936
1431,703.83936,848.80554
1432,702.3049,852.6254
1433,700.61145,852.6198
1434,699.3136,848.6817
1435,698.3505,846.52484
1436,697.5494,849.12006
1437,696.3394,855.2183
1438,696.05646,862.1385
1439,702.9418,859.788
1440,724.0988,838.23444
1441,758.42346,811.485
1442,794.71716,806.50574
1443,812.8821,823.95154
1444,795.79065,841.64056
1445,757.23944,848.62134
1446,730.4629,850.14996
1447,722.9464,853.4186
1448,721.0967,859.6736
1449,721.91864,864.52625
1450,729.30725,864.45386
1451,741.20416,860.0423
1452,751.4068,854.42944
1453,753.71924,851.56555
1454,748.54285,852.79816
1455,751.4756,854.0531
1456,784.2579,849.0988
1457,846.1733,836.0177
1458,908.66815,818.8182
1459,941.7984,805.5269
1460,936.6266,802.84875
1461,911.3145,808.5622
1462,895.5973,814.9092
1463,902.10297,815.9472
1464,909.0486,805.17993
1465,880.2549,778.92706
1466,819.43823,745.48486
1467,771.59576,718.06116
1468,756.7102,702.8197
1469,755.60205,697.93365
1470,753.19543,697.0303
1471,752.6659,695.04895
1472,770.53546,689.95166
1473,823.26514,682.6
1474,891.0141,678.3759
1475,923.90076,680.37225
1476,907.1278,688.62683
1477,877.24603,705.27075
1478,865.05865,725.3521
1479,863.3623,737.4247
1480,852.0666,742.0442
1481,829.41534,748.3869
1482,813.1172,755.39276
1483,814.6775,756.7246
1484,824.5685,754.1195
1485,831.986,751.4497
1486,841.3206,746.574
1487,854.8576,739.87354
1488,854.7253,746.73474
1489,816.7932,785.5579
1490,754.0373,837.9361
1491,728.57697,844.7147
1492,771.31744,780.96124
1493,830.539,700.2954
1494,854.64484,662.50964
1495,852.7856,665.6904
1496,848.7498,675.42267
1497,845.5195,672.3595
1498,839.90985,660.5263
1499,843.2726,660.1724
1500,877.21326,689.5481
1501,931.5799,739.35114
1502,961.2934,780.9955
1503,962.23676,797.9678
1504,980.7472,791.03577
1505,1028.1487,768.7566
1506,1066.6333,746.0089
1507,1061.8613,738.8731
1508,1009.14044,749.6175
1509,947.9618,761.8361
1510,931.73364,761.76416
1511,962.7208,754.3545
1512,1002.4386,748.5963
1513,1023.8429,742.72107
1514,1020.8786,731.3504
1515,1001.74396,717.40344
1516,982.4985,711.70483
1517,976.218,720.57074
1518,986.3924,738.7051
1519,998.1184,759.4592
1520,990.6853,781.2104
1521,976.8995,797.1082
1522,994.76385,795.63367
1523,1044.1527,778.0857
1524,1079.9683,759.0532
1525,1076.3713,746.75714
1526,1047.398,737.6797
1527,1013.75525,727.90247
1528,985.11444,717.6809
1529,962.43097,709.19495
1530,945.5225,702.1641
1531,936.6365,689.62134
1532,938.0941,667.51904
1533,949.63745,646.7839
1534,964.0685,642.80554
1535,969.8832,654.96497
1536,963.13715,666.15027
1537,948.2147,668.6882
1538,922.31586,677.73944
1539,878.1637,702.86865
1540,827.6289,729.20776
1541,796.7016,739.24335
1542,793.67426,732.8017
1543,801.254,725.6412
1544,802.0957,730.39435
1545,795.74414,740.7997
1546,788.11804,745.90564
1547,782.8905,743.1739
1548,782.16895,732.3947
1549,786.7201,716.2376
1550,795.6014,703.00616
1551,802.8532,699.5325
1552,799.8155,705.41833
1553,784.6633,717.6281
1554,767.19244,733.5815
1555,760.6321,747.37024
1556,768.20654,752.2367
1557,781.5875,747.48645
1558,788.3889,740.9485
1559,783.918,743.1237
1560,778.2045,756.5225
1561,781.6843,772.94
1562,791.6044,779.60986
1563,798.11035,771.0544
1564,794.006,758.63385
1565,782.46106,756.0413
1566,774.763,758.9204
1567,776.6557,755.3274
1568,787.38086,741.0481
1569,808.69965,717.7288
1570,837.7874,695.1081
1571,855.0041,689.80023
1572,840.43555,711.03546
1573,801.78925,748.2956
1574,769.6789,772.42535
1575,768.88214,763.93256
1576,794.375,740.40924
1577,814.6353,731.622
1578,808.90875,740.5257
1579,789.6242,753.24585
1580,778.9606,760.4897
1581,783.5248,751.1973
1582,795.08704,719.28253
1583,795.5899,695.9282
1584,770.911,734.59204
1585,735.98816,823.9187
1586,725.56274,876.6624
1587,754.71265,849.0644
1588,802.92896,785.5128
1589,834.467,734.2555
1590,832.6205,707.7905
1591,811.4183,711.45435
1592,790.53015,739.07544
1593,777.43756,757.89166
1594,781.2497,743.8379
1595,808.5923,712.2343
1596,843.1954,692.46246
1597,863.1532,691.38904
1598,864.9345,698.7185
1599,857.6905,714.52075
1600,849.98456,741.2332
1601,843.05023,764.8944
1602,836.51044,773.8395
1603,833.71265,773.41095
1604,836.6618,771.6145
1605,845.7452,769.67206
1606,857.24524,768.5243
1607,849.01544,777.4534
1608,792.4756,806.51404
1609,703.16284,848.82794
1610,638.58624,886.6693
1611,627.57074,909.9147
1612,660.56067,916.328
1613,739.8458,905.7117
1614,868.37933,876.70294
1615,1002.8207,832.6218
1616,1057.9255,795.22955
1617,976.18396,790.1298
1618,814.6135,813.46564
1619,696.1257,837.672
1620,648.4673,843.8058
1621,601.549,831.933
1622,526.3191,816.1175
1623,450.22784,811.4258
1624,378.35764,815.7062
1625,314.55746,813.3287
1626,322.2366,797.7464
1627,461.28665,785.5688
1628,669.9968,800.7183
1629,805.42316,837.3697
1630,787.37585,858.10425
1631,631.31464,840.6153
1632,425.7389,806.1383
1633,287.37122,786.8196
1634,254.65398,783.017
1635,278.2499,774.42505
1636,312.45132,753.9175
1637,345.1171,730.893
1638,374.19897,717.7268
1639,399.13892,721.9768
1640,421.20844,740.876
1641,441.8337,761.7237
1642,463.2875,773.6752
1643,485.4059,776.6262
1644,501.2562,778.2501
1645,503.7196,786.66846
1646,493.84125,805.1434
1647,479.22333,830.26044
1648,469.6822,851.2291
1649,471.7436,856.23486
1650,481.36792,846.4872
1651,488.6203,836.545
1652,490.33865,837.5142
1653,490.45483,846.4512
1654,489.2968,854.3105
1655,479.73468,859.05994
1656,464.77115,861.5349
1657,489.11487,851.34216
1658,613.2765,820.7153
1659,812.6276,791.0317
1660,975.0301,784.4568
1661,1031.2097,784.7422
1662,1002.2179,770.66724
1663,938.4545,754.3749
1664,872.4608,761.06836
1665,814.7218,796.3182
1666,785.60803,833.6821
1667,812.46906,837.6985
1668,875.6728,813.93774
1669,919.7698,805.5044
1670,917.97473,823.96906
1671,887.19165,831.50616
1672,864.6947,804.9956
1673,870.3766,768.28186
1674,874.5808,747.75085
1675,833.41046,740.34106
1676,757.4594,733.1676
1677,692.7711,717.39557
1678,666.0069,688.94104
1679,699.4151,665.19586
1680,784.11487,676.6721
1681,847.34283,721.1829
1682,845.85443,761.77563
1683,812.4905,774.96423
1684,785.7993,768.04297
1685,774.33575,756.3572
1686,772.1356,746.0235
1687,769.8778,735.77875
1688,760.493,729.50714
1689,754.67474,745.7509
1690,788.1475,796.2665
1691,884.5252,847.8615
1692,998.31006,852.0373
1693,1042.1432,814.1149
1694,998.9389,775.5795
1695,931.698,751.9026
1696,885.76917,735.3498
1697,869.13696,727.75397
1698,874.6603,733.853
1699,877.05237,743.08673
1700,861.76483,743.3632
1701,839.6862,735.7136
1702,820.3865,726.03253
1703,804.5784,715.46967
1704,793.53906,701.4833
1705,788.5076,685.61884
1706,787.8355,674.073
1707,790.31134,668.95654
1708,797.2879,666.9776
1709,808.1154,664.9458
1710,818.1547,661.8241
1711,823.3351,658.61725
1712,823.1652,656.5044
1713,821.6945,654.3665
1714,824.93335,649.89355
1715,828.9693,645.2058
1716,808.8162,655.5437
1717,740.44696,698.4346
1718,649.5644,760.0053
1719,597.88135,804.51587
1720,605.1027,822.41504
1721,630.6328,824.52466
1722,630.76263,811.5701
1723,604.69403,786.5052
1724,593.79675,759.5474
1725,640.97546,732.0213
1726,731.90784,713.7084
1727,792.4652,737.3706
1728,780.037,812.97675
1729,733.655,895.3873
1730,703.7053,936.22217
1731,696.8743,936.03876
1732,698.6595,922.48755
1733,699.2272,911.8949
1734,698.17065,905.3103
1735,699.539,899.82214
1736,703.35156,894.1312
1737,706.6945,889.4457
1738,709.5466,888.439
1739,713.7632,891.33185
1740,718.9954,895.0604
1741,722.3253,897.25476
1742,721.81055,898.3012
1743,718.237,899.85455
1744,713.22504,901.9448
1745,708.399,902.55206
1746,705.7704,900.92505
1747,706.4554,899.2535
1748,709.36646,899.7828
1749,712.56287,901.4532
1750,715.5646,901.61884
1751,718.5269,900.6368
1752,719.9731,900.9238
1753,718.65,901.82385
1754,716.3087,900.0754
1755,715.6864,895.30554
1756,717.2713,891.19965
1757,719.18805,891.11066
1758,719.6734,894.87
1759,719.2009,899.66956
1760,719.411,902.6663
1761,720.5372,902.43976
1762,720.9349,898.6315
1763,719.1316,892.49493
1764,715.7217,887.35504
1765,712.9383,885.9247
1766,712.6562,888.2304
1767,714.7687,891.6565
1768,717.27795,892.26227
1769,718.0683,889.4166
1770,716.7115,887.0231
1771,715.35925,887.65125
1772,718.5197,890.04877
1773,728.7791,892.1888
1774,741.91406,892.98285
1775,750.59296,892.2761
1776,750.566,891.0331
1777,741.89935,890.3931
1778,729.659,890.567
1779,721.38007,891.6567
1780,720.83386,892.8326
1781,725.4145,891.754
1782,728.2171,888.14374
1783,724.4527,884.37335
1784,722.5999,879.4361
1785,749.8325,864.55817
1786,811.4509,836.5982
1787,845.70825,815.03613
1788,804.63367,818.13666
1789,740.1799,833.63635
1790,715.5118,843.1904
1791,722.51776,847.2854
1792,729.7343,850.6706
1793,725.8461,852.7781
1794,714.2085,854.2771
1795,702.2582,856.9752
1796,695.98285,859.73724
1797,696.9512,860.76105
1798,701.5543,860.1681
1799,704.9402,858.15045
1800,705.7753,854.5145
1801,705.56573,849.37787
1802,705.5792,843.2604
1803,706.11206,837.8893
1804,707.37646,834.4292
1805,708.6815,832.32654
1806,708.15814,831.82104
1807,705.6729,833.4226
1808,703.1347,835.29626
1809,701.57007,834.43176
1810,700.7741,829.74634
1811,700.8212,822.8867
1812,701.834,816.782
1813,703.0549,813.74493
1814,703.6753,813.4806
1815,703.6094,813.09973
1816,702.5448,810.1597
1817,699.96106,804.9003
1818,696.3184,800.02563
1819,693.11224,799.1702
1820,691.76044,803.7976
1821,691.75256,812.21326
1822,690.54865,822.4743
1823,686.7642,833.31775
1824,682.11115,843.235
1825,678.6298,851.2881
1826,675.31476,856.652
1827,671.13574,854.972
1828,671.53656,838.9434
1829,689.1878,808.0443
1830,725.2311,774.6922
1831,747.73444,756.2908
1832,728.62524,757.58594
1833,690.9983,765.3848
1834,671.3959,769.6495
1835,671.67224,775.3303
1836,676.5591,789.2222
1837,686.1854,812.11505
1838,711.8064,838.6854
1839,746.04626,858.48975
1840,766.29443,865.459
1841,767.2528,864.991
1842,760.82996,865.76605
1843,754.95874,869.4644
1844,751.36255,872.4852
1845,751.4274,872.615
1846,756.58856,869.1601
1847,766.3497,861.20996
1848,775.2052,852.167
1849,777.0153,848.31647
1850,773.2704,850.6295
1851,766.38184,855.5769
1852,750.6376,858.0079
1853,723.8256,854.23096
1854,698.87994,850.1042
1855,684.42706,853.07526
1856,654.1631,854.0881
1857,576.85815,837.50543
1858,502.31448,807.02594
1859,531.8864,785.38586
1860,650.58746,791.739
1861,719.50305,823.2678
1862,680.78455,856.7952
1863,618.2198,873.4388
1864,611.4485,874.86066
1865,659.6257,871.8524
1866,720.24994,871.60455
1867,757.003,875.7358
1868,766.2751,880.8852
1869,764.7746,882.35864
1870,763.08276,879.4418
1871,762.7284,875.9798
1872,763.017,875.15967
1873,763.86847,876.0036
1874,765.32294,877.02014
1875,766.4502,878.727
1876,766.7336,880.9179
1877,766.466,882.5691
1878,765.9138,883.72534
1879,765.4741,884.61584
1880,765.44025,884.42865
1881,766.3524,882.361
1882,769.18427,878.1822
1883,773.09106,872.2213
1884,775.70276,867.1953
1885,777.33234,867.0
1886,779.9969,872.5966
1887,782.49585,879.4033
1888,782.3485,879.69257
1889,790.0175,863.53326
1890,828.24475,823.3578
1891,881.65924,784.06683
1892,888.0484,790.6056
1893,833.0053,836.8959
1894,776.0836,875.59735
1895,757.06805,888.36774
1896,761.13666,888.07996
1897,766.7369,886.1068
1898,768.80743,885.1723
1899,768.0207,884.074
1900,765.2931,881.873
1901,763.8297,879.76074
1902,766.83325,878.23987
1903,773.4252,876.3123
1904,779.863,874.896
1905,783.8437,876.4641
1906,785.4427,880.4932
1907,785.7454,883.31433
1908,786.52,883.58167
1909,788.78687,883.4583
1910,791.38525,883.86176
1911,793.4477,883.6032
1912,795.8599,882.6121
1913,798.22675,881.7205
1914,798.9247,880.49994
1915,798.535,878.7687
1916,798.56287,877.8567
1917,798.81964,877.71576
1918,799.0353,877.1694
1919,799.7278,876.88837
1920,801.57697,877.79694
1921,805.3219,879.2695
1922,809.3462,879.99896
1923,809.8463,878.95044
1924,806.4763,877.0157
1925,802.7512,876.29895
1926,800.6318,876.6929
1927,799.8154,876.29614
1928,799.7499,874.6839
1929,799.6874,873.3215
1930,799.1881,873.94635
1931,797.5246,877.6046
1932,793.13,884.1906
1933,786.5404,891.6285
1934,780.7118,896.54596
1935,777.42267,897.30176
1936,776.0135,894.6069
1937,774.4897,889.9114
1938,772.0501,885.1699
1939,770.5826,881.85944
1940,771.68933,879.9716
1941,774.12354,878.5691
1942,775.6666,876.36383
1943,776.00934,873.04596
1944,776.62994,869.74084
1945,777.7984,867.3479
1946,778.0083,865.66846
1947,777.018,864.4666
1948,776.1337,865.01044
1949,774.9891,868.8762
1950,773.9347,872.2266
1951,784.2157,860.09686
1952,818.89856,822.6164
1953,858.04535,786.24976
1954,855.7887,788.4229
1955,796.4454,817.74054
1956,708.5435,835.94196
1957,633.66785,837.791
1958,600.10944,840.1527
1959,606.4878,847.2933
1960,631.46106,855.6576
1961,658.79517,865.7024
1962,681.5871,875.94403
1963,695.94293,880.601
1964,702.2506,878.52905
1965,705.47296,875.3551
1966,710.4102,876.14667
1967,718.45465,881.0008
1968,728.00616,887.47534
1969,736.76074,894.9715
1970,743.3892,902.84973
1971,747.723,906.98425
1972,750.1978,904.45703
1973,751.5756,898.053
1974,752.70245,893.2148
1975,753.94183,892.90753
1976,755.77747,895.38947
1977,758.3416,896.1947
1978,759.09436,892.3259
1979,754.7751,885.22296
1980,747.12524,879.7037
1981,742.24603,877.45294
1982,741.9618,871.9046
1983,739.18243,857.86194
1984,726.3449,844.3607
1985,708.1625,843.174
1986,696.76624,851.0595
1987,694.42804,857.79736
1988,693.9739,860.1199
1989,692.6842,859.7228
1990,697.65643,858.16754
1991,717.1017,856.3309
1992,744.43634,855.491
1993,761.99664,858.1332
1994,762.9132,863.3012
1995,754.55383,863.10706
1996,747.3471,852.72345
1997,747.74335,840.02014
1998,752.30304,836.10956
1999,752.45825,840.28644
2000,748.35645,841.7469
2001,746.44836,832.6082
2002,746.32996,816.0178
2003,743.35565,805.2559
2004,740.02496,809.85114
2005,742.1961,821.84344
2006,747.7903,829.42444
2007,751.66223,835.9492
2008,756.6505,846.32074
2009,768.084,852.0119
2010,783.50543,846.28894
2011,796.5597,833.8822
2012,804.58746,821.2904
2013,807.52405,814.3742
2014,806.6914,817.6488
2015,806.05975,828.0193
2016,807.9006,838.55927
2017,809.36487,846.4014
2018,806.40656,853.4558
2019,797.9758,861.8971
2020,787.7069,869.3795
2021,781.22064,873.7369
2022,779.92883,877.9398
2023,780.2947,883.25696
2024,778.68744,886.71454
2025,775.50323,887.13086
2026,774.44867,886.01086
2027,777.5162,885.9957
2028,782.24774,889.5601
2029,784.21875,893.9386
2030,782.2236,892.6093
2031,779.8602,885.0382
2032,780.49347,877.34247
2033,783.58954,874.2219
2034,786.0576,875.5336
2035,785.5298,878.1135
2036,782.78546,879.3092
2037,780.2881,879.0983
2038,780.1747,879.10223
2039,782.84033,880.1699
2040,785.3404,881.0843
2041,784.2784,881.13086
2042,780.5631,881.08795
2043,778.5638,881.46313
2044,780.50745,883.31244
2045,784.1597,887.2487
2046,786.5246,891.319
2047,786.7183,892.7595
2048,785.4829,890.97003
2049,784.5673,888.1711
2050,785.0204,886.0426
2051,785.8723,883.8524
2052,786.39594,882.1115
2053,787.0668,882.9369
2054,787.5444,885.3896
2055,786.8385,885.96454
2056,785.28595,883.70825
2057,784.54913,882.25806
2058,785.10425,886.5008
2059,785.89386,891.86127
2060,789.68604,873.95374
2061,804.6804,811.16205
2062,828.2283,738.5836
2063,836.6965,730.4947
2064,818.34216,793.4419
2065,795.4183,854.8502
2066,787.9248,872.10944
2067,791.089,864.9175
2068,795.4199,857.952
2069,798.1421,855.89636
2070,799.7723,855.50586
2071,801.4529,854.4094
2072,802.7328,852.27496
2073,802.1497,849.5129
2074,800.0992,846.298
2075,799.5156,842.3021
2076,803.3193,837.0837
2077,810.7717,831.60345
2078,817.91315,827.5635
2079,821.7637,824.47076
2080,821.8246,820.1438
2081,818.9642,813.546
2082,815.78467,805.50946
2083,816.33514,797.56323
2084,821.43134,790.5731
2085,826.3777,784.522
2086,826.7721,779.5173
2087,822.8506,776.292
2088,817.8904,774.70844
2089,814.9026,773.0888
2090,813.7997,770.43005
2091,813.7043,767.41394
2092,815.83417,764.95154
2093,819.0418,763.0328
2094,814.6913,760.39575
2095,791.05206,755.715
2096,752.0287,751.7712
2097,725.7441,756.7436
2098,732.5331,773.2483
2099,760.2111,787.7861
2100,789.323,784.54
2101,812.89655,767.2294
2102,828.1392,751.8259
2103,836.0326,743.8444
2104,843.0135,738.1555
2105,851.2935,732.57697
2106,855.7806,729.3287
2107,853.65857,728.946
2108,847.8658,729.5599
2109,840.39374,729.4528
2110,831.12,727.4748
2111,822.2453,723.037
2112,816.1814,718.37775
2113,809.5956,721.602
2114,796.35895,741.0036
2115,779.3085,769.5971
2116,773.7971,786.2406
2117,787.61194,778.2201
2118,794.7454,750.1565
2119,760.20386,714.4221
2120,706.81775,687.08466
2121,698.25446,681.1471
2122,739.26624,690.9182
2123,772.88666,698.1001
2124,771.0627,696.05664
2125,753.17554,692.5187
2126,738.2592,692.53394
2127,727.14264,693.07684
2128,715.9944,692.6005
2129,705.5984,693.6534
2130,699.2881,697.1857
2131,699.16504,702.7382
2132,704.9473,709.8932
2133,714.4956,715.8764
2134,725.25165,717.2033
2135,733.28577,714.5013
2136,733.97174,711.9044
2137,728.47833,712.4032
2138,723.1269,716.039
2139,720.80115,721.0592
2140,720.51807,725.19385
2141,721.15533,727.11597
2142,720.8073,727.2995
2143,717.6626,726.22754
2144,712.189,723.029
2145,706.4654,717.90344
2146,703.0559,713.6707
2147,704.27783,713.6324
2148,710.1727,718.68445
2149,717.0786,725.4519
2150,720.9153,729.0625
2151,721.5158,728.69507
2152,720.86255,727.24866
2153,719.6597,726.86554
2154,718.0241,727.2581
2155,717.25696,727.5775
2156,719.3327,728.4399
2157,723.94684,730.1811
2158,727.60046,730.9132
2159,727.6989,729.45435
2160,725.45953,727.2687
2161,723.5238,725.45953
2162,723.1911,723.4071
2163,724.3329,720.9295
2164,725.28925,719.45294
2165,722.3021,721.51624
2166,712.6878,726.59204
2167,705.94574,720.31134
2168,734.58386,675.79004
2169,830.418,591.2198
2170,964.2234,513.2307
2171,1046.6807,484.88672
2172,1033.0162,500.3187
2173,972.3882,535.96515
2174,919.5631,577.8436
2175,876.8752,612.8664
2176,836.07214,631.8932
2177,800.3317,639.1201
2178,768.26135,647.0248
2179,736.6356,664.09644
2180,710.90753,687.88763
2181,700.05,710.3821
2182,704.6775,725.9256
2183,717.552,732.1856
2184,732.32495,729.12683
2185,744.4941,718.16284
2186,747.60876,707.62244
2187,734.5402,725.31177
2188,721.80304,795.7841
2189,765.3149,884.64813
2190,888.15424,924.1627
2191,1024.0143,905.5042
2192,1104.9247,873.3108
2193,1135.7223,851.2562
2194,1153.8264,832.87726
2195,1179.2853,815.324
2196,1201.1846,806.3834
2197,1199.6635,808.0901
2198,1179.7223,812.1654
2199,1165.5797,812.9313
2200,1167.9688,812.13403
2201,1175.1241,811.7254
2202,1174.2694,812.5348
2203,1166.9493,815.8964
2204,1160.4159,819.7068
2205,1157.2623,819.62823
2206,1157.5063,815.7206
2207,1161.2843,812.424
2208,1166.8059,813.1332
2209,1171.2631,815.4815
2210,1175.2786,813.84625
2211,1178.7307,808.5463
2212,1174.5786,806.2018
2213,1160.7635,809.44763
2214,1148.8644,812.52563
2215,1148.0864,810.17786
2216,1154.8789,806.44586
2217,1163.5537,807.69965
2218,1169.7173,813.4477
2219,1166.108,820.19354
2220,1154.1033,825.91656
2221,1147.5194,829.2118
2222,1152.2964,828.0784
2223,1161.2805,820.68695
2224,1165.583,810.4321
2225,1156.4836,805.4977
2226,1133.6686,808.7164
2227,1110.5414,814.22797
2228,1099.1957,816.13074
2229,1101.3954,814.4631
2230,1108.5007,811.75116
2231,1108.5674,809.0529
2232,1102.6005,806.82214
2233,1100.9084,806.55426
2234,1105.9078,809.17773
2235,1108.2142,812.8439
2236,1098.7096,814.93085
2237,1082.3895,814.96564
2238,1071.8645,815.6879
2239,1074.4587,820.23834
2240,1087.1093,826.4513
2241,1090.355,831.42017
2242,1060.7439,838.8885
2243,1003.27875,851.2187
2244,956.31323,862.62427
2245,952.14667,866.6444
2246,977.8045,863.42944
2247,994.29193,858.77747
2248,992.6289,856.60547
2249,991.2386,855.249
2250,991.49384,853.76636
2251,980.9138,855.2797
2252,959.4423,861.0813
2253,938.90485,866.54193
2254,929.61444,866.9959
2255,928.6484,864.5793
2256,922.9346,864.10284
2257,908.2715,866.2978
2258,891.2871,869.32446
2259,876.4271,871.67554
2260,867.18616,872.4113
2261,866.20105,872.63025
2262,869.8456,873.394
2263,873.33765,872.91565
2264,872.4089,871.29803
2265,866.1924,871.0135
2266,860.85565,871.3561
2267,857.69324,871.03754
2268,852.81036,871.6099
2269,844.8639,874.6587
2270,832.4282,879.315
2271,824.03613,881.03973
2272,827.58563,877.72955
2273,825.9668,875.3197
2274,812.822,876.2012
2275,807.6625,875.8604
2276,809.3864,875.1592
2277,821.8012,871.03815
2278,880.93646,850.8106
2279,963.8256,822.2652
2280,979.1308,814.82776
2281,903.5306,835.5869
2282,804.7351,862.875
2283,734.84674,880.7185
2284,697.94775,889.40326
2285,686.70746,892.67084
2286,691.5947,892.6361
2287,698.2293,891.28973
2288,697.1686,890.32635
2289,694.83905,888.3545
2290,717.77655,876.0455
2291,776.48285,846.8968
2292,822.4393,818.6558
2293,813.7424,814.4517
2294,795.3834,826.5291
2295,837.2295,831.52826
2296,946.6284,823.4129
2297,1064.7787,815.10126
2298,1116.4479,819.40643
2299,1084.2427,823.5169
2300,1019.1334,800.8355
2301,953.6599,778.3045
2302,868.767,826.6701
2303,773.38464,935.38574
2304,718.2412,1010.3532
2305,711.3787,1013.94525
2306,710.06085,984.95514
2307,693.1699,956.33496
2308,700.4357,926.4705
2309,787.1632,876.8593
2310,920.4821,815.9909
2311,984.2417,790.5587
2312,928.5979,827.61926
2313,825.2385,899.72845
2314,763.315,948.64514
2315,769.2695,936.9298
2316,817.39905,886.2553
2317,864.66296,846.7876
2318,885.4645,836.41473
2319,887.36414,837.4988
2320,884.2643,837.7133
2321,879.64343,839.8018
2322,875.39886,843.54254
2323,872.48694,844.7368
2324,872.9219,843.21375
2325,880.8001,841.4005
2326,891.0568,837.6203
2327,890.2054,827.05255
2328,877.15955,811.3729
2329,866.4161,798.78357
2330,867.5394,793.3233
2331,878.03705,792.6175
2332,890.7977,793.65
2333,896.0832,794.4732
2334,886.67035,793.9617
2335,870.5274,792.7088
2336,867.3195,792.0565
2337,884.2944,792.9422
2338,904.88257,796.21454
2339,912.44495,800.29346
2340,920.08167,797.22876
2341,954.21375,780.443
2342,1003.3524,762.81464
2343,1021.84265,768.3118
2344,997.34625,796.59247
2345,960.97906,821.8029
2346,931.5097,828.1282
2347,907.24115,821.21246
2348,891.837,809.78674
2349,887.5743,795.97253
2350,886.2397,783.67865
2351,879.50507,782.37134
2352,862.81903,794.5457
2353,834.9096,810.4856
2354,803.3879,821.4309
2355,780.38184,827.1739
2356,772.3141,830.3752
2357,780.47485,831.71655
2358,798.6543,832.39655
2359,806.03125,840.1645
2360,785.9897,863.0484
2361,753.1938,892.474
2362,719.5104,910.52
2363,652.0634,910.5946
2364,533.2268,891.16693
2365,411.78928,849.47577
2366,344.9939,794.3765
2367,370.8207,745.38153
2368,508.71924,717.69116
2369,698.578,714.3779
2370,830.4854,726.1725
2371,866.0883,735.7012
2372,845.2881,731.6554
2373,816.8074,722.5409
2374,798.2314,722.7066
2375,766.92255,729.2696
2376,707.6244,734.15814
2377,648.63635,742.94275
2378,613.1848,761.3067
2379,586.8897,784.29694
2380,557.6637,806.63275
2381,553.2919,823.4083
2382,615.6587,826.1184
2383,726.33057,816.56067
2384,813.3041,809.3346
2385,849.9105,810.23645
2386,855.62994,810.016
2387,855.66895,794.64087
2388,916.42645,763.4543
2389,1066.1859,743.26746
2390,1188.7545,751.04443
2391,1181.2131,763.4784
2392,1111.7153,761.2702
2393,1085.6344,754.78107
2394,1103.0585,756.16235
2395,1110.7411,767.17896
2396,1080.145,783.5269
2397,1020.88196,795.911
2398,967.0073,795.8102
2399,949.72546,781.90594
2400,972.4813,757.437
2401,1005.34796,723.3066
2402,1005.0578,685.5303
2403,950.3402,666.70306
2404,859.6788,681.2537
2405,772.1684,710.06335
2406,709.8289,728.462
2407,660.68195,733.72894
2408,601.3854,734.78436
2409,535.7491,738.7512
2410,496.3933,746.21893
2411,510.95016,748.6279
2412,591.6117,733.19727
2413,723.4012,700.0913
2414,842.9987,665.3359
2415,889.493,641.1651
2416,873.84204,638.9039
2417,874.87866,671.4183
2418,967.16614,719.03625
2419,1123.2378,745.2618
2420,1237.031,753.46216
2421,1241.2477,763.4754
2422,1130.9824,766.82135
2423,950.13226,754.66754
2424,768.4016,749.7563
2425,619.90735,778.5367
2426,521.6136,828.1528
2427,506.61996,860.84644
2428,561.75793,863.11316
2429,602.44214,853.3539
2430,564.5289,852.2078
2431,495.18765,861.3611
2432,497.2051,870.6287
2433,580.56287,873.6812
2434,652.66565,865.24634
2435,658.4644,843.7093
2436,635.01056,821.3086
2437,626.78516,809.9615
2438,635.40924,808.53973
2439,651.6595,812.92554
2440,673.7552,822.40204
2441,698.0085,836.6216
2442,719.2039,854.2704
2443,736.7553,872.4582
2444,753.95905,887.32764
2445,772.5515,896.33594
2446,788.84326,897.71
2447,799.09143,889.5784
2448,807.17676,873.9873
2449,819.8884,861.0959
2450,842.16034,860.5927
2451,877.7899,868.2304
2452,925.6103,872.35046
2453,976.931,870.2353
2454,1001.49536,866.5465
2455,937.49884,857.9035
2456,752.6227,835.96436
2457,511.2574,813.66974
2458,323.01352,815.38434
2459,246.53326,831.44586
2460,263.4188,829.69977
2461,315.00607,805.4413
2462,363.08292,774.18097
2463,406.4059,741.84937
2464,443.88968,714.5128
2465,478.37637,703.96063
2466,538.7044,711.6448
2467,630.5307,728.2756
2468,698.0829,740.15216
2469,690.38055,738.4431
2470,641.3466,736.4071
2471,634.40875,753.44025
2472,689.41376,780.0995
2473,738.63556,790.74274
2474,723.7068,784.0658
2475,666.7448,783.4584
2476,635.4615,793.6348
2477,678.88367,779.1277
2478,795.7796,710.243
2479,924.25214,611.61383
2480,989.0924,532.4984
2481,998.3255,496.46606
2482,1038.6215,512.7663
2483,1127.2527,585.80444
2484,1152.9209,678.93243
2485,1045.9834,731.1572
2486,892.8006,724.6926
2487,798.21277,687.3157
2488,756.6425,650.50806
2489,711.7637,645.391
2490,670.0208,703.7717
2491,684.8523,816.98663
2492,733.01843,922.39276
2493,734.1841,969.4504
2494,709.0968,967.8235
2495,761.71106,951.5697
2496,894.416,926.856
2497,995.6916,870.3065
2498,1009.2177,778.5134
2499,968.6693,696.32794
2500,908.5369,666.4035
2501,843.92004,679.7861
2502,783.5998,702.95984
2503,742.7307,718.63043
2504,744.1031,725.80554
2505,779.56006,726.9372
2506,811.8676,725.36334
2507,821.74817,727.7935
2508,815.4181,740.946
2509,804.35767,762.6591
2510,793.78143,782.1902
2511,782.0187,791.24585
2512,768.6916,793.199
2513,755.8509,802.78284
2514,741.7984,832.6124
2515,728.32825,876.9234
2516,736.40674,914.3009
2517,787.7391,926.81366
2518,863.06525,912.79016
2519,920.20056,883.64246
2520,939.5756,852.2848
2521,920.6968,827.42816
2522,886.9882,811.45166
2523,885.0315,804.05444
2524,915.76843,812.3146
2525,916.39404,830.612
2526,856.37195,829.1769
2527,788.8004,808.97504
2528,780.40076,813.9339
2529,833.9164,853.2749
2530,895.05145,888.44165
2531,917.41614,901.7542
2532,901.8947,903.04065
2533,876.73,888.0351
2534,853.71204,847.98785
2535,819.367,799.6149
2536,773.5742,769.2985
2537,741.75464,761.6146
2538,737.30304,763.40283
2539,748.0747,764.3139
2540,758.7292,760.6701
2541,760.65356,753.2592
2542,752.86835,747.804
2543,744.4823,747.0681
2544,743.6202,744.8752
2545,744.48584,734.7458
2546,735.2966,719.14716
2547,716.2157,707.50055
2548,701.0078,706.20795
2549,704.7129,714.52106
2550,729.4705,728.15375
2551,754.3032,738.3701
2552,755.32654,737.5062
2553,739.9069,729.168
2554,739.7762,722.55365
2555,774.7802,722.9748
2556,828.2806,729.72754
2557,863.6131,739.1632
2558,868.77,752.49554
2559,864.5673,774.68134
2560,871.04144,802.89264
2561,884.0593,826.27814
2562,888.0151,839.3998
2563,887.473,843.4601
2564,904.05444,837.624
2565,928.896,828.28094
2566,920.8672,835.0551
2567,866.30414,866.1371
2568,792.8211,904.1911
2569,731.9871,928.60443
2570,698.8554,935.4977
2571,689.76215,933.3131
2572,690.24976,930.2916
2573,690.0667,929.27734
2574,688.4277,929.7918
2575,687.3881,930.54944
2576,686.12195,930.72327
2577,683.1484,930.69116
2578,679.7693,931.4356
2579,677.9585,932.9119
2580,677.54944,933.38153
2581,677.80975,931.88586
2582,678.8935,930.02246
2583,680.62744,928.9803
2584,682.381,927.912
2585,683.6731,926.5717
2586,683.77625,925.5093
2587,682.1655,923.9036
2588,680.2319,921.03864
2589,680.3604,917.96246
2590,682.2824,915.21576
2591,683.5032,912.381
2592,683.47516,910.40216
2593,683.7978,910.49615
2594,685.03894,911.5879
2595,686.4219,911.55414
2596,687.49536,909.75366
2597,687.97534,907.335
2598,687.0454,905.9753
2599,684.4877,906.26404
2600,681.71906,907.0611
2601,679.8918,907.28424
2602,678.46423,908.16504
2603,678.586,908.47565
2604,688.326,894.94464
2605,718.72955,858.2658
2606,769.7629,822.36566
2607,824.91956,812.23627
2608,840.177,816.3928
2609,749.65625,827.6371
2610,557.98584,848.1404
2611,379.32248,852.7893
2612,298.25955,827.58014
2613,284.3302,796.7855
2614,285.78165,775.1297
2615,297.40186,752.3934
2616,324.80722,726.00635
2617,363.2587,699.3786
2618,412.95798,667.57086
2619,483.48776,647.9544
2620,577.2797,679.25433
2621,668.0215,754.635
2622,721.8801,824.36035
2623,740.80194,871.0655
2624,750.7255,910.64667
2625,765.45386,943.29755
2626,789.2011,954.749
2627,828.8829,936.72534
2628,887.66925,890.08813
2629,966.5277,831.3867
2630,1060.0992,790.2546
2631,1125.5627,786.0299
2632,1114.1195,812.26306
2633,1055.1024,845.1661
2634,1013.55273,867.24457
2635,984.30524,880.56323
2636,932.60236,891.93994
2637,897.2062,885.64923
2638,955.9462,835.6303
2639,1090.3823,762.8732
2640,1171.864,722.4056
2641,1126.8864,723.5558
2642,1025.313,733.1095
2643,956.06213,729.33594
2644,923.7533,709.6749
2645,896.9989,683.2978
2646,863.88165,667.9587
2647,823.13666,677.59045
2648,771.2808,711.28906
2649,717.1697,752.5904
2650,685.5947,781.76337
2651,689.12036,793.9933
2652,711.97614,801.925
2653,731.20734,818.643
2654,739.801,843.3885
2655,739.7208,865.48425
2656,734.56866,878.03754
2657,750.603,886.4078
2658,827.80084,899.3374
2659,954.00635,912.7096
2660,1060.3268,916.37915
2661,1104.2522,907.12024
2662,1102.5446,883.0155
2663,1087.1138,847.751
2664,1059.455,820.23456
2665,1008.38763,819.986
2666,960.9442,844.70355
2667,940.52344,870.23395
2668,916.78766,877.0467
2669,870.6082,869.27423
2670,826.87103,864.58514
2671,804.2277,874.8518
2672,798.1105,896.96564
2673,798.20264,917.2151
2674,799.8926,921.299
2675,806.9371,906.8845
2676,825.4605,886.0509
2677,856.4858,867.94415
2678,888.6771,854.07446
2679,905.83716,846.6685
2680,911.35406,842.40155
2681,916.47906,833.8879
2682,909.9444,825.0115
2683,879.2299,828.5564
2684,836.8293,847.5807
2685,804.2229,866.8722
2686,792.8998,868.2191
2687,798.42096,853.12915
2688,805.9687,840.3086
2689,807.30804,840.4147
2690,807.1778,844.3291
2691,810.6342,838.5491
2692,813.612,824.7059
2693,809.7826,818.4684
2694,798.1198,831.2687
2695,782.7801,859.9135
2696,771.96277,891.0214
2697,773.0013,907.7816
2698,782.0451,904.56537
2699,783.4484,897.3902
2700,770.37866,901.4736
2701,758.12946,910.3029
2702,760.7371,913.3185
2703,767.6329,916.6486
2704,761.6272,931.7786
2705,745.5939,953.2494
2706,735.56946,962.71375
2707,740.13873,950.935
2708,754.28815,927.63904
2709,764.00397,913.3938
2710,761.4936,915.33777
2711,757.2006,916.2339
2712,763.4241,902.953
2713,774.48267,888.0093
2714,776.9365,892.55884
2715,769.025,922.1189
2716,760.1466,958.9101
2717,757.7614,980.54016
2718,761.6906,984.4726
2719,769.56665,979.9794
2720,780.5168,970.2054
2721,790.0978,956.2905
2722,792.40173,943.8896
2723,791.5226,940.80475
2724,798.1288,947.5712
2725,814.02216,950.40186
2726,831.6939,937.44196
2727,844.8398,918.20154
2728,848.54645,918.11536
2729,839.2357,945.49664
2730,818.70197,961.18665
2731,785.6447,923.86926
2732,740.2139,856.84
2733,701.3312,810.0282
2734,686.44855,793.7604
2735,686.91626,791.6101
2736,689.27277,793.84576
2737,694.5224,797.18494
2738,703.0202,795.5171
2739,709.4889,786.1272
2740,715.5878,779.8276
2741,720.18286,786.89246
2742,711.8628,794.0097
2743,692.11273,783.0271
2744,679.56274,763.01117
2745,683.21814,753.4217
2746,692.9825,756.57465
2747,696.81067,762.5883
2748,695.4056,762.50507
2749,696.5031,753.86945
2750,701.46704,741.7999
2751,704.98615,735.2463
2752,704.8991,736.92413
2753,705.8369,739.9807
2754,711.8911,741.74414
2755,720.5802,748.3264
2756,727.5006,760.87494
2757,733.68713,773.87274
2758,744.7786,785.6723
2759,761.45197,797.1805
2760,776.06104,804.9821
2761,783.4293,805.8606
2762,786.58356,804.4179
2763,790.2962,808.4702
2764,797.2818,819.3295
2765,806.18994,832.63477
2766,810.14374,846.6821
2767,805.26953,863.4895
2768,797.4164,879.8574
2769,793.9447,885.4466
2770,795.41614,875.7457
2771,798.458,860.1103
2772,801.0676,853.0727
2773,803.6784,858.4423
2774,806.6943,865.0735
2775,808.84106,865.4103
2776,808.8848,865.91125
2777,806.68176,870.21765
2778,803.67566,873.1536
2779,803.49365,873.85065
2780,808.43475,876.27246
2781,814.1203,878.2651
2782,812.63525,871.7134
2783,804.89465,855.9982
2784,803.12744,840.2166
2785,816.9662,828.76636
2786,842.548,819.3895
2787,866.5212,812.8394
2788,878.71234,811.69763
2789,878.92523,816.0381
2790,869.82324,825.86865
2791,851.0928,840.88965
2792,827.5368,856.3151
2793,810.51196,866.387
2794,804.50323,870.6784
2795,804.0593,870.7304
2796,804.1932,866.7949
2797,805.3899,861.72186
2798,810.338,860.4221
2799,818.7465,862.7522
2800,825.76874,863.11523
2801,827.42566,859.7919
2802,825.31805,855.49023
2803,827.2962,846.83905
2804,840.01996,830.8199
2805,853.0243,818.5151
2806,850.45435,819.64276
2807,836.6817,826.55493
2808,824.6439,829.29114
2809,819.8861,827.1179
2810,824.01715,822.79407
2811,833.5719,819.2131
2812,842.0609,818.60126
2813,847.96295,821.63916
2814,854.44196,830.3551
2815,863.9728,839.8252
2816,874.2344,829.28094
2817,874.64294,797.90234
2818,857.22235,781.1239
2819,834.3288,793.63007
2820,824.95575,815.0065
2821,830.2585,832.9043
2822,839.4768,846.1341
2823,845.9959,851.58636
2824,850.0113,851.63794
2825,856.404,851.85254
2826,876.86395,845.74786
2827,911.4341,823.9078
2828,919.1897,803.7291
2829,881.9866,808.7522
2830,891.9647,817.06323
2831,1036.4137,789.1076
2832,1237.7534,735.4652
2833,1355.209,696.22974
2834,1357.9504,677.034
2835,1294.0001,653.2867
2836,1190.9723,607.3169
2837,1057.3586,542.86945
2838,916.3327,486.5255
2839,799.4113,466.34927
2840,725.0717,484.07422
2841,686.58966,521.5955
2842,659.6201,560.4362
2843,626.24646,586.9344
2844,598.33514,594.54785
2845,626.767,587.58685
2846,752.04767,580.66656
2847,926.9891,584.5024
2848,1044.9939,593.87915
2849,1044.4186,600.6694
2850,956.34314,605.2074
2851,868.83453,609.1635
2852,830.8101,611.88666
2853,799.4678,616.51984
2854,716.3584,629.6075
2855,602.1621,649.21423
2856,527.921,663.015
2857,516.665,665.67267
2858,527.40314,668.5435
2859,519.90674,684.53046
2860,495.53357,708.7528
2861,477.75946,724.1193
2862,479.47543,724.8584
2863,504.21997,718.7274
2864,550.36646,710.7622
2865,601.99396,702.82733
2866,642.53186,699.2165
2867,671.399,702.15106
2868,695.1836,709.1748
2869,717.83777,716.3797
2870,741.99884,721.4275
2871,768.46954,723.6644
2872,788.1577,723.19684
2873,785.5286,721.7057
2874,761.97284,721.7841
2875,737.60364,724.0909
2876,725.58124,727.1976
2877,724.592,729.9094
2878,729.01184,731.86316
2879,733.597,732.0649
2880,735.77057,729.39746
2881,737.9532,727.18365
2882,745.8965,736.4942
2883,760.9681,762.33093
2884,773.3526,786.6981
2885,774.5955,794.2017
2886,770.95874,799.605
2887,775.5727,817.18506
2888,813.43427,834.27686
2889,918.8473,828.07513
2890,1080.7874,783.70355
2891,1211.1338,706.5935
2892,1215.4037,626.10913
2893,1097.1423,574.85925
2894,951.4531,559.1938
2895,854.5046,549.2937
2896,808.49854,515.31885
2897,782.4835,475.20328
2898,757.53613,471.40466
2899,733.71063,509.25214
2900,717.0545,555.01196
2901,707.5364,580.7905
2902,696.38586,590.46655
2903,675.9933,604.1998
2904,651.1378,627.1748
2905,634.00354,649.619
2906,630.6114,670.14606
2907,636.58606,696.5381
2908,645.60815,729.2426
2909,658.58264,758.5984
2910,679.34973,777.1199
2911,704.1144,788.1596
2912,722.83356,799.6786
2913,731.44763,814.93396
2914,739.19965,831.34845
2915,763.08514,843.6932
2916,804.1036,850.09644
2917,833.17145,859.19006
2918,832.8738,886.022
2919,826.49207,929.4496
2920,832.2185,963.8293
2921,838.53033,970.4193
2922,835.1155,959.7135
2923,826.5475,950.4267
2924,819.6431,947.8806
2925,815.9152,948.2962
2926,813.68475,946.7701
2927,811.3332,941.21484
2928,809.6284,935.44635
2929,811.4595,933.7787
2930,817.0806,935.34985
2931,820.9561,934.5811
2932,817.37744,921.5166
2933,808.4979,893.3613
2934,801.833,868.76013
2935,800.86725,867.7508
2936,803.61005,881.79047
2937,808.59894,887.64594
2938,815.7325,877.3104
2939,823.40375,861.3032
2940,829.3776,855.1853
2941,834.43384,861.2553
2942,841.15936,865.36206
2943,846.3986,857.52106
2944,851.9283,838.9675
2945,877.0848,812.72107
2946,921.983,790.0485
2947,947.7111,788.3094
2948,935.3138,804.95306
2949,912.6187,818.94403
2950,902.7561,820.3779
2951,899.8303,815.6937
2952,895.2892,810.9376
2953,890.2906,806.1014
2954,886.0494,803.4592
2955,883.58356,808.41034
2956,887.9187,816.65704
2957,898.5926,813.96423
2958,907.38544,791.88995
2959,915.1227,755.89825
2960,931.15344,725.8844
2961,950.1507,722.69745
2962,953.5558,739.86707
2963,932.9059,752.2737
2964,893.4729,755.934
2965,856.6027,766.1292
2966,858.98944,787.63617
2967,910.5204,808.8243
2968,968.917,813.67584
2969,990.09424,795.40985
2970,976.0891,767.54834
2971,946.6224,757.3906
2972,907.1016,777.67096
2973,862.03644,823.2549
2974,816.60944,885.19324
2975,782.30615,924.9568
2976,783.3988,894.06604
2977,818.19586,815.379
2978,852.4053,759.3886
2979,863.5068,751.98193
2980,855.79944,771.94055
2981,845.37177,799.4704
2982,842.54565,825.4126
2983,845.7005,835.50684
2984,849.09106,821.6131
2985,849.1163,801.58105
2986,848.3385,795.95734
2987,842.7606,803.73016
2988,814.0879,809.1673
2989,767.6808,786.6207
2990,738.0735,732.66705
2991,750.2139,689.55927
2992,810.8252,687.3999
2993,887.1326,704.2506
2994,916.71375,707.4726
2995,887.23553,695.22595
2996,840.1899,688.2325
2997,804.9497,697.7266
2998,786.655,717.5492
2999,785.7939,738.5926
3000,797.1437,754.9424
3001,808.26587,764.446
3002,812.9724,770.49884
3003,815.53864,776.5525
3004,820.7024,780.75616
3005,826.8845,782.0392
3006,827.33325,783.88214
3007,819.6224,788.05707
3008,812.00867,791.7015
3009,813.9389,791.77374
3010,823.77515,788.9542
3011,831.6869,786.03595
3012,833.8463,783.60236
3013,835.647,779.5435
3014,839.9221,772.2632
3015,844.51385,762.5617
3016,849.3895,753.68176
3017,850.86707,754.29767
3018,838.2,779.4607
3019,815.7913,829.08795
3020,809.40546,867.7759
3021,826.5901,862.0421
3022,841.67365,826.89056
3023,836.1513,804.2726
3024,816.67377,817.36993
3025,793.4567,854.7168
3026,774.3782,886.2615
3027,766.8129,896.95575
3028,765.8254,892.0125
3029,762.83887,871.0444
3030,765.0042,829.2775
3031,778.2365,782.90967
3032,789.47266,757.0402
3033,784.6129,752.9594
3034,762.6364,755.33044
3035,735.52295,756.0887
3036,722.92786,754.7366
3037,732.60223,750.88477
3038,751.2391,744.70996
3039,761.00476,738.4349
3040,756.1574,734.0821
3041,744.22296,731.57263
3042,735.47284,729.885
3043,732.5953,728.66986
3044,734.0649,728.0025
3045,741.1723,727.72723
3046,754.18896,728.041
3047,768.2696,729.1451
3048,774.1963,730.4061
3049,765.7026,731.74493
3050,757.25165,734.68896
3051,774.23975,740.26874
3052,810.53864,746.3355
3053,833.70044,749.2783
3054,835.1198,749.0857
3055,832.9661,749.6674
3056,837.71173,753.9696
3057,846.4158,761.5848
3058,856.06793,770.7165
3059,866.20905,780.32416
3060,874.6605,789.313
3061,869.72833,795.74585
3062,838.5518,803.2998
3063,796.7078,825.66284
3064,776.39374,868.75085
3065,780.0912,914.00055
3066,785.35706,939.3776
3067,783.57104,942.4831
3068,789.255,925.52594
3069,817.4414,884.76935
3070,857.0448,831.94446
3071,883.0615,794.2818
3072,894.73175,781.8425
3073,911.5779,781.8174
3074,933.66174,783.3418
3075,929.00165,788.56836
3076,868.9524,797.8216
3077,775.57916,796.3693
3078,717.5108,775.83795
3079,739.34436,755.92395
3080,804.6721,761.15717
3081,840.8731,791.8994
3082,829.938,830.92084
3083,808.4944,862.6638
3084,800.88806,876.10657
3085,800.55914,865.71204
3086,795.91534,839.8661
3087,788.23553,813.5007
3088,786.38873,792.1276
3089,790.81573,772.8477
3090,796.2062,754.3506
3091,801.7672,738.8586
3092,805.77466,727.7342
3093,804.8773,719.5211
3094,801.83185,712.1274
3095,802.0946,705.3349
3096,806.49677,700.3077
3097,811.2649,696.9543
3098,812.96356,693.48254
3099,812.7491,689.32935
3100,812.3004,687.02435
3101,807.82355,689.75555
3102,796.8823,697.76587
3103,787.83496,708.7695
3104,793.0208,720.46735
3105,809.3516,728.496
3106,803.14075,725.2815
3107,736.5092,719.2904
3108,633.8605,744.53094
3109,572.5933,808.5039
3110,579.1572,866.7923
3111,605.7041,889.47595
3112,617.1809,888.56384
3113,631.09955,875.94525
3114,670.98737,854.0134
3115,721.0866,831.0876
3116,741.9316,819.888
3117,719.4186,831.8263
3118,677.1191,868.68353
3119,656.97076,910.92737
3120,695.75574,932.0483
3121,784.45844,928.9896
3122,856.1426,919.3334
3123,846.7123,914.6856
3124,767.86615,910.484
3125,694.1969,899.4654
3126,672.1752,887.43085
3127,680.75995,885.68146
3128,683.34674,893.91144
3129,673.6515,903.4457
3130,665.3886,910.29535
3131,665.85455,911.601
3132,672.0846,895.91534
3133,679.859,860.05945
3134,686.07166,832.6369
3135,688.21277,847.084
3136,687.10736,890.8915
3137,689.5619,913.44434
3138,702.14056,882.69257
3139,719.398,810.4784
3140,729.9474,726.48413
3141,732.50714,659.70465
3142,729.8919,644.0878
3143,720.0749,693.8688
3144,708.9619,766.6966
3145,716.9858,797.9329
3146,763.23065,779.8666
3147,834.81415,758.92487
3148,860.50165,752.10156
3149,763.1174,729.9259
3150,578.6025,683.55817
3151,438.81894,641.22565
3152,406.51425,620.0146
3153,434.95883,613.1554
3154,472.77893,612.35913
3155,506.7627,615.0218
3156,535.3973,622.54315
3157,559.7033,636.8519
3158,587.04974,654.75665
3159,626.55023,669.5241
3160,677.6738,677.41235
3161,723.9096,680.644
3162,748.69836,682.6301
3163,757.4171,685.295
3164,770.25946,695.3831
3165,799.81995,720.8858
3166,838.6858,754.47705
3167,858.26825,771.04865
3168,832.4639,756.18066
3169,772.9641,733.7446
3170,716.2881,735.2681
3171,677.0519,754.1265
3172,645.1878,770.58014
3173,611.7381,790.35693
3174,574.90497,824.33923
3175,541.7331,863.7639
3176,531.2499,894.231
3177,554.142,913.9376
3178,585.73956,928.1092
3179,593.0027,938.1861
3180,579.95636,945.7035
3181,559.3836,954.33887
3182,517.4177,964.1783
3183,456.6831,971.1017
3184,441.3986,957.65216
3185,549.2969,900.1607
3186,764.19946,815.6352
3187,974.4774,758.0973
3188,1090.3021,753.44354
3189,1092.8556,781.9281
3190,1012.46234,811.01935
3191,909.82385,824.79456
3192,826.6203,829.37103
3193,758.4669,835.43695
3194,693.5989,847.3836
3195,638.5933,863.6489
3196,608.05597,871.3637
3197,616.30707,850.50214
3198,657.74817,802.082
3199,690.6414,760.4387
3200,679.355,757.0915
3201,641.20605,783.56976
3202,616.33453,810.20337
3203,616.27484,826.97815
3204,630.69836,843.51337
3205,660.9465,870.3078
3206,704.4419,913.1913
3207,719.743,962.2967
3208,682.2906,988.7709
3209,645.27106,974.4449
3210,657.44073,938.5855
3211,692.5684,915.6473
3212,713.53296,915.102
3213,720.0943,923.18445
3214,723.8303,929.0626
3215,730.035,930.6631
3216,739.75934,928.8985
3217,751.5596,928.2495
3218,762.9804,934.36993
3219,773.3392,944.33185
3220,785.196,947.56555
3221,800.7221,938.6786
3222,814.5544,919.13776
3223,817.93634,891.7905
3224,811.85706,863.15985
3225,804.7305,842.012
3226,799.07074,831.24384
3227,793.0504,826.9272
3228,794.99084,823.04785
3229,818.9218,816.0126
3230,848.90936,812.64435
3231,829.59235,833.2397
3232,734.66235,889.14233
3233,618.6085,956.5097
3234,550.09985,998.31165
3235,535.6365,1006.14374
3236,544.75903,997.60065
3237,559.80945,989.3611
3238,575.87994,986.028
3239,587.7788,983.6057
3240,596.7057,976.6883
3241,609.97723,964.00745
3242,627.3488,950.51227
3243,640.8945,942.83923
3244,645.8749,942.1859
3245,644.6196,943.5801
3246,641.83734,942.7429
3247,639.8206,940.87866
3248,638.3258,940.4464
3249,636.5126,940.78204
3250,634.3857,940.4735
3251,633.02234,940.5785
3252,633.4794,942.74457
3253,635.42865,945.59985
3254,636.9568,946.2153
3255,636.3929,944.30176
3256,634.6626,942.5877
3257,634.33594,943.00653
3258,636.1367,944.2417
3259,637.93195,944.46063
3260,637.20886,944.1319
3261,634.2409,944.8347
3262,632.2623,946.24316
3263,634.2071,943.14813
3264,638.9668,930.21454
3265,641.934,913.79456
3266,648.0138,905.0302
3267,685.55475,893.175
3268,771.9722,850.76294
3269,857.3348,781.94116
3270,876.0814,732.221
3271,846.71075,731.7033
3272,830.7196,763.15625
3273,837.8767,790.68555
3274,840.82794,794.31934
3275,839.29584,786.0599
3276,862.9699,794.0426
3277,910.723,818.2819
3278,933.2445,829.72577
3279,901.782,817.02356
3280,844.3329,796.987
3281,799.9335,787.08624
3282,780.42285,789.5421
3283,777.33026,794.70404
3284,778.4853,794.166
3285,778.1002,788.9207
3286,778.5526,784.9029
3287,777.36334,785.86346
3288,751.0619,791.89954
3289,675.74884,800.5789
3290,579.4444,806.66095
3291,524.0344,806.0728
3292,522.6104,801.5893
3293,539.0754,796.9432
3294,550.287,790.9049
3295,556.4283,785.4301
3296,560.5208,787.4546
3297,563.7665,797.06165
3298,567.6157,806.30817
3299,572.9392,810.18494
3300,578.91425,810.07855
3301,583.0635,809.40436
3302,583.55206,810.5796
3303,581.80707,812.5916
3304,578.8505,807.6335
3305,572.0471,786.6947
3306,561.43713,755.6411
3307,552.0973,734.3711
3308,546.718,737.99164
3309,547.801,768.1385
3310,573.5996,809.7396
3311,648.6083,839.8424
3312,754.3467,851.5223
3313,830.79956,852.9108
3314,850.4745,849.37683
3315,836.9755,843.2449
3316,817.2416,838.34644
3317,803.2081,837.1209
3318,798.54376,838.64075
3319,800.1902,840.45154
3320,805.61884,840.98883
3321,819.12256,840.5854
3322,843.54095,840.4223
3323,870.7499,840.50397
3324,882.2979,839.50916
3325,861.8946,836.06866
3326,818.66736,829.18915
3327,783.9367,819.63007
3328,773.7071,811.6096
3329,777.00183,808.2414
3330,779.1515,806.6762
3331,777.4251,804.3958
3332,777.4419,803.95135
3333,782.0175,805.3981
3334,788.54364,803.7706
3335,795.9684,797.58685
3336,805.3961,791.07434
3337,814.36884,787.27014
3338,820.8372,784.83234
3339,831.99396,781.33636
3340,853.59344,776.16205
3341,874.8675,770.5949
3342,881.23096,766.9581
3343,873.48004,766.9088
3344,867.67865,770.2975
3345,878.82996,775.62836
3346,901.8531,780.6559
3347,919.78595,783.7376
3348,929.5092,785.5177
3349,936.7764,787.2305
3350,930.94824,786.08374
3351,896.4527,776.5442
3352,848.2885,762.5881
3353,801.2811,767.9328
3354,724.1503,818.38904
3355,613.28766,898.5653
3356,545.71564,950.8814
3357,571.5281,943.39294
3358,645.3397,907.7404
3359,709.2194,892.8366
3360,755.5897,907.43005
3361,772.3376,911.2981
3362,703.20764,863.8674
3363,534.5376,788.6414
3364,357.52466,748.1746
3365,265.77255,757.93225
3366,257.24966,784.3889
3367,280.00427,800.3181
3368,299.47964,799.1037
3369,309.86908,784.63416
3370,343.98764,772.12286
3371,462.2026,790.5009
3372,662.6663,854.17145
3373,837.0813,929.5257
3374,896.849,970.327
3375,872.4131,975.13873
3376,835.1792,970.8571
3377,815.0143,968.8688
3378,808.1582,966.11865
3379,803.4536,964.0463
3380,796.8294,965.1802
3381,791.032,959.8031
3382,785.74243,935.5988
3383,776.4977,901.6642
3384,763.75165,879.4465
3385,755.64734,871.8901
3386,756.85144,867.1218
3387,762.5218,860.07086
3388,765.2613,853.44495
3389,756.89105,852.1729
3390,730.824,863.5123
3391,702.8497,888.3949
3392,704.49365,910.57513
3393,728.5229,915.7252
3394,734.59424,912.48334
3395,717.86426,913.2476
3396,710.22833,915.7683
3397,729.3898,914.8756
3398,755.2122,915.5261
3399,752.9878,925.51746
3400,721.9558,940.28156
3401,691.57104,948.4935
3402,675.356,947.9087
3403,672.1393,941.7067
3404,687.282,930.2639
3405,717.15283,917.0235
3406,743.4332,909.3538
3407,756.7643,908.14435
3408,761.0373,908.23016
3409,757.8743,908.7711
3410,744.63965,913.9597
3411,724.17206,925.1618
3412,707.98596,937.10645
3413,706.30084,942.6919
3414,718.14966,940.06354
3415,736.09155,933.5457
3416,753.6062,929.19714
3417,765.9399,929.6999
3418,769.98846,933.1039
3419,764.65643,936.69745
3420,753.65857,940.0225
3421,744.5183,943.55457
3422,741.0893,946.9394
3423,742.2655,949.86707
3424,746.43054,952.70483
3425,751.671,954.7994
3426,754.12537,955.56323
3427,751.12604,957.2338
3428,745.6928,961.04736
3429,744.0323,962.4015
3430,748.32635,955.71466
3431,754.23834,943.9721
3432,755.98706,937.77826
3433,753.5906,941.39307
3434,751.854,947.6415
3435,751.0226,951.34296
3436,747.2945,955.15485
3437,742.17596,960.00476
3438,739.90564,963.5147
3439,740.46344,965.57935
3440,741.96295,967.08575
3441,743.30914,967.9308
3442,743.42096,968.53
3443,742.8779,969.1417
3444,746.08264,967.79724
3445,758.48816,961.3584
3446,779.6901,948.9962
3447,797.44995,936.0994
3448,795.9168,932.4027
3449,778.94214,938.71436
3450,769.45294,943.2279
3451,777.6841,939.2017
3452,792.6295,932.86316
3453,803.8521,930.8678
3454,807.8759,933.0034
3455,801.69604,936.98865
3456,786.8398,942.7446
3457,769.47815,951.65094
3458,754.2978,961.0584
3459,744.52686,962.9332
3460,743.04205,955.0294
3461,750.95844,946.2405
3462,763.7722,945.0642
3463,771.41296,951.26294
3464,768.18304,960.6888
3465,758.8081,970.1896
3466,751.308,976.93976
3467,749.0925,979.56635
3468,750.5538,980.07825
3469,752.46344,981.114
3470,753.482,983.3841
3471,754.371,986.3711
3472,755.741,988.1593
3473,758.1953,985.57245
3474,762.72504,977.1045
3475,768.9535,962.2302
3476,780.0836,930.77386
3477,804.3041,874.8195
3478,832.7943,823.47375
3479,835.7019,814.5361
3480,804.44305,842.2433
3481,766.39,879.917
3482,743.7148,910.3573
3483,732.64514,925.2075
3484,723.11536,928.2091
3485,711.5673,928.0112
3486,702.0878,927.39795
3487,715.98535,926.3294
3488,779.99695,926.1894
3489,873.66644,927.9489
3490,923.24866,927.07153
3491,884.5127,911.12964
3492,794.24,871.879
3493,722.7195,819.93256
3494,708.1756,771.87726
3495,730.28,732.683
3496,718.52325,707.79126
3497,616.1325,712.85925
3498,464.74506,751.24255
3499,367.54736,796.4466
3500,347.092,821.81866
3501,332.99664,830.505
3502,291.1585,833.2871
3503,253.59955,827.8001
3504,248.20041,811.2903
3505,277.26456,789.50037
3506,313.00208,776.50824
3507,318.2719,785.7393
3508,335.01514,813.7913
3509,454.60815,848.70013
3510,646.8367,884.44135
3511,777.88104,916.93945
3512,803.49207,946.17786
3513,785.85986,971.0959
3514,771.2865,971.8685
3515,758.45935,927.076
3516,733.80273,854.23566
3517,692.2633,801.60516
3518,654.95374,800.87384
3519,661.2872,848.7439
3520,704.6834,911.41095
3521,715.8323,943.7467
3522,657.6837,934.3405
3523,579.78766,915.1226
3524,543.8378,915.1435
3525,555.1503,932.2318
3526,580.03766,949.22455
3527,579.7455,955.2604
3528,534.81213,947.5174
3529,483.49432,916.8852
3530,521.418,841.0807
3531,705.77075,720.399
3532,957.5261,607.18713
3533,1119.2737,549.8839
3534,1117.8275,538.1921
3535,991.38306,539.9362
3536,786.087,546.71954
3537,554.14154,565.09314
3538,421.3892,591.5926
3539,520.84973,615.37415
3540,825.088,643.0965
3541,1131.2523,687.2672
3542,1262.3716,730.42377
3543,1215.4716,746.0061
3544,1099.0243,738.0331
3545,1000.09827,728.061
3546,936.7098,728.29205
3547,889.5944,738.3688
3548,839.08405,752.5243
3549,783.6422,767.9749
3550,737.8588,789.55115
3551,717.25146,828.44073
3552,726.31354,890.358
3553,751.7425,955.50934
3554,768.7171,990.50916
3555,761.09827,981.0513
3556,736.6902,934.7995
3557,717.1281,881.1416
3558,711.0659,859.40173
3559,709.06964,876.87354
3560,698.84424,906.27716
3561,677.1204,922.1924
3562,655.33734,919.7991
3563,647.1647,910.3643
3564,650.2473,903.7158
3565,651.82855,897.284
3566,644.9128,883.07935
3567,636.0481,861.3844
3568,643.0983,846.71216
3569,677.20013,852.3539
3570,724.6087,869.1118
3571,760.4071,877.8839
3572,778.2517,878.2461
3573,790.35815,882.0582
3574,806.0238,891.6885
3575,823.99335,901.34033
3576,837.2595,907.2737
3577,840.7743,909.48816
3578,837.09064,909.2953
3579,831.27496,907.87714
3580,826.07135,906.5704
3581,823.9616,906.4657
3582,824.1964,906.40436
3583,821.358,903.7891
3584,812.8624,898.5295
3585,801.6603,893.4866
3586,791.6592,890.87787
3587,785.1824,890.34973
3588,782.85626,890.01697
3589,783.75037,889.4121
3590,785.51685,892.6645
3591,785.6791,904.74634
3592,783.3082,921.384
3593,778.9418,930.7834
3594,775.9534,926.94476
3595,780.1204,913.57135
3596,790.2854,899.62646
3597,794.44165,893.2304
3598,783.09076,894.6916
3599,763.8435,896.9831
3600,766.8611,890.65234
3601,822.998,872.5238
3602,908.61163,854.6589
3603,949.2239,847.6119
3604,912.4869,839.313
3605,840.8116,814.66766
3606,781.9399,781.31854
3607,748.4368,758.56445
3608,735.3446,754.93036
3609,734.4311,763.0068
3610,740.04517,768.75806
3611,753.74603,764.0182
3612,773.75916,755.74805
3613,778.74664,773.18036
3614,745.7863,845.5418
3615,689.85187,947.40424
3616,645.84424,1014.4686
3617,623.65063,1028.1152
3618,615.64386,1020.8894
3619,617.6747,1016.35
3620,629.88403,1014.39044
3621,648.4264,1012.62634
3622,663.0471,1013.50854
3623,668.8959,1015.1716
3624,663.6967,1006.6665
3625,647.21545,976.30457
3626,645.0071,922.93445
3627,694.9149,856.5037
3628,789.507,796.1154
3629,870.5199,761.6771
3630,896.90063,751.18066
3631,883.49097,743.7568
3632,863.25195,729.7568
3633,848.7818,716.4981
3634,839.13544,710.52545
3635,834.5374,710.22723
3636,834.6252,712.1162
3637,836.2575,714.8163
3638,838.379,717.50635
3639,843.5983,719.546
3640,853.54193,721.5875
3641,864.2871,724.6031
3642,869.12476,728.12854
3643,864.36914,730.2225
3644,850.9011,729.06384
3645,835.18286,725.419
3646,824.8807,722.5422
3647,822.2672,722.89136
3648,827.44824,726.008
3649,842.14343,729.58813
3650,866.86237,732.3555
3651,894.48486,734.6746
3652,905.95886,736.2346
3653,884.2416,735.9836
3654,840.16296,734.0781
3655,805.17474,731.5687
3656,792.352,729.2563
3657,789.0239,727.5263
3658,784.7632,726.2854
3659,784.3604,725.4196
3660,794.6825,724.9316
3661,810.39655,724.085
3662,821.21924,721.94293
3663,827.94214,719.34143
3664,838.1902,718.33496
3665,851.4849,719.1706
3666,860.9903,720.38257
3667,866.55676,721.5508
3668,874.4915,723.2625
3669,886.27954,725.4002
3670,900.13806,727.22833
3671,916.29663,728.0944
3672,921.752,727.2623
3673,892.38403,724.7739
3674,835.28735,722.3593
3675,785.00214,719.7324
3676,749.9373,714.71136
3677,721.529,713.34753
3678,707.6006,727.2525
3679,712.2218,756.49097
3680,731.70734,792.3874
3681,771.0647,832.0187
3682,819.6011,872.81226
3683,846.2298,905.35767
3684,841.33673,923.08936
3685,822.48157,928.07837
3686,806.21497,925.8073
3687,800.04987,921.61163
3688,804.9519,919.0755
3689,815.8735,918.96606
3690,825.8972,920.3883
3691,827.17053,920.9969
3692,805.39484,917.90546
3693,751.13324,911.1917
3694,689.30615,905.0425
3695,662.4958,904.6993
3696,677.4353,910.3311
3697,710.4445,913.94434
3698,742.42566,911.3367
3699,752.7542,916.8379
3700,725.4697,946.6632
3701,684.15027,987.12054
3702,673.1416,1007.1685
3703,701.2485,999.28687
3704,740.4061,981.3471
3705,765.40704,969.38715
3706,771.9537,967.2049
3707,768.4153,971.41113
3708,764.2815,975.7548
3709,763.8451,975.54193
3710,764.72675,972.3935
3711,767.72876,969.44135
3712,779.0924,964.62115
3713,788.5424,959.0151
3714,775.10376,958.5938
3715,748.6422,960.3309
3716,740.0462,957.693
3717,752.2014,953.09656
3718,765.762,946.78156
3719,774.62366,933.4501
3720,785.6829,916.2471
3721,801.86273,902.65564
3722,818.19604,893.6557
3723,828.5582,888.7771
3724,830.12024,889.9453
3725,818.3805,901.3867
3726,790.52466,925.8923
3727,761.1136,950.15063
3728,752.16595,950.29877
3729,764.016,924.83136
3730,778.0624,897.4568
3731,777.56036,880.76074
3732,758.5703,867.5712
3733,738.89307,856.22614
3734,743.06134,852.653
3735,768.8567,856.312
3736,788.87146,862.82263
3737,782.6548,870.8384
3738,756.82874,878.22577
3739,735.8616,881.91254
3740,734.17346,892.4954
3741,745.8599,926.3249
3742,760.0358,972.5893
3743,773.21893,1005.3232
3744,786.9269,1021.29016
3745,797.9367,1028.8748
3746,797.2871,1025.7517
3747,782.13104,1011.0567
3748,761.8705,991.2807
3749,747.8658,966.5351
3750,742.20337,937.8041
3751,744.49133,924.6436
3752,760.1246,943.1998
3753,787.27856,977.70593
3754,809.90106,1005.6108
3755,818.2019,1028.9252
3756,820.95123,1052.4266
3757,825.98035,1059.9166
3758,824.0137,1039.6595
3759,810.3735,1009.56714
3760,805.4273,988.9922
3761,821.94745,964.68585
3762,828.3824,922.58075
3763,786.2927,888.87933
3764,716.2678,891.0958
3765,683.92175,915.0025
3766,721.6014,937.38513
3767,793.6431,953.9059
3768,846.2804,965.092
3769,871.41077,972.0972
3770,893.701,976.0669
3771,919.3063,971.3627
3772,930.53864,957.7584
3773,913.554,948.7681
3774,882.3976,949.8696
3775,865.2865,950.9227
3776,857.47107,948.7986
3777,827.0703,951.63855
3778,773.9366,959.9075
3779,734.3163,964.5684
3780,725.91583,965.4852
3781,728.6014,973.028
3782,727.74664,984.6601
3783,746.709,979.50793
3784,808.4005,947.9352
3785,881.3875,908.2707
3786,905.2883,881.9456
3787,865.6978,870.15125
3788,820.15314,868.6151
3789,822.01636,885.31085
3790,819.4279,923.01465
3791,739.77905,961.90454
3792,636.8107,982.07227
3793,598.33167,986.47766
3794,616.537,986.3542
3795,642.6431,985.0869
3796,659.0069,983.05664
3797,670.4747,979.35565
3798,674.6169,968.98254
3799,662.03326,950.19775
3800,648.248,933.87823
3801,677.3411,937.2665
3802,758.13934,962.2906
3803,819.79126,985.7109
3804,789.88104,983.10254
3805,698.0296,958.0451
3806,631.81573,932.1033
3807,616.87933,914.1198
3808,614.1149,896.39044
3809,604.5362,873.0555
3810,607.245,849.90436
3811,627.91895,838.26227
3812,649.5703,839.7079
3813,668.0994,841.552
3814,690.1398,834.4876
3815,711.9942,822.82416
3816,726.6504,813.8691
3817,734.7761,809.5595
3818,741.8003,807.7627
3819,749.0265,806.0034
3820,751.46936,803.42816
3821,746.0504,801.1231
3822,735.3165,800.73883
3823,722.36017,799.6484
3824,707.98737,791.6151
3825,695.4329,777.7339
3826,692.8839,769.00653
3827,704.6485,772.48834
3828,723.49475,781.9119
3829,738.0516,786.6733
3830,743.89734,784.9116
3831,743.5688,782.26715
3832,739.17773,783.2861
3833,728.7351,788.3817
3834,713.32196,793.60205
3835,700.84076,794.0534
3836,692.24243,789.2432
3837,677.4038,781.29865
3838,654.9988,772.31665
3839,638.22955,766.0319
3840,636.7523,768.0727
3841,648.26764,781.92615
3842,663.3938,801.4341
3843,673.3041,813.87866
3844,678.2049,814.73
3845,684.8508,810.97864
3846,695.34766,812.51337
3847,704.67004,823.3579
3848,708.78174,837.5729
3849,710.42084,848.46405
3850,713.611,857.5336
3851,715.52454,865.4203
3852,711.10114,866.7431
3853,703.5844,860.7
3854,701.88336,853.0834
3855,709.5036,848.5767
3856,720.2808,848.9297
3857,724.34705,852.64325
3858,720.8326,855.6583
3859,719.2429,856.7034
3860,724.33325,858.2311
3861,731.7561,860.5723
3862,738.457,856.774
3863,745.9797,837.90375
3864,753.85803,808.9968
3865,752.4442,786.398
3866,729.4122,776.3426
3867,689.2882,777.3538
3868,651.99603,791.5274
3869,630.172,812.6429
3870,622.6391,825.8104
3871,621.43805,829.4103
3872,617.67993,834.9644
3873,611.22797,845.0105
3874,619.53644,849.4621
3875,662.32715,842.3644
3876,725.2191,830.1284
3877,767.70404,820.2653
3878,774.8477,807.42505
3879,763.5385,785.5001
3880,748.2254,778.4534
3881,730.0178,823.1501
3882,708.30676,905.4531
3883,689.8785,965.9048
3884,688.61304,970.88715
3885,715.2254,930.2535
3886,759.9732,874.417
3887,794.79626,835.4782
3888,800.688,818.4191
3889,781.5158,802.0388
3890,754.9794,778.17993
3891,733.9815,759.5048
3892,714.3929,752.497
3893,689.2956,753.2864
3894,662.6746,760.22894
3895,641.644,770.02576
3896,629.93243,776.01434
3897,626.0809,781.7747
3898,624.0088,799.2323
3899,620.0941,826.09796
3900,620.04254,844.5472
3901,637.9342,845.1529
3902,679.35944,834.9842
3903,725.9064,824.94794
3904,754.0015,817.27795
3905,762.0376,805.67957
3906,762.0493,788.92163
3907,760.9946,773.2077
3908,761.1194,760.4258
3909,763.42163,750.07196
3910,765.4303,744.822
3911,760.7434,742.6145
3912,744.715,736.31525
3913,723.6288,725.7259
3914,710.76416,717.4372
3915,709.7423,713.38416
3916,712.26447,711.5833
3917,712.6411,716.64386
3918,715.76624,735.8473
3919,739.43695,762.0014
3920,819.74426,776.2896
3921,969.7415,772.67365
3922,1112.5358,762.8351
3923,1144.6566,757.70526
3924,1067.4161,758.3808
3925,963.8011,761.4589
3926,890.2277,763.09644
3927,852.2529,761.1066
3928,836.27167,757.457
3929,830.45874,754.9186
3930,828.4443,753.13696
3931,827.82715,751.3507
3932,829.6785,750.6996
3933,834.533,751.83185
3934,839.3516,753.30304
3935,841.4065,753.7284
3936,840.92834,753.5532
3937,838.1872,753.34064
3938,831.8036,752.342
3939,822.42065,750.383
3940,813.4473,747.8377
3941,806.8294,743.7529
3942,806.2249,739.08875
3943,817.7596,738.00323
3944,838.8098,741.7225
3945,860.14655,747.13385
3946,878.6529,751.52386
3947,894.0621,753.92035
3948,906.2981,753.92126
3949,920.0709,751.56683
3950,935.526,748.102
3951,942.30676,745.2752
3952,933.9149,743.7565
3953,918.2874,745.22345
3954,909.21234,752.2297
3955,911.8589,762.1903
3956,920.05585,768.47205
3957,922.2747,768.297
3958,906.6328,763.1403
3959,873.102,755.4933
3960,841.6684,749.3737
3961,831.8177,748.11566
3962,840.6188,750.53735
3963,853.5074,753.30475
3964,862.6778,755.2253
3965,868.6787,757.2786
3966,876.5709,760.4804
3967,889.69336,764.0706
3968,901.3731,765.91565
3969,899.2226,765.01416
3970,882.3349,762.22675
3971,865.2083,758.9675
3972,858.8781,756.563
3973,860.75006,755.9416
3974,864.98224,756.8471
3975,869.17395,758.024
3976,872.1827,758.6881
3977,873.32764,759.20874
3978,872.6431,759.9486
3979,871.258,760.22156
3980,871.86127,759.4726
3981,877.24774,759.0343
3982,888.93097,761.5915
3983,900.89343,766.4661
3984,882.7903,761.25696
3985,795.5174,727.4242
3986,654.76416,664.45874
3987,530.26794,592.78284
3988,468.31613,533.14056
3989,481.94974,503.8077
3990,579.0485,527.45844
3991,724.21954,610.55804
3992,836.5498,711.81506
3993,877.6443,771.90045
3994,878.84985,780.21045
3995,875.4283,768.75287
3996,874.5777,759.74005
3997,875.28046,756.14197
3998,880.4644,757.6709
3999,891.91174,760.93787
4000,896.24976,752.7024
4001,859.1527,723.02264
4002,757.61847,698.91693
4003,621.4741,732.648
4004,514.46967,823.5429
4005,472.08704,906.5368
4006,479.0027,941.51196
4007,499.67862,945.138
4008,511.93808,941.7955
4009,515.23676,942.6461
4010,515.8218,957.76135
4011,511.92578,996.9558
4012,507.29715,1057.5223
4013,527.5109,1110.8507
4014,584.07043,1120.2445
4015,639.4234,1085.1031
4016,658.85095,1026.5265
4017,659.2053,943.39294
4018,665.1919,843.97925
4019,672.20734,768.8789
4020,671.7639,738.31744
4021,668.4614,734.1973
4022,668.0622,736.8036
4023,671.341,747.34375
4024,676.103,782.03375
4025,676.9768,843.2994
4026,670.09906,902.3942
4027,657.81934,925.578
4028,643.70624,907.8387
4029,630.6248,874.3179
4030,621.7842,853.8721
4031,616.83826,853.1639
4032,613.8374,860.12744
4033,612.96594,864.14777
4034,613.2342,863.55005
4035,612.2383,861.41394
4036,610.3367,860.37805
4037,610.91846,860.4298
4038,615.7216,860.30817
4039,620.9727,859.8147
4040,621.49225,859.73395
4041,617.5168,859.96906
4042,613.26654,859.7146
4043,611.2874,858.8772
4044,611.06104,857.2444
4045,610.8334,853.8607
4046,609.63904,849.37604
4047,608.5295,845.91095
4048,610.01404,842.2412
4049,615.3626,834.5988
4050,621.7043,825.00507
4051,622.5349,820.09247
4052,612.92236,818.1833
4053,600.96246,808.7743
4054,626.7185,788.36896
4055,743.8529,767.6459
4056,929.2513,760.87006
4057,1064.211,769.5169
4058,1075.7916,779.5887
4059,1014.9233,779.6468
4060,964.9866,772.9055
4061,960.8302,768.02014
4062,990.7709,768.22095
4063,1025.585,771.3676
4064,1045.4226,774.25183
4065,1048.4839,775.4788
4066,1043.907,777.17505
4067,1041.8607,782.2605
4068,1047.6136,789.1712
4069,1060.4071,793.72687
4070,1073.5818,794.6749
4071,1076.24,793.0291
4072,1060.167,788.6876
4073,1028.5286,781.21844
4074,994.5772,772.8325
4075,976.91534,768.3666
4076,990.99506,770.75757
4077,1026.4855,776.8928
4078,1048.6139,780.30145
4079,1036.63,777.5878
4080,1003.699,770.80585
4081,975.57837,764.3283
4082,963.96436,760.6183
4083,968.8236,759.71436
4084,989.7957,760.992
4085,1017.32404,763.5474
4086,1032.4081,765.56525
4087,1029.6913,764.51587
4088,1022.98505,759.1132
4089,1015.92505,752.77515
4090,975.05774,756.82227
4091,864.4763,781.89734
4092,721.50653,818.6992
4093,635.6113,845.2413
4094,635.90753,856.631
4095,672.51215,862.19836
4096,697.3995,862.2578
4097,703.26807,852.2127
4098,701.3005,837.7911
4099,698.4538,829.4903
4100,696.0509,829.0757
4101,694.5465,831.5894
4102,693.7983,833.7756
4103,691.733,833.8577
4104,685.9133,829.9461
4105,677.7841,823.191
4106,672.1061,817.8653
4107,670.73737,816.2069
4108,671.118,816.7454
4109,670.64105,817.2688
4110,668.9916,816.8461
4111,667.4951,815.9478
4112,667.7012,815.3795
4113,669.6903,815.0063
4114,671.55383,813.4775
4115,670.7196,808.47516
4116,667.286,797.42523
4117,665.5124,780.3648
4118,668.1043,762.75494
4119,671.51355,751.7415
4120,671.52325,748.8713
4121,669.4559,749.93097
4122,670.3036,751.0212
4123,677.1804,751.4298
4124,686.7365,751.5427
4125,692.29565,751.14966
4126,692.8373,750.24023
4127,692.8119,749.55865
4128,694.8282,749.74915
4129,697.19006,750.5501
4130,694.51886,751.076
4131,682.0789,750.92224
4132,664.74866,750.5256
4133,654.2651,750.30096
4134,653.41016,750.1752
4135,653.66034,749.83344
4136,650.753,749.4457
4137,654.6233,751.24817
4138,677.3597,757.9851
4139,711.3537,767.6369
4140,735.1416,775.26776
4141,741.8036,779.9817
4142,740.9657,783.1156
4143,739.832,784.3852
4144,739.0001,783.9901
4145,737.99426,782.99854
4146,737.0027,782.08307
4147,736.4901,781.75836
4148,736.5949,781.60236
4149,736.79663,780.2103
4150,736.4287,777.92554
4151,736.0152,778.80927
4152,737.31586,786.59827
4153,740.3221,797.8877
4154,742.17737,805.3508
4155,741.00684,807.4189
4156,738.58167,807.4735
4157,738.224,807.08936
4158,740.72656,806.4172
4159,742.2769,808.9583
4160,738.7064,819.87823
4161,732.726,836.20306
4162,730.37103,847.30286
4163,730.6348,850.0094
4164,727.88116,851.7837
4165,721.55176,856.985
4166,716.5407,861.45605
4167,716.3015,861.2525
4168,719.27057,857.98145
4169,722.3186,855.08453
4170,724.5231,854.0888
4171,726.7419,854.25916
4172,729.7996,853.914
4173,733.34576,852.24207
4174,735.8776,850.14557
4175,734.5502,850.8606
4176,726.9741,858.0441
4177,716.68365,869.26654
4178,710.99817,876.64496
4179,711.4832,877.14453
4180,713.539,874.89044
4181,712.46423,873.8707
4182,706.1997,874.40704
4183,697.4923,874.93384
4184,691.8667,874.705
4185,689.40204,875.17804
4186,684.28326,877.991
4187,671.52747,880.6617
4188,645.88605,874.23584
4189,606.95374,849.41864
4190,573.0428,810.74115
4191,564.9262,778.0438
4192,577.73016,766.9619
4193,592.58356,775.1353
4194,600.34247,789.00104
4195,601.8434,797.735
4196,600.7275,800.0027
4197,599.7291,799.6029
4198,599.2266,799.01245
4199,598.8294,798.39825
4200,599.4271,797.74176
4201,602.48083,799.25793
4202,607.4363,805.3735
4203,611.7235,813.4946
4204,614.5565,819.93835
4205,617.9579,826.94727
4206,621.944,836.46747
4207,623.69116,844.5082
4208,622.933,848.07074
4209,622.4852,848.39294
4210,623.7586,846.56805
4211,625.52167,843.0921
4212,626.376,840.1073
4213,627.2481,839.906
4214,630.35016,842.3371
4215,634.9858,845.1788
4216,638.3772,846.5441
4217,641.655,846.8622
4218,648.56854,847.89606
4219,657.9778,849.7371
4220,665.15704,851.90137
4221,669.4222,856.1478
4222,673.08356,862.7168
4223,676.35474,867.7664
4224,679.36584,868.81744
4225,684.0887,867.24976
4226,690.54443,864.7475
4227,696.6506,861.94806
4228,702.2991,859.73627
4229,708.0104,858.76776
4230,712.39124,858.4167
4231,714.7656,857.55756
4232,716.64844,855.6328
4233,719.4664,853.214
4234,722.678,851.8472
4235,724.1839,852.29535
4236,722.70544,853.471
4237,719.71576,854.01886
4238,717.9748,853.48047
4239,719.0017,851.62885
4240,722.1712,848.96375
4241,724.09155,847.1256
4242,721.38007,846.39624
4243,717.4376,843.6414
4244,722.21185,836.78754
4245,739.53174,831.1034
4246,758.70966,831.87555
4247,764.52026,832.7555
4248,750.9717,821.37
4249,725.30664,793.57245
4250,702.8355,760.1575
4251,692.0238,741.6678
4252,683.5002,755.67035
4253,662.1863,804.94586
4254,630.82214,871.4172
4255,609.6945,926.1269
4256,611.6409,953.05884
4257,633.392,958.0549
4258,667.2717,954.00836
4259,702.5822,948.8018
4260,724.5705,946.68646
4261,728.02844,949.78687
4262,727.7412,954.8912
4263,742.204,954.82074
4264,763.909,949.1733
4265,768.7077,946.70276
4266,756.244,952.73444
4267,748.9042,964.52386
4268,755.61725,978.15985
4269,762.8263,990.63403
4270,760.1044,998.75433
4271,754.2251,1000.9356
4272,752.3744,992.82416
4273,755.0759,964.7987
4274,761.72955,919.0673
4275,764.59375,877.8414
4276,756.5726,860.10657
4277,745.92163,864.461
4278,743.211,878.3872
4279,745.5729,891.0925
4280,745.81995,898.4603
4281,746.4462,903.61694
4282,754.6334,911.8833
4283,767.018,922.67786
4284,771.56836,929.46466
4285,764.3555,928.18933
4286,754.3519,921.96765
4287,755.24457,918.70026
4288,774.7883,923.9433
4289,803.1607,933.39404
4290,817.0592,938.695
4291,803.4536,940.2685
4292,773.3112,943.10925
4293,747.6357,942.78906
4294,735.22327,930.26086
4295,731.3938,913.28046
4296,731.2891,912.91235
4297,733.43024,931.61017
4298,736.24335,951.4936
4299,738.29846,963.0995
4300,740.0561,968.0089
4301,742.83984,965.40063
4302,746.2234,956.87463
4303,748.77344,950.2597
4304,750.63666,949.4698
4305,752.1512,951.6181
4306,751.82605,955.00903
4307,748.51685,961.0141
4308,743.97107,967.789
4309,741.1178,969.87213
4310,740.84766,965.4095
4311,741.99493,958.58307
4312,743.1998,955.04517
4313,743.9707,956.8384
4314,744.6459,960.9696
4315,745.8838,963.8142
4316,747.86884,965.3454
4317,749.11017,965.4273
4318,747.2158,961.1148
4319,742.51154,952.9801
4320,738.8546,946.6372
4321,739.1725,945.13165
4322,742.7568,946.5498
4323,747.12396,948.16327
4324,749.85516,949.3813
4325,748.7197,951.2839
4326,741.48645,954.188
4327,728.3855,957.008
4328,715.0352,958.81775
4329,708.056,959.72266
4330,708.156,960.13715
4331,710.6183,959.60394
4332,710.5818,957.09814
4333,707.65356,953.39264
4334,705.5167,951.3318
4335,706.41394,951.95245
4336,708.2933,951.82556
4337,707.5383,946.5989
4338,702.62524,937.45703
4339,694.4367,929.6226
4340,686.5826,925.52924
4341,690.8976,926.70056
4342,721.4116,935.84265
4343,769.512,949.3205
4344,804.785,958.3412
4345,810.8747,960.66095
4346,798.4448,959.79297
4347,784.76776,957.0651
4348,778.05945,953.2514
4349,778.38904,951.15375
4350,782.70715,951.96906
4351,785.17126,953.5143
4352,779.3399,953.9492
4353,765.49414,954.2155
4354,752.0276,955.4431
4355,746.6151,957.2175
4356,748.506,959.71466
4357,751.7484,963.32294
4358,754.3747,964.2786
4359,760.85815,956.98267
4360,774.00604,941.9099
4361,785.49,925.16125
4362,779.76794,913.58344
4363,754.98834,910.8201
4364,729.41315,912.3087
4365,718.5326,911.163
4366,726.5931,910.5672
4367,755.32007,918.777
4368,792.06256,933.37256
4369,809.5564,943.0927
4370,799.13025,943.7189
4371,779.8224,941.21735
4372,771.2511,941.45087
4373,776.1571,943.3662
4374,782.99335,940.84265
4375,778.40295,930.31555
4376,762.3183,915.5643
4377,746.5855,899.82526
4378,738.0003,879.7301
4379,733.21844,856.6428
4380,728.32715,839.5186
4381,724.06586,831.881
4382,723.1984,835.4619
4383,727.5525,859.6699
4384,736.7444,904.812
4385,746.5356,948.2278
4386,750.64526,968.7731
4387,746.4699,971.0248
4388,736.4686,968.46344
4389,725.84576,955.40204
4390,719.9197,917.7077
4391,721.72394,875.6662
4392,732.4784,876.2604
4393,749.1742,924.24927
4394,761.6428,973.693
4395,761.14606,992.98224
4396,750.79785,987.8277
4397,742.3186,971.86694
4398,742.96625,951.35443
4399,748.2993,932.597
4400,750.2138,923.37836
4401,746.80164,922.23737
4402,741.2173,915.08276
4403,736.4808,889.5718
4404,732.64307,854.13477
4405,731.8947,831.8304
4406,741.3523,830.93286
4407,759.0644,838.1931
4408,772.7967,842.02985
4409,779.7718,848.19934
4410,786.80743,868.15045
4411,795.6292,896.957
4412,803.10535,917.37714
4413,806.72345,924.10944
4414,802.70667,926.0416
4415,787.6936,930.16656
4416,767.1713,936.28076
4417,753.06506,940.94196
4418,750.8857,939.0436
4419,757.016,926.71844
4420,764.7447,908.3428
4421,769.46564,893.7324
4422,771.51996,886.2703
4423,773.9118,882.17786
4424,778.171,879.5891
4425,781.213,883.60376
4426,777.598,899.32007
4427,769.2219,915.2135
4428,764.5882,909.7327
4429,765.65625,884.62665
4430,767.0292,865.34015
4431,764.05676,867.5744
4432,754.3202,887.38525
4433,740.74414,910.7406
4434,731.15356,922.5575
4435,728.7355,920.0664
4436,730.1815,915.8873
4437,731.19714,923.46484
4438,729.878,941.48096
4439,727.7859,953.72833
4440,725.8788,945.54645
4441,721.02075,921.33545
4442,711.1024,902.5239
4443,700.0935,901.0222
4444,693.96936,906.68225
4445,693.155,908.88605
4446,692.922,909.3629
4447,690.9728,911.3248
4448,689.4974,911.65485
4449,690.6894,903.14526
4450,694.27216,882.6984
4451,698.0245,859.2239
4452,699.9605,848.3036
4453,701.55414,856.8815
4454,709.92883,877.2556
4455,732.9215,897.19916
4456,765.77673,912.2364
4457,790.98975,924.6135
4458,794.11896,933.27057
4459,772.2524,932.86847
4460,738.8963,923.55975
4461,718.8471,908.579
4462,723.325,886.5645
4463,743.64703,865.54663
4464,771.5527,864.76355
4465,802.25433,886.3818
4466,823.87775,912.2082
4467,828.2888,928.82806
4468,822.4454,935.25714
4469,816.83234,935.7155
4470,814.6325,934.61475
4471,812.9742,933.4603
4472,807.6067,932.732
4473,798.4627,933.4707
4474,794.0781,935.3104
4475,814.2872,941.9843
4476,874.58405,962.938
4477,952.5426,996.21075
4478,998.92224,1021.3022
4479,985.6963,1013.65924
4480,919.3004,963.3482
4481,836.8654,895.35474
4482,784.7761,853.2522
4483,771.4611,847.4861
4484,770.9096,853.3551
4485,767.1091,853.6071
4486,762.2914,851.90497
4487,760.17053,855.76056
4488,761.65894,863.7858
4489,767.4092,869.45355
4490,775.8028,870.2859
4491,780.97186,868.3851
4492,777.72485,865.5786
4493,769.8247,862.3529
4494,767.0317,860.6454
4495,773.2819,864.17444
4496,784.1571,873.73236
4497,790.73615,886.24097
4498,785.244,899.92285
4499,770.83417,913.54846
4500,758.46265,922.8768
4501,753.8667,926.0685
4502,758.9271,928.4102
4503,773.58765,934.9038
4504,787.2046,942.01294
4505,785.67365,943.34076
4506,768.7375,940.36914
4507,746.9564,941.1117
4508,728.8746,949.4739
4509,720.8609,960.5048
4510,728.2763,967.5338
4511,744.7146,970.14465
4512,753.4141,972.4721
4513,747.861,978.8162
4514,736.7911,991.06146
4515,733.1681,1002.0508
4516,743.35004,998.9768
4517,757.77,982.9878
4518,763.0662,969.11786
4519,764.94775,962.3385
4520,779.1897,954.08
4521,803.0057,941.52405
4522,814.3337,931.9115
4523,800.3587,929.7873
4524,773.7922,932.54626
4525,756.41815,935.5509
4526,754.07294,935.95416
4527,754.5422,935.2288
4528,746.29846,937.72906
4529,732.1258,943.83856
4530,722.57654,948.82434
4531,722.49225,950.4821
4532,729.85614,951.9842
4533,739.7383,955.70856
4534,746.34436,959.8587
4535,748.74,962.282
4536,752.14197,963.2268
4537,760.6059,963.9042
4538,771.8743,964.8579
4539,780.86926,965.7646
4540,788.5436,966.0976
4541,801.8154,965.6173
4542,819.74786,964.4246
4543,831.8202,963.1935
4544,833.80536,962.9556
4545,830.15686,964.29565
4546,824.42346,967.0708
4547,818.8323,970.46497
4548,815.9848,973.5373
4549,816.405,976.5242
4550,817.76886,980.4782
4551,815.5815,985.94696
4552,807.01044,992.92474
4553,796.2401,1000.17096
4554,787.59827,1005.1803
4555,776.3384,1004.8745
4556,760.12445,996.041
4557,748.40027,980.463
4558,747.5801,967.13416
4559,752.9285,966.1504
4560,759.29956,982.6411
4561,764.9213,1007.6932
4562,768.8045,1016.504
4563,773.23535,989.0728
4564,780.92096,936.43463
4565,788.9605,900.90906
4566,792.2559,913.3838
4567,791.0525,956.0833
4568,792.1776,990.54584
4569,800.4818,1002.37244
4570,811.3511,999.152
4571,818.74493,990.1779
4572,824.6505,980.6944
4573,831.10095,973.49615
4574,832.25586,973.71204
4575,823.61566,988.00507
4576,809.95917,1010.7636
4577,796.3647,1021.1233
4578,780.22943,1005.8537
4579,760.27875,977.17993
4580,742.728,956.70636
4581,732.7313,948.89575
4582,729.89355,943.215
4583,731.1806,933.9881
4584,732.24695,926.01917
4585,729.9653,925.22955
4586,724.597,927.86707
4587,717.99695,920.4888
4588,711.85486,895.14404
4589,707.5096,863.22107
4590,704.95636,845.78284
4591,700.9234,848.2233
4592,692.4718,853.2902
4593,684.0415,843.5424
4594,681.891,821.82745
4595,683.87714,802.06757
4596,685.7812,790.84656
4597,692.30695,788.9822
4598,710.4069,798.272
4599,733.3881,814.3419
4600,745.53455,824.865
4601,742.767,821.17
4602,733.8926,804.2199
4603,727.3602,783.99243
4604,725.9722,772.64343
4605,725.9307,771.1028
4606,721.3273,770.01935
4607,712.8232,765.0789
4608,706.74805,760.0961
4609,707.808,757.75555
4610,714.4644,757.79663
4611,718.4477,760.26935
4612,712.54254,764.55444
4613,700.0582,768.5458
4614,691.2621,770.362
4615,691.8273,770.0035
4616,698.3912,769.2996
4617,701.1853,769.749
4618,693.80695,771.1204
4619,687.9072,773.44086
4620,703.5753,778.0575
4621,737.2659,784.4476
4622,766.4603,791.1513
4623,784.11273,799.8295
4624,796.10095,810.6574
4625,800.98975,818.9172
4626,794.3759,822.1448
4627,777.5032,823.21
4628,758.9089,824.60803
4629,748.68524,825.8225
4630,744.6905,826.24866
4631,734.8741,827.2224
4632,718.3217,833.0706
4633,708.7081,849.73846
4634,712.0958,875.7119
4635,718.629,897.6134
4636,718.89685,900.03156
4637,712.9565,878.11523
4638,705.5748,846.4298
4639,702.6833,832.3889
4640,707.6246,848.91296
4641,716.14124,877.37103
4642,721.0787,884.9061
4643,721.6876,858.69714
4644,721.31555,819.247
4645,720.38885,794.54663
4646,717.35535,789.98914
4647,712.2833,795.28723
4648,706.7899,805.2145
4649,703.4261,819.38025
4650,704.85986,834.23883
4651,710.80634,844.38293
4652,718.5187,847.81866
4653,726.09,848.13983
4654,731.49713,854.32776
4655,733.4498,873.2153
4656,737.6908,894.5304
4657,752.5583,897.42126
4658,772.7246,877.82166
4659,782.8019,850.84607
4660,779.2231,830.7877
4661,771.03033,822.3052
4662,763.4184,822.9024
4663,754.6076,827.8033
4664,744.91565,832.1903
4665,739.1789,832.79114
4666,739.7045,831.0015
4667,744.8135,830.3563
4668,756.6182,832.0947
4669,779.3496,833.9799
4670,805.709,830.39417
4671,820.15393,819.02454
4672,815.8946,810.4559
4673,797.99963,817.9246
4674,778.8377,834.48645
4675,768.3106,841.11224
4676,768.455,833.3666
4677,782.1288,819.83624
4678,804.6573,807.7721
4679,813.41,800.18756
4680,792.5116,796.2279
4681,755.91895,793.6624
4682,731.36365,791.8513
4683,735.95667,791.78644
4684,770.26843,795.2464
4685,814.40796,801.49866
4686,840.4714,806.01074
4687,844.04175,805.77466
4688,840.75543,803.0693
4689,833.6532,802.0584
4690,810.9774,803.4944
4691,775.63727,805.21423
4692,751.6154,808.13104
4693,753.05164,815.6158
4694,765.3284,824.1874
4695,764.5169,824.63055
4696,746.20447,815.5361
4697,726.8646,806.0353
4698,724.5441,807.45764
4699,744.7933,825.9499
4700,773.95544,853.6472
4701,791.37115,872.5006
4702,793.96796,873.4523
4703,793.04944,861.5657
4704,793.78906,847.0797
4705,794.2195,839.03174
4706,795.3277,840.52344
4707,800.08575,847.07605
4708,803.3338,847.02966
4709,793.6565,828.387
4710,770.3292,796.3516
4711,746.9915,772.81476
4712,737.60114,771.0917
4713,745.9287,785.57117
4714,762.1399,802.73505
4715,770.87146,812.5474
4716,768.85657,814.7038
4717,765.5412,814.93066
4718,766.06964,815.86304
4719,765.7693,815.70026
4720,761.1535,814.0437
4721,758.68286,816.95685
4722,767.15967,831.7625
4723,780.961,850.96674
4724,781.3924,852.1399
4725,760.04456,825.92456
4726,731.26196,791.39856
4727,714.00507,771.5155
4728,709.822,767.831
4729,708.7284,770.0143
4730,704.4084,772.97546
4731,695.49945,776.8006
4732,686.5039,784.11383
4733,688.52515,797.66223
4734,708.16693,813.1701
4735,739.5477,821.97144
4736,769.92896,822.8446
4737,790.8961,823.1582
4738,804.9493,828.5846
4739,815.93225,834.9868
4740,817.9279,832.34375
4741,804.2501,817.22314
4742,782.1266,797.2081
4743,769.3745,782.37354
4744,774.25494,775.6335
4745,787.3079,773.01825
4746,797.2795,771.8967
4747,802.9944,776.966
4748,807.58356,794.6348
4749,811.542,819.6036
4750,813.8906,838.97504
4751,816.0144,850.0685
4752,819.9802,857.998
4753,823.8484,864.807
4754,820.97253,873.0062
4755,805.98505,885.6781
4756,785.36163,898.7175
4757,773.0959,904.8084
4758,771.4256,903.05634
4759,767.9091,895.35596
4760,752.22485,881.37915
4761,730.2457,865.9769
4762,715.8836,859.2296
4763,709.18335,861.9858
4764,699.87756,860.2267
4765,689.68585,839.8202
4766,687.7753,807.20013
4767,693.543,784.1396
4768,701.94354,779.9025
4769,711.1072,786.39355
4770,717.21094,796.22174
4771,715.6154,808.0214
4772,708.58405,818.5901
4773,703.2321,822.51514
4774,702.78613,820.093
4775,705.99664,817.55975
4776,711.5929,818.90375
4777,719.5156,822.0254
4778,729.96747,822.71094
4779,740.83234,820.1835
4780,747.8307,818.0639
4781,749.18005,821.5735
4782,747.37756,832.90045
4783,745.3415,847.05865
4784,742.9982,856.5293
4785,740.5421,859.4799
4786,743.715,857.67487
4787,758.241,851.5865
4788,777.57874,842.6059
4789,787.73694,835.60754
4790,784.57404,837.8558
4791,775.0539,851.88184
4792,768.30786,865.2216
4793,770.1921,861.2078
4794,776.59985,844.84485
4795,776.3709,836.6143
4796,766.6316,842.51953
4797,756.4665,850.9468
4798,754.9249,851.0553
4799,762.6053,841.3039
4800,772.4446,828.02203
4801,777.031,819.0139
4802,776.18134,815.70984
4803,773.24554,815.179
4804,768.19775,816.17175
4805,761.96826,818.36664
4806,761.2852,822.36383
4807,770.6341,830.41626
4808,783.5471,840.4551
4809,789.88983,846.09845
4810,788.23706,847.8469
4811,784.194,853.41925
4812,781.48694,863.94666
4813,779.59576,871.93976
4814,775.29614,874.078
4815,765.48376,875.23065
4816,752.1976,879.544
4817,743.3241,881.2487
4818,751.17017,864.85077
4819,781.26086,828.2248
4820,809.11926,803.9643
4821,802.91296,821.56665
4822,773.2115,860.36664
4823,751.7614,883.0831
4824,744.4864,885.2075
4825,739.63367,882.3233
4826,731.602,881.21954
4827,723.9633,875.632
4828,720.80365,857.69684
4829,718.9898,830.9611
4830,716.3741,807.26245
4831,720.629,791.9687
4832,735.01605,783.0573
4833,748.70135,778.48676
4834,752.47144,774.8558
4835,748.99805,768.9897
4836,745.6118,770.5072
4837,752.22455,800.8069
4838,776.33685,861.98676
4839,806.8505,921.8483
4840,823.73047,949.94147
4841,819.749,943.6521
4842,799.846,908.06494
4843,778.85626,851.0662
4844,770.28894,804.1276
4845,771.33276,801.82855
4846,774.10864,835.4966
4847,776.41266,861.6533
4848,776.10205,854.0009
4849,769.9522,825.0422
4850,758.8225,801.1879
4851,749.536,791.3325
4852,750.82794,786.2271
4853,764.81146,780.0079
4854,782.7665,776.51874
4855,793.2055,777.99567
4856,790.794,780.76013
4857,776.7124,780.58496
4858,757.8486,776.6074
4859,742.54565,771.0535
4860,734.60834,768.2981
4861,738.95294,776.24133
4862,761.1721,800.84796
4863,790.08356,832.6502
4864,803.46484,852.34564
4865,795.49854,852.17194
4866,777.05145,838.0869
4867,759.6179,820.0323
4868,749.0769,807.18
4869,741.7239,802.10944
4870,730.008,799.95703
4871,715.855,796.9862
4872,707.36755,795.5404
4873,704.84894,798.84125
4874,702.5235,803.60565
4875,700.0327,800.8366
4876,699.6323,788.29254
4877,699.4097,775.8032
4878,699.5329,771.11163
4879,704.76624,773.18066
4880,715.0526,781.5471
4881,722.9351,796.6353
4882,724.1925,812.3913
4883,723.15985,821.145
4884,724.16235,822.7854
4885,728.4869,820.69257
4886,739.0912,814.7848
4887,754.30676,805.7702
4888,764.5798,798.99
4889,765.52673,797.8169
4890,762.1862,799.50757
4891,759.4439,800.8431
4892,758.6122,801.949
4893,760.3857,804.0925
4894,765.8841,808.41626
4895,773.77905,814.8252
4896,778.58575,819.8343
4897,777.382,819.9566
4898,773.97974,816.6799
4899,770.5757,814.02484
4900,764.8354,814.18286
4901,758.3923,816.9606
4902,755.05035,819.92993
4903,752.3227,818.3958
4904,746.79395,809.1428
4905,741.4798,796.5073
4906,740.27814,788.7502
4907,742.4271,787.27374
4908,746.14325,787.1442
4909,750.095,786.6593
4910,748.64624,791.60315
4911,735.48676,808.9641
4912,716.51245,834.7761
4913,711.4913,856.57416
4914,734.21564,869.6003
4915,770.8644,876.2027
4916,790.9536,871.7715
4917,781.0543,848.8757
4918,755.00745,816.3841
4919,733.7943,793.7148
4920,724.7838,784.0239
4921,722.64813,777.009
4922,722.5814,770.14404
4923,723.8416,767.31323
4924,726.9778,769.3171
4925,732.7597,773.9814
4926,739.9343,778.5827
4927,745.46967,781.29913
4928,748.18756,781.3556
4929,748.1352,779.1367
4930,742.42035,777.96954
4931,727.8421,781.9905
4932,708.35535,789.9915
4933,689.33954,796.7843
4934,671.167,800.38727
4935,659.64343,801.9243
4936,659.8688,802.2598
4937,663.7004,802.79315
4938,672.5064,806.0764
4939,702.81915,813.8797
4940,748.4376,824.0469
4941,779.37646,832.02844
4942,782.44556,838.276
4943,767.3596,847.9726
4944,747.15826,861.0283
4945,731.38086,870.407
4946,722.5629,871.2004
4947,717.37683,865.03186
4948,714.4278,858.44775
4949,715.2179,860.07153
4950,719.28674,873.1528
4951,721.8002,889.62976
4952,720.072,898.4928
4953,723.75525,898.003
4954,744.97546,892.82306
4955,775.0553,885.79645
4956,792.49243,876.0396
4957,792.0601,859.3255
4958,783.6932,834.60724
4959,775.3917,810.61646
4960,772.9352,798.8308
4961,780.2372,802.3301
4962,792.2367,813.6563
4963,799.6494,823.68164
4964,801.18066,830.7297
4965,801.2591,835.08014
4966,801.8224,833.3135
4967,802.44574,824.9045
4968,801.2096,814.5338
4969,794.71014,808.0922
4970,781.9292,810.48047
4971,768.1349,821.67914
4972,760.9625,834.3095
4973,759.9612,837.269
4974,755.7696,823.84735
4975,744.23016,801.52765
4976,732.8494,786.8427
4977,728.1845,785.0905
4978,726.60834,785.546
4979,722.0503,776.968
4980,715.46783,761.5249
4981,711.7794,750.8356
4982,711.8773,749.70386
4983,715.4722,754.1617
4984,727.5496,761.2658
4985,750.42633,768.8659
4986,775.3504,773.7595
4987,794.8824,777.6086
4988,812.7587,786.53784
4989,829.9568,800.7858
4990,839.2672,813.1992
4991,840.2065,818.65375
4992,837.33246,815.0353
4993,827.702,800.0749
4994,808.00104,777.1705
4995,783.0032,755.3495
4996,762.59875,740.5517
4997,759.12177,736.12054
4998,777.0249,743.89484
4999,802.17993,757.7436
5000,815.87915,767.53613
5001,815.46423,770.01996
5002,809.4899,766.87445
5003,804.38043,760.17865
5004,805.0697,758.4619
5005,814.044,773.4669
5006,824.33344,801.3192
5007,825.6489,822.4865
5008,813.2432,822.88965
5009,785.56476,803.1696
5010,749.7701,776.8735
5011,724.0891,761.1258
5012,718.38025,759.7064
5013,725.0256,763.3989
5014,734.09973,764.05426
5015,743.53,759.0816
5016,752.9103,750.9664
5017,759.6509,745.3799
5018,763.5587,744.75116
5019,766.4988,746.5171
5020,768.7898,747.4813
5021,769.8071,747.8983
5022,768.6011,753.586
5023,765.9269,769.0408
5024,767.124,787.26483
5025,773.11145,797.2137
5026,772.17334,799.889
5027,757.3768,806.6435
5028,740.8617,823.79236
5029,735.55707,845.1534
5030,738.68604,860.47266
5031,740.3869,868.3828
5032,736.23004,874.85956
5033,729.0484,880.72864
5034,723.7855,882.6498
5035,723.32385,884.55054
5036,727.27875,893.77734
5037,731.59344,908.1244
5038,731.9796,919.88934
5039,729.17944,926.3947
5040,726.98926,926.4173
5041,726.3313,918.98553
5042,724.52637,909.9712
5043,720.0068,904.9378
5044,715.1075,898.11456
5045,711.173,885.3292
5046,707.8151,873.92126
5047,706.9114,866.7283
5048,708.846,861.8798
5049,715.5762,865.2417
5050,734.39233,881.821
5051,762.17096,905.25806
5052,782.0934,922.39276
5053,785.248,926.3165
5054,779.4319,922.4185
5055,780.2433,916.2014
5056,796.59515,905.2614
5057,814.3969,894.9465
5058,809.12866,902.8525
5059,780.9799,931.4919
5060,754.7712,959.74176
5061,747.5528,970.5094
5062,754.51874,967.4332
5063,764.91113,965.0841
5064,774.9598,970.1452
5065,782.016,973.9158
5066,783.387,970.31464
5067,778.2415,968.91064
5068,766.35944,976.19305
5069,753.63684,985.43445
5070,748.4786,992.195
5071,753.19055,989.9774
5072,763.374,960.29944
5073,765.94354,903.7479
5074,752.25616,855.9011
5075,737.27997,844.4418
5076,741.803,862.1043
5077,764.13904,888.7668
5078,787.9722,911.78
5079,803.7247,927.12225
5080,811.2209,936.1865
5081,811.2194,939.42126
5082,800.9267,931.7688
5083,782.7859,916.51764
5084,774.51245,914.53925
5085,787.7533,934.98926
5086,804.6435,960.5623
5087,803.1547,979.5607
5088,786.93945,995.81494
5089,771.84216,1009.5759
5090,764.28625,1016.8096
5091,764.995,1012.16235
5092,776.243,989.6566
5093,792.5801,957.1069
5094,802.0113,934.51166
5095,802.61694,930.3403
5096,800.64185,937.5009
5097,797.8285,947.00793
5098,792.26953,955.33417
5099,787.5345,962.3232
5100,805.37415,957.77637
5101,877.93085,920.49646
5102,990.3988,850.88885
5103,1058.9575,785.1392
5104,1027.6215,751.9048
5105,940.51105,741.39905
5106,868.51715,732.5927
5107,830.3603,719.9932
5108,809.9438,707.9541
5109,793.21497,700.0868
5110,776.18097,697.0235
5111,762.48126,696.83295
5112,757.1678,696.58234
5113,759.43396,695.5388
5114,763.4654,695.23456
5115,766.1567,695.83234
5116,769.72107,695.93005
5117,775.46344,695.57153
5118,781.222,695.92975
5119,786.7385,696.02563
5120,797.0502,692.4029
5121,815.41156,685.8105
5122,823.56177,691.859
5123,786.9432,734.1617
5124,709.94,808.38416
5125,648.4766,871.8714
5126,636.62897,893.3477
5127,653.1504,884.92664
5128,669.2211,873.0976
5129,680.3944,870.84326
5130,693.8525,878.6993
5131,710.0862,890.9196
5132,721.15076,904.424
5133,721.7236,923.71466
5134,715.2437,948.1051
5135,709.861,966.42993
5136,712.4477,969.01764
5137,724.61505,953.1946
5138,741.14496,927.55756
5139,753.8058,910.1452
5140,758.43176,910.12036
5141,756.73413,921.97437
5142,752.887,936.0929
5143,749.7028,946.1521
5144,746.6962,951.6529
5145,743.7945,955.8873
5146,745.9315,963.1686
5147,757.744,975.03033
5148,775.14264,985.66766
5149,788.8252,986.7155
5150,792.1328,976.0748
5151,782.2186,959.54706
5152,764.0034,947.1188
5153,751.0982,946.9781
5154,751.2377,959.89453
5155,757.9466,978.3995
5156,762.38043,992.8055
5157,765.30566,997.3024
5158,771.93756,987.85913
5159,778.6673,957.6644
5160,780.15735,904.5044
5161,785.37683,844.0654
5162,805.9857,799.0206
5163,840.2238,778.27765
5164,869.3126,778.0823
5165,858.80945,787.38293
5166,792.0688,797.43976
5167,709.5485,818.6603
5168,679.94403,868.8292
5169,722.6855,935.5135
5170,775.2138,973.26184
5171,743.0979,949.95013
5172,596.1796,882.15045
5173,409.02737,822.60675
5174,282.6576,805.44934
5175,249.3501,813.30145
5176,262.46286,821.6545
5177,264.45074,829.63495
5178,252.91411,830.0305
5179,257.68387,810.0225
5180,292.79535,777.0248
5181,357.93393,746.61554
5182,435.2192,725.3333
5183,489.5393,713.4015
5184,513.9251,703.59564
5185,539.385,687.7959
5186,571.82196,679.5903
5187,576.9809,704.7926
5188,548.107,750.4602
5189,519.74023,754.4849
5190,506.1875,681.4492
5191,492.52505,585.65497
5192,481.19742,543.6107
5193,491.88852,557.1232
5194,513.8608,591.0226
5195,500.8092,647.503
5196,440.21115,737.2001
5197,402.20584,822.8124
5198,459.45355,838.311
5199,567.3578,765.3814
5200,619.65643,666.49493
5201,600.8583,610.3117
5202,574.8915,592.8887
5203,576.4365,572.04443
5204,589.853,535.68427
5205,583.3548,506.40875
5206,541.1934,506.8019
5207,487.0568,529.5508
5208,456.54285,548.1387
5209,447.6855,554.69165
5210,440.4428,559.10547
5211,441.6672,561.8372
5212,471.19858,557.57654
5213,535.112,552.4972
5214,621.8519,558.24
5215,695.2048,573.4211
5216,720.4816,586.59344
5217,714.35406,598.07574
5218,713.815,611.68896
5219,707.58405,606.6788
5220,664.839,562.96704
5221,606.45465,516.2389
5222,584.1789,534.2785
5223,608.00305,627.2476
5224,658.0919,733.2937
5225,752.5802,804.5387
5226,909.3888,850.54095
5227,1057.417,885.68195
5228,1090.6285,895.1009
5229,970.78564,866.5502
5230,733.16046,817.13385
5231,478.6011,779.8841
5232,337.3034,776.2619
5233,354.2351,813.8982
5234,452.02405,884.80005
5235,531.1551,946.72473
5236,550.9374,963.15576
5237,515.78784,958.2964
5238,452.61536,973.6061
5239,429.17154,994.5262
5240,525.2292,966.4917
5241,718.6914,878.0449
5242,871.2097,789.8801
5243,903.05273,773.2995
5244,885.17224,845.1061
5245,895.704,953.39166
5246,913.88226,1022.5439
5247,893.1565,1006.4216
5248,831.216,899.9978
5249,770.4389,761.4479
5250,759.19403,686.5008
5251,785.46814,702.16425
5252,786.5045,760.6399
5253,738.2932,822.1536
5254,679.8242,855.5536
5255,651.94916,822.9482
5256,654.9464,740.0902
5257,664.49457,677.3805
5258,665.37634,665.2584
5259,663.28394,671.6629
5260,670.6529,665.76385
5261,686.34326,650.0224
5262,691.07434,643.4814
5263,666.70905,658.37555
5264,619.86,692.4451
5265,575.55817,735.79004
5266,553.705,777.74097
5267,561.81165,809.0335
5268,589.84814,827.1617
5269,613.3609,839.4909
5270,617.9467,855.335
5271,607.2329,875.25085
5272,590.721,890.82446
5273,576.6763,896.81586
5274,568.73706,896.88324
5275,566.1028,894.5846
5276,568.0307,888.48
5277,571.6143,879.5981
5278,567.4392,873.98706
5279,552.3364,871.8776
5280,539.06415,865.501
5281,538.521,852.282
5282,546.96136,838.986
5283,558.4243,832.68195
5284,578.0168,833.8547
5285,621.169,834.7627
5286,695.0335,821.853
5287,783.0194,789.7886
5288,879.1599,759.2363
5289,1002.9932,761.3278
5290,1123.2103,797.0955
5291,1166.5936,837.1828
5292,1152.1403,861.34125
5293,1170.9584,871.6583
5294,1224.7648,868.5413
5295,1229.4146,842.93414
5296,1154.3167,800.13275
5297,1042.2017,764.87494
5298,936.3929,753.35925
5299,862.5011,757.2488
5300,827.4681,760.6992
5301,814.1693,758.4112
5302,806.19257,749.85815
5303,788.40295,736.4958
5304,733.4457,730.13904
5305,645.9139,741.71924
5306,587.49304,763.95154
5307,607.09143,782.74963
5308,676.48083,796.4598
5309,721.79266,808.6196
5310,698.8624,816.45636
5311,626.1735,820.7707
5312,554.9553,828.8873
5313,516.11523,841.06134
5314,501.52704,851.7839
5315,496.14322,860.70514
5316,517.32404,871.7404
5317,595.1103,889.563
5318,701.73267,915.4109
5319,763.4118,939.68713
5320,758.6698,948.2429
5321,730.6305,939.1903
5322,717.7918,922.9294
5323,733.2516,907.676
5324,776.61865,896.5106
5325,823.44977,894.0555
5326,838.4765,903.3612
5327,819.70593,917.4165
5328,798.0745,924.46686
5329,798.39276,922.0854
5330,817.5993,917.25745
5331,836.6151,915.42035
5332,847.6021,916.6535
5333,855.6633,918.84357
5334,863.1625,920.40137
5335,869.0684,921.08514
5336,870.88824,920.9972
5337,860.7243,919.1852
5338,830.72156,914.3865
5339,789.14734,907.52814
5340,760.2377,901.99133
5341,757.92267,899.958
5342,772.38544,899.75507
5343,787.14685,898.5293
5344,794.83734,896.5168
5345,796.0724,897.3252
5346,796.7724,902.46796
5347,809.782,904.85016
5348,843.6763,895.2295
5349,879.4202,877.85345
5350,871.2101,872.3911
5351,780.58997,903.4311
5352,624.5338,977.55286
5353,488.36868,1060.7762
5354,443.89816,1108.7035
5355,470.1603,1115.6716
5356,503.10016,1107.7245
5357,516.4739,1107.2008
5358,519.722,1113.366
5359,523.83105,1110.7362
5360,534.1432,1094.7078
5361,551.82745,1075.5999
5362,564.67126,1062.461
5363,555.1115,1057.0239
5364,530.8321,1054.5316
5365,537.48975,1036.7228
5366,622.1047,981.8288
5367,759.92944,903.84454
5368,859.31433,847.6276
5369,872.69904,829.92804
5370,834.8319,829.1
5371,791.34,825.5856
5372,761.1528,818.5277
5373,749.24677,815.294
5374,750.71484,818.9922
5375,754.8477,825.0827
5376,759.9871,828.561
5377,775.66656,828.7533
5378,807.83264,825.86316
5379,844.82324,821.95483
5380,845.94135,830.7645
5381,766.5287,873.2491
5382,632.1989,944.45184
5383,531.7631,1003.4874
5384,507.4938,1021.9176
5385,528.41,1012.7257
5386,563.47845,1003.97986
5387,609.75244,1014.53284
5388,659.9646,1041.2614
5389,691.41205,1062.1686
5390,689.0009,1065.7908
5391,657.43164,1063.0248
5392,621.149,1070.831
5393,609.7021,1096.3538
5394,624.67535,1124.8748
5395,640.9124,1125.9918
5396,641.0707,1090.7866
5397,625.87683,1052.584
5398,606.60583,1045.6136
5399,604.9167,1057.5392
5400,639.011,1054.7118
5401,694.808,1034.9215
5402,734.19464,1021.18304
5403,738.639,1021.9118
5404,720.0839,1025.769
5405,700.27747,1024.9067
5406,695.93616,1023.9565
5407,705.5693,1028.1517
5408,709.2168,1031.7705
5409,692.6998,1021.7271
5410,664.8332,993.70435
5411,645.80774,960.6983
5412,648.03375,938.00604
5413,671.7354,928.14355
5414,712.37335,933.0195
5415,764.17194,960.7164
5416,806.8104,1005.42896
5417,804.0661,1050.7643
5418,744.89813,1092.5615
5419,669.3214,1128.3224
5420,626.52496,1147.0985
5421,627.9337,1147.31
5422,660.2775,1138.3562
5423,713.831,1125.8622
5424,773.47455,1109.4408
5425,815.9118,1079.5525
5426,829.2906,1025.7943
5427,812.46967,969.7941
5428,778.6498,948.65967
5429,760.1407,963.5407
5430,772.7308,992.6408
5431,797.60834,1021.9663
5432,812.543,1041.1201
5433,812.40125,1044.8993
5434,801.2716,1038.4849
5435,785.73755,1031.8688
5436,773.3626,1035.434
5437,768.06445,1053.6558
5438,768.61084,1077.0657
5439,771.58704,1089.9069
5440,775.0526,1087.631
5441,779.97253,1078.7915
5442,785.8122,1072.1403
5443,788.77466,1063.205
5444,787.15405,1038.0994
5445,782.7014,1000.3769
5446,775.6005,977.5272
5447,763.3142,988.48914
5448,747.3017,1020.95
5449,735.8339,1047.4989
5450,735.5261,1056.0846
5451,743.76636,1055.129
5452,751.5664,1053.6262
5453,752.9713,1051.3068
5454,750.6285,1045.5597
5455,749.6023,1037.621
5456,750.7626,1030.6451
5457,754.1308,1025.5298
5458,759.8049,1021.7874
5459,765.0159,1019.5454
5460,767.59937,1018.46594
5461,768.92596,1018.2053
5462,770.43256,1019.27893
5463,770.6892,1021.08136
5464,766.74066,1022.8328
5465,757.82,1025.3071
5466,748.3796,1027.4111
5467,744.9163,1026.8965
5468,747.99274,1024.9375
5469,752.111,1021.49286
5470,753.442,1012.0882
5471,752.3037,997.6591
5472,750.3676,986.8913
5473,749.07605,984.04236
5474,748.70465,985.1506
5475,748.3265,985.6525
5476,747.2557,984.8281
5477,746.1882,984.00336
5478,747.8215,982.1172
5479,753.8375,975.0637
5480,759.30493,961.72095
5481,757.8002,948.0224
5482,753.49414,944.6951
5483,756.2268,959.30347
5484,765.397,983.4607
5485,771.64984,995.0367
5486,771.2169,982.6967
5487,768.19037,959.74194
5488,766.66376,946.2564
5489,766.54803,945.36774
5490,766.05035,946.1103
5491,765.21606,941.5489
5492,764.67145,934.8739
5493,763.3904,937.15063
5494,760.40735,959.12646
5495,756.8291,990.998
5496,753.75494,1001.19794
5497,749.5682,972.5047
5498,742.8968,926.2808
5499,736.32263,895.5543
5500,733.49615,887.37274
5501,735.18286,888.0924
5502,738.6987,889.46124
5503,738.7656,894.7183
5504,732.0695,909.39685
5505,722.23474,930.14215
5506,715.1139,945.1665
5507,711.3974,949.31464
5508,709.51685,949.0551
5509,709.80853,949.3872
5510,712.4817,944.55554
5511,717.3093,927.0291
5512,723.9459,902.90735
5513,730.1318,886.4879
5514,732.8618,879.5433
5515,731.1369,872.4122
5516,726.40454,862.1345
5517,720.6856,853.79956
5518,716.84393,849.7967
5519,722.4964,849.9397
5520,744.0099,855.7619
5521,772.0149,865.5121
5522,787.90216,872.6913
5523,786.2982,873.9352
5524,775.75616,869.2503
5525,763.4234,857.2761
5526,750.3704,839.9394
5527,733.8938,825.49506
5528,712.6522,820.72235
5529,693.87787,824.9352
5530,686.3943,832.3248
5531,687.728,838.05237
5532,690.5048,842.17725
5533,693.89813,846.021
5534,700.8362,847.9747
5535,711.38385,847.1604
5536,721.24426,845.85767
5537,725.1895,845.6674
5538,721.8894,846.1022
5539,714.2374,846.72
5540,705.9292,847.8711
5541,698.36237,851.2456
5542,690.05646,861.5234
5543,680.15955,881.9772
5544,670.90643,905.32404
5545,664.32263,919.60864
5546,659.9126,923.45886
5547,656.5779,923.55414
5548,653.1512,923.52814
5549,648.1518,923.833
5550,643.5584,924.7084
5551,649.47327,924.2787
5552,675.5599,919.2516
5553,711.5252,910.9524
5554,732.9901,904.30756
5555,731.0489,900.227
5556,716.8046,896.9393
5557,705.7336,896.7055
5558,705.2109,901.9465
5559,703.1626,907.01587
5560,686.69867,905.9088
5561,669.9634,903.7301
5562,670.9286,908.8348
5563,684.27954,920.5992
5564,700.9304,931.5674
5565,724.384,937.7295
5566,753.5266,941.6064
5567,771.73413,944.2059
5568,766.42645,942.2096
5569,745.88684,935.82684
5570,726.6658,930.24585
5571,716.58716,928.8943
5572,718.542,931.6916
5573,731.4564,934.8997
5574,740.5236,931.41016
5575,732.94,920.993
5576,719.42145,913.9981
5577,718.8639,917.87787
5578,737.0168,931.2347
5579,767.3017,949.1587
5580,797.69464,965.2275
5581,814.3972,972.2712
5582,808.16016,965.9881
5583,784.87305,949.5258
5584,763.2425,933.0113
5585,756.59717,927.0319
5586,765.1431,936.77203
5587,783.4798,958.42426
5588,804.3592,980.0203
5589,820.1165,991.1765
5590,828.1442,991.5686
5591,831.48627,986.69763
5592,834.3495,980.56366
5593,837.6168,975.3642
5594,833.8437,971.52716
5595,812.20123,966.25507
5596,776.4925,958.0923
5597,744.5889,949.5235
5598,725.69446,941.92474
5599,715.3876,936.81647
5600,707.3824,942.0495
5601,698.63513,965.1374
5602,690.1844,998.9949
5603,685.1552,1027.5023
5604,684.0298,1044.7551
5605,684.55176,1052.5312
5606,685.15186,1048.7682
5607,685.6329,1036.214
5608,685.81934,1028.5508
5609,685.4184,1035.3141
5610,685.1213,1049.1433
5611,687.81366,1056.2345
5612,698.10486,1055.1033
5613,716.51447,1053.9437
5614,733.5886,1056.3109
5615,737.9653,1062.7272
5616,730.9878,1072.9001
5617,724.46704,1073.6876
5618,725.19806,1048.3776
5619,729.13446,1010.66
5620,729.0296,996.77594
5621,721.236,1017.0674
5622,709.0464,1043.7346
5623,708.8132,1043.0479
5624,726.9676,1013.2912
5625,725.923,991.39026
5626,682.0755,1003.8997
5627,656.0567,1033.913
5628,711.35925,1055.1162
5629,806.08344,1053.6095
5630,845.3494,1025.1842
5631,802.23834,988.7576
5632,728.62585,967.64264
5633,679.1373,957.62866
5634,669.9414,949.5399
5635,684.8324,951.6141
5636,692.89624,967.87836
5637,680.4285,985.34265
5638,664.799,990.56726
5639,662.11334,982.4789
5640,666.56903,968.01776
5641,667.3285,954.2676
5642,663.4887,944.3566
5643,665.7449,936.6174
5644,686.194,927.80457
5645,718.86127,917.02374
5646,743.5285,906.7317
5647,752.7405,901.0343
5648,754.69916,901.7652
5649,755.2379,905.5944
5650,752.568,906.83923
5651,742.9529,902.3098
5652,726.9776,892.1784
5653,710.22125,878.2223
5654,696.6393,862.7236
5655,685.614,851.0522
5656,675.44415,850.1062
5657,665.96954,857.1659
5658,657.52454,860.0957
5659,648.67664,853.58655
5660,639.61383,844.6309
5661,637.2641,839.56964
5662,650.35175,834.7071
5663,677.6153,823.1234
5664,705.79236,804.3411
5665,723.33154,785.3976
5666,730.2754,773.8799
5667,731.34344,769.5843
5668,728.63947,766.3177
5669,724.8975,760.68463
5670,725.6637,753.547
5671,733.1875,745.6213
5672,742.23004,737.94977
5673,747.4864,734.0087
5674,750.01874,735.1603
5675,749.38666,735.9508
5676,739.76135,728.66516
5677,720.3053,713.12476
5678,701.2429,700.28033
5679,702.16974,705.75323
5680,738.6264,735.6014
5681,794.01135,774.36
5682,823.7431,800.9205
5683,804.31757,815.03906
5684,758.5698,826.7755
5685,725.22156,836.5902
5686,717.8744,843.13885
5687,721.5881,849.31854
5688,721.0533,857.52026
5689,717.3267,869.3518
5690,715.5008,883.55206
5691,712.73785,895.3114
5692,706.80566,902.8267
5693,702.3524,908.9132
5694,703.23944,915.21893
5695,707.309,920.1298
5696,710.30286,922.18243
5697,710.4254,921.5271
5698,707.534,917.36365
5699,701.9954,908.1715
5700,696.4805,897.29895
5701,695.1971,891.97375
5702,700.3517,893.2426
5703,710.42737,894.93726
5704,721.31464,893.9219
5705,731.9565,897.14404
5706,746.21735,917.41
5707,761.4391,958.9498
5708,766.543,1011.2698
5709,758.97687,1057.0662
5710,745.6775,1076.8046
5711,730.47485,1059.8956
5712,717.4438,1022.2298
5713,711.3144,988.92267
5714,707.9727,964.7651
5715,703.54236,949.23615
5716,703.6524,953.807
5717,710.07886,979.76855
5718,715.3823,1008.9429
5719,712.08093,1026.9756
5720,697.4802,1035.0535
5721,679.19745,1038.5605
5722,670.4312,1038.9392
5723,672.13794,1036.8251
5724,674.4065,1033.9255
5725,672.8222,1031.9336
5726,669.0209,1032.9922
5727,662.43933,1038.5302
5728,653.58466,1045.7112
5729,648.5971,1049.1034
5730,654.0827,1048.5692
5731,671.41785,1049.903
5732,692.9009,1055.37
5733,706.5943,1060.7482
5734,711.8306,1063.4191
5735,719.08527,1067.1003
5736,731.6924,1076.0607
5737,742.6684,1087.4633
5738,751.60693,1095.0033
5739,767.28436,1099.0347
5740,787.3889,1103.4083
5741,794.8681,1106.6235
5742,781.5147,1106.1934
5743,758.7455,1103.6272
5744,742.3195,1100.6838
5745,737.1151,1098.7023
5746,737.1007,1098.0569
5747,731.8477,1090.9972
5748,714.5498,1066.571
5749,691.71356,1031.8508
5750,675.64453,1011.6568
5751,666.1416,1019.21466
5752,656.0277,1042.3274
5753,646.0762,1062.6129
5754,642.55524,1074.8063
5755,649.6211,1080.3582
5756,662.1844,1076.8429
5757,660.9828,1063.9823
5758,637.24915,1047.4976
5759,629.59204,1030.9135
5760,682.1916,1013.8639
5761,756.54504,1001.48267
5762,771.8517,1001.01544
5763,727.7015,1006.1169
5764,686.83545,1004.02277
5765,670.9986,994.0289
5766,660.7606,981.66736
5767,650.2502,969.62885
5768,647.09937,962.509
5769,653.17566,964.6291
5770,664.4392,973.24304
5771,674.19543,981.3728
5772,674.715,985.21796
5773,662.4091,987.196
5774,644.77783,990.64716
5775,634.93164,993.6619
5776,635.2243,992.21277
5777,637.2715,986.85126
5778,636.8747,982.66693
5779,636.247,982.61786
5780,636.17773,985.1771
5781,635.9754,989.33044
5782,637.17163,993.9437
5783,641.0963,993.7208
5784,644.362,985.65906
5785,642.2894,974.96216
5786,636.6716,967.385
5787,633.93555,963.3704
5788,635.0834,962.32684
5789,631.7261,966.34296
5790,616.8804,978.2452
5791,598.76526,994.6992
5792,591.60547,1005.9255
5793,596.39075,1006.98596
5794,605.18384,1001.7469
5795,613.154,995.59424
5796,619.08636,991.1302
5797,624.06384,988.7948
5798,628.2824,987.8215
5799,629.77246,987.2415
5800,629.20984,987.3272
5801,630.0948,989.1626
5802,634.2644,992.2901
5803,640.4167,994.0225
5804,646.5671,993.06805
5805,653.1972,993.4585
5806,661.2256,999.09503
5807,667.2179,1007.1141
5808,665.7701,1013.7913
5809,656.39734,1018.99835
5810,644.8105,1022.61456
5811,638.4294,1025.999
5812,640.26447,1033.6105
5813,646.6167,1046.7512
5814,652.2141,1059.6139
5815,655.494,1065.3445
5816,658.14325,1063.6582
5817,661.90063,1060.0894
5818,665.0255,1059.9655
5819,663.4347,1064.0963
5820,657.62,1069.469
5821,651.73224,1073.7662
5822,646.03613,1074.5623
5823,639.31793,1061.7324
5824,634.9095,1022.7169
5825,634.2771,968.85406
5826,628.87354,937.1056
5827,614.90247,942.6036
5828,609.2275,962.4886
5829,628.6223,979.62976
5830,662.30365,994.53424
5831,679.48615,996.5436
5832,661.363,970.08875
5833,622.7868,928.8675
5834,597.06824,907.72797
5835,604.809,919.6418
5836,644.08386,949.0188
5837,693.66864,976.5603
5838,725.3602,992.8788
5839,727.488,1000.3178
5840,710.9651,1006.3121
5841,695.2142,1015.9567
5842,697.8253,1030.738
5843,737.3807,1045.572
5844,823.6304,1051.1516
5845,919.1188,1044.3008
5846,955.6864,1029.056
5847,917.61426,1009.2843
5848,851.41394,986.1446
5849,801.0121,961.60254
5850,782.48145,940.20123
5851,786.8519,922.9121
5852,780.39777,906.35077
5853,743.21924,893.9419
5854,700.6491,893.6939
5855,681.5434,903.53345
5856,681.1695,915.3166
5857,681.6807,926.1669
5858,676.85065,931.11993
5859,675.9158,913.8693
5860,689.6995,863.23193
5861,709.91455,798.50745
5862,717.6805,753.08386
5863,712.3024,734.55255
5864,708.79987,728.47046
5865,714.4686,726.0562
5866,725.0168,726.8526
5867,734.025,729.6287
5868,736.9813,731.2655
5869,732.9985,730.3751
5870,728.4226,728.7413
5871,731.76575,728.2278
5872,740.8066,727.15424
5873,744.5227,722.35016
5874,739.05835,715.2602
5875,730.2601,710.8888
5876,723.6183,710.6711
5877,722.3157,712.1608
5878,728.81226,713.6671
5879,741.4849,715.2242
5880,755.32697,717.1932
5881,767.89404,719.4795
5882,783.1722,720.75714
5883,806.46594,718.171
5884,827.1226,714.07477
5885,806.0281,731.32367
5886,711.1313,800.36346
5887,582.79614,902.22546
5888,506.68747,964.02325
5889,514.4428,947.9738
5890,569.3504,895.99664
5891,622.76807,864.767
5892,653.8379,865.995
5893,674.6619,881.3849
5894,705.4602,894.88794
5895,760.9601,899.8121
5896,844.82214,897.03156
5897,930.72845,892.31464
5898,983.5693,891.84863
5899,1000.1895,902.2524
5900,998.2064,930.723
5901,992.0029,974.4172
5902,990.1913,1014.13947
5903,992.43036,1032.9658
5904,991.46375,1033.6837
5905,984.26904,1028.8713
5906,974.7161,1026.4364
5907,965.32556,1028.1637
5908,955.0008,1031.9543
5909,945.02826,1036.1653
5910,939.4899,1043.8655
5911,939.60565,1054.5938
5912,938.66425,1049.6881
5913,925.5251,1003.91187
5914,898.8589,924.96814
5915,870.71985,855.71686
5916,853.2516,826.86365
5917,849.86035,834.7385
5918,856.56775,857.7957
5919,870.76855,877.3739
5920,893.09406,890.5191
5921,901.61597,900.9988
5922,854.4696,906.03046
5923,759.85864,906.28107
5924,681.95703,907.926
5925,648.8338,907.5283
5926,638.98596,903.6639
5927,654.93176,913.9077
5928,725.33307,954.1265
5929,830.642,1012.82983
5930,898.05743,1059.6611
5931,893.9365,1076.9911
5932,858.526,1073.936
5933,838.69763,1068.0577
5934,840.6004,1066.6096
5935,846.25995,1067.2859
5936,842.7499,1067.333
5937,832.3265,1067.2494
5938,824.4589,1066.9567
5939,822.9286,1065.1243
5940,822.5823,1062.4956
5941,818.1691,1058.897
5942,812.44916,1050.2936
5943,809.5301,1034.8959
5944,805.30554,1017.1891
5945,795.5688,1000.6545
5946,785.00476,981.7594
5947,778.5004,958.1626
5948,773.9626,936.6429
5949,768.2919,924.4977
5950,761.8603,920.4731
5951,755.8835,920.1141
5952,750.44305,922.1021
5953,743.4335,924.9369
5954,730.9102,923.804
5955,714.0578,915.2917
5956,701.78485,901.8657
5957,700.4135,889.68414
5958,706.40765,882.96124
5959,711.29297,878.5051
5960,711.68,865.8163
5961,714.256,837.6028
5962,724.97015,800.3262
5963,735.7078,768.1925
5964,732.8943,747.38556
5965,716.0443,732.582
5966,698.92017,717.7635
5967,693.7066,703.6524
5968,700.3627,693.6892
5969,711.35034,687.8748
5970,719.9179,682.9223
5971,724.2779,676.41113
5972,728.7622,669.314
5973,738.61786,664.3414
5974,751.6848,661.5337
5975,760.3889,656.91174
5976,762.67554,647.3566
5977,764.7111,635.90125
5978,771.8657,631.00836
5979,781.26074,639.02203
5980,786.34924,655.5199
5981,786.14825,668.5368
5982,784.5719,672.0018
5983,784.2106,669.39594
5984,784.85156,667.15784
5985,785.01953,671.8116
5986,784.4411,686.94196
5987,784.1711,707.1728
5988,784.1377,722.6034
5989,784.24786,728.77
5990,785.075,722.15546
5991,785.3342,697.4213
5992,783.2817,663.29333
5993,780.47943,640.5946
5994,780.26263,635.4688
5995,783.26404,638.14484
5996,787.4424,647.08954
5997,790.52936,670.5223
5998,790.91125,703.40967
5999,789.00934,726.10004
6000,786.54834,729.6519
6001,783.5193,723.98016
6002,779.26953,727.57434
6003,778.9204,759.66437
6004,787.62054,824.7372
6005,789.3638,902.33295
6006,764.6435,968.2722
6007,730.14734,1015.36
6008,714.7369,1043.4353
6009,718.5612,1051.7394
6010,725.29596,1046.5
6011,723.9471,1039.1993
6012,711.1733,1037.1847
6013,694.309,1039.5858
6014,692.8434,1042.3324
6015,723.2301,1044.9479
6016,775.5764,1048.5776
6017,813.0724,1053.6675
6018,811.75836,1060.5599
6019,789.8279,1066.2018
6020,777.82104,1064.6461
6021,784.9605,1055.0577
6022,810.3852,1045.0089
6023,855.62054,1042.5304
6024,906.74646,1046.2015
6025,914.9837,1046.4359
6026,833.26227,1038.1879
6027,704.9863,1025.2625
6028,639.4766,1008.3348
6029,652.66077,983.99316
6030,658.991,957.87317
6031,627.9507,937.73004
6032,612.76715,912.2048
6033,647.5099,867.03613
6034,694.51874,832.3553
6035,696.4813,857.5615
6036,655.2964,931.2038
6037,617.8792,1010.0438
6038,607.8246,1092.0099
6039,615.82416,1169.8047
6040,622.08496,1199.1041
6041,609.887,1171.2491
6042,585.95734,1128.7017
6043,575.783,1103.8143
6044,587.1904,1097.5001
6045,604.8946,1098.3009
6046,616.5817,1094.6296
6047,622.69995,1076.8552
6048,631.8641,1036.4695
6049,649.4368,971.0673
6050,662.11255,897.98016
6051,656.16486,850.54956
6052,645.1426,857.844
6053,646.991,925.9399
6054,656.1092,1016.5458
6055,658.40955,1071.9746
6056,652.13464,1081.877
6057,644.22906,1075.1619
6058,636.9863,1049.302
6059,628.4101,974.22217
6060,623.164,868.63794
6061,633.9094,795.97705
6062,665.4086,777.7458
6063,698.47906,783.6105
6064,705.89966,789.8481
6065,687.5089,799.119
6066,667.99603,825.6623
6067,662.0073,874.4442
6068,661.24475,924.0956
6069,653.1492,944.06714
6070,641.0113,936.1167
6071,638.6469,929.9822
6072,648.0508,939.97876
6073,655.85126,957.1949
6074,652.659,969.6382
6075,642.77515,972.9048
6076,633.6463,972.355
6077,630.1519,975.40015
6078,641.4121,981.80914
6079,672.6525,981.9965
6080,703.7911,964.6632
6081,704.0441,936.53
6082,673.05804,921.0989
6083,638.7578,925.78986
6084,620.16815,935.3948
6085,615.1364,937.5872
6086,614.69214,933.79266
6087,614.0447,931.6818
6088,613.07104,935.2663
6089,614.0884,942.02313
6090,618.29004,948.7839
6091,622.3383,955.14636
6092,622.7221,960.94794
6093,620.7543,964.4895
6094,620.6308,964.44403
6095,634.6041,962.8664
6096,678.8214,963.73645
6097,739.69135,968.0293
6098,776.5804,972.71436
6099,777.2704,974.9776
6100,764.39056,976.07745
6101,751.3468,980.1982
6102,735.385,989.8407
6103,717.3494,1003.347
6104,702.57623,1016.3602
6105,694.15326,1025.4618
6106,694.13184,1030.8953
6107,703.6826,1034.5565
6108,716.9431,1036.5344
6109,723.74066,1034.5441
6110,723.38696,1026.3661
6111,723.0127,1015.6784
6112,723.7428,1010.65015
6113,721.78455,1013.09796
6114,716.80347,1018.05115
6115,712.13745,1023.59827
6116,710.52985,1032.1987
6117,711.71405,1043.623
6118,714.4438,1053.9454
6119,718.457,1060.5017
6120,723.3206,1060.037
6121,727.5164,1047.8054
6122,729.2639,1028.3511
6123,728.31573,1015.76355
6124,726.8782,1014.8007
6125,726.99097,1012.532
6126,727.39636,994.86896
6127,726.2447,967.0403
6128,724.838,946.99713
6129,725.85956,941.87317
6130,730.92505,950.14734
6131,739.6635,973.3557
6132,748.516,1002.1684
6133,753.46356,1014.478
6134,754.26056,1004.3112
6135,750.7069,990.43884
6136,739.8764,990.9233
6137,724.3496,1002.49304
6138,712.0343,1010.407
6139,703.8537,1011.1005
6140,696.23785,1011.6565
6141,690.32623,1013.027
6142,685.0893,1005.791
6143,673.7529,982.8757
6144,656.60175,954.14105
6145,645.26,936.6794
6146,648.35596,932.0399
6147,661.11755,930.56104
6148,672.9798,928.30347
6149,679.0552,926.4796
6150,680.9989,925.6625
6151,682.2612,925.5504
6152,684.1114,926.2765
6153,684.43774,928.53644
6154,681.801,931.2923
6155,679.5647,931.11414
6156,682.42395,925.69904
6157,688.9818,917.3826
6158,693.118,911.3429
6159,693.982,909.4178
6160,697.42224,908.2164
6161,704.6669,904.56445
6162,708.30927,899.79004
6163,704.523,896.2406
6164,698.66974,892.5575
6165,694.6638,887.02234
6166,693.13513,885.41
6167,705.0697,901.34814
6168,740.4423,939.4297
6169,777.53644,976.0723
6170,785.19495,979.0234
6171,763.13544,951.4802
6172,728.8071,926.6481
6173,696.62787,921.0586
6174,675.9736,925.61804
6175,668.60956,929.6948
6176,669.46924,929.77344
6177,671.823,926.4705
6178,672.09784,921.84143
6179,670.1825,916.7595
6180,668.54114,911.4368
6181,671.1348,909.01263
6182,677.45154,922.52136
6183,680.74603,966.03204
6184,677.38617,1025.9971
6185,670.8345,1071.1917
6186,663.6567,1095.981
6187,656.0983,1114.8108
6188,653.7374,1127.6112
6189,670.7575,1115.4093
6190,713.69305,1063.5579
6191,756.3151,993.0128
6192,765.0691,944.7742
6193,748.9703,928.5442
6194,738.69556,927.5269
6195,738.1803,938.13086
6196,732.3734,968.9016
6197,718.59436,1012.4331
6198,708.6014,1043.7427
6199,710.9085,1043.1047
6200,723.21155,1007.35846
6201,735.4497,956.18
6202,739.13245,922.10864
6203,738.0147,914.17255
6204,741.747,913.7023
6205,752.4523,908.2709
6206,768.53955,905.0716
6207,787.7244,919.9343
6208,794.35693,967.0007
6209,771.28094,1041.295
6210,731.37787,1107.922
6211,702.6729,1136.3572
6212,689.75446,1136.4684
6213,680.37695,1130.325
6214,674.1144,1105.5209
6215,679.84607,1034.0668
6216,694.3361,934.52576
6217,704.69916,863.471
6218,707.29224,841.6805
6219,707.48926,844.0623
6220,708.03284,848.78253
6221,707.5881,853.1797
6222,706.32556,859.7581
6223,710.79956,871.7632
6224,727.1497,891.9169
6225,742.0366,912.325
6226,731.43677,918.3492
6227,700.30145,909.62994
6228,679.5853,900.49884
6229,682.18384,900.01764
6230,695.30164,905.33014
6231,704.8818,909.9333
6232,707.40607,911.7157
6233,708.19196,914.02356
6234,714.43805,920.15594
6235,725.9347,928.478
6236,734.8886,933.5327
6237,736.33136,931.71423
6238,732.0085,925.5159
6239,725.4655,923.04974
6240,719.931,931.6328
6241,719.8267,949.67316
6242,729.4148,969.23474
6243,745.754,984.29834
6244,758.3841,992.20825
6245,761.35706,992.8689
6246,757.7231,988.20483
6247,752.20416,981.73236
6248,749.4211,979.0667
6249,754.3718,983.6609
6250,765.9593,991.14557
6251,774.4502,994.8768
6252,763.8334,997.2509
6253,721.3816,1005.3863
6254,661.74023,1016.28845
6255,624.07245,1019.26715
6256,635.1786,1009.2146
6257,688.8013,987.75977
6258,744.5904,960.5166
6259,760.9605,935.01904
6260,741.35284,912.77026
6261,715.807,889.2879
6262,699.84717,866.7271
6263,696.07294,854.7501
6264,703.1248,855.5272
6265,714.07495,861.0514
6266,721.70825,864.1113
6267,725.2234,863.0775
6268,727.2459,861.87244
6269,727.7664,868.0442
6270,724.56946,883.3883
6271,716.38715,899.9263
6272,698.58246,920.1499
6273,664.12244,964.416
6274,624.06573,1028.1001
6275,611.0915,1060.9987
6276,644.8726,1025.4878
6277,704.06824,949.3375
6278,746.6933,888.51697
6279,756.907,859.6564
6280,752.4975,845.23615
6281,751.5602,834.29034
6282,756.85925,823.70233
6283,761.79395,814.8351
6284,750.59314,831.3871
6285,708.72736,901.2743
6286,650.331,997.7278
6287,607.8091,1055.7126
6288,590.7176,1059.4565
6289,592.38464,1037.1079
6290,618.83594,993.94696
6291,673.0662,929.4097
6292,730.5464,872.5845
6293,761.5939,844.6236
6294,766.33466,830.6037
6295,762.92645,816.0819
6296,752.785,816.6842
6297,723.64813,851.88245
6298,683.16327,905.5804
6299,657.09106,943.49115
6300,649.38196,966.95844
6301,640.5686,1001.5716
6302,631.29614,1030.6866
6303,646.81915,1006.31055
6304,688.8025,935.00336
6305,726.6902,876.1586
6306,743.2839,855.1326
6307,748.30365,850.1641
6308,756.5274,842.88116
6309,783.7991,829.3464
6310,832.83124,811.1739
6311,863.6354,805.62036
6312,836.5519,832.5235
6313,775.58813,880.4724
6314,725.832,919.9179
6315,696.3035,939.9779
6316,682.2591,947.0873
6317,693.7809,946.5164
6318,738.9347,937.94196
6319,793.78735,920.7712
6320,831.9282,897.8559
6321,863.56335,873.5529
6322,882.5965,854.0701
6323,855.3981,846.12726
6324,798.95905,847.43176
6325,764.7779,847.96265
6326,769.388,846.5965
6327,805.6714,856.0018
6328,864.38116,884.0999
6329,918.65594,913.4985
6330,938.66895,911.9879
6331,929.10406,870.9403
6332,918.1783,819.49225
6333,921.06525,790.2257
6334,931.779,786.65497
6335,926.4285,796.16113
6336,879.5833,813.28503
6337,806.9215,835.26373
6338,759.6954,853.6916
6339,757.54486,862.2792
6340,772.65186,862.40393
6341,779.8752,859.14056
6342,791.30695,858.48175
6343,839.51855,865.4214
6344,920.33276,878.77124
6345,964.44794,890.1136
6346,908.9583,892.60956
6347,792.77594,888.44885
6348,715.7606,883.87366
6349,716.1822,882.0641
6350,755.1967,880.9649
6351,770.2821,863.4334
6352,703.58545,799.5248
6353,557.8814,690.1843
6354,421.12573,586.2516
6355,355.90634,531.6842
6356,332.3802,522.9114
6357,352.33182,538.09076
6358,502.5235,571.05994
6359,790.35675,627.15106
6360,1074.1611,697.4252
6361,1213.6981,755.8384
6362,1181.4972,794.235
6363,1046.6549,832.0709
6364,938.87286,869.4878
6365,965.25806,873.1486
6366,1088.67,830.074
6367,1168.1212,771.1297
6368,1119.4883,746.8334
6369,964.8392,795.5198
6370,799.0231,895.84094
6371,717.904,980.67957
6372,724.8929,1020.9832
6373,754.195,1036.5496
6374,764.7297,1044.9556
6375,758.28033,1047.6821
6376,747.4158,1040.4441
6377,741.03705,1021.3894
6378,749.0973,992.92596
6379,773.5165,958.7779
6380,789.3871,928.3307
6381,773.41223,912.46014
6382,743.47363,908.7626
6383,730.10834,907.2754
6384,735.53784,906.1965
6385,743.2561,911.2086
6386,741.42255,925.5454
6387,727.33093,943.93097
6388,699.92413,958.70416
6389,660.0507,970.2984
6390,620.7627,984.9559
6391,601.8691,1003.4762
6392,610.9607,1015.49646
6393,641.91187,1007.66266
6394,682.20825,980.91345
6395,708.7595,957.519
6396,703.90234,958.42645
6397,688.3907,972.69073
6398,692.2088,977.8203
6399,698.26105,981.6906
6400,676.1513,1000.9678
6401,640.7723,1023.6595
6402,623.4962,1032.527
6403,625.8375,1033.444
6404,631.2737,1038.0626
6405,631.7153,1043.9099
6406,628.23834,1043.6011
6407,624.0885,1037.7561
6408,626.6793,1029.3313
6409,641.0983,1017.46313
6410,655.9762,1006.5619
6411,654.9924,1007.71716
6412,641.0429,1022.28973
6413,627.7904,1038.2346
6414,615.93176,1045.3615
6415,602.4175,1042.3533
6416,618.9053,1024.5719
6417,715.46094,978.8759
6418,861.2944,911.59314
6419,947.1045,857.35266
6420,932.51624,835.8751
6421,881.83484,834.45746
6422,855.7777,836.90265
6423,856.9244,837.60474
6424,860.45447,835.39886
6425,851.5982,831.1304
6426,832.91473,826.90283
6427,813.1692,824.1503
6428,798.5187,823.0844
6429,790.2899,822.7369
6430,787.8579,822.38727
6431,789.23615,822.81824
6432,792.1025,824.6686
6433,799.16315,827.32697
6434,811.57697,830.20294
6435,811.659,832.95337
6436,765.55225,835.8695
6437,664.94257,841.7641
6438,562.152,852.3958
6439,531.5801,863.035
6440,592.67114,866.6586
6441,686.8473,860.61066
6442,741.8366,847.6224
6443,747.60364,835.3186
6444,739.2963,830.8624
6445,736.44196,833.04736
6446,736.44446,835.3039
6447,736.0548,834.34827
6448,735.69916,831.4233
6449,735.33057,829.1155
6450,735.1254,828.829
6451,737.4533,829.8153
6452,744.4604,830.7234
6453,755.7116,831.2443
6454,767.357,831.9821
6455,771.4938,834.2594
6456,762.35223,839.6322
6457,745.49725,847.55475
6458,732.76,855.0454
6459,728.8761,860.5284
6460,732.86414,864.7713
6461,745.4885,867.6591
6462,763.98956,867.87537
6463,779.66223,865.31696
6464,787.9648,861.8456
6465,792.3382,860.0779
6466,798.09247,861.25476
6467,808.3349,863.11884
6468,823.4102,860.9586
6469,838.21,854.3534
6470,843.6699,850.3813
6471,840.6261,853.31116
6472,842.67725,858.2372
6473,856.4944,861.05743
6474,873.07153,862.9936
6475,880.5425,863.9929
6476,873.74115,861.54236
6477,855.6802,855.2869
6478,838.62555,848.9203
6479,835.738,846.475
6480,845.7714,847.54095
6481,854.16754,848.3324
6482,851.42834,846.8898
6483,845.0495,844.9091
6484,849.95374,844.7045
6485,866.3548,846.4324
6486,870.5346,848.4514
6487,837.54553,849.2753
6488,778.4848,849.24115
6489,732.6167,849.8143
6490,717.1816,851.8909
6491,721.5074,856.72656
6492,723.2016,864.84326
6493,683.6785,871.3476
6494,609.4582,869.0358
6495,578.1238,856.04425
6496,593.074,835.60315
6497,546.0685,813.0545
6498,414.16702,791.4403
6499,304.0272,767.16547
6500,270.07553,733.19556
6501,278.60468,689.3638
6502,331.13754,663.24
6503,470.1194,708.46387
6504,664.20703,836.049
6505,799.63086,965.8916
6506,818.19434,1012.1345
6507,774.40936,981.2459
6508,742.8676,925.947
6509,744.953,870.2697
6510,764.072,826.2521
6511,784.259,815.4547
6512,800.51337,853.6274
6513,809.3434,938.433
6514,808.8304,1033.1785
6515,801.7863,1083.7295
6516,790.77954,1076.8353
6517,776.42346,1043.0663
6518,758.9044,1009.946
6519,738.8858,986.4762
6520,717.80725,972.5399
6521,695.55115,965.47076
6522,672.93744,963.6678
6523,655.7714,965.5581
6524,647.74664,967.33167
6525,644.2731,965.98413
6526,640.4631,962.3069
6527,637.3979,958.0827
6528,635.6063,954.2722
6529,632.20294,952.9355
6530,627.8194,956.2037
6531,626.71783,963.90564
6532,629.1682,973.87524
6533,629.8374,978.3311
6534,624.5693,961.10345
6535,616.46344,914.43146
6536,611.495,855.1335
6537,612.7848,805.64514
6538,625.3452,772.63165
6539,653.9242,751.5337
6540,680.5412,732.33734
6541,657.5847,713.21045
6542,565.1703,718.8269
6543,468.37012,771.9695
6544,451.5755,845.71375
6545,511.67728,888.0327
6546,580.145,885.16626
6547,615.86597,865.8687
6548,627.56696,861.8207
6549,636.14813,879.6446
6550,650.0425,903.89575
6551,668.2366,920.2417
6552,687.1669,926.82526
6553,703.02997,930.3129
6554,713.84247,940.3209
6555,718.2573,961.80597
6556,714.62054,987.2315
6557,705.82623,1001.2327
6558,700.0596,998.3218
6559,701.2974,990.6995
6560,702.17413,993.52246
6561,693.5143,1007.60297
6562,679.3158,1028.2421
6563,671.68506,1061.0258
6564,673.4401,1104.745
6565,677.4163,1126.8655
6566,677.044,1089.0157
6567,668.8201,1006.27747
6568,657.3856,941.3614
6569,659.3816,940.46027
6570,684.7066,1009.2649
6571,718.6207,1109.8451
6572,737.35815,1179.3453
6573,737.4297,1194.4746
6574,735.42773,1182.788
6575,739.77997,1171.6913
6576,739.68115,1167.7994
6577,725.9566,1166.3613
6578,707.1931,1160.9027
6579,698.27295,1151.4425
6580,702.85236,1142.217
6581,710.51,1134.079
6582,709.39124,1126.0312
6583,700.6824,1120.2645
6584,692.9137,1119.6982
6585,688.1837,1122.83
6586,686.6765,1124.5432
6587,691.53796,1121.0482
6588,699.7572,1114.6255
6589,702.8965,1110.8115
6590,699.0327,1110.5588
6591,693.84546,1111.5155
6592,692.26013,1112.5133
6593,694.3211,1112.3602
6594,698.0236,1110.2347
6595,702.1447,1107.0677
6596,705.22943,1103.7799
6597,705.4088,1100.8462
6598,702.7895,1099.1224
6599,698.9493,1097.1847
6600,693.97076,1090.8475
6601,688.89856,1080.3079
6602,687.70825,1071.3878
6603,692.91205,1067.9216
6604,704.79706,1070.6836
6605,721.2097,1078.2584
6606,735.12805,1085.8013
6607,740.06366,1090.5627
6608,735.21356,1094.4852
6609,722.8077,1097.6409
6610,706.7572,1096.0615
6611,692.9267,1088.646
6612,685.12286,1081.1119
6613,682.69586,1078.9116
6614,686.6857,1075.7563
6615,701.1452,1057.379
6616,722.2089,1026.86
6617,737.75793,1010.67456
6618,741.73114,1025.3558
6619,737.9938,1056.0109
6620,731.90936,1077.7732
6621,727.4739,1083.5118
6622,731.4856,1080.6433
6623,747.9154,1074.6792
6624,766.1259,1069.002
6625,770.0797,1068.1986
6626,757.2623,1072.5156
6627,737.76166,1080.5985
6628,723.0716,1102.2079
6629,717.212,1152.8485
6630,717.3401,1219.6276
6631,741.0373,1238.4705
6632,828.0022,1140.6201
6633,973.2354,950.31683
6634,1111.4553,788.41895
6635,1188.8798,730.6995
6636,1194.2428,732.5113
6637,1142.9386,725.62634
6638,1064.991,703.2146
6639,985.27704,694.65454
6640,908.2137,713.09863
6641,829.8028,741.7718
6642,757.5402,762.37885
6643,705.33856,773.99243
6644,675.22577,777.51245
6645,655.79584,773.9703
6646,637.0206,777.6884
6647,619.3675,803.24725
6648,608.19666,845.4367
6649,608.1722,885.8787
6650,621.9445,913.94696
6651,646.7242,933.5705
6652,676.0793,951.16547
6653,707.15735,966.0676
6654,738.83124,977.43604
6655,762.45026,990.7482
6656,766.00604,1009.8162
6657,750.43005,1031.0354
6658,729.2151,1045.3259
6659,712.24023,1039.3573
6660,701.6461,1008.14197
6661,697.9664,970.05554
6662,700.2113,952.3537
6663,704.1214,962.3895
6664,708.06366,986.94794
6665,716.6026,1013.56195
6666,730.00916,1036.6736
6667,741.20874,1052.054
6668,748.60034,1059.5695
6669,755.23724,1063.028
6670,758.5494,1064.2748
6671,755.6918,1063.4791
6672,752.02075,1061.314
6673,753.4603,1058.6389
6674,752.59814,1057.4784
6675,734.0556,1060.6085
6676,698.4935,1067.4761
6677,670.2513,1072.4963
6678,684.6095,1063.6344
6679,759.73267,1027.1909
6680,853.6344,970.55804
6681,887.1914,927.5846
6682,836.8452,925.72015
6683,755.64374,962.12775
6684,701.9528,1009.84985
6685,686.6935,1039.2194
6686,688.64404,1041.4799
6687,691.04395,1029.2567
6688,690.89575,1017.4438
6689,691.04205,1013.68304
6690,693.6486,1018.6052
6691,698.31,1026.5842
6692,703.8506,1030.5963
6693,708.56616,1029.05
6694,711.1579,1028.5981
6695,712.9583,1037.4281
6696,716.883,1051.0676
6697,723.7393,1055.5618
6698,729.62415,1048.3752
6699,733.4789,1041.8312
6700,743.0863,1046.6207
6701,759.73474,1058.9878
6702,770.87775,1066.1748
6703,768.53564,1063.1901
6704,757.6903,1055.3611
6705,746.61365,1048.0396
6706,740.87616,1042.7491
6707,741.9575,1038.7844
6708,746.52765,1034.6187
6709,749.8049,1029.6665
6710,749.707,1024.9614
6711,747.34076,1021.4705
6712,745.3174,1018.1605
6713,746.457,1012.54156
6714,753.89044,1003.79755
6715,767.9519,994.4985
6716,781.28906,987.66095
6717,785.27045,983.21216
6718,781.1223,979.2816
6719,775.5164,975.8205
6720,770.179,974.3599
6721,764.5842,974.4403
6722,761.40356,973.3888
6723,762.5099,970.16284
6724,765.0865,966.8518
6725,764.23224,966.3789
6726,757.94183,969.2999
6727,750.7479,971.79266
6728,749.14667,968.7859
6729,752.44763,960.285
6730,754.3369,951.59784
6731,750.9301,946.9952
6732,743.4559,946.3697
6733,737.5135,949.0522
6734,737.82196,955.19696
6735,740.76135,960.8912
6736,737.88574,960.8574
6737,726.8781,956.8721
6738,711.9383,955.08295
6739,695.6209,958.3713
6740,678.9853,965.7382
6741,665.5303,974.0214
6742,656.762,979.7852
6743,650.3478,982.47516
6744,645.87476,984.0605
6745,645.1483,985.8328
6746,647.34564,987.3002
6747,648.82764,987.13586
6748,647.19617,984.71246
6749,643.7795,981.3021
6750,641.6644,979.44055
6751,641.659,980.5527
6752,641.73047,983.5324
6753,640.49445,985.96045
6754,639.0674,986.4911
6755,638.3724,986.1096
6756,635.4345,987.84534
6757,625.1808,994.7437
6758,614.6184,1001.1049
6759,640.25543,980.20044
6760,732.77905,909.36365
6761,834.6768,832.1778
6762,841.28625,829.6712
6763,757.8387,898.5759
6764,689.81647,953.16895
6765,686.4728,948.50793
6766,713.6252,912.4204
6767,734.9975,883.3246
6768,742.3584,874.9627
6769,740.8583,883.8163
6770,738.9325,902.2406
6771,745.264,922.2714
6772,763.0172,937.16266
6773,779.93225,946.20233
6774,775.8908,955.4347
6775,749.18524,968.9742
6776,722.4779,981.60455
6777,715.3653,986.359
6778,723.26483,984.819
6779,731.2232,986.5946
6780,734.26733,1003.9276
6781,736.33966,1038.0061
6782,740.3961,1073.6906
6783,745.2901,1098.0618
6784,748.6372,1110.8455
6785,749.61633,1117.7042
6786,749.06006,1123.3718
6787,747.85266,1127.9045
6788,746.50104,1129.5822
6789,746.242,1128.5454
6790,748.56573,1124.5349
6791,753.5984,1116.6003
6792,759.5393,1107.419
6793,762.9214,1102.7227
6794,760.9398,1104.8174
6795,755.30536,1111.6482
6796,751.7378,1120.5471
6797,753.12726,1128.5111
6798,755.5603,1133.5526
6799,754.7335,1136.9619
6800,751.91907,1140.4949
6801,749.6073,1143.7231
6802,747.54865,1145.5448
6803,745.37604,1146.4113
6804,743.1869,1148.4067
6805,740.2134,1153.2123
6806,736.72345,1160.5443
6807,734.31354,1167.941
6808,733.1682,1171.6067
6809,731.767,1168.6887
6810,729.17725,1159.8938
6811,726.6905,1149.2411
6812,726.8509,1139.9537
6813,730.8537,1132.369
6814,737.2703,1127.5945
6815,742.6887,1130.2578
6816,743.3817,1141.84
6817,737.88776,1152.798
6818,727.9774,1151.4445
6819,713.4041,1136.6539
6820,690.49536,1114.5669
6821,664.9154,1092.0072
6822,654.0039,1071.5907
6823,666.34045,1053.4772
6824,692.0705,1039.8905
6825,717.2617,1019.71594
6826,735.6877,980.8605
6827,744.33527,952.5287
6828,738.909,975.2639
6829,720.128,1033.6517
6830,700.2855,1068.7474
6831,696.1914,1045.8237
6832,709.3192,989.55176
6833,722.6305,953.328
6834,724.3511,957.7849
6835,719.37714,976.0616
6836,716.07355,977.7447
6837,716.83484,963.1787
6838,721.11566,953.59467
6839,728.78485,960.67114
6840,735.9968,971.1725
6841,734.90063,964.8605
6842,726.4056,941.59796
6843,722.32025,916.6286
6844,727.9097,898.14667
6845,735.5306,886.50806
6846,735.4194,883.61865
6847,724.1985,890.5165
6848,707.58295,902.02826
6849,696.10443,910.6595
6850,697.04504,914.2096
6851,710.4278,914.90485
6852,728.2934,915.09534
6853,745.5398,917.53296
6854,767.30133,922.94257
6855,787.93024,924.00446
6856,787.9498,911.0442
6857,768.2297,888.3438
6858,751.16315,871.8422
6859,746.99756,868.42474
6860,748.3828,871.49725
6861,748.17596,873.7845
6862,746.1307,873.91473
6863,744.8393,873.3113
6864,744.0142,872.7001
6865,738.30145,872.7058
6866,725.00616,873.19366
6867,712.44714,871.0629
6868,710.3155,867.5757
6869,715.3209,876.99054
6870,717.4948,910.625
6871,713.3511,953.9865
6872,706.4662,982.46277
6873,704.7463,992.10406
6874,717.0679,994.5867
6875,745.7435,997.1213
6876,784.1697,1000.5139
6877,816.94684,1002.8488
6878,824.4064,995.39874
6879,799.6457,966.56244
6880,756.10126,922.8663
6881,714.651,888.78595
6882,688.5422,875.42053
6883,679.9353,873.70996
6884,686.54645,875.8275
6885,704.1147,879.7907
6886,722.6994,884.8719
6887,729.156,903.3364
6888,715.73663,956.3047
6889,686.55334,1032.1708
6890,658.3848,1083.9067
6891,654.336,1079.746
6892,685.24225,1023.60443
6893,731.47705,950.3458
6894,765.95245,905.3266
6895,790.9143,899.765
6896,816.879,908.3234
6897,830.1373,903.9585
6898,814.80524,875.1613
6899,781.65906,833.8778
6900,754.3122,805.45996
6901,738.51825,799.8419
6902,722.8188,808.023
6903,706.09717,818.25867
6904,701.22076,822.6374
6905,711.15875,823.36053
6906,723.4314,832.4314
6907,727.81244,851.8666
6908,726.8464,868.873
6909,733.6028,879.6282
6910,758.4627,894.3175
6911,789.8554,914.6828
6912,803.3039,930.7201
6913,796.2207,936.9255
6914,789.90076,933.5984
6915,795.3811,924.13354
6916,799.9004,921.7913
6917,789.73804,938.66223
6918,770.0214,958.7959
6919,753.8127,949.3295
6920,744.2328,909.0658
6921,736.77637,872.02264
6922,727.6705,858.32196
6923,715.52716,857.7461
6924,703.57947,857.5965
6925,697.7504,856.62384
6926,698.393,855.2808
6927,699.9513,851.52875
6928,698.5571,845.7895
6929,694.9686,841.9213
6930,693.76715,845.70123
6931,701.05365,862.07635
6932,716.00006,888.403
6933,728.12695,915.82153
6934,729.67725,940.44745
6935,722.2539,965.4809
6936,710.9491,992.929
6937,703.91125,1016.6073
6938,709.9488,1024.9857
6939,725.37305,1016.7181
6940,737.9927,1004.7637
6941,746.68634,998.79205
6942,757.3601,998.2659
6943,765.9997,1000.60443
6944,758.9062,1001.29114
6945,729.77386,993.02625
6946,708.8733,972.519
6947,750.7997,943.46216
6948,847.87994,913.1259
6949,911.2579,885.3223
6950,888.5994,858.0757
6951,821.6187,832.17633
6952,766.1054,812.08923
6953,734.4102,798.0792
6954,717.4004,788.6173
6955,709.6817,785.0986
6956,708.96436,787.703
6957,711.4582,792.0681
6958,712.4303,792.6327
6959,708.8338,787.4429
6960,702.22327,779.915
6961,695.97015,774.4711
6962,690.6148,769.7363
6963,686.4848,761.27795
6964,685.0207,750.32007
6965,685.5226,741.7233
6966,687.0338,737.1029
6967,691.16675,735.74457
6968,699.279,736.3606
6969,711.2466,737.14343
6970,726.7613,737.4961
6971,742.20715,738.18884
6972,751.0824,740.0622
6973,751.55646,743.0649
6974,748.37537,746.0999
6975,749.7031,748.597
6976,761.6749,751.245
6977,779.5375,754.63165
6978,789.92633,758.5911
6979,785.8541,762.3732
6980,773.95984,764.4662
6981,766.2765,763.6555
6982,768.3513,761.21234
6983,778.38727,759.9295
6984,793.5503,760.5825
6985,809.91943,762.13025
6986,824.66785,764.43677
6987,840.0613,768.06146
6988,848.49524,772.2296
6989,831.0855,774.1699
6990,790.2101,771.78674
6991,736.62103,772.442
6992,652.3959,799.8911
6993,543.8009,873.07684
6994,479.20996,967.1426
6995,504.42154,1029.6387
6996,589.6141,1046.0061
6997,673.9847,1043.795
6998,709.2013,1039.4299
6999,688.33246,1025.3817
7000,660.5766,988.6372
7001,678.2573,924.43854
7002,716.15424,860.3538
7003,702.91,842.1079
7004,634.38794,870.67615
7005,571.559,903.9051
7006,548.9,916.41254
7007,568.02795,907.52075
7008,629.6645,880.13745
7009,707.8864,847.5899
7010,758.1624,831.1523
7011,783.77795,835.7799
7012,821.46826,848.0241
7013,854.36145,853.6678
7014,827.2066,849.6569
7015,748.72156,845.9747
7016,684.2979,849.6412
7017,662.1928,852.05505
7018,664.1923,845.3435
7019,672.6597,834.543
7020,680.7085,827.21094
7021,684.1403,832.2477
7022,683.89417,863.02625
7023,689.70276,918.5978
7024,707.78894,970.517
7025,714.49414,976.5145
7026,661.3764,907.5468
7027,539.802,787.80444
7028,414.5406,690.27954
7029,350.1967,655.6085
7030,343.43533,657.3803
7031,361.16336,661.33826
7032,394.69318,663.45374
7033,447.17758,668.43445
7034,507.30533,673.26013
7035,558.6085,677.2452
7036,594.9996,684.5279
7037,618.64813,691.1241
7038,634.03,685.8885
7039,646.3562,669.3735
7040,660.1414,659.4635
7041,677.0542,670.51917
7042,695.13293,695.6567
7043,711.3458,716.45715
7044,726.68164,723.9112
7045,747.34906,726.06085
7046,775.87244,733.3986
7047,801.1708,744.82153
7048,805.83014,757.6739
7049,784.7491,776.0575
7050,746.01764,801.2271
7051,699.41016,826.2257
7052,661.4337,841.1698
7053,651.4411,842.8001
7054,665.65704,839.75287
7055,681.5141,842.75836
7056,689.13025,853.6826
7057,695.56067,869.28955
7058,705.15704,888.43066
7059,710.2473,913.27155
7060,701.8461,944.946
7061,684.8164,977.0291
7062,673.1498,1000.7161
7063,672.43335,1019.43933
7064,681.0714,1047.6707
7065,699.7143,1090.6919
7066,724.79816,1133.0328
7067,748.9131,1156.9868
7068,770.9843,1162.5605
7069,788.46387,1149.3787
7070,791.8544,1106.9507
7071,780.3901,1051.0312
7072,765.11584,1023.2332
7073,752.53766,1034.8168
7074,740.17847,1058.3081
7075,728.30414,1070.7567
7076,727.1849,1069.9662
7077,746.1207,1061.7097
7078,776.9765,1051.5056
7079,799.80817,1041.8209
7080,803.04596,1031.2239
7081,784.74603,1023.1756
7082,745.42914,1028.1238
7083,701.1454,1044.6128
7084,687.8134,1051.7028
7085,724.2978,1034.1486
7086,780.1859,1004.5688
7087,809.4674,983.96094
7088,802.4984,974.2515
7089,773.55615,972.69965
7090,731.53094,986.0934
7091,696.5187,1010.33716
7092,699.0427,1029.3898
7093,734.835,1038.3027
7094,766.584,1042.7372
7095,777.3944,1047.0455
7096,778.3115,1053.5095
7097,778.01117,1062.7214
7098,778.3031,1073.3739
7099,781.7257,1083.4158
7100,784.2449,1087.0691
7101,766.7665,1073.7227
7102,716.5113,1042.0769
7103,666.6724,1014.9884
7104,671.6031,1019.73584
7105,725.2674,1052.7916
7106,766.8604,1088.088
7107,772.9923,1106.3756
7108,790.0881,1086.6595
7109,871.30255,1008.2908
7110,1002.1875,901.0382
7111,1124.0455,834.03784
7112,1199.2297,831.7583
7113,1172.2069,862.0976
7114,980.696,890.969
7115,725.92145,901.1493
7116,655.41815,885.84045
7117,860.4511,852.96265
7118,1152.8162,821.4495
7119,1315.1951,800.0515
7120,1332.7809,781.6024
7121,1312.2434,758.7272
7122,1303.2086,733.06805
7123,1286.3857,710.89453
7124,1251.6355,694.0742
7125,1212.3708,681.1702
7126,1175.486,676.1359
7127,1129.417,689.9499
7128,1053.2675,734.7201
7129,942.0557,812.921
7130,815.3321,907.9799
7131,701.2874,983.3823
7132,630.47766,1010.0216
7133,616.72375,1000.1455
7134,637.627,986.353
7135,656.0383,985.4007
7136,650.86554,998.9463
7137,630.21674,1018.41174
7138,620.23157,1030.6031
7139,639.3567,1033.0007
7140,686.6451,1034.3783
7141,739.07623,1040.058
7142,765.2179,1044.8047
7143,757.8816,1041.8582
7144,739.1484,1032.8638
7145,734.674,1021.4887
7146,751.89124,1008.7543
7147,772.9455,1007.59406
7148,772.274,1034.7866
7149,741.8132,1073.3091
7150,691.81,1084.7904
7151,643.6473,1064.7627
7152,619.60126,1041.7578
7153,621.44745,1034.0486
7154,632.6927,1038.8027
7155,643.6031,1043.7484
7156,659.6232,1034.6857
7157,689.06665,1008.19794
7158,727.5312,979.64325
7159,757.1451,965.9408
7160,766.8309,967.1125
7161,765.21344,974.03156
7162,764.6758,981.7978
7163,767.7552,991.6023
7164,775.49115,1009.36334
7165,789.56067,1035.6934
7166,801.6711,1050.5105
7167,799.0542,1030.4602
7168,783.1694,988.0332
7169,767.22394,958.4339
7170,758.5103,950.8064
7171,755.8745,948.4253
7172,756.6226,940.5544
7173,759.83325,929.3988
7174,769.0905,926.26086
7175,790.2163,950.50934
7176,822.361,1009.824
7177,853.631,1076.0369
7178,864.9184,1100.4415
7179,841.8356,1061.9806
7180,792.74524,992.92737
7181,745.1844,946.7184
7182,715.6203,944.0459
7183,700.45105,963.4956
7184,694.6894,976.50256
7185,697.265,975.5508
7186,702.8852,971.0675
7187,703.81586,972.4435
7188,697.82184,978.36017
7189,688.9211,983.75287
7190,684.7076,989.6085
7191,692.1353,1000.0877
7192,704.6076,1013.3388
7193,700.71185,1021.6375
7194,669.1586,1019.53455
7195,624.248,1009.9172
7196,592.8614,1000.8029
7197,602.53754,995.44965
7198,665.44714,992.4615
7199,748.90204,992.87805
7200,809.49695,983.7203
7201,860.48663,927.6009
7202,926.05,815.4452
7203,969.6937,699.9022
7204,953.88513,632.06793
7205,906.62823,611.891
7206,869.44867,615.0357
7207,845.1809,626.02734
7208,819.2936,654.89044
7209,783.0709,731.043
7210,741.804,853.43774
7211,711.6145,966.9543
7212,696.3438,1025.5199
7213,688.05743,1038.7003
7214,693.15125,1024.1013
7215,721.67993,973.8284
7216,751.753,899.5704
7217,754.0142,846.4213
7218,736.65295,836.9117
7219,720.1706,852.8931
7220,708.7459,872.4987
7221,704.36127,890.2556
7222,709.42926,910.88446
7223,719.82556,937.25055
7224,726.24664,964.0825
7225,719.92596,983.77374
7226,705.62866,991.97217
7227,698.2707,989.31604
7228,697.2264,985.7491
7229,685.9378,994.23425
7230,665.061,1012.6443
7231,667.64355,1022.44525
7232,720.00854,1011.8388
7233,789.0845,990.6073
7234,815.47076,975.80945
7235,796.67847,974.35693
7236,777.15375,984.02277
7237,777.85535,997.41364
7238,784.84656,1004.8941
7239,783.0133,1001.35205
7240,772.4537,988.11285
7241,761.9976,973.6053
7242,759.98,971.1284
7243,768.51715,985.4073
7244,782.353,1005.75397
7245,794.0482,1019.4463
7246,800.07935,1025.7286
7247,800.80597,1030.6119
7248,795.1357,1032.245
7249,780.15625,1021.3004
7250,759.78186,1000.31934
7251,744.3242,991.99603
7252,737.6341,1013.781
7253,737.6856,1049.609
7254,744.4674,1067.2255
7255,754.8605,1058.7583
7256,761.0437,1042.1709
7257,758.0641,1036.0195
7258,746.4701,1047.3049
7259,733.1325,1068.125
7260,727.757,1083.9155
7261,732.098,1090.9952
7262,738.7852,1094.3824
7263,740.30664,1088.6664
7264,734.00916,1060.4749
7265,724.46106,1016.81744
7266,722.3426,986.18896
7267,733.84863,981.75555
7268,752.06116,989.99915
7269,764.73926,995.8821
7270,767.6769,997.073
7271,765.53015,997.67365
7272,764.89105,1000.584
7273,769.1231,1005.37103
7274,773.8551,1011.2786
7275,768.0666,1021.73303
7276,747.0553,1039.6326
7277,722.27734,1058.3363
7278,708.62195,1068.5193
7279,707.14526,1070.7244
7280,711.44867,1068.2904
7281,720.5142,1057.8236
7282,733.94836,1040.459
7283,746.8957,1027.0687
7284,756.93854,1022.8221
7285,764.3134,1023.6018
7286,762.0206,1028.5292
7287,740.30945,1040.3474
7288,706.24585,1053.5817
7289,679.4161,1056.0812
7290,670.9449,1043.6592
7291,682.7474,1022.7031
7292,705.5728,1004.7509
7293,720.2804,999.78613
7294,721.5122,1004.9244
7295,720.06116,1009.1089
7296,724.5394,1009.13995
7297,737.521,1009.6918
7298,755.1446,1012.9541
7299,769.8044,1016.05725
7300,779.93726,1016.76025
7301,787.4851,1015.8627
7302,791.10364,1014.1054
7303,789.6619,1011.66815
7304,783.51764,1010.5154
7305,774.1397,1012.6278
7306,768.71844,1016.3439
7307,775.71936,1019.0486
7308,791.3595,1019.9955
7309,802.86,1015.9406
7310,806.284,1002.40765
7311,807.18304,983.4188
7312,807.7481,968.95703
7313,805.03876,963.3993
7314,796.6686,968.6359
7315,783.73444,995.0315
7316,770.2968,1048.507
7317,761.1698,1095.7184
7318,760.3038,1084.6118
7319,766.0157,1024.2594
7320,765.7754,979.9642
7321,746.70624,982.5932
7322,716.216,1008.0448
7323,702.03,1027.6536
7324,731.1944,1032.914
7325,801.6754,1028.2074
7326,866.30725,1020.7112
7327,877.52545,1015.41974
7328,845.0198,1014.5652
7329,792.6214,1004.9786
7330,691.90295,956.666
7331,527.0554,869.6
7332,374.81534,789.28064
7333,319.95947,746.72766
7334,347.56827,731.6654
7335,395.80176,729.70764
7336,458.81097,752.5758
7337,569.3629,824.48737
7338,704.48975,928.0246
7339,780.24805,992.65204
7340,752.7451,975.2166
7341,672.2149,915.32587
7342,619.53046,872.4718
7343,622.04144,852.35443
7344,652.9209,838.5875
7345,679.2713,834.9807
7346,670.18567,833.2396
7347,593.90027,807.89734
7348,464.2587,767.609
7349,347.4931,746.54816
7350,277.15378,747.0078
7351,238.82031,751.0538
7352,259.12534,775.7919
7353,389.9415,860.2054
7354,582.49536,985.99817
7355,712.25604,1075.2716
7356,741.8343,1094.5261
7357,735.9316,1086.5186
7358,746.9776,1095.1029
7359,779.0294,1122.3846
7360,814.148,1143.2888
7361,820.20245,1124.0579
7362,762.83374,1041.8411
7363,637.1376,913.08856
7364,480.48175,794.70526
7365,351.0642,733.6222
7366,281.29404,728.3366
7367,241.41338,753.42505
7368,188.33139,788.3191
7369,134.01385,814.0482
7370,109.68547,816.5947
7371,112.38034,800.7823
7372,126.966545,785.48755
7373,154.01024,778.08356
7374,196.85666,766.06384
7375,250.50629,744.3812
7376,309.39548,731.7295
7377,365.67572,750.0772
7378,410.21164,796.9361
7379,446.97726,841.5438
7380,488.09753,855.9867
7381,532.78455,846.2176
7382,564.13007,840.9075
7383,567.8406,858.3357
7384,553.3001,887.52026
7385,548.7782,900.3642
7386,566.335,891.04
7387,591.9751,883.26324
7388,616.69916,889.02686
7389,639.439,901.4544
7390,646.6377,927.192
7391,630.1257,975.0278
7392,602.1084,1025.2389
7393,563.8046,1054.2274
7394,505.17477,1062.6359
7395,465.41904,1050.0125
7396,518.9382,1005.3011
7397,654.8125,943.6531
7398,767.06793,902.92633
7399,795.61163,894.6865
7400,775.96655,899.7162
7401,758.9504,901.4176
7402,759.5413,897.5046
7403,768.91876,891.4956
7404,776.3634,884.83124
7405,775.80865,875.6956
7406,766.51776,862.26843
7407,759.39026,845.8834
7408,769.422,831.4141
7409,791.84344,822.521
7410,804.9719,817.42096
7411,799.4991,812.9767
7412,785.9404,809.6398
7413,778.93176,808.29175
7414,787.3602,807.4165
7415,811.02814,806.6059
7416,836.8257,807.1359
7417,848.5077,808.3764
7418,847.60986,807.9567
7419,852.4551,804.63043
7420,868.6038,801.462
7421,857.53687,810.16144
7422,764.7133,843.3975
7423,615.0279,891.3104
7424,509.6123,923.7088
7425,493.45105,927.32465
7426,525.1291,917.5593
7427,565.3889,911.29974
7428,603.9813,908.7227
7429,632.8666,900.9058
7430,646.6745,884.6101
7431,650.00806,867.2738
7432,649.8285,858.0346
7433,650.1535,856.8446
7434,652.9475,856.9039
7435,658.38855,854.00934
7436,664.7181,850.06085
7437,669.986,851.53156
7438,674.0906,862.9912
7439,677.23114,880.23315
7440,674.91583,896.93494
7441,659.85693,914.60065
7442,635.46686,932.7877
7443,616.88055,935.90283
7444,611.74677,907.5856
7445,613.4609,860.95483
7446,612.45807,841.55493
7447,602.4766,887.28375
7448,585.043,978.9579
7449,578.72235,1040.8563
7450,605.00195,1017.5541
7451,652.82886,941.05756
7452,687.74164,882.27686
7453,697.2247,861.3042
7454,691.29297,853.2626
7455,675.5684,843.8204
7456,658.91113,835.5484
7457,680.3821,830.33167
7458,780.70087,830.1385
7459,918.2994,836.7819
7460,992.20483,843.63904
7461,976.2571,843.00146
7462,932.748,837.8825
7463,910.2228,834.827
7464,909.7488,834.59937
7465,915.62775,834.5647
7466,917.66473,832.9228
7467,919.42145,830.6873
7468,929.4084,830.4043
7469,943.19293,831.5441
7470,946.462,830.3188
7471,935.6319,825.1473
7472,921.91437,818.2562
7473,915.3501,810.874
7474,915.5619,801.37445
7475,910.55286,792.88873
7476,869.9883,800.45386
7477,767.94214,835.80493
7478,636.59436,883.96387
7479,547.4113,919.8702
7480,523.88104,938.6053
7481,529.80206,946.1782
7482,534.3077,944.71985
7483,539.51154,932.21704
7484,555.6321,903.98474
7485,577.9538,867.15796
7486,593.2654,841.11816
7487,598.1598,831.6035
7488,599.089,829.50226
7489,601.2908,837.8344
7490,606.0564,871.31134
7491,612.167,920.48553
7492,620.36444,945.85156
7493,635.3631,924.8185
7494,653.5548,880.192
7495,660.1648,846.8103
7496,650.4685,831.65814
7497,641.39325,824.79974
7498,652.84796,823.39526
7499,682.06433,825.59863
7500,706.18536,827.34454
7501,704.2698,837.39526
7502,669.4417,871.27124
7503,617.7259,920.17725
7504,580.4276,954.29425
7505,573.18005,961.28424
7506,590.30634,949.9535
7507,621.7746,928.5849
7508,653.5078,905.2484
7509,669.82025,889.8671
7510,670.01587,884.8228
7511,672.00684,885.31036
7512,692.93134,886.8083
7513,725.8108,887.53064
7514,746.92944,887.9948
7515,747.4565,889.3204
7516,739.12396,891.0812
7517,734.85077,891.5284
7518,738.20593,889.75714
7519,744.23737,887.5101
7520,743.17584,889.50165
7521,728.05505,899.6606
7522,705.5749,913.2473
7523,692.41724,914.91235
7524,695.4168,893.1008
7525,705.40985,858.9683
7526,710.8184,836.928
7527,706.5077,835.526
7528,690.97266,845.2513
7529,667.8327,855.5213
7530,647.949,859.73914
7531,638.4665,854.28644
7532,636.5172,841.65265
7533,637.1025,837.87476
7534,636.26196,862.6503
7535,630.37646,907.44
7536,620.97705,940.5075
7537,613.95264,950.23193
7538,611.97327,948.51337
7539,613.4501,938.6318
7540,615.0791,912.74896
7541,612.1787,877.6431
7542,604.7751,855.07007
7543,605.24725,851.3848
7544,626.9077,848.5018
7545,659.8653,831.3927
7546,677.7904,811.68555
7547,672.2441,808.9863
7548,654.6205,818.633
7549,636.52545,823.4823
7550,644.35925,822.73114
7551,725.07825,827.6411
7552,875.7443,840.8634
7553,1000.9025,849.26984
7554,1020.86487,838.71985
7555,972.77466,813.2995
7556,935.82404,789.45404
7557,915.8057,777.0882
7558,850.8203,778.5248
7559,713.80096,794.90894
7560,571.041,821.5696
7561,505.1687,846.44977
7562,516.2679,857.86865
7563,540.9167,851.2734
7564,541.7895,835.2674
7565,536.6687,825.3207
7566,547.047,826.48865
7567,566.3397,831.3847
7568,579.6083,825.696
7569,580.87354,795.97217
7570,574.7384,750.67267
7571,570.73535,717.0076
7572,573.7726,706.03345
7573,581.50085,706.5156
7574,587.9815,707.7261
7575,589.1494,708.867
7576,585.15594,721.7626
7577,575.3536,763.7367
7578,558.82135,826.8293
7579,541.0519,876.1394
7580,529.4234,893.8189
7581,526.2818,892.0142
7582,534.07874,884.5929
7583,555.3013,874.8828
7584,581.3,864.03577
7585,599.224,855.81775
7586,611.95197,855.0495
7587,631.12146,864.82697
7588,654.95386,880.0878
7589,667.93713,884.8281
7590,659.0696,867.3211
7591,635.822,837.9723
7592,616.134,818.2305
7593,608.2959,814.7944
7594,609.8666,820.12067
7595,618.87524,830.4349
7596,631.72723,846.8816
7597,640.5711,864.2586
7598,642.4962,873.28937
7599,642.40924,872.495
7600,644.4549,868.06323
7601,644.4517,867.65497
7602,633.10114,876.8962
7603,612.6229,891.64056
7604,601.7887,896.17554
7605,612.9621,879.40955
7606,634.9612,850.7992
7607,645.8405,829.82184
7608,635.08154,824.1061
7609,610.93585,832.7847
7610,588.0705,857.2523
7611,572.54364,889.5909
7612,563.7187,911.6622
7613,562.3346,917.59985
7614,567.722,916.99615
7615,574.0847,918.41547
7616,576.70123,923.312
7617,577.1538,929.23486
7618,578.10236,932.8422
7619,578.37646,929.1313
7620,577.871,911.2004
7621,584.09033,878.12177
7622,605.34796,840.1037
7623,634.7118,811.79114
7624,654.8485,801.60944
7625,663.22046,807.496
7626,673.60406,821.5233
7627,692.0989,829.83875
7628,711.59845,818.40497
7629,724.1862,798.73517
7630,724.0295,799.9869
7631,708.95245,825.98145
7632,685.2215,857.1297
7633,664.0859,880.0168
7634,652.80383,891.4775
7635,646.2328,896.0331
7636,631.8436,901.86957
7637,610.6462,909.98804
7638,602.45776,916.0374
7639,620.5498,919.80237
7640,651.3911,921.765
7641,672.8798,913.98193
7642,680.4724,886.9376
7643,680.49756,849.3573
7644,676.6784,823.87665
7645,672.4119,817.8215
7646,670.55664,818.3361
7647,670.04065,813.8623
7648,668.8316,805.9693
7649,670.54846,803.6185
7650,682.20825,811.1088
7651,700.33093,822.56067
7652,710.8847,829.9971
7653,706.48376,836.73456
7654,691.8664,853.75665
7655,677.30585,879.1048
7656,671.90784,896.47406
7657,675.3584,898.50934
7658,675.41565,896.2563
7659,659.75635,903.44055
7660,632.8437,919.745
7661,612.6354,933.58374
7662,609.8232,935.6788
7663,621.05884,920.5799
7664,636.38434,887.29663
7665,646.5815,849.1848
7666,649.1521,825.67145
7667,646.9741,820.95984
7668,642.63434,824.99646
7669,637.9874,828.3143
7670,634.9331,827.2679
7671,633.64056,823.76807
7672,631.0884,826.2793
7673,623.1715,843.3748
7674,611.15326,869.7962
7675,602.0679,891.50275
7676,599.7415,905.4841
7677,602.57324,914.8639
7678,610.9127,912.70624
7679,627.075,891.72076
7680,646.4138,861.4489
7681,659.5509,837.4613
7682,664.13666,821.1069
7683,663.3162,807.7625
7684,658.17554,800.18396
7685,651.2208,800.11786
7686,649.7241,805.69336
7687,657.7413,818.07117
7688,669.1216,834.93365
7689,675.48505,846.66187
7690,676.22046,849.43835
7691,672.7941,853.37067
7692,663.1074,870.4543
7693,649.4525,895.9451
7694,636.57214,911.97894
7695,617.799,910.0634
7696,591.46655,897.18933
7697,607.9311,888.3268
7698,742.77203,898.16284
7699,969.4118,924.7983
7700,1149.1595,948.1359
7701,1184.8977,951.5878
7702,1074.2385,930.35175
7703,866.225,888.18823
7704,663.97217,843.3939
7705,562.521,818.28955
7706,553.013,814.4484
7707,568.4019,815.32404
7708,576.64264,809.0915
7709,583.3185,799.3483
7710,597.0687,796.35223
7711,615.05176,800.9689
7712,627.33325,804.1718
7713,630.8741,802.5782
7714,632.9249,806.92786
7715,640.1598,830.28467
7716,650.9628,864.4545
7717,657.6616,879.289
7718,653.683,857.76465
7719,638.70465,820.7533
7720,617.35266,801.6091
7721,597.07996,805.43054
7722,585.6545,813.7765
7723,583.98486,815.5704
7724,586.12787,813.2895
7725,588.9667,815.25726
7726,594.9013,829.00305
7727,604.7118,850.77014
7728,614.34674,866.2348
7729,620.97974,862.93756
7730,626.40656,838.6695
7731,631.7633,806.94635
7732,635.1542,787.6468
7733,635.3421,784.8379
7734,633.11816,787.66473
7735,631.66425,787.8775
7736,637.066,783.49384
7737,652.79474,775.0467
7738,673.7525,766.3171
7739,693.3163,764.16547
7740,712.1557,772.5982
7741,730.6062,786.2683
7742,743.5962,795.1663
7743,749.0063,797.7887
7744,745.5743,804.5088
7745,728.6244,824.8351
7746,703.24255,852.65283
7747,684.8176,871.53937
7748,676.83765,873.04834
7749,668.1076,860.8773
7750,653.86255,845.21497
7751,642.60333,834.6595
7752,643.7168,826.3023
7753,658.0372,811.8373
7754,677.2063,791.0532
7755,690.5364,769.47986
7756,693.33875,752.8068
7757,687.4591,746.4739
7758,680.12897,751.04376
7759,680.4651,760.69275
7760,689.42535,768.7981
7761,698.97705,772.69336
7762,702.68066,774.2507
7763,700.3911,775.2326
7764,696.23413,772.676
7765,695.40356,763.1861
7766,696.98804,752.1248
7767,690.5324,750.87775
7768,668.1957,762.3786
7769,640.0648,776.74243
7770,624.6295,783.51514
7771,622.89594,784.4747
7772,619.1356,789.9039
7773,608.1527,802.3401
7774,604.0085,813.9461
7775,618.3402,820.02954
7776,642.9383,823.3555
7777,661.63074,829.34106
7778,669.572,842.68097
7779,669.89294,861.26587
7780,664.11285,875.81335
7781,658.01575,876.7335
7782,662.3475,859.20917
7783,677.53375,830.85657
7784,690.8998,808.94946
7785,695.5581,800.7736
7786,699.39435,796.9324
7787,709.68097,786.54443
7788,720.41187,770.94147
7789,722.8733,759.07764
7790,720.1591,754.57715
7791,722.107,756.062
7792,730.1176,764.86176
7793,731.66125,783.99976
7794,713.54315,812.8948
7795,682.4868,842.72345
7796,659.69574,859.33923
7797,654.53973,856.0487
7798,659.5397,838.07
7799,663.9317,815.0702
7800,659.4705,792.1612
7801,641.43085,769.6511
7802,614.7273,754.6589
7803,593.7473,756.07776
7804,584.94604,765.7968
7805,580.0862,768.4464
7806,570.5819,763.36163
7807,552.9084,760.2329
7808,533.7535,762.9267
7809,550.421,767.62634
7810,650.824,771.8278
7811,811.6248,777.4681
7812,933.0847,783.5174
7813,959.5635,783.1454
7814,930.403,773.93243
7815,900.971,762.1939
7816,886.8765,753.50104
7817,881.50244,748.1845
7818,883.70667,745.8509
7819,900.90796,746.12
7820,932.03357,746.83905
7821,943.2907,749.60004
7822,874.88965,765.4903
7823,717.19226,802.2606
7824,558.94183,846.2423
7825,494.0553,873.59143
7826,522.2395,874.54486
7827,583.6531,856.7591
7828,630.68774,835.35675
7829,649.6819,818.6329
7830,651.4646,801.6412
7831,649.6222,782.7345
7832,643.7174,773.9424
7833,625.0848,783.93604
7834,596.9071,804.09906
7835,575.75354,820.0795
7836,574.64197,831.9106
7837,594.9319,851.22284
7838,623.6818,876.4368
7839,640.417,892.2854
7840,638.51025,898.74316
7841,630.085,909.0844
7842,630.1069,914.0928
7843,644.8293,889.0258
7844,671.235,848.01917
7845,704.2412,839.97675
7846,738.74945,875.2508
7847,764.16064,911.7862
7848,767.4194,912.2716
7849,745.31146,875.27924
7850,712.219,828.5362
7851,687.5958,802.0022
7852,678.08215,800.4349
7853,680.5253,807.7062
7854,687.0042,805.82745
7855,684.5,793.7395
7856,669.3264,797.14154
7857,653.7194,840.17725
7858,645.86523,904.16626
7859,641.16846,936.15735
7860,635.7382,907.0285
7861,630.70935,850.23035
7862,625.82623,827.92804
7863,614.85266,860.3307
7864,590.79443,911.06885
7865,563.7946,940.6744
7866,565.05334,942.10156
7867,612.88086,925.2063
7868,674.26074,900.00867
7869,695.9841,877.82733
7870,675.9042,869.30963
7871,653.0126,877.57227
7872,645.61237,894.67834
7873,646.3751,906.99646
7874,649.85913,906.2758
7875,655.9977,894.9458
7876,662.2507,883.0759
7877,666.1309,878.44543
7878,669.5379,880.2167
7879,672.62213,884.5924
7880,670.58655,886.61456
7881,661.65753,877.2431
7882,649.54456,854.7828
7883,638.9644,831.5388
7884,634.2236,815.713
7885,635.4486,802.7934
7886,634.2829,789.94604
7887,617.6311,782.4601
7888,580.0882,786.0561
7889,536.8111,798.39703
7890,514.59357,809.58466
7891,524.2551,813.6277
7892,554.69586,812.6345
7893,594.263,809.3755
7894,640.67566,807.896
7895,688.12213,818.3581
7896,723.01306,846.98236
7897,741.1416,883.2148
7898,751.975,909.4695
7899,760.6948,920.6806
7900,764.7876,924.8315
7901,768.01306,931.107
7902,779.8711,942.3481
7903,798.57043,953.10016
7904,809.7823,956.21735
7905,806.3873,950.52026
7906,793.91187,936.943
7907,778.57196,913.40594
7908,763.7683,878.47205
7909,751.67145,836.08856
7910,741.045,794.5932
7911,729.0172,760.04205
7912,716.08014,730.88104
7913,706.3997,701.26996
7914,702.52795,668.3422
7915,701.5098,635.1255
7916,699.2913,608.6161
7917,697.18756,595.161
7918,699.254,595.1925
7919,704.83136,602.456
7920,708.3552,608.3746
7921,704.62714,606.24866
7922,694.57745,600.07086
7923,690.7167,617.5459
7924,705.448,687.45526
7925,727.03577,785.49554
7926,727.5409,849.2543
7927,699.86816,857.48065
7928,668.3127,843.3376
7929,656.3709,839.2053
7930,659.96375,848.34155
7931,664.03107,860.7748
7932,667.6227,871.85297
7933,678.0759,882.1094
7934,692.69696,890.27386
7935,699.56464,892.8091
7936,694.5242,889.01776
7937,685.03723,882.73816
7938,677.5962,878.2453
7939,673.0859,876.73663
7940,673.4239,874.6746
7941,682.4419,865.9841
7942,697.6763,850.8004
7943,710.3613,837.92175
7944,716.14014,835.39087
7945,714.74927,842.47833
7946,703.4436,847.97644
7947,687.17065,840.8997
7948,686.8065,824.75616
7949,717.7881,808.8158
7950,764.4813,796.925
7951,796.63257,791.8418
7952,805.17175,793.01685
7953,795.9419,796.40625
7954,770.9974,801.11865
7955,739.95764,805.45074
7956,719.00305,804.3422
7957,712.55774,798.0862
7958,715.2186,795.11224
7959,721.4895,800.5067
7960,727.2001,807.3328
7961,730.21204,805.9753
7962,729.7186,797.7374
7963,723.9604,790.26575
7964,710.69257,784.33856
7965,691.5416,776.55133
7966,676.52356,768.91455
7967,674.99835,765.30597
7968,681.4409,764.3381
7969,690.66754,765.0341
7970,725.1267,776.99976
7971,806.8505,810.15814
7972,901.67633,851.49646
7973,951.74603,874.6172
7974,953.23126,873.73804
7975,941.8341,864.59155
7976,938.287,858.4904
7977,946.4283,853.565
7978,964.533,845.22906
7979,984.4384,835.06525
7980,1001.7171,828.1769
7981,1020.4158,824.4078
7982,1034.7285,815.5801
7983,1029.2131,797.49756
7984,1005.2791,782.40607
7985,980.03986,783.6281
7986,964.0751,794.73364
7987,961.78,801.66125
7988,977.8953,800.7845
7989,1003.85144,795.53784
7990,1000.7456,792.03906
7991,919.0894,800.8935
7992,767.00714,826.2953
7993,630.9601,852.4526
7994,584.51715,858.81415
7995,616.67615,844.9448
7996,670.19696,826.3068
7997,705.24426,814.0923
7998,718.95667,808.2217
7999,725.36523,804.6771
8000,729.94995,802.63116
8001,724.16547,805.01324
8002,698.2981,814.7216
8003,661.9055,827.99384
8004,638.1849,835.7705
8005,633.6073,835.0024
8006,636.1509,831.003
8007,636.9873,828.87555
8008,635.92017,829.1682
8009,634.628,830.12036
8010,631.4048,829.41376
8011,622.2473,825.03046
8012,610.1144,818.3748
8013,609.4608,813.375
8014,631.84814,810.6797
8015,666.93567,808.1496
8016,691.8615,805.521
8017,699.11206,804.22534
8018,698.654,804.40826
8019,699.1522,802.8473
8020,701.29846,795.644
8021,702.79614,785.1499
8022,703.4048,778.76886
8023,706.9857,780.1016
8024,716.9855,786.866
8025,728.06464,795.1019
8026,724.3532,804.7472
8027,694.5074,820.00006
8028,652.8011,838.2398
8029,627.01196,848.2539
8030,622.8818,844.3979
8031,624.9856,831.5146
8032,624.21277,818.4484
8033,623.10175,810.64984
8034,623.958,807.24866
8035,623.3519,809.766
8036,617.53326,825.9317
8037,611.60486,854.383
8038,616.38763,875.52893
8039,633.5377,866.899
8040,652.39874,830.40533
8041,661.5843,797.951
8042,664.6017,792.8002
8043,678.39154,802.2382
8044,702.38074,804.0645
8045,713.1634,793.0533
8046,703.6214,778.09515
8047,702.36273,766.7925
8048,747.68066,752.9674
8049,836.81696,730.18164
8050,907.2893,711.66956
8051,901.4951,716.2042
8052,838.04126,740.0381
8053,781.94653,761.5107
8054,765.80396,772.7465
8055,774.69226,786.22986
8056,783.9944,807.2719
8057,783.3281,824.74194
8058,775.8964,831.4016
8059,769.16925,831.7019
8060,766.78375,831.2008
8061,766.6301,831.181
8062,763.3063,831.09985
8063,749.546,831.59247
8064,720.59033,834.2378
8065,684.61365,837.85425
8066,657.18256,836.5563
8067,641.8633,825.61005
8068,633.71136,809.63434
8069,635.726,797.553
8070,653.3128,790.8627
8071,679.3365,786.7774
8072,703.5402,787.2449
8073,728.4444,795.3629
8074,754.84576,807.76636
8075,770.61566,816.65436
8076,767.9154,816.2002
8077,751.1251,805.31665
8078,730.5213,789.9617
8079,716.3888,779.8598
8080,711.1173,778.1538
8081,709.31226,779.7488
8082,706.8392,779.18585
8083,704.1324,775.81903
8084,701.3808,772.15454
8085,696.9135,769.65356
8086,693.97284,769.5265
8087,700.32086,773.954
8088,714.3654,781.20496
8089,724.0107,785.6281
8090,724.1715,785.5442
8091,720.6782,784.7871
8092,716.81067,787.49023
8093,710.12524,795.34973
8094,703.57196,806.58575
8095,711.551,816.16077
8096,740.74567,815.7289
8097,764.4682,798.37445
8098,750.1702,774.8045
8099,705.1833,769.5309
8100,656.2719,792.9102
8101,614.9222,840.53564
8102,582.93726,907.0272
8103,562.48047,970.1911
8104,560.72894,986.60425
8105,582.2527,936.59973
8106,608.4669,857.9956
8107,609.9902,806.2394
8108,592.25116,793.086
8109,607.26215,791.1503
8110,679.86566,777.5176
8111,732.9128,756.85706
8112,685.2016,756.6627
8113,586.4503,787.292
8114,530.3829,821.0192
8115,527.34814,834.8685
8116,542.4612,834.26953
8117,559.1412,827.4357
8118,574.2712,815.66345
8119,581.5368,802.24536
8120,573.39667,792.1697
8121,559.9659,787.35895
8122,594.74194,786.47504
8123,734.54425,789.1556
8124,933.2999,795.59283
8125,1072.549,803.5358
8126,1118.4961,811.5139
8127,1124.5972,819.1565
8128,1120.0531,822.58466
8129,1098.4923,816.3763
8130,1060.1268,799.645
8131,1014.4072,776.9772
8132,965.933,754.52234
8133,915.4989,736.06665
8134,870.57605,721.70184
8135,840.98706,709.4401
8136,828.5774,698.17096
8137,832.438,689.088
8138,851.1295,684.0348
8139,876.4093,683.88586
8140,897.22595,688.64496
8141,899.8064,694.6648
8142,868.5684,694.05255
8143,811.68713,683.7705
8144,767.36365,671.70667
8145,770.8217,673.82434
8146,827.75214,706.37177
8147,906.6894,765.5446
8148,956.9086,820.54974
8149,930.0554,846.7728
8150,803.4176,848.7393
8151,638.1158,840.45605
8152,542.454,829.03864
8153,536.4213,821.1555
8154,556.99963,823.42834
8155,565.9883,832.5686
8156,567.4615,837.9517
8157,568.9874,835.2629
8158,569.31036,829.0992
8159,566.3989,824.4142
8160,562.2926,821.75085
8161,560.3547,819.67926
8162,561.5551,817.80365
8163,563.8086,816.54376
8164,564.04,817.97815
8165,561.24084,825.2418
8166,559.7888,835.6484
8167,566.47943,840.5475
8168,579.9963,836.9605
8169,591.0007,831.21686
8170,595.0434,828.83154
8171,596.13965,826.8115
8172,599.1283,818.4502
8173,604.11743,805.21295
8174,605.5142,797.4884
8175,596.76117,800.1811
8176,581.03876,806.5835
8177,575.5298,810.2808
8178,594.91705,813.08624
8179,629.7803,816.63104
8180,657.19727,814.35004
8181,670.3128,799.42126
8182,677.30597,778.7705
8183,682.6377,767.0518
8184,686.26355,766.88684
8185,686.5291,769.3371
8186,675.5387,768.71124
8187,647.2923,767.50275
8188,618.61115,773.92566
8189,618.2205,793.90344
8190,644.31,818.928
8191,667.97473,832.8826
8192,677.56757,833.5798
8193,681.43396,831.20306
8194,681.75824,831.2585
8195,672.41766,832.1903
8196,652.65125,832.8459
8197,645.1992,836.31476
8198,705.0583,846.42865
8199,865.1426,862.4816
8200,1053.528,879.26215
8201,1124.3184,889.73926
8202,1005.82324,883.82684
8203,793.6939,853.18146
8204,649.0988,811.34283
8205,618.053,786.8684
8206,629.0506,785.2539
8207,623.2997,789.54944
8208,601.4557,789.9677
8209,581.81134,788.4
8210,567.0905,787.8505
8211,553.23663,787.9507
8212,544.02704,787.36237
8213,543.7954,785.3836
8214,550.5765,780.82526
8215,558.8803,774.48676
8216,563.90533,769.86176
8217,564.5944,769.1898
8218,562.5993,772.8967
8219,559.8501,779.87506
8220,557.6632,786.0019
8221,556.8327,787.91364
8222,558.1884,786.97156
8223,561.1651,785.7209
8224,561.832,785.9054
8225,557.5386,789.28705
8226,552.7314,793.8733
8227,551.67365,795.36597
8228,551.2462,794.67694
8229,551.1138,794.7685
8230,559.2104,792.99207
8231,576.3857,786.04236
8232,587.3031,779.8785
8233,579.4914,784.5139
8234,563.97375,797.5042
8235,560.18097,806.06805
8236,568.48047,806.1413
8237,576.2091,803.4542
8238,577.9832,801.1774
8239,575.92303,799.4255
8240,571.4623,798.2634
8241,565.5873,795.2657
8242,566.2212,788.6254
8243,591.6006,782.4831
8244,644.2721,778.8132
8245,682.17834,771.2979
8246,669.4109,760.79065
8247,634.64453,758.57874
8248,618.1637,765.4167
8249,615.43005,771.2362
8250,606.94916,772.6097
8251,592.0188,773.03827
8252,581.0575,773.45996
8253,577.9746,771.4534
8254,579.02246,767.1309
8255,581.453,764.3666
8256,585.5443,765.4288
8257,589.932,767.60284
8258,591.3454,767.4889
8259,590.8131,766.5273
8260,594.6249,766.81384
8261,607.1856,765.51025
8262,624.2692,760.7616
8263,636.5712,756.1739
8264,641.7655,753.71124
8265,646.2658,750.6456
8266,653.38855,746.0294
8267,659.05786,742.58636
8268,660.4541,741.77344
8269,659.76263,741.9583
8270,659.64276,741.67615
8271,661.4683,742.59033
8272,665.9079,747.5696
8273,670.9121,755.6515
8274,669.60394,763.3841
8275,655.3386,770.30664
8276,632.43256,776.10834
8277,614.2387,777.80194
8278,607.2277,775.4886
8279,606.7109,773.5957
8280,607.0219,775.0711
8281,607.07007,777.48785
8282,608.908,775.21265
8283,616.5969,766.51575
8284,633.0847,755.4214
8285,653.15674,746.74695
8286,666.1818,742.6508
8287,668.70154,742.028
8288,664.00903,742.73895
8289,653.6489,744.09576
8290,641.25824,745.8519
8291,636.54596,746.8233
8292,645.12885,745.9265
8293,660.3307,743.9547
8294,671.3678,743.518
8295,673.69574,746.2988
8296,664.65643,750.8556
8297,640.55115,754.53357
8298,609.5506,756.18524
8299,589.41895,756.2939
8300,582.5881,756.5318
8301,575.03516,758.32935
8302,562.946,760.7056
8303,563.5054,760.6232
8304,592.062,755.908
8305,632.5265,748.51575
8306,654.13226,742.8729
8307,667.4178,738.9821
8308,727.077,732.6828
8309,856.4738,724.9134
8310,1003.48785,721.3476
8311,1100.0087,721.4907
8312,1133.0533,719.4171
8313,1124.581,713.48334
8314,1078.0809,707.0227
8315,990.0499,703.3537
8316,886.2041,702.77045
8317,804.7374,703.0482
8318,759.1666,702.39233
8319,738.2967,701.8378
8320,728.71906,706.1528
8321,725.0955,719.6728
8322,726.3488,740.0686
8323,731.4948,759.60547
8324,739.17865,771.9592
8325,748.04285,776.464
8326,755.8416,776.9873
8327,757.9441,777.10657
8328,750.0821,775.6666
8329,734.45734,766.50305
8330,720.6745,745.90796
8331,718.9468,722.03577
8332,730.31683,706.7177
8333,744.76733,699.02515
8334,751.9921,691.4886
8335,750.75867,683.79034
8336,748.2165,678.8849
8337,752.37366,676.62714
8338,763.521,675.6865
8339,774.26196,675.0341
8340,775.8988,672.9487
8341,765.07715,668.1431
8342,749.34357,662.50903
8343,742.1927,660.31165
8344,750.33417,663.40906
8345,768.1442,668.47656
8346,782.7865,670.59546
8347,786.46893,668.96893
8348,782.6606,666.59955
8349,780.0203,665.59973
8350,787.7693,665.053
8351,808.6135,663.0653
8352,818.25946,665.0218
8353,768.91656,689.09094
8354,654.5986,744.6451
8355,550.2084,803.5519
8356,525.9029,825.825
8357,562.8054,811.35736
8358,603.0379,791.6834
8359,624.2084,786.05273
8360,635.0177,791.6541
8361,644.5682,799.498
8362,655.0822,804.0683
8363,665.30206,804.0204
8364,671.9169,800.69415
8365,674.1016,796.37964
8366,676.7003,793.19196
8367,684.41156,792.38556
8368,693.81525,792.98956
8369,696.78735,793.35376
8370,692.1117,793.65686
8371,686.85156,794.3655
8372,686.5743,794.9888
8373,689.61945,794.62756
8374,691.6215,793.1706
8375,691.7324,792.225
8376,690.942,792.2682
8377,688.47266,791.3352
8378,684.54724,789.135
8379,682.4267,788.82385
8380,684.0116,792.9556
8381,686.38617,799.8941
8382,685.73737,806.2174
8383,682.48627,810.7174
8384,678.74445,813.5927
8385,675.62634,814.659
8386,678.04645,814.8741
8387,692.3113,816.6997
8388,712.1081,820.445
8389,721.4364,823.7428
8390,717.0426,825.9967
8391,710.65765,827.4629
8392,709.49133,826.7513
8393,710.29504,825.95166
8394,708.9847,829.89056
8395,705.7068,837.1485
8396,704.93085,841.83026
8397,712.97577,841.11194
8398,727.52826,836.0166
8399,736.27185,831.62585
8400,734.5514,834.289
8401,731.5043,843.1808
8402,731.6955,847.54193
8403,721.1587,829.0355
8404,682.57153,777.52606
8405,626.7451,723.37274
8406,589.2015,718.44073
8407,584.03455,763.34924
8408,590.6669,807.3158
8409,591.5543,820.69336
8410,588.7643,816.00696
8411,586.72156,813.0233
8412,584.6929,818.4228
8413,581.6622,829.33044
8414,578.88007,838.95544
8415,580.4826,842.70026
8416,589.5306,843.07697
8417,601.6953,843.76416
8418,609.42004,844.19293
8419,612.2937,844.94037
8420,615.1419,848.81055
8421,618.17084,853.54193
8422,614.36096,851.26276
8423,596.931,838.03503
8424,571.56934,821.22955
8425,552.788,809.1053
8426,546.3625,789.0647
8427,553.3055,742.3092
8428,576.62463,693.2112
8429,601.06934,692.60175
8430,601.73645,740.95593
8431,582.88403,790.3331
8432,567.24347,812.14355
8433,562.4923,813.3444
8434,564.13275,808.3326
8435,567.8933,805.1417
8436,570.56494,807.14844
8437,571.19116,813.9912
8438,575.7254,821.1102
8439,591.4228,819.95184
8440,609.8683,805.18494
8441,613.48816,786.09247
8442,602.5746,777.306
8443,595.75586,780.4569
8444,608.9842,789.23895
8445,639.22516,800.16656
8446,663.2925,809.31464
8447,664.01935,808.5466
8448,649.6479,793.56305
8449,636.4448,773.8225
8450,630.9134,762.1047
8451,631.60724,757.9149
8452,634.997,753.5911
8453,638.30975,747.38873
8454,638.9792,741.8228
8455,634.3168,737.55176
8456,622.4134,733.6111
8457,603.96466,729.2217
8458,588.4361,724.05566
8459,590.2319,718.86005
8460,608.1508,714.7465
8461,624.6486,711.65375
8462,630.28674,709.98773
8463,629.649,713.06256
8464,627.97076,723.4712
8465,627.0561,737.2404
8466,629.1629,749.87415
8467,636.2236,763.52966
8468,644.68335,777.0618
8469,645.08636,784.0493
8470,630.8706,787.8202
8471,610.2924,799.3531
8472,605.64716,818.98376
8473,631.1651,831.63257
8474,673.9999,824.17535
8475,705.5903,803.3242
8476,709.8128,787.75854
8477,694.333,785.9802
8478,674.3161,789.31964
8479,660.4073,782.3638
8480,677.2046,761.0212
8481,755.0687,743.9335
8482,866.32715,748.2108
8483,929.61664,763.3681
8484,913.32916,772.8428
8485,865.5083,772.90076
8486,834.6955,764.86035
8487,825.1673,754.0246
8488,822.1883,746.22125
8489,818.8002,740.1001
8490,817.29254,731.8782
8491,819.5129,722.0737
8492,822.6681,713.4029
8493,823.92883,706.46985
8494,823.19183,700.1274
8495,821.7532,695.59015
8496,820.95703,697.12714
8497,820.3748,706.59717
8498,819.105,719.89984
8499,821.88416,730.4117
8500,836.74713,734.73517
8501,860.1228,735.9531
8502,876.065,740.2858
8503,873.1742,748.49695
8504,849.8967,754.3122
8505,811.9354,753.3002
8506,776.01575,748.99194
8507,765.6842,747.5868
8508,792.4279,750.15515
8509,842.92316,753.4332
8510,889.4194,754.86926
8511,901.7516,754.14105
8512,859.16235,752.25653
8513,783.17865,750.35126
8514,730.53735,748.23267
8515,726.4644,744.7803
8516,744.0721,740.61676
8517,749.8257,738.06134
8518,737.7353,737.7965
8519,729.8847,737.79895
8520,751.537,734.85706
8521,791.8798,727.04645
8522,798.3103,720.3038
8523,730.11255,734.8616
8524,619.39014,786.49335
8525,553.07007,849.38385
8526,574.7519,873.3363
8527,640.2971,848.786
8528,683.53436,810.5376
8529,687.97394,787.603
8530,708.67786,794.58984
8531,822.0502,840.49524
8532,998.5134,894.3179
8533,1093.9484,887.8258
8534,1040.9257,801.8603
8535,927.2947,694.3375
8536,854.52905,626.39655
8537,842.6862,612.044
8538,860.65656,628.052
8539,875.5089,644.7911
8540,879.6417,650.8395
8541,887.5457,650.22284
8542,911.4882,647.1209
8543,926.6174,646.9971
8544,874.0949,662.8799
8545,750.6042,699.33527
8546,639.5278,739.5208
8547,598.335,765.60034
8548,602.20013,775.82135
8549,608.40936,775.5983
8550,600.63367,769.55066
8551,584.88135,762.31323
8552,577.0524,757.7272
8553,588.6871,756.74475
8554,615.64404,757.7121
8555,639.407,758.57623
8556,645.57556,757.87054
8557,640.29895,754.44727
8558,638.6815,748.72406
8559,642.32166,744.1889
8560,641.1834,744.9063
8561,631.7805,750.27045
8562,620.81226,755.7509
8563,614.6989,758.3395
8564,615.94165,756.2765
8565,621.4946,747.6254
8566,620.1649,735.2684
8567,609.2775,728.71375
8568,602.9979,732.8182
8569,606.4602,740.25806
8570,606.8028,743.29675
8571,602.908,743.5166
8572,637.5308,749.28674
8573,766.76636,768.697
8574,956.7389,796.60895
8575,1086.0868,816.79755
8576,1098.7897,822.7613
8577,1050.9459,820.5559
8578,1006.2404,815.40497
8579,984.5502,809.5489
8580,984.488,805.8235
8581,990.3188,805.00287
8582,983.69165,804.1971
8583,969.4433,801.3382
8584,965.3155,798.0321
8585,976.797,796.5876
8586,995.7525,796.5076
8587,1001.20166,795.18304
8588,967.2913,791.5802
8589,892.8353,788.051
8590,792.30255,788.07983
8591,666.04535,792.3746
8592,536.60767,797.8863
8593,457.221,801.9066
8594,441.1899,803.14716
8595,455.37482,798.2099
8596,476.87646,785.23126
8597,503.32565,769.79626
8598,533.0445,761.08844
8599,562.47217,764.1031
8600,590.90485,776.40283
8601,617.7165,789.9962
8602,638.145,797.6547
8603,647.64923,798.9417
8604,648.8612,798.415
8605,648.4899,800.3143
8606,650.2074,806.01227
8607,654.78534,812.36646
8608,662.5507,814.35986
8609,672.8677,811.34045
8610,684.53174,807.1551
8611,696.31903,804.99255
8612,705.4793,805.0917
8613,708.0526,806.677
8614,700.4845,809.35626
8615,678.6634,811.14795
8616,648.6645,809.1421
8617,652.40466,803.1315
8618,737.2833,793.4578
8619,871.42633,779.53143
8620,970.5483,764.9314
8621,1009.13904,757.01776
8622,1012.812,758.23615
8623,996.26984,762.13446
8624,973.31995,762.5512
8625,959.9978,762.0483
8626,939.5704,762.7065
8627,879.5001,756.98
8628,793.58185,741.3569
8629,723.0514,732.05396
8630,671.9166,749.25775
8631,629.0947,787.25446
8632,604.22034,819.21216
8633,602.1539,829.7548
8634,610.12366,824.0929
8635,615.86523,813.3049
8636,615.8482,806.05817
8637,611.1022,805.5218
8638,605.6511,809.327
8639,605.0965,815.1214
8640,610.2384,821.4494
8641,616.3922,824.9697
8642,619.73145,822.17706
8643,618.1269,818.9352
8644,608.9659,822.62976
8645,595.7629,815.1029
8646,593.5202,783.90045
8647,612.5917,760.36334
8648,639.23926,764.10004
8649,649.276,773.3841
8650,637.8148,773.3585
8651,620.6482,768.5112
8652,619.6164,758.25256
8653,668.06335,741.4624
8654,783.58765,736.11456
8655,898.6743,758.99603
8656,918.7357,795.4132
8657,862.7101,819.5308
8658,821.272,823.6033
8659,824.1323,815.0923
8660,842.6132,807.70294
8661,855.0749,813.8782
8662,862.25354,833.19403
8663,872.58856,853.66455
8664,890.6282,866.602
8665,910.9678,871.90894
8666,922.0005,872.9467
8667,920.7331,873.4777
8668,914.476,874.5491
8669,903.3367,872.00275
8670,881.7764,862.64215
8671,858.42926,852.27704
8672,847.57117,851.5532
8673,847.1307,864.1362
8674,838.7696,874.93787
8675,799.5561,848.0754
8676,727.6691,764.2101
8677,662.33154,663.2863
8678,650.5223,604.6596
8679,696.22546,595.5168
8680,757.3474,602.2565
8681,790.28516,605.32684
8682,793.0316,613.7392
8683,790.3466,641.3744
8684,785.95966,680.7923
8685,765.51654,708.7378
8686,749.3545,718.89795
8687,798.05164,730.37036
8688,923.2451,758.0562
8689,1032.0758,794.66644
8690,1033.3691,826.0115
8691,953.1978,847.8449
8692,873.6304,863.4944
8693,830.12366,874.63214
8694,822.1079,881.9814
8695,838.12787,885.1527
8696,834.5005,876.98236
8697,761.479,861.43884
8698,634.01807,862.2491
8699,526.61066,874.1525
8700,495.24213,860.9405
8701,536.1313,827.8142
8702,627.47107,811.9814
8703,774.8463,821.28326
8704,952.8531,840.87805
8705,1065.5273,857.36694
8706,1055.5936,863.7004
8707,975.577,863.828
8708,907.6378,867.03705
8709,883.6172,875.00433
8710,887.5191,879.8718
8711,891.98737,879.135
8712,882.03656,885.02594
8713,856.70154,906.386
8714,826.6329,931.52905
8715,807.99164,946.04626
8716,807.18945,953.5062
8717,815.83466,963.4458
8718,821.13336,976.0723
8719,815.8032,987.3123
8720,803.49225,994.8284
8721,796.03326,996.37445
8722,798.98914,992.2286
8723,802.48694,990.09357
8724,792.8287,997.6269
8725,773.28613,1011.22656
8726,760.8279,1022.35376
8727,761.1408,1029.2854
8728,766.1855,1035.241
8729,771.08575,1042.1964
8730,777.26556,1048.8014
8731,786.7163,1051.4233
8732,798.8946,1048.7109
8733,810.7088,1043.6195
8734,821.03564,1039.431
8735,831.29236,1037.2633
8736,838.7946,1037.8273
8737,838.5093,1041.0054
8738,833.10126,1044.0374
8739,830.51056,1044.0026
8740,832.3589,1040.4836
8741,833.6639,1034.9283
8742,831.5157,1030.2018
8743,828.98883,1028.8785
8744,831.1704,1030.5886
8745,839.6746,1033.5162
8746,851.805,1036.524
8747,861.32556,1037.683
8748,862.0815,1036.2296
8749,858.51886,1041.7091
8750,865.7122,1067.9349
8751,888.8471,1105.2579
8752,912.9335,1122.8542
8753,918.7512,1105.3438
8754,898.336,1059.5127
8755,861.6763,996.4022
8756,829.3416,929.8212
8757,804.46295,876.4033
8758,776.3033,844.60175
8759,752.2441,830.1995
8760,746.1704,822.5972
8761,754.35,813.0491
8762,767.0213,800.1225
8763,780.36804,788.41064
8764,791.4933,781.53314
8765,796.4485,778.667
8766,796.82904,777.3681
8767,799.8239,775.93427
8768,808.73773,773.1977
8769,820.0913,767.93494
8770,829.0227,759.5749
8771,834.02606,749.9551
8772,837.7926,742.06024
8773,844.3044,737.2014
8774,857.50836,736.1923
8775,878.8635,739.4406
8776,898.7292,742.57806
8777,899.58856,739.8414
8778,876.6331,734.05383
8779,849.70056,733.8932
8780,848.3371,740.11566
8781,875.13245,742.356
8782,895.02026,731.40265
8783,877.86224,708.44006
8784,833.78864,682.4325
8785,797.2309,663.0652
8786,789.326,653.37823
8787,803.28076,648.6889
8788,821.2961,643.5827
8789,833.3105,636.9417
8790,839.31433,629.9848
8791,842.3477,622.6561
8792,843.56195,614.7723
8793,844.1077,607.9062
8794,846.9433,603.0067
8795,853.2228,598.8622
8796,860.2544,594.4029
8797,865.2773,590.7244
8798,868.55536,589.485
8799,872.3291,590.22174
8800,877.8883,590.9584
8801,882.6682,590.2363
8802,882.5763,587.7713
8803,878.41943,584.59106
8804,874.1957,582.2247
8805,869.9343,581.5669
8806,864.09283,582.05774
8807,859.3449,581.65515
8808,858.22614,579.88715
8809,858.67084,578.9122
8810,857.5231,579.372
8811,853.37354,579.68054
8812,848.0409,579.8926
8813,846.4104,581.3406
8814,850.80707,582.9497
8815,857.87054,582.55225
8816,863.9533,581.52405
8817,874.0482,585.3585
8818,902.0121,598.48334
8819,950.80725,617.4188
8820,984.872,633.5292
8821,937.0937,643.16626
8822,791.43506,649.36096
8823,645.6309,657.02344
8824,604.6776,667.16504
8825,652.0539,674.40845
8826,706.3051,674.85236
8827,729.92505,672.12274
8828,734.7203,672.50586
8829,740.2287,679.2876
8830,753.5693,691.86035
8831,771.7295,707.9298
8832,788.3749,725.1583
8833,798.7044,740.04407
8834,806.5088,748.72687
8835,823.54987,750.49493
8836,855.54236,748.18207
8837,891.7438,744.9048
8838,900.20074,743.3482
8839,838.17,749.3612
8840,710.19836,766.64886
8841,601.47833,783.14886
8842,589.85785,779.66034
8843,656.2903,754.35834
8844,728.69574,723.451
8845,766.87506,705.2982
8846,778.9356,708.2467
8847,788.0198,722.78766
8848,802.0567,729.88727
8849,807.3776,722.0718
8850,775.3645,708.77454
8851,691.08124,701.3387
8852,598.181,703.2664
8853,572.0787,710.8504
8854,629.5897,715.83435
8855,714.8061,713.91925
8856,777.4021,706.70184
8857,822.3526,692.4983
8858,866.1667,669.27673
8859,886.89404,646.6861
8860,858.55365,638.9372
8861,800.5709,645.97437
8862,748.0136,656.88055
8863,702.1358,667.91797
8864,655.2749,687.4566
8865,623.6716,732.3373
8866,620.3315,809.48315
8867,634.2801,888.60095
8868,647.0031,916.8776
8869,644.70483,870.2786
8870,621.6709,781.93146
8871,601.044,713.2973
8872,633.46857,693.3904
8873,734.8808,701.797
8874,858.5994,701.4522
8875,949.76935,671.6149
8876,969.9992,632.14075
8877,893.7333,625.99725
8878,758.1585,659.4793
8879,652.503,697.11066
8880,614.89124,714.9539
8881,614.42554,717.6112
8882,618.1642,716.85583
8883,622.2152,720.2375
8884,646.15466,732.3346
8885,705.3078,754.66956
8886,772.5268,782.12683
8887,802.71826,805.88257
8888,798.8763,821.9404
8889,799.38776,832.98224
8890,812.7357,844.9728
8891,813.4023,861.54205
8892,787.7164,877.09235
8893,749.8445,881.3468
8894,713.20667,876.151
8895,674.08307,877.05615
8896,635.5927,889.84375
8897,615.08093,901.6155
8898,618.3314,902.2915
8899,641.02185,896.36304
8900,677.1977,892.6474
8901,700.47797,894.7123
8902,687.2909,899.39874
8903,663.63556,902.3379
8904,677.50336,903.8474
8905,739.4856,906.43585
8906,814.744,909.836
8907,856.4532,911.543
8908,839.74396,910.52625
8909,777.41907,909.35596
8910,709.85284,912.4738
8911,673.41876,920.3746
8912,685.0655,924.5299
8913,738.9642,914.6352
8914,793.86017,889.7914
8915,806.54456,853.94653
8916,787.9269,811.37274
8917,777.49854,770.96326
8918,784.9021,738.4416
8919,794.9911,709.26447
8920,798.8877,680.18036
8921,798.71704,656.25867
8922,800.44354,642.77325
8923,809.0884,638.7674
8924,823.59607,638.3057
8925,837.76935,635.4677
8926,847.66223,628.79254
8927,853.214,620.8401
8928,855.29517,614.4295
8929,855.3812,610.2474
8930,854.8621,607.7526
8931,853.54694,607.0506
8932,851.21515,608.1068
8933,849.80347,609.4873
8934,851.3423,609.8318
8935,853.9714,609.52454
8936,853.6818,609.6395
8937,850.4598,609.7679
8938,848.1293,608.81616
8939,848.0782,607.5195
8940,847.8667,607.5715
8941,845.77466,608.98785
8942,842.9138,610.61743
8943,840.8111,612.22943
8944,839.76776,614.31226
8945,840.2112,616.6484
8946,843.492,618.1532
8947,849.5857,618.17267
8948,855.491,617.235
8949,858.2849,616.0662
8950,858.1763,615.05597
8951,857.2784,614.592
8952,857.1486,614.88745
8953,857.73083,615.9801
8954,858.21844,617.6016
8955,858.8358,618.90344
8956,860.8006,619.51935
8957,864.2032,619.8821
8958,867.6203,619.8974
8959,870.0551,619.3423
8960,870.9785,618.7184
8961,870.14233,618.3365
8962,868.49225,618.0129
8963,866.866,617.6475
8964,865.85657,617.4023
8965,866.71313,617.2807
8966,868.86646,616.60095
8967,870.15466,615.4654
8968,870.6376,616.66565
8969,870.9372,623.8418
8970,868.20557,638.97046
8971,859.06213,662.7372
8972,845.15216,693.95337
8973,831.24396,727.93427
8974,819.5452,757.65936
8975,809.7855,777.624
8976,801.5025,788.3987
8977,794.15405,796.50494
8978,788.55945,807.06995
8979,786.9698,819.3967
8980,789.9204,832.29016
8981,794.3216,847.7281
8982,795.4679,865.10175
8983,793.8314,877.93567
8984,796.5699,881.2482
8985,805.31757,879.4471
8986,804.0826,884.6334
8987,772.1417,905.32166
8988,718.18976,935.3628
8989,678.6033,961.07947
8990,671.551,978.9064
8991,682.69055,994.0744
8992,694.41846,1008.2708
8993,704.01135,1019.2959
8994,716.1729,1024.6189
8995,731.68713,1021.966
8996,747.35095,1012.0729
8997,760.79114,998.92
8998,771.4942,986.97015
8999,779.8656,979.7446
9000,785.95636,976.7224
9001,789.5474,973.97363
9002,791.9152,971.79
9003,794.6904,973.9316
9004,795.0228,978.51105
9005,789.00397,975.89307
9006,786.20514,957.99475
9007,803.8753,933.44147
9008,835.7251,919.45074
9009,852.56,916.2155
9010,841.3726,913.43945
9011,817.644,911.491
9012,801.4342,917.9598
9013,800.4403,934.562
9014,812.16895,952.1772
9015,832.6606,957.0798
9016,859.77435,946.23785
9017,888.0824,932.2113
9018,906.37054,926.79333
9019,903.9851,928.9285
9020,881.56213,932.45514
9021,855.90094,936.7304
9022,844.1369,946.5853
9023,845.1733,962.9182
9024,849.2972,976.4436
9025,852.90076,972.6737
9026,853.9968,945.3893
9027,850.00134,909.7289
9028,844.2846,891.4158
9029,847.7181,897.54236
9030,869.8796,912.5257
9031,896.7401,922.68896
9032,887.1219,932.67694
9033,822.4109,955.20435
9034,742.2897,988.97986
9035,696.8042,1014.83826
9036,691.7825,1019.06226
9037,704.1662,1011.32983
9038,715.4794,1007.9108
9039,719.01514,1009.994
9040,716.6805,1010.83276
9041,714.1505,1012.85724
9042,714.8789,1025.4219
9043,716.8253,1042.0675
9044,715.7943,1038.9614
9045,712.9603,1013.6999
9046,715.2407,993.88586
9047,727.84686,984.592
9048,745.672,959.02606
9049,751.7874,920.9196
9050,738.09753,906.16534
9051,721.2128,922.4485
9052,718.9998,950.787
9053,730.89935,979.7959
9054,748.2544,1000.9958
9055,760.62976,1003.8731
9056,760.65985,991.54193
9057,754.3657,977.85266
9058,752.0013,968.2929
9059,752.88025,959.8938
9060,752.5524,951.433
9061,753.27563,945.5665
9062,756.2913,945.5546
9063,753.6738,948.0896
9064,739.43463,947.0706
9065,722.18396,946.54047
9066,714.83075,952.58374
9067,717.4989,960.44086
9068,722.45667,965.1627
9069,733.0114,968.6016
9070,760.62585,970.7385
9071,799.0386,970.106
9072,824.43005,971.83295
9073,826.5266,984.18085
9074,816.60455,1006.5377
9075,806.1854,1027.6338
9076,795.6121,1036.8877
9077,780.37427,1031.8656
9078,759.94574,1019.2652
9079,742.6673,1014.2451
9080,739.2399,1024.7174
9081,748.2655,1039.8981
9082,758.2771,1048.9271
9083,763.43427,1053.0757
9084,765.1812,1055.7167
9085,764.3248,1056.109
9086,761.08826,1052.0222
9087,757.2388,1045.8285
9088,755.33,1043.2543
9089,756.8268,1045.2277
9090,758.0959,1048.8876
9091,750.7389,1052.204
9092,732.1322,1052.1677
9093,716.89343,1041.5743
9094,723.1925,1010.1218
9095,743.3137,955.259
9096,753.6044,888.9865
9097,749.8975,826.0888
9098,746.0674,774.63586
9099,749.81494,737.76984
9100,758.03394,714.4196
9101,766.52014,700.6771
9102,774.3284,692.6442
9103,781.4827,687.5616
9104,787.3211,684.2055
9105,790.5113,682.2394
9106,788.97394,681.6883
9107,782.3176,682.5273
9108,775.4862,683.5345
9109,774.1773,683.6402
9110,778.41364,683.988
9111,785.4243,686.3213
9112,789.98035,691.6975
9113,784.83936,701.05774
9114,778.1185,713.845
9115,802.9782,728.03455
9116,872.4423,741.84784
9117,927.9027,751.4752
9118,901.7749,751.3355
9119,816.6711,739.7716
9120,745.0712,720.2595
9121,715.061,698.8188
9122,710.1005,681.6899
9123,712.42554,672.1337
9124,716.12866,669.29
9125,722.07855,669.65356
9126,734.54254,669.17883
9127,749.0766,668.82245
9128,731.27936,682.39264
9129,644.3204,726.049
9130,530.76056,786.93225
9131,491.56638,826.50604
9132,551.70044,827.73517
9133,642.7267,807.91504
9134,709.87067,785.9787
9135,753.09924,765.5274
9136,788.9025,744.1344
9137,823.0359,722.1802
9138,854.1008,701.76337
9139,881.5923,684.0661
9140,903.6198,671.59955
9141,913.4683,669.5134
9142,906.69604,679.9937
9143,889.75793,695.70105
9144,874.4183,705.57513
9145,866.07764,707.25714
9146,862.75214,706.03656
9147,860.8854,705.42096
9148,858.857,705.3533
9149,858.1881,705.75397
9150,859.85345,708.1959
9151,860.03796,713.67377
9152,856.3897,719.8139
9153,853.72015,723.3508
9154,856.1939,723.7463
9155,860.52747,721.7755
9156,861.284,717.6482
9157,858.07074,711.37
9158,854.8681,703.3652
9159,854.6705,695.20135
9160,857.06744,688.7561
9161,859.58014,684.4835
9162,860.26807,681.7469
9163,859.6357,680.0632
9164,859.37286,679.3716
9165,859.66925,679.66815
9166,859.21436,680.5963
9167,857.8828,681.2905
9168,858.1905,680.76587
9169,863.0177,679.14435
9170,872.30396,677.8267
9171,882.21765,676.98035
9172,888.2089,674.77814
9173,890.0604,670.4851
9174,892.29535,665.72107
9175,898.23804,662.22046
9176,905.268,659.99316
9177,907.3603,658.0566
9178,902.58673,656.10095
9179,895.7227,653.9644
9180,891.84155,650.78925
9181,891.06836,646.6534
9182,892.1222,641.9251
9183,898.7339,631.94666
9184,916.9582,611.1298
9185,944.6326,588.7868
9186,972.01917,586.4341
9187,991.43024,615.0384
9188,998.9692,665.8338
9189,996.7976,718.1773
9190,994.41724,753.79364
9191,997.08704,771.3504
9192,997.86145,784.50006
9193,985.6783,803.5332
9194,959.0229,825.7101
9195,927.87476,843.9791
9196,901.7093,856.63983
9197,883.3733,867.0695
9198,872.86835,880.83997
9199,870.2114,903.03503
9200,877.4086,932.67255
9201,897.31635,960.6227
9202,926.8726,976.9385
9203,954.49054,978.0853
9204,964.9406,967.80347
9205,951.67926,955.96643
9206,931.58856,951.23285
9207,927.7174,951.8732
9208,936.48004,949.8385
9209,940.0843,940.7844
9210,935.44977,926.8526
9211,930.19885,913.3621
9212,926.9401,903.4895
9213,923.8799,896.91876
9214,925.04663,893.9578
9215,936.1979,895.5706
9216,953.1713,898.5661
9217,967.4744,898.1989
9218,975.7239,894.44775
9219,977.0017,889.54694
9220,970.8746,883.30383
9221,958.51056,874.0493
9222,943.4187,861.4963
9223,934.429,848.15717
9224,938.2956,837.2733
9225,947.56494,830.42755
9226,948.9549,829.02014
9227,937.526,834.18243
9228,917.41644,843.0879
9229,897.5487,849.95135
9230,885.04767,852.6829
9231,880.3151,853.89233
9232,878.1218,854.6629
9233,871.8567,853.24005
9234,861.13074,849.83936
9235,854.11597,847.34454
9236,856.1261,847.2842
9237,860.77295,848.33527
9238,859.25665,848.8871
9239,853.0408,849.4453
9240,850.31964,851.2518
9241,854.4459,853.6832
9242,861.9528,855.13336
9243,868.5003,855.1333
9244,872.86487,854.58344
9245,875.4112,854.703
9246,875.8451,855.5332
9247,875.20795,856.0995
9248,876.10583,856.0817
9249,878.9436,856.1569
9250,881.1989,857.01196
9251,879.2646,857.6974
9252,870.3966,855.2097
9253,858.161,848.54254
9254,852.9949,841.5479
9255,859.48254,837.9178
9256,868.6019,836.77637
9257,867.4099,836.452
9258,853.509,837.95013
9259,841.0067,842.01556
9260,844.9752,847.1967
9261,855.69183,851.43005
9262,852.28186,855.7643
9263,842.45233,869.9364
9264,844.90686,901.8251
9265,842.97455,937.0481
9266,810.9559,949.82446
9267,776.0178,934.41907
9268,795.53735,913.0062
9269,863.5213,913.18414
9270,906.13837,937.10535
9271,882.69855,959.08466
9272,818.13104,958.5777
9273,746.7302,943.7641
9274,689.8874,935.84436
9275,683.4716,934.11896
9276,765.759,911.73206
9277,897.67456,859.34326
9278,964.00256,812.5104
9279,906.49817,811.6089
9280,782.5147,853.2764
9281,681.5909,900.6304
9282,647.8866,921.1972
9283,672.03534,907.0927
9284,727.07874,875.5174
9285,825.32605,841.73193
9286,998.83716,795.3761
9287,1180.6328,733.08435
9288,1225.5059,689.27527
9289,1120.6439,685.22845
9290,1028.7158,678.8214
9291,1053.4597,629.7785
9292,1121.2096,571.6039
9293,1151.5721,554.6951
9294,1168.824,574.8103
9295,1207.0242,596.2871
9296,1241.9847,600.64716
9297,1218.5784,597.8186
9298,1095.1459,606.5044
9299,897.44324,624.5777
9300,719.7991,633.4345
9301,632.7598,633.26025
9302,619.64026,639.06354
9303,618.44965,654.7084
9304,588.683,680.81604
9305,534.7145,724.22375
9306,493.55682,779.56213
9307,501.51392,822.28143
9308,565.3902,835.3428
9309,660.45087,827.8504
9310,744.7609,820.43036
9311,786.8332,825.2721
9312,779.9995,848.6019
9313,730.5737,893.9221
9314,666.2634,942.62195
9315,633.2507,960.02765
9316,646.50226,937.85455
9317,677.8303,901.1502
9318,695.6034,874.9253
9319,686.7883,865.60077
9320,662.3303,865.94055
9321,656.77704,867.4374
9322,697.9704,870.2402
9323,768.63135,878.3381
9324,820.8759,889.7898
9325,829.5714,898.28345
9326,809.9776,895.5346
9327,787.88556,878.0147
9328,773.74396,856.68555
9329,767.0934,844.87476
9330,766.75055,842.8607
9331,770.4831,843.90485
9332,775.43536,843.7933
9333,780.6593,842.94995
9334,785.67773,845.492
9335,788.5641,853.788
9336,788.1812,863.2917
9337,787.88794,871.9487
9338,792.52905,888.10455
9339,799.36725,910.82416
9340,802.0389,918.08374
9341,803.10394,895.21625
9342,807.30774,859.4549
9343,812.0953,838.0682
9344,815.81915,834.9568
9345,819.8636,836.40283
9346,821.8498,834.0484
9347,815.44775,827.3925
9348,794.835,818.0909
9349,764.84094,810.00653
9350,742.3082,807.259
9351,736.0714,811.96594
9352,738.3816,825.4223
9353,740.41565,843.61786
9354,739.10754,856.5238
9355,733.9958,861.1461
9356,733.1666,865.39734
9357,748.7761,874.18353
9358,774.8218,879.03253
9359,790.93933,867.60876
9360,792.44464,844.6168
9361,791.97614,829.71643
9362,794.9969,830.8861
9363,791.50494,836.22955
9364,772.6723,831.8077
9365,748.237,818.0594
9366,732.9861,810.271
9367,721.0041,824.83997
9368,698.9193,863.62286
9369,672.22144,909.03064
9370,649.1054,937.65155
9371,626.8336,940.63855
9372,620.7723,921.40125
9373,660.2492,884.168
9374,732.2422,843.01807
9375,782.549,817.1343
9376,787.4868,806.07275
9377,778.5954,799.00226
9378,793.13696,798.1832
9379,827.62195,808.17816
9380,850.7681,820.2203
9381,849.78687,819.0996
9382,837.6454,795.2385
9383,827.53064,754.4847
9384,823.7941,716.5548
9385,827.4889,700.5602
9386,839.1217,714.5149
9387,853.83093,746.8594
9388,861.80365,770.9134
9389,859.0214,767.6291
9390,847.5194,738.5096
9391,830.497,705.53864
9392,818.9467,696.7708
9393,827.6175,718.53143
9394,852.84393,750.3193
9395,869.775,767.63184
9396,860.48004,761.8778
9397,835.36145,743.94836
9398,817.79956,732.0533
9399,811.0837,735.90393
9400,797.8763,753.0214
9401,773.9511,773.7153
9402,755.1574,789.60223
9403,747.564,800.8027
9404,740.5787,810.72076
9405,732.9967,817.7919
9406,740.2334,821.1549
9407,768.8417,833.1388
9408,804.57544,870.6284
9409,831.39185,924.9136
9410,843.2214,959.8313
9411,838.76953,954.0849
9412,819.02246,929.22516
9413,788.62024,920.31415
9414,760.57245,934.595
9415,760.14246,958.52496
9416,803.5129,982.11487
9417,862.93396,996.30945
9418,888.2089,990.95404
9419,869.7893,966.33624
9420,839.7623,937.5388
9421,818.47546,935.9033
9422,797.5985,989.8471
9423,769.44543,1076.8457
9424,740.67413,1135.4362
9425,716.518,1138.531
9426,702.8482,1096.2007
9427,712.18085,1017.7978
9428,740.60565,933.35
9429,764.2901,890.52356
9430,768.997,895.1785
9431,756.52563,911.4028
9432,731.86,913.9688
9433,704.37427,905.9317
9434,689.09033,900.59894
9435,708.846,896.7531
9436,782.8287,875.8658
9437,875.50916,832.59454
9438,911.1278,792.06396
9439,873.01056,781.05304
9440,810.6346,794.57983
9441,762.44464,807.1349
9442,735.33484,807.92725
9443,725.37006,806.2375
9444,725.95685,810.1735
9445,729.32,817.98846
9446,731.98175,825.2546
9447,737.5905,830.9065
9448,748.0187,837.5199
9449,757.84625,847.2346
9450,762.2169,857.53577
9451,764.262,864.1017
9452,774.3977,866.70734
9453,798.61456,868.18695
9454,824.8325,870.44446
9455,828.0334,873.8051
9456,794.2865,873.9082
9457,739.50714,854.8522
9458,693.63055,801.7682
9459,670.4281,731.47156
9460,668.3842,681.5789
9461,681.89813,664.38763
9462,700.38086,663.8958
9463,715.17114,666.348
9464,725.29614,669.098
9465,732.1961,671.99817
9466,737.33093,673.64844
9467,740.34595,673.74207
9468,738.24097,674.13403
9469,730.4562,677.1547
9470,720.60754,683.4248
9471,713.891,690.87836
9472,713.29565,696.7415
9473,716.4608,700.3427
9474,720.3937,702.4828
9475,727.612,703.113
9476,745.90216,705.4929
9477,784.86975,727.1465
9478,838.823,786.89185
9479,861.0196,861.82355
9480,798.5234,896.474
9481,683.88684,876.4597
9482,611.90234,844.59094
9483,611.56384,838.8845
9484,645.8836,855.66516
9485,699.5896,870.75055
9486,776.0336,871.8927
9487,859.1844,866.53937
9488,919.04956,866.74994
9489,933.0032,875.536
9490,905.5362,887.9272
9491,869.03827,897.2184
9492,852.37994,899.896
9493,855.25793,897.37964
9494,859.2263,892.5338
9495,851.28174,889.8934
9496,849.89954,896.14624
9497,901.48254,912.9537
9498,1001.08276,935.3268
9499,1066.5232,951.4191
9500,1047.4463,943.51086
9501,981.4778,907.6767
9502,924.43524,862.63245
9503,891.7372,827.84424
9504,859.7241,810.7073
9505,793.33356,813.3187
9506,692.1695,829.87115
9507,609.0612,844.1999
9508,584.86566,848.8759
9509,592.7288,852.52234
9510,591.0211,858.9857
9511,582.0989,862.98645
9512,591.9887,863.801
9513,631.9748,863.0749
9514,683.81866,859.63684
9515,713.53973,854.3939
9516,705.5255,851.54474
9517,677.76166,853.34595
9518,659.2818,856.87164
9519,655.81506,856.86975
9520,650.2253,851.0157
9521,636.9111,841.87976
9522,630.13257,835.4475
9523,633.97614,838.7647
9524,632.13007,853.0563
9525,619.9655,867.269
9526,634.16174,871.62476
9527,719.64185,873.23566
9528,848.519,880.51984
9529,929.0387,888.65607
9530,907.84894,894.58496
9531,804.3675,903.93787
9532,699.1612,913.3512
9533,694.6319,908.6864
9534,794.8818,889.55884
9535,898.84937,872.6919
9536,949.7111,868.88043
9537,971.9881,872.6269
9538,969.545,866.109
9539,898.80414,837.5899
9540,765.1111,813.9602
9541,648.8892,840.0021
9542,601.892,904.6738
9543,603.97156,949.92285
9544,616.171,952.04846
9545,618.6998,930.7986
9546,614.38794,907.9304
9547,618.7463,897.3213
9548,643.06366,903.9385
9549,678.46173,918.2369
9550,703.9454,926.7438
9551,708.62274,926.0783
9552,694.44946,921.7957
9553,672.21295,918.7021
9554,657.442,912.9889
9555,656.73175,897.49835
9556,663.6596,880.23773
9557,669.0842,880.9052
9558,671.93207,898.73944
9559,690.1892,905.60583
9560,750.2362,878.8114
9561,837.902,828.5713
9562,896.12775,786.5525
9563,900.6329,770.0775
9564,878.5038,770.19543
9565,852.01807,772.5782
9566,823.749,774.41797
9567,795.7967,779.1918
9568,772.40204,785.88916
9569,756.6787,790.7629
9570,748.2095,794.0763
9571,744.1814,798.80786
9572,744.8666,805.0209
9573,752.85364,809.3455
9574,768.51196,809.17633
9575,788.1463,805.34784
9576,804.49585,801.48645
9577,807.44226,800.4063
9578,788.5855,800.5404
9579,757.7235,797.4788
9580,739.04767,790.8704
9581,729.98035,791.39154
9582,696.3609,813.08813
9583,630.67413,849.34515
9584,574.31836,872.6625
9585,560.765,868.45685
9586,576.584,849.1038
9587,594.0325,833.05225
9588,606.9151,826.53986
9589,623.58655,825.97186
9590,647.1432,827.86237
9591,679.50885,830.46875
9592,734.24445,829.5797
9593,811.60736,820.4823
9594,868.75446,806.18964
9595,858.6325,796.5933
9596,791.38586,798.1558
9597,720.29346,809.5539
9598,677.8292,824.1426
9599,658.8264,834.7189
9600,651.62897,838.2026
9601,653.7295,835.3719
9602,665.69104,827.5015
9603,687.0965,818.0029
9604,715.7352,813.625
9605,743.80975,817.71954
9606,761.5021,828.67004
9607,769.06274,843.2263
9608,773.33984,854.5646
9609,776.84485,857.2204
9610,779.92773,856.08826
9611,782.68835,860.06433
9612,782.3334,870.1674
9613,775.2754,880.09985
9614,757.8664,881.17255
9615,726.79694,866.85785
9616,689.15704,842.99054
9617,662.60345,824.61926
9618,656.5465,815.9521
9619,665.82715,809.1809
9620,679.8094,800.9062
9621,689.24713,794.2725
9622,691.7681,791.1303
9623,691.2731,791.64404
9624,690.64154,796.7546
9625,689.28033,807.4165
9626,688.2577,822.54285
9627,694.24805,837.24084
9628,712.6789,846.5793
9629,736.58,852.442
9630,751.0229,859.5681
9631,749.44965,863.0181
9632,737.64307,851.1589
9633,725.1112,825.5885
9634,717.2432,802.2069
9635,712.5037,790.85394
9636,708.11224,788.8754
9637,708.1767,790.67957
9638,719.133,793.61206
9639,737.2291,796.19775
9640,750.606,796.4151
9641,752.06555,794.0975
9642,742.65607,792.09735
9643,727.5993,794.298
9644,710.6476,803.2509
9645,693.0682,817.4656
9646,677.85583,831.1543
9647,667.4932,842.13165
9648,661.1624,857.1792
9649,660.506,881.36273
9650,668.6329,905.6211
9651,680.69543,906.91174
9652,689.7089,870.6682
9653,697.6396,821.00024
9654,707.62933,797.8266
9655,717.44324,804.57007
9656,727.70044,815.49506
9657,743.11304,816.4583
9658,760.5269,812.1631
9659,764.4177,813.6252
9660,742.86597,827.49347
9661,706.2715,846.7014
9662,678.7134,857.79944
9663,670.6062,857.80927
9664,673.01013,852.8275
9665,675.0053,848.2558
9666,674.5292,846.082
9667,676.8061,842.11426
9668,686.9402,829.0368
9669,701.13495,810.0405
9670,710.1046,797.96014
9671,711.8881,797.0614
9672,712.85156,801.8655
9673,720.111,809.2228
9674,733.8318,816.18066
9675,742.2753,817.1926
9676,736.1678,812.1904
9677,724.9302,805.47186
9678,723.2219,797.7961
9679,732.28436,789.76074
9680,743.8804,785.31287
9681,751.29254,785.43353
9682,752.5535,786.6727
9683,749.44666,787.11224
9684,745.4534,787.1607
9685,743.37463,785.60065
9686,744.2689,779.87573
9687,748.4249,770.8687
9688,755.8672,763.5376
9689,762.98944,763.14935
9690,763.0695,772.07043
9691,756.0855,785.27045
9692,751.681,794.28845
9693,753.62573,801.5986
9694,748.5317,818.0775
9695,726.9356,835.05347
9696,703.313,823.14655
9697,693.7107,784.6748
9698,695.1374,759.548
9699,697.8029,760.8481
9700,694.012,769.6561
9701,680.394,778.2048
9702,668.23267,786.61456
9703,675.6451,788.29333
9704,699.884,781.60315
9705,720.1826,773.2485
9706,727.5726,766.2841
9707,728.0803,759.7529
9708,729.3085,756.28906
9709,736.78064,759.43585
9710,747.2143,767.71497
9711,746.9952,778.8742
9712,728.0772,794.05786
9713,700.51556,810.5043
9714,682.446,823.04376
9715,679.5398,833.5925
9716,683.5813,842.6371
9717,686.8916,840.12915
9718,686.5817,818.2532
9719,682.5302,786.67847
9720,679.69476,764.654
9721,684.68427,759.38947
9722,695.9243,762.6901
9723,703.79004,765.9261
9724,698.9581,768.8122
9725,679.5602,774.1644
9726,657.2078,779.80206
9727,646.09576,780.6282
9728,645.4125,775.7261
9729,647.45764,769.03455
9730,652.18024,766.98505
9731,665.9194,776.00354
9732,693.1027,795.6825
9733,729.90826,815.6042
9734,768.12213,827.02
9735,798.43536,830.5407
9736,811.845,825.24176
9737,811.05145,807.36194
9738,808.99036,784.1122
9739,808.60693,769.6555
9740,797.1976,767.84045
9741,766.0826,771.02167
9742,728.21185,770.91345
9743,705.4099,764.851
9744,702.54456,755.0692
9745,704.96136,745.992
9746,698.8845,740.97327
9747,688.97864,737.3262
9748,690.6796,729.16736
9749,706.961,717.4119
9750,725.5995,708.7532
9751,736.69977,706.07623
9752,739.51746,706.9788
9753,736.9052,709.06323
9754,730.92413,712.9752
9755,721.1486,719.98956
9756,707.61255,726.9349
9757,695.6164,729.2875
9758,693.39734,730.07465
9759,703.0555,735.341
9760,716.58026,742.21954
9761,726.2449,744.60785
9762,734.55524,746.75366
9763,745.48883,756.1784
9764,754.2797,768.03937
9765,756.6596,773.4446
9766,759.92926,776.71387
9767,772.6029,787.0396
9768,788.07587,801.123
9769,792.3916,807.849
9770,783.50336,801.41205
9771,770.64813,785.435
9772,763.18286,774.9078
9773,763.29736,780.0469
9774,762.2015,782.9411
9775,751.4848,765.0625
9776,736.9431,741.65247
9777,731.97314,734.18066
9778,743.3701,742.91144
9779,764.6793,758.59
9780,782.88947,772.998
9781,791.3618,779.9913
9782,791.9127,778.4896
9783,788.0041,774.6204
9784,775.9501,776.15265
9785,748.344,783.9548
9786,713.356,792.8001
9787,691.3565,798.1381
9788,687.4582,795.3498
9789,690.05383,778.8143
9790,691.2968,752.89056
9791,691.5167,733.05524
9792,691.8575,727.84534
9793,692.5279,731.6809
9794,694.2857,735.5888
9795,698.2023,736.78143
9796,706.3666,740.39197
9797,721.01715,753.6741
9798,738.9614,776.2686
9799,753.0732,799.54376
9800,762.7288,816.14624
9801,770.76935,819.4212
9802,772.0541,800.6113
9803,763.9967,766.3048
9804,758.00714,741.40094
9805,762.20776,738.70306
9806,768.178,747.6071
9807,763.97205,754.2705
9808,748.2095,754.0863
9809,728.9636,749.48
9810,715.8106,745.1664
9811,717.6001,743.966
9812,740.005,745.27765
9813,773.77167,746.4449
9814,799.2013,745.6486
9815,808.88855,744.0509
9816,805.80804,745.20264
9817,788.60046,752.7101
9818,758.24274,767.9754
9819,722.8175,788.2274
9820,690.47406,805.3747
9821,668.4645,814.14264
9822,662.99023,821.5093
9823,676.7702,829.60046
9824,704.7641,820.829
9825,730.6625,789.9752
9826,739.8947,762.2635
9827,734.74274,755.0911
9828,728.0906,759.194
9829,733.4277,761.65137
9830,759.0031,759.16785
9831,795.43713,754.4137
9832,820.2171,749.93365
9833,823.64606,745.0606
9834,815.6816,739.7931
9835,809.8155,737.9168
9836,812.0619,743.1313
9837,820.2445,753.886
9838,828.86615,763.32837
9839,834.02637,767.239
9840,828.26196,769.37805
9841,800.98285,774.1271
9842,759.00653,780.0634
9843,727.51855,784.80597
9844,721.68005,791.8153
9845,736.57446,807.12036
9846,757.9801,827.5807
9847,772.3141,842.035
9848,771.67773,846.5496
9849,752.6633,846.3767
9850,721.15735,845.6375
9851,693.7781,845.63477
9852,683.28723,848.2577
9853,693.7992,850.87164
9854,722.1445,845.1732
9855,750.1686,833.1678
9856,759.0527,827.3505
9857,753.0117,829.90674
9858,746.7316,833.2277
9859,744.1839,833.00653
9860,742.3743,829.93427
9861,740.48584,826.51086
9862,739.20245,820.6869
9863,737.5737,806.1755
9864,735.1754,783.7786
9865,734.02594,762.03705
9866,736.7988,746.86224
9867,748.89856,740.7125
9868,774.9919,744.3105
9869,805.2512,752.4583
9870,822.178,757.28577
9871,823.64435,756.66
9872,819.62085,753.6216
9873,813.7011,749.32697
9874,803.5954,741.8378
9875,792.8127,732.74207
9876,788.13654,727.7696
9877,784.2841,728.95447
9878,767.7696,732.99255
9879,740.59296,736.76953
9880,718.06104,742.69995
9881,703.5476,756.0714
9882,689.6072,773.23224
9883,676.7571,784.4324
9884,673.7151,790.0031
9885,684.5109,797.09656
9886,700.97504,807.02423
9887,711.38055,816.7427
9888,716.3897,823.1245
9889,726.18787,823.7967
9890,742.54297,819.51514
9891,755.9542,813.70886
9892,759.9234,808.29395
9893,757.5902,800.653
9894,755.5293,787.10675
9895,757.9568,770.7338
9896,764.51764,759.2147
9897,770.3383,753.3359
9898,769.49066,743.823
9899,760.2588,726.197
9900,747.8965,715.08594
9901,739.874,723.72754
9902,738.40546,739.8939
9903,740.3548,746.703
9904,741.02454,745.2451
9905,737.1942,743.86304
9906,731.7902,745.657
9907,734.21594,750.49493
9908,750.4162,758.67316
9909,771.85455,767.57697
9910,782.7028,771.612
9911,780.47394,770.12335
9912,777.3329,768.2555
9913,781.06213,769.52936
9914,786.95807,772.6094
9915,788.52496,774.28674
9916,787.0399,773.1522
9917,787.01416,770.03296
9918,789.519,769.6789
9919,794.3758,780.0966
9920,801.87494,799.42206
9921,809.20734,810.56116
9922,806.6077,794.1344
9923,783.40656,748.993
9924,746.44257,710.8815
9925,717.1996,718.1249
9926,705.58057,755.34595
9927,707.10815,782.91345
9928,716.27057,793.6654
9929,726.45654,800.07275
9930,730.4457,803.8429
9931,726.89233,800.33167
9932,718.95856,791.75464
9933,709.24994,786.864
9934,698.6569,792.44305
9935,687.58777,803.52637
9936,678.9103,807.7242
9937,674.6146,802.8807
9938,667.3579,797.1217
9939,653.7367,793.8787
9940,674.25415,791.42303
9941,796.86615,794.5077
9942,1005.36194,812.39734
9943,1180.3645,839.9676
9944,1239.9993,858.9128
9945,1181.0331,860.07153
9946,1012.6105,845.5408
9947,796.5411,821.6153
9948,648.2724,800.96
9949,605.634,797.2722
9950,617.54987,812.85114
9951,646.2385,829.3397
9952,680.8516,822.53094
9953,707.26135,800.6466
9954,718.2875,794.06647
9955,719.6359,805.04865
9956,716.39996,814.1849
9957,711.5304,814.9029
9958,709.4335,811.2618
9959,711.4674,806.2716
9960,715.47,802.5949
9961,718.821,803.65424
9962,717.71,808.35706
9963,709.82104,810.0309
9964,698.9054,806.1457
9965,691.60614,802.06177
9966,691.807,803.6355
9967,701.2336,813.92566
9968,719.40234,832.5382
9969,733.9641,853.1202
9970,724.06464,868.13605
9971,688.76544,875.2711
9972,652.1211,876.65466
9973,633.1193,874.66797
9974,634.27313,868.1647
9975,651.4448,855.64795
9976,674.00214,842.4054
9977,686.344,837.1421
9978,681.41785,837.7243
9979,678.96783,826.1
9980,729.3061,798.01605
9981,849.28394,789.1243
9982,954.26855,823.0818
9983,955.13745,865.015
9984,887.01495,880.55756
9985,836.9472,883.6702
9986,824.5626,896.6394
9987,800.5895,908.86383
9988,713.29895,891.2471
9989,594.96906,844.6034
9990,554.6212,815.78723
9991,642.09595,847.7968
9992,779.7055,924.51514
9993,872.62006,990.1735
9994,915.15967,1004.56885
9995,914.54474,949.1823
9996,811.13806,839.9851
9997,591.3677,755.0819
9998,371.70288,756.5154
9999,271.33563,801.81305
10000,287.131,813.5424
10001,335.8558,777.689
10002,363.65143,726.71
10003,379.61197,683.6709
10004,404.25513,657.3664
10005,438.61243,666.0753
10006,477.18478,717.48083
10007,512.1545,776.7083
10008,535.5697,801.1189
10009,551.19617,787.06116
10010,570.145,760.8035
10011,592.1528,746.92993
10012,605.8718,753.6482
10013,606.23975,775.09814
10014,598.29663,798.8944
10015,587.385,814.27496
10016,578.31824,822.30896
10017,585.1873,837.616
10018,625.0075,865.4171
10019,690.02966,884.44556
10020,744.60596,880.101
10021,762.54596,869.9523
10022,755.7272,868.24396
10023,753.2886,867.8494
10024,760.7898,865.2758
10025,764.4749,862.95667
10026,761.8933,857.43085
10027,759.88513,846.7787
10028,758.87274,837.1566
10029,756.7996,834.6572
10030,761.74225,839.1732
10031,785.892,846.98944
10032,820.6543,852.14075
10033,839.31805,850.3175
10034,833.0913,845.25836
10035,818.1928,842.78925
10036,807.2859,841.4274
10037,795.66833,835.52466
10038,773.4377,823.8142
10039,744.5608,812.54395
10040,726.49585,809.4928
10041,726.18726,813.63916
10042,732.96295,815.43317
10043,736.8417,811.0401
10044,738.7884,808.88873
10045,749.0198,818.2192
10046,777.8864,837.75793
10047,820.5863,856.71063
10048,859.9483,865.50665
10049,882.4375,864.8977
10050,884.02893,861.1909
10051,873.36847,857.09467
10052,863.8369,852.2921
10053,856.7414,847.6567
10054,847.75635,845.5016
10055,841.805,848.44543
10056,844.7199,858.5589
10057,848.4493,874.63684
10058,839.81714,889.54333
10059,819.59296,895.2146
10060,800.98816,889.9697
10061,792.5131,877.8085
10062,787.86334,866.88245
10063,777.1781,865.55597
10064,771.09906,867.1215
10065,809.29724,842.569
10066,924.05975,769.4488
10067,1069.0687,673.7725
10068,1137.6471,611.0715
10069,1104.8054,597.5815
10070,1055.7072,602.4276
10071,1054.0693,607.02466
10072,1102.0144,627.63605
10073,1170.0792,671.35645
10074,1191.5676,708.201
10075,1124.741,712.3759
10076,1012.16046,698.33923
10077,926.129,695.0899
10078,896.10205,711.5368
10079,893.4751,735.10315
10080,873.69714,751.5987
10081,822.4158,760.9696
10082,751.308,772.6104
10083,680.9709,790.5488
10084,630.8649,808.11536
10085,606.74585,819.9622
10086,615.70593,837.7882
10087,676.19006,875.5088
10088,781.0721,919.224
10089,888.1332,944.45416
10090,959.67773,951.683
10091,963.3816,949.11615
10092,875.0575,929.05
10093,747.43756,888.84235
10094,691.4292,846.9988
10095,744.78546,833.4605
10096,847.0534,867.712
10097,924.4513,926.8223
10098,935.15924,956.3558
10099,879.98004,930.278
10100,812.5267,872.1205
10101,792.98224,821.8671
10102,804.89343,811.8444
10103,793.9974,849.3863
10104,790.7587,893.52625
10105,867.67865,897.8716
10106,999.7459,874.5542
10107,1093.9338,859.3083
10108,1103.7393,858.5807
10109,1029.757,864.90204
10110,885.74713,873.7635
10111,727.5823,875.26984
10112,638.674,861.2037
10113,650.8902,837.18896
10114,729.15906,817.9371
10115,816.48944,823.7058
10116,871.8324,859.65247
10117,878.7986,893.8275
10118,839.1285,896.9688
10119,784.3159,884.678
10120,754.97644,885.1412
10121,763.4929,896.1578
10122,797.1809,900.20593
10123,823.5379,892.93524
10124,816.54846,877.79254
10125,788.28094,859.2345
10126,763.52655,845.53296
10127,749.014,840.4895
10128,740.901,839.94934
10129,737.5209,839.42737
10130,736.63837,836.19586
10131,733.18207,828.42975
10132,725.281,818.6395
10133,716.7321,812.6104
10134,713.8893,812.10815
10135,720.67584,813.4205
10136,732.43365,811.93726
10137,739.5159,807.47015
10138,742.6644,808.0778
10139,753.63873,821.26825
10140,774.386,839.9434
10141,793.26105,851.66895
10142,805.05347,856.60583
10143,811.4158,859.4876
10144,806.4672,856.81
10145,787.1296,845.5178
10146,767.0407,831.0931
10147,757.35364,821.3973
10148,741.06165,827.31256
10149,692.01544,860.49896
10150,623.32983,907.3378
10151,588.7321,932.6223
10152,623.0196,922.62994
10153,698.5871,889.5825
10154,757.13513,850.6712
10155,773.46576,824.29504
10156,765.1711,818.9341
10157,755.7597,826.84564
10158,752.7116,838.6161
10159,750.10443,848.4077
10160,741.16864,849.8422
10161,727.48975,839.49384
10162,713.8989,817.7856
10163,701.1761,787.3705
10164,689.6782,756.46857
10165,683.1064,735.5803
10166,686.6014,730.9279
10167,702.6904,743.7733
10168,724.6378,765.4424
10169,740.53687,779.1085
10170,748.1762,777.28906
10171,754.3435,766.3826
10172,762.8885,753.8084
10173,773.85767,745.2957
10174,786.29285,750.18274
10175,795.89905,772.66486
10176,796.8305,798.5904
10177,788.10364,807.1066
10178,775.8241,797.1384
10179,768.2723,786.61633
10180,766.3263,788.5366
10181,762.61224,802.05365
10182,754.5623,818.81177
10183,747.47174,830.20233
10184,743.3576,832.89935
10185,740.73505,827.26135
10186,740.788,814.965
10187,743.79266,803.0095
10188,745.31213,802.4616
10189,741.42755,817.13556
10190,735.1887,837.2045
10191,732.2802,849.4451
10192,732.3075,851.4272
10193,731.7893,850.5526
10194,732.4093,853.69617
10195,737.69525,860.0132
10196,744.10443,858.6898
10197,745.7418,839.64246
10198,744.1373,810.8608
10199,743.5568,791.74274
10200,743.8068,789.66064
10201,742.8957,797.06354
10202,740.94,804.525
10203,740.5238,808.16437
10204,746.43567,808.41
10205,760.68634,802.6065
10206,772.1119,786.83594
10207,765.02783,769.07904
10208,741.2613,763.17865
10209,714.10864,768.0588
10210,693.08905,772.38525
10211,691.0357,774.63995
10212,719.7906,783.1697
10213,764.1228,802.5314
10214,789.6068,828.94617
10215,787.32104,854.47375
10216,776.3142,867.3801
10217,765.5164,857.852
10218,752.0798,834.1265
10219,740.32086,816.53406
10220,734.19293,812.4489
10221,727.70514,818.0638
10222,714.7788,830.8458
10223,701.9535,841.5952
10224,702.2106,839.0561
10225,716.16077,828.34674
10226,731.80493,822.23816
10227,740.2727,822.18585
10228,741.7744,821.4448
10229,742.7611,815.4329
10230,750.2756,804.52496
10231,763.03864,794.05176
10232,773.5152,789.7263
10233,779.78656,790.451
10234,784.9142,790.4997
10235,789.14453,787.32
10236,791.3343,783.1592
10237,792.61566,781.52924
10238,794.5951,783.35846
10239,797.32446,786.0008
10240,799.7826,786.6496
10241,800.95135,785.7444
10242,801.68164,785.5385
10243,803.20404,786.96014
10244,802.15094,790.2605
10245,794.5384,796.65186
10246,784.91296,805.2395
10247,780.86395,811.39215
10248,781.87146,812.94354
10249,783.2286,813.2168
10250,783.933,815.17883
10251,785.67377,818.3729
10252,787.84796,821.984
10253,782.4994,825.15717
10254,762.3325,823.0335
10255,739.51697,809.44525
10256,737.3311,788.89197
10257,760.44006,777.0284
10258,791.4258,781.1064
10259,808.5104,787.4957
10260,800.86676,777.6542
10261,779.59644,752.63544
10262,766.7692,729.1689
10263,767.04,718.5276
10264,762.9498,727.40607
10265,741.1285,760.70056
10266,712.16595,804.28406
10267,696.6195,831.234
10268,702.07825,833.2485
10269,723.0627,822.53156
10270,747.71246,811.072
10271,763.26025,804.2352
10272,767.2035,802.7971
10273,767.1104,805.1893
10274,768.72705,811.1085
10275,773.12665,819.7184
10276,781.61395,827.08386
10277,793.4285,830.1443
10278,802.81885,830.0891
10279,806.73486,830.23785
10280,808.3217,831.27985
10281,809.6214,829.87787
10282,808.99896,824.1757
10283,804.49567,818.5053
10284,795.90985,819.77026
10285,785.491,830.16583
10286,771.7176,843.48956
10287,745.93005,851.6884
10288,704.3807,859.4315
10289,653.4965,877.8929
10290,605.7431,896.6031
10291,583.32135,890.17
10292,618.55914,864.2607
10293,731.2247,856.48145
10294,879.9951,876.3586
10295,968.30725,893.0031
10296,951.31616,890.0142
10297,883.67175,878.91956
10298,832.063,867.63885
10299,813.5673,857.1021
10300,817.70306,853.32983
10301,831.8042,860.94293
10302,847.01404,873.9431
10303,848.3917,881.5152
10304,814.09467,878.9971
10305,752.07385,870.60394
10306,701.205,863.0939
10307,682.17285,859.9433
10308,707.75256,865.3035
10309,794.38586,883.27856
10310,895.2202,904.88995
10311,925.888,912.6634
10312,883.73224,902.0691
10313,832.499,885.0023
10314,806.3027,877.59344
10315,798.1458,887.9702
10316,793.04553,907.83093
10317,783.4272,918.568
10318,770.8319,908.5617
10319,762.02673,884.1128
10320,761.6207,865.5282
10321,765.9788,867.67975
10322,769.50745,883.2742
10323,776.5482,891.03455
10324,794.80164,876.2979
10325,820.0204,839.84
10326,841.1942,795.286
10327,849.89825,762.4377
10328,842.9937,751.4096
10329,831.6073,752.4005
10330,830.4337,757.12305
10331,829.8649,776.79675
10332,792.72595,814.20715
10333,696.25024,842.8731
10334,585.2056,846.5365
10335,533.5221,844.22754
10336,548.74615,853.68286
10337,576.9599,872.66614
10338,582.81323,890.2505
10339,580.6257,890.86816
10340,597.9673,868.147
10341,635.5896,836.3499
10342,690.686,814.60895
10343,775.92694,806.3396
10344,864.46796,802.60175
10345,902.1832,796.3539
10346,892.7393,787.42236
10347,873.0333,781.62286
10348,856.3291,784.1426
10349,850.94965,792.785
10350,859.04486,800.8151
10351,865.68854,804.0886
10352,866.59265,804.44824
10353,872.531,805.94305
10354,882.8533,807.8342
10355,883.3076,804.4398
10356,869.47723,794.0582
10357,852.1941,783.1111
10358,840.9512,777.33954
10359,836.793,775.5123
10360,836.4185,774.25415
10361,835.27966,772.45905
10362,829.33264,770.74744
10363,814.7713,771.54895
10364,789.5049,777.95953
10365,759.66895,788.6541
10366,739.5897,798.1653
10367,741.7027,804.75
10368,763.28546,810.92975
10369,779.1253,816.00775
10370,767.4982,816.7623
10371,741.2008,813.73016
10372,725.39307,810.23035
10373,725.49445,808.35876
10374,732.789,807.9221
10375,739.0429,806.9759
10376,741.9242,804.6181
10377,744.6001,802.07605
10378,750.17267,800.39667
10379,753.4867,802.5191
10380,737.1561,815.9139
10381,689.6901,843.3291
10382,632.90186,873.7881
10383,606.0387,892.5107
10384,629.51843,890.986
10385,698.37775,865.9728
10386,777.86633,827.4895
10387,820.8571,797.54095
10388,818.1253,785.8991
10389,797.1567,784.90594
10390,778.35925,786.72363
10391,764.16736,788.5074
10392,752.304,787.93774
10393,742.2794,783.46497
10394,734.76514,776.2527
10395,730.14954,769.3669
10396,731.8695,766.07355
10397,744.9375,767.87775
10398,761.21277,772.321
10399,762.3894,774.9239
10400,747.3801,774.2534
10401,731.96014,772.37115
10402,722.72455,771.12366
10403,715.8209,770.8322
10404,709.67883,771.2074
10405,704.54095,771.2813
10406,699.6452,769.9117
10407,695.46655,768.1459
10408,695.7987,769.1889
10409,705.47577,774.4751
10410,724.0071,781.81506
10411,744.26373,787.6846
10412,760.802,789.787
10413,773.7815,788.07135
10414,780.23376,784.5675
10415,772.0147,782.0894
10416,750.38556,781.187
10417,729.6605,779.8882
10418,719.07654,777.7334
10419,715.4095,775.7784
10420,714.01685,773.7894
10421,713.76514,771.3453
10422,714.8702,770.7081
10423,719.9029,777.0229
10424,729.1823,786.6749
10425,734.29504,776.5379
10426,735.0252,734.45886
10427,762.3446,697.9269
10428,862.0249,712.0855
10429,1037.0035,757.12616
10430,1218.345,780.64215
10431,1328.7388,775.9197
10432,1349.4324,768.2029
10433,1314.1848,770.3147
10434,1284.1633,783.14667
10435,1291.7906,795.9201
10436,1302.6956,788.84674
10437,1288.6229,758.5547
10438,1274.5225,725.8242
10439,1276.4596,712.86365
10440,1274.4934,722.3406
10441,1255.4845,741.22955
10442,1218.398,763.0127
10443,1150.5851,788.56506
10444,1055.373,806.33093
10445,977.8048,805.1072
10446,957.06396,794.4772
10447,980.1515,783.4038
10448,999.0869,768.1735
10449,972.165,758.55084
10450,898.11334,779.8521
10451,818.3817,832.4154
10452,774.4485,882.4427
10453,776.02094,908.6932
10454,809.89655,921.1843
10455,852.043,929.3792
10456,878.2492,932.1421
10457,880.9504,932.0501
10458,869.9993,930.4445
10459,860.0274,923.3808
10460,858.7597,912.4071
10461,861.4173,904.9591
10462,861.6452,906.63324
10463,862.0061,915.576
10464,862.65186,919.61633
10465,854.1426,908.2606
10466,832.43207,890.4325
10467,804.3926,882.04297
10468,785.9264,878.6982
10469,799.8976,869.46674
10470,837.2265,862.243
10471,853.25055,863.9293
10472,837.88525,865.04626
10473,823.0884,862.3626
10474,827.26135,864.86145
10475,844.4414,875.33563
