frame,x,y
0,881.4107,923.66595
1,902.5838,971.3565
2,902.36945,1006.68823
3,881.06006,1032.2582
4,829.7921,1060.0952
5,733.0858,1096.2963
6,637.9387,1132.0011
7,627.8206,1154.0225
8,693.9881,1162.5319
9,750.8118,1167.152
10,766.62115,1172.3424
11,766.899,1174.7823
12,763.17755,1169.1575
13,750.5242,1154.7307
14,722.1411,1139.1832
15,671.63196,1133.6442
16,619.73126,1139.5311
17,608.2442,1147.4496
18,643.5328,1152.5912
19,692.05835,1157.2395
20,733.8521,1162.9398
21,778.2863,1171.0555
22,826.6842,1176.6625
23,855.8878,1166.6627
24,852.98285,1140.5903
25,839.81445,1116.6887
26,843.82275,1104.2351
27,846.88837,1090.9464
28,784.9796,1072.7324
29,638.9317,1068.7073
30,498.39426,1086.6571
31,455.66098,1108.1562
32,486.3042,1121.5732
33,516.1153,1136.3547
34,524.5593,1158.9647
35,533.155,1161.4155
36,560.33887,1093.3842
37,604.90924,961.4191
38,653.8089,847.12195
39,699.20294,804.61707
40,734.5786,815.07245
41,743.84955,856.442
42,721.01447,929.30756
43,699.60486,1003.38104
44,722.7752,1027.4333
45,769.76953,1019.1302
46,777.28973,1052.9423
47,746.25336,1139.4161
48,735.0215,1215.8735
49,754.134,1248.34
50,763.67413,1254.3068
51,750.3467,1249.4203
52,734.1748,1232.2443
53,726.389,1205.9905
54,729.9179,1178.2792
55,760.21814,1142.7499
56,816.57983,1097.0289
57,849.87146,1075.3625
58,821.9639,1106.2325
59,760.7419,1157.2172
60,707.17444,1183.6224
61,678.159,1183.4939
62,682.53973,1172.8292
63,709.88196,1161.8507
64,733.14966,1157.3627
65,742.465,1157.5461
66,753.1982,1153.2286
67,774.31586,1143.8806
68,778.5247,1143.0648
69,741.3602,1159.4547
70,697.10895,1178.651
71,707.1217,1171.6587
72,790.44727,1122.0858
73,886.0818,1057.7744
74,893.97064,1038.2888
75,804.63196,1081.6779
76,718.9261,1142.3243
77,700.5363,1176.6622
78,718.92126,1183.6232
79,732.4771,1180.9935
80,731.05664,1178.6241
81,718.0232,1178.3546
82,701.91003,1180.5719
83,691.67255,1181.2415
84,687.21094,1175.2556
85,684.43866,1168.2859
86,687.00085,1166.623
87,703.26843,1162.4661
88,729.1757,1151.3258
89,742.9354,1144.1089
90,727.639,1149.3876
91,694.35455,1162.519
92,675.2541,1172.9464
93,691.3516,1174.5657
94,729.04803,1170.4655
95,758.84314,1166.6459
96,769.8396,1162.1307
97,761.9163,1151.1066
98,727.9461,1135.8726
99,680.6457,1129.0128
100,658.4649,1140.1433
101,677.53436,1166.8894
102,713.8706,1196.7892
103,742.2902,1217.8262
104,764.82825,1228.6544
105,786.96094,1232.2739
106,792.4992,1224.7772
107,765.2919,1202.204
108,714.7229,1175.5566
109,665.69666,1163.557
110,641.53345,1167.1665
111,655.11694,1170.0142
112,693.3436,1166.7675
113,723.0999,1166.9038
114,723.78784,1172.2258
115,699.41895,1174.2295
116,673.26965,1168.946
117,673.56396,1162.2675
118,701.4421,1160.5154
119,721.6227,1156.6943
120,704.6977,1140.4514
121,669.0136,1123.8043
122,657.3104,1129.1608
123,683.3766,1153.1262
124,723.8213,1170.5432
125,749.7251,1169.1627
126,754.14264,1161.5015
127,747.1765,1164.358
128,730.0091,1177.1165
129,694.5027,1187.0326
130,650.8026,1192.0363
131,631.49884,1198.9734
132,673.5469,1191.0798
133,799.7725,1131.1957
134,969.1556,1020.1337
135,1082.1127,913.3763
136,1096.3544,859.8685
137,1055.2959,856.3148
138,996.6404,868.3071
139,926.5324,878.1184
140,851.62964,898.2836
141,784.3277,935.3951
142,733.60333,970.61115
143,699.6696,989.68616
144,676.2522,1001.256
145,652.9265,1018.08124
146,618.5704,1041.478
147,578.8039,1066.9927
148,559.60504,1096.0414
149,576.98004,1132.0829
150,613.50256,1165.0127
151,638.054,1179.7694
152,645.0953,1179.8899
153,654.03033,1179.9468
154,667.1924,1184.9207
155,664.2275,1193.5265
156,642.202,1207.1047
157,619.5732,1223.8657
158,606.0672,1231.213
159,605.2115,1209.72
160,628.9787,1158.4202
161,678.1472,1120.9193
162,725.73773,1143.698
163,744.5359,1205.1301
164,737.3501,1246.5865
165,727.0437,1250.9761
166,728.9602,1239.2322
167,738.938,1229.2446
168,739.5817,1219.0393
169,716.432,1188.4507
170,676.5886,1129.2501
171,647.7148,1070.5939
172,648.4693,1047.8987
173,668.852,1059.8867
174,687.0882,1078.7537
175,694.5158,1086.4978
176,696.76135,1084.9961
177,699.7594,1081.7045
178,703.89215,1078.8264
179,707.0877,1075.1989
180,707.5651,1070.2339
181,707.706,1066.1276
182,717.5526,1072.2963
183,741.7926,1090.5121
184,756.4308,1088.8938
185,721.99365,1036.7198
186,640.19965,963.58765
187,567.395,925.7262
188,538.72003,931.05963
189,530.79364,944.5298
190,528.8701,947.1222
191,550.26215,949.91003
192,594.4411,958.8449
193,639.87573,964.9981
194,675.4925,968.4072
195,702.78827,980.2327
196,723.0836,1003.29443
197,734.1584,1030.0504
198,740.7218,1052.9503
199,764.50183,1064.8607
200,812.5505,1059.9412
201,839.9169,1042.7819
202,808.45264,1027.3864
203,753.16223,1026.0677
204,724.51697,1045.6299
205,725.545,1083.0436
206,734.5744,1120.6116
207,736.5514,1141.5723
208,729.15735,1148.2157
209,718.71295,1151.5487
210,712.5563,1154.2206
211,712.27,1154.2367
212,712.8661,1154.4349
213,710.8898,1160.7538
214,709.0405,1173.9027
215,710.4601,1186.5927
216,714.0398,1192.3129
217,713.9068,1193.4487
218,702.55817,1196.791
219,685.64746,1202.1277
220,699.8865,1194.9191
221,783.41766,1162.6091
222,899.8319,1120.5858
223,957.17566,1091.9818
224,930.8253,1075.5386
225,879.6645,1063.4825
226,846.5439,1058.0685
227,825.00824,1058.7151
228,806.4454,1058.7881
229,804.25244,1052.5443
230,826.25336,1038.7723
231,854.8664,1021.858
232,872.6863,1007.04584
233,881.835,995.8825
234,884.9531,992.1763
235,875.19104,1002.9114
236,855.1718,1023.6373
237,840.5013,1038.6322
238,838.29376,1041.0728
239,842.19574,1036.8367
240,845.41583,1032.3267
241,845.73505,1029.9366
242,844.0115,1029.4968
243,842.32837,1029.308
244,841.8734,1028.008
245,842.7699,1026.1328
246,844.19995,1025.6052
247,843.60516,1028.2625
248,839.5657,1032.8547
249,840.5565,1029.7684
250,860.5329,1006.4537
251,894.48145,966.94476
252,919.6649,931.5724
253,926.8368,915.544
254,923.2677,926.48737
255,916.1637,968.1377
256,912.62213,1026.4348
257,907.0548,1066.8447
258,856.08966,1064.4208
259,726.41034,1036.2472
260,584.158,1024.8699
261,536.57196,1049.1373
262,589.0526,1092.6545
263,664.6363,1130.9839
264,712.5058,1150.2141
265,727.06854,1149.528
266,720.6963,1141.0465
267,713.0754,1141.753
268,722.9559,1156.564
269,762.4629,1172.1517
270,832.2273,1171.524
271,907.06976,1153.7812
272,951.2029,1134.8378
273,956.12787,1129.2534
274,940.672,1135.789
275,930.44434,1130.6534
276,937.49805,1084.1622
277,942.73224,1011.914
278,918.2269,980.1365
279,862.47327,1028.6494
280,793.3502,1121.1481
281,734.9409,1188.655
282,726.13947,1189.9292
283,785.73456,1129.5305
284,852.6648,1052.2314
285,849.5751,1000.2881
286,791.3427,971.6264
287,739.88477,950.46063
288,723.23773,942.5727
289,735.9864,958.1978
290,733.49634,987.6717
291,659.01666,1006.62177
292,532.8074,1001.58606
293,440.01562,978.84265
294,415.46957,954.1681
295,423.63794,941.78033
296,434.39777,944.36615
297,447.90344,952.63715
298,465.68246,955.17413
299,479.0294,947.0217
300,475.6701,929.1577
301,441.84305,904.1437
302,367.54346,882.73346
303,280.1769,881.5202
304,246.58427,895.3239
305,281.23135,906.84753
306,310.3616,929.26434
307,286.17807,977.20105
308,265.94373,1012.9752
309,335.528,990.6947
310,509.76218,931.38434
311,736.0569,899.98035
312,933.43134,924.3362
313,1019.43335,972.3782
314,984.7931,1003.0599
315,920.05695,1014.14185
316,904.5597,1022.82446
317,926.97485,1028.4501
318,928.487,1021.1709
319,863.7109,997.52094
320,728.5199,962.58887
321,564.1793,937.6164
322,451.15936,945.1068
323,452.19086,977.94476
324,532.501,1007.32324
325,606.6667,1019.3407
326,637.2983,1026.3215
327,631.3856,1043.3494
328,604.74023,1068.4695
329,578.1846,1089.56
330,568.8634,1097.5781
331,575.68976,1091.6465
332,585.9083,1081.1537
333,594.7911,1082.2114
334,614.7875,1106.712
335,657.33325,1152.5739
336,704.1804,1200.0037
337,727.5027,1223.6332
338,730.848,1216.896
339,728.9907,1194.1846
340,720.1869,1172.0486
341,705.7761,1157.3604
342,695.5984,1146.1287
343,692.3856,1135.341
344,695.1385,1130.6075
345,704.8273,1133.1382
346,718.51935,1134.5492
347,729.06824,1129.912
348,734.0318,1123.3683
349,740.05164,1120.8096
350,754.4752,1123.1818
351,774.2818,1126.5956
352,792.8946,1127.3483
353,812.45416,1125.2074
354,834.4362,1122.041
355,853.0356,1119.676
356,865.6753,1118.5652
357,872.31934,1117.8655
358,871.4786,1116.1873
359,865.5314,1112.8069
360,854.76495,1109.7047
361,832.44226,1109.1667
362,804.5027,1111.1246
363,793.12067,1115.9261
364,803.41626,1123.2035
365,816.26117,1128.7584
366,817.777,1129.1011
367,810.91956,1125.3612
368,806.98364,1120.3472
369,814.81006,1117.2109
370,829.6355,1119.5625
371,840.5822,1123.5297
372,850.9179,1111.2275
373,864.95276,1075.6848
374,862.9782,1050.0496
375,831.61755,1066.0001
376,793.55115,1103.6583
377,775.0606,1127.7955
378,789.10046,1120.8267
379,842.65204,1068.1847
380,910.0981,979.71716
381,939.5505,905.7394
382,917.821,878.71356
383,879.1834,879.65967
384,855.4655,888.00476
385,858.3107,912.37036
386,876.9071,955.0084
387,881.1267,988.87915
388,855.29205,990.94055
389,808.9629,973.1844
390,740.04663,968.1315
391,639.14386,993.2103
392,555.0342,1028.6698
393,566.814,1036.4987
394,641.1063,1005.7834
395,628.4047,968.01404
396,482.11194,959.8767
397,350.20227,976.8748
398,346.8629,985.5628
399,407.88388,973.46265
400,461.05576,957.3227
401,533.5935,956.418
402,632.6334,974.7935
403,699.22925,1002.15344
404,707.38214,1027.0013
405,693.0148,1045.6876
406,692.7494,1059.8619
407,714.0404,1071.9938
408,742.1243,1087.433
409,743.2677,1115.8628
410,689.34033,1159.9734
411,607.0783,1201.0176
412,562.5805,1207.8241
413,581.7185,1169.0367
414,632.591,1111.8085
415,681.3302,1074.7117
416,731.18146,1069.3618
417,800.09094,1085.5953
418,864.93494,1110.8064
419,872.78015,1132.3209
420,820.79486,1139.3208
421,779.93945,1118.7666
422,831.9711,1057.3912
423,981.55743,970.9131
424,1139.3002,907.70807
425,1203.962,895.35913
426,1143.3226,913.4163
427,1011.3426,926.0003
428,893.5831,912.24457
429,830.6243,880.2968
430,807.4421,859.55194
431,792.9396,866.1011
432,772.0917,889.5393
433,751.43463,913.1623
434,740.0279,930.6202
435,735.4867,943.203
436,730.57947,952.38995
437,722.2951,959.93066
438,713.2199,968.264
439,707.0497,979.77435
440,703.17236,996.31976
441,699.7215,1014.4255
442,698.6169,1024.3992
443,701.2339,1020.5381
444,703.4457,1008.7299
445,698.7353,999.1366
446,686.1631,995.3202
447,674.15466,994.8863
448,671.23706,994.3464
449,674.6501,990.0271
450,675.4503,980.58136
451,670.8196,968.45184
452,664.5288,956.8176
453,659.24854,948.0705
454,655.12897,943.4985
455,656.64905,941.56305
456,671.0512,939.7054
457,691.56586,939.76886
458,691.475,949.372
459,656.79004,972.9502
460,624.8438,999.07184
461,646.60065,1010.1747
462,708.99615,1007.53345
463,755.0578,1005.18207
464,761.57166,1005.9465
465,740.9567,1005.20197
466,710.07495,1005.53357
467,689.8939,1010.94696
468,695.019,1017.67957
469,718.4273,1023.8485
470,743.3992,1034.5673
471,760.56934,1047.5836
472,771.3755,1049.9457
473,782.26715,1031.268
474,796.01605,990.00616
475,805.1187,939.7541
476,789.9162,924.4359
477,734.93555,990.72363
478,660.0304,1112.1902
479,610.67096,1202.8673
480,603.4273,1227.1831
481,610.114,1220.3036
482,598.82574,1215.1665
483,568.6152,1211.4038
484,542.3179,1197.4991
485,545.73425,1171.7609
486,597.1932,1142.0946
487,683.76495,1119.1252
488,758.96063,1107.5917
489,795.07916,1100.6248
490,799.8769,1091.7783
491,765.72614,1085.0573
492,667.4623,1085.4215
493,538.5922,1088.7495
494,473.09384,1086.5099
495,530.4593,1076.8231
496,686.2721,1065.2333
497,845.0866,1056.3778
498,911.97974,1052.5123
499,874.0332,1056.2734
500,774.54065,1070.3456
501,663.6147,1097.3899
502,588.8519,1132.0367
503,564.9666,1157.7177
504,572.3982,1164.2362
505,596.17773,1156.0502
506,629.2608,1143.4412
507,653.2223,1138.8818
508,645.8727,1150.3126
509,609.5393,1169.8094
510,574.48065,1180.9524
511,569.221,1173.6105
512,604.22644,1144.5243
513,671.30255,1101.0195
514,740.8896,1064.0548
515,780.78674,1046.8365
516,784.6993,1041.4869
517,770.3301,1038.8292
518,757.10205,1040.2224
519,753.07916,1046.1472
520,755.07776,1051.0698
521,754.85114,1050.0016
522,745.4588,1042.887
523,731.85345,1034.6459
524,747.1333,1035.307
525,828.8721,1055.7051
526,945.9639,1095.0316
527,1008.7689,1136.58
528,984.3787,1161.254
529,916.1427,1161.1675
530,839.95154,1141.5149
531,770.55975,1116.3184
532,722.8242,1103.1947
533,695.0306,1112.9852
534,677.6938,1134.8676
535,673.76355,1142.6942
536,683.45557,1125.0913
537,695.0707,1094.9736
538,697.7465,1069.1998
539,689.71375,1053.6803
540,676.21075,1045.2561
541,664.2239,1039.2898
542,658.22125,1035.8354
543,657.4397,1037.2217
544,657.2765,1040.4984
545,654.57434,1039.8724
546,650.48376,1034.8623
547,648.45544,1029.1215
548,651.2924,1024.3898
549,658.8904,1019.8977
550,666.5674,1015.5872
551,668.82825,1013.1148
552,666.05707,1013.4716
553,663.35046,1015.3657
554,663.89764,1016.8203
555,666.0853,1016.99335
556,665.8155,1016.05585
557,661.91626,1014.57056
558,657.5233,1013.18164
559,654.7184,1012.4272
560,652.9387,1012.30566
561,652.33325,1011.97
562,653.31165,1011.0009
563,655.36273,1010.2186
564,657.88544,1009.91125
565,659.9116,1009.0506
566,661.884,1006.9291
567,666.7811,1003.86755
568,674.3376,1000.65436
569,677.8186,998.6158
570,672.0541,999.2994
571,661.62946,1002.6012
572,655.8733,1006.2117
573,658.724,1008.24115
574,667.44434,1008.95386
575,675.6709,1009.349
576,677.6123,1010.8067
577,674.2686,1014.0187
578,671.88806,1015.36127
579,673.5119,1011.6133
580,676.60144,1006.9901
581,678.22705,1006.7456
582,678.03845,1009.7497
583,675.9192,1010.81396
584,671.9789,1006.331
585,668.99146,998.9057
586,668.92896,994.8495
587,669.0337,996.5994
588,666.8091,1001.2059
589,664.05475,1004.643
590,662.7415,1005.21136
591,662.34033,1004.0626
592,662.1934,1003.22815
593,664.0754,1002.6636
594,670.4361,1000.7555
595,678.04333,998.3669
596,679.11426,998.3113
597,672.7607,1000.5272
598,666.0501,1002.2928
599,662.9656,1002.3684
600,662.011,1001.66675
601,661.6558,1001.0321
602,661.55255,1000.70215
603,661.1182,1001.121
604,660.0187,1002.1263
605,658.90784,1002.68604
606,658.82404,1002.7477
607,660.18787,1002.6857
608,662.209,1001.58923
609,664.0851,999.11084
610,665.71326,997.0411
611,666.268,998.45984
612,665.77606,1005.6288
613,667.1833,1015.73926
614,671.76624,1022.9306
615,676.2107,1026.582
616,679.77435,1029.1595
617,689.8656,1026.7369
618,709.3277,1013.3043
619,722.0865,995.9177
620,714.5085,989.80865
621,700.90704,995.9376
622,702.60046,1002.13666
623,720.68494,1004.4992
624,739.3885,1011.3846
625,732.1662,1029.6125
626,672.6454,1054.5969
627,578.26587,1072.7565
628,530.0745,1074.187
629,592.5306,1063.8889
630,720.96783,1058.3292
631,810.98425,1066.8115
632,827.9417,1074.4279
633,820.87933,1055.2151
634,831.94653,1008.3595
635,851.4517,964.7881
636,831.75354,957.033
637,736.1872,994.8652
638,618.28265,1051.2513
639,590.0678,1067.4843
640,671.03595,1008.84326
641,769.77655,911.27686
642,817.5289,837.81024
643,821.0449,813.81555
644,806.20825,828.55884
645,785.2899,859.0557
646,765.3603,882.58014
647,750.9169,891.1624
648,742.0679,892.4115
649,737.16516,894.96594
650,735.1677,899.2345
651,735.3698,899.90155
652,736.44446,898.28033
653,736.49896,907.7826
654,733.14343,932.1415
655,725.4573,953.3323
656,717.4501,959.0971
657,715.3854,957.4458
658,719.14703,958.3246
659,722.0009,964.6063
660,721.79254,977.88715
661,723.6166,996.9773
662,724.7286,1014.26886
663,706.87854,1024.8334
664,661.5697,1033.9604
665,612.9855,1046.9248
666,586.2162,1060.411
667,578.43585,1069.5302
668,594.8014,1071.2988
669,652.6559,1062.3552
670,723.61005,1045.8699
671,751.33923,1034.118
672,729.3227,1033.0076
673,695.68274,1033.4453
674,676.378,1026.997
675,671.40656,1017.68884
676,671.5258,1013.0365
677,671.0287,1014.7487
678,671.858,1018.71106
679,678.37274,1019.3685
680,686.76807,1015.6225
681,686.8426,1011.07104
682,677.31525,1008.10297
683,667.6856,1005.6075
684,665.1612,1002.831
685,670.0775,1001.96967
686,677.85297,1005.201
687,681.0605,1010.51746
688,677.2787,1011.849
689,673.11847,1004.2975
690,673.68866,993.0916
691,666.7177,1003.50507
692,633.3612,1061.9731
693,587.96796,1144.2142
694,573.02277,1187.8949
695,612.43463,1169.7269
696,703.7793,1108.722
697,812.3994,1026.6299
698,869.3681,955.67944
699,845.1585,927.3649
700,787.9434,935.7222
701,748.8569,951.37604
702,731.717,957.8872
703,721.6094,956.13904
704,711.534,951.7715
705,706.585,947.8755
706,729.1944,946.26154
707,796.06744,952.8176
708,869.7391,974.5373
709,893.5053,1005.6846
710,875.70593,1023.1021
711,863.804,1008.2413
712,871.1366,973.66296
713,881.70905,951.3135
714,885.4218,955.45935
715,885.58563,971.89124
716,889.48724,979.1874
717,898.05347,973.47
718,900.20374,972.6941
719,879.78595,993.8027
720,834.11646,1031.2838
721,782.0362,1065.6498
722,746.1648,1084.1812
723,730.27795,1088.7178
724,720.81616,1090.7672
725,705.7831,1098.2368
726,690.15704,1104.799
727,703.54285,1103.6772
728,775.3178,1106.6248
729,874.84375,1120.5825
730,919.86646,1125.914
731,870.2204,1110.0032
732,766.6637,1090.0323
733,678.99023,1088.7804
734,643.49133,1111.6262
735,647.2822,1142.0729
736,657.4389,1150.9584
737,652.0931,1123.8065
738,640.2283,1084.6698
739,651.5163,1077.8031
740,691.55597,1117.9165
741,732.27795,1171.772
742,749.9113,1194.6561
743,743.0111,1170.4064
744,724.8971,1115.5684
745,715.0676,1058.7587
746,722.4745,1016.16785
747,737.6826,985.3628
748,748.6947,959.2035
749,753.5946,936.80896
750,757.90955,923.0669
751,769.99963,921.97217
752,794.2235,930.5251
753,820.68054,940.81903
754,832.47656,947.68524
755,828.4275,951.71484
756,822.9373,955.37036
757,824.7986,958.7644
758,830.79315,960.47906
759,835.36017,960.86615
760,837.62646,961.69574
761,840.10944,963.4215
762,844.5588,965.5865
763,850.2201,968.2433
764,853.7719,970.5075
765,851.80536,970.112
766,845.55927,966.3691
767,840.5794,961.6048
768,839.77716,958.14716
769,840.3409,955.8737
770,838.4358,954.1764
771,832.27515,953.31195
772,821.11035,953.1485
773,806.6583,953.25183
774,793.7495,953.3472
775,785.2804,953.09625
776,779.5293,952.6695
777,772.6594,953.23334
778,762.54156,955.52783
779,754.2823,957.791
780,756.773,957.37854
781,770.1826,954.8672
782,785.75757,953.5683
783,797.4236,954.2607
784,806.68677,954.64667
785,815.95593,954.6112
786,823.1345,956.1054
787,826.33636,958.8184
788,827.3424,960.7122
789,828.1933,960.64514
790,828.1381,958.94653
791,824.5897,956.4007
792,818.11035,953.3898
793,813.03894,950.7477
794,810.6613,949.3185
795,807.84607,948.89465
796,803.7542,950.74146
797,801.25024,957.81244
798,798.039,968.6806
799,785.4992,977.21857
800,765.0788,980.7956
801,754.0596,981.9599
802,765.06354,982.41156
803,789.1428,980.8866
804,807.2046,975.8974
805,812.3599,967.8205
806,813.0099,959.1242
807,817.75757,953.1121
808,825.7823,951.6916
809,832.4349,954.21265
810,836.50836,958.20087
811,838.9963,961.6648
812,840.57135,964.1937
813,841.0888,965.69904
814,839.04016,965.8302
815,833.4539,964.2824
816,827.18866,961.93787
817,824.7369,960.52423
818,825.76434,959.1926
819,824.8449,955.97626
820,817.40814,954.28925
821,802.2708,960.9851
822,780.4545,976.11005
823,759.0593,989.15015
824,757.59735,979.1619
825,793.5541,927.6008
826,850.5817,853.49176
827,887.9614,805.0749
828,893.0106,800.00543
829,889.6888,819.88153
830,892.95105,853.9299
831,890.1299,899.78534
832,871.4516,940.6343
833,850.96313,960.21173
834,846.95667,965.1505
835,859.34607,971.19653
836,869.5403,977.09357
837,847.1044,956.5729
838,773.1567,888.6392
839,675.94037,805.45685
840,608.8815,769.5893
841,596.56775,796.7935
842,643.275,846.09094
843,745.89795,872.1482
844,857.4485,865.5531
845,901.3207,869.27606
846,851.0,938.3534
847,759.7255,1052.9614
848,699.3807,1131.468
849,688.4673,1142.5758
850,697.1245,1123.7274
851,700.1264,1110.3475
852,696.7801,1111.8691
853,695.92035,1126.255
854,699.7343,1144.127
855,701.3886,1156.1837
856,695.41943,1164.2083
857,685.6892,1172.1613
858,680.74347,1176.2705
859,682.6905,1175.8031
860,684.0284,1179.8535
861,681.78845,1189.1428
862,698.7136,1167.8854
863,766.23254,1068.438
864,867.4759,914.5934
865,946.0251,792.94324
866,980.41345,740.9172
867,977.02496,732.80383
868,908.41864,761.4825
869,753.459,845.56287
870,583.49744,963.53503
871,508.8896,1055.6208
872,542.09045,1098.0989
873,595.6677,1113.7284
874,606.6613,1118.684
875,610.94574,1095.5197
876,677.63007,1017.8924
877,788.31824,907.1773
878,858.30115,827.8403
879,869.5512,818.51184
880,878.5779,875.16235
881,908.7944,969.2425
882,925.5287,1052.1343
883,910.40576,1086.5494
884,887.90436,1071.9985
885,870.9668,1021.8699
886,833.00653,950.39185
887,753.89044,883.74445
888,667.64215,849.9641
889,622.3672,856.8086
890,616.058,888.645
891,617.87085,924.6516
892,613.56696,953.69916
893,606.53076,969.1084
894,604.4767,965.0726
895,609.10645,946.53015
896,613.20764,928.3778
897,611.65735,919.48285
898,609.4506,917.1277
899,612.1386,915.71655
900,616.9618,913.23676
901,620.434,910.75543
902,624.6506,909.406
903,631.8496,908.9881
904,640.9201,908.85504
905,648.9797,908.5892
906,652.9802,906.5873
907,652.5222,899.2697
908,653.0259,889.58093
909,668.0281,903.0711
910,705.949,970.1689
911,746.06494,1067.9802
912,757.7201,1130.107
913,742.0262,1136.0837
914,720.1327,1125.0529
915,704.39496,1121.6259
916,703.1485,1095.8335
917,722.6448,1006.4959
918,756.7449,877.8578
919,792.58246,781.5207
920,812.0313,746.13324
921,781.19385,751.9584
922,684.4206,777.9242
923,571.9713,808.3384
924,513.91345,830.7006
925,530.79034,852.2534
926,608.09314,905.3204
927,710.2793,1004.8035
928,778.2803,1100.9573
929,769.23584,1112.4828
930,690.54034,1019.1524
931,598.1994,898.75415
932,551.40063,842.70905
933,558.5223,860.96515
934,590.9661,906.1522
935,623.1474,939.15424
936,644.7867,946.627
937,663.1829,942.8328
938,690.2595,956.2518
939,723.0114,993.86523
940,747.89276,1029.5686
941,758.5969,1038.7795
942,763.2851,1032.4564
943,770.48834,1030.6202
944,769.9065,1019.6669
945,750.70135,983.4873
946,727.11975,944.6072
947,716.9428,930.0489
948,718.5303,938.0456
949,721.5396,952.0904
950,720.6396,958.04675
951,720.0357,957.84607
952,732.6944,980.0842
953,766.59784,1051.4847
954,804.5623,1143.1959
955,819.5814,1194.0983
956,812.9567,1192.8907
957,803.015,1176.6039
958,784.7795,1169.9194
959,741.2586,1170.1725
960,687.58875,1164.5835
961,654.3795,1143.7579
962,638.11633,1110.252
963,622.6931,1076.8834
964,616.07196,1054.6932
965,629.80225,1049.2449
966,661.6273,1064.3186
967,704.55865,1097.4541
968,752.393,1138.4938
969,795.85364,1174.4393
970,821.6872,1194.9246
971,822.6869,1199.0343
972,804.6177,1192.0457
973,782.7831,1177.7002
974,769.7999,1158.4111
975,764.22156,1137.2153
976,757.1709,1117.5579
977,746.1643,1099.4609
978,737.49023,1076.969
979,738.4605,1047.0183
980,747.9478,1018.9384
981,756.66125,1006.83075
982,760.01276,1014.67316
983,763.49884,1034.3029
984,770.5267,1054.0259
985,775.34125,1064.8263
986,773.57935,1064.1102
987,772.30884,1057.3885
988,782.2486,1051.8102
989,801.8492,1049.267
990,819.24677,1048.3275
991,828.3742,1047.3406
992,831.36115,1044.9268
993,830.4688,1041.5902
994,830.14484,1038.8009
995,845.59015,1035.281
996,888.50995,1028.3094
997,931.90894,1020.0059
998,929.68616,1017.31146
999,885.7835,1022.836
1000,848.01514,1030.7766
1001,839.7844,1034.5262
1002,848.1898,1033.5873
1003,856.8702,1031.2622
1004,860.2445,1029.8359
1005,860.3155,1029.4325
1006,860.3983,1029.2367
1007,859.7391,1029.445
1008,855.0434,1031.241
1009,847.0179,1034.3219
1010,840.55414,1037.0991
1011,838.6492,1038.9878
1012,840.6066,1040.2341
1013,843.6523,1040.8779
1014,844.64264,1040.7423
1015,843.5354,1039.3137
1016,843.3743,1036.1481
1017,845.31476,1032.895
1018,847.12665,1032.7372
1019,846.9111,1035.781
1020,845.40686,1038.5635
1021,844.3392,1038.6222
1022,844.7408,1036.1888
1023,846.87244,1032.4452
1024,849.4884,1028.6815
1025,850.39105,1026.2969
1026,849.3738,1025.795
1027,848.22034,1026.3813
1028,847.70514,1026.9983
1029,846.83575,1027.0548
1030,844.6047,1026.5739
1031,842.1102,1026.1273
1032,842.64685,1026.3567
1033,848.00714,1027.2466
1034,855.28326,1028.153
1035,860.05414,1028.5162
1036,862.1625,1028.5305
1037,864.71747,1030.1061
1038,867.92004,1035.8739
1039,866.8704,1045.5946
1040,854.70776,1055.9774
1041,829.81573,1064.3369
1042,801.8412,1068.476
1043,783.2557,1064.8135
1044,774.4815,1052.7491
1045,766.4572,1038.717
1046,753.6803,1030.5254
1047,735.6089,1029.7965
1048,713.22815,1032.5131
1049,691.4635,1033.5962
1050,676.02765,1029.6078
1051,666.29254,1022.06085
1052,657.7434,1017.57996
1053,648.57745,1019.5191
1054,639.01196,1024.7542
1055,627.4406,1030.1223
1056,614.49207,1034.1293
1057,605.7432,1035.6428
1058,603.799,1035.0819
1059,606.14575,1033.641
1060,611.80676,1031.6166
1061,620.5694,1028.6294
1062,628.5879,1025.3126
1063,632.8364,1023.4438
1064,635.46576,1023.1523
1065,639.2207,1022.5443
1066,643.4695,1020.6443
1067,645.8229,1018.4231
1068,644.42957,1017.88434
1069,639.62366,1020.5302
1070,634.9437,1024.8453
1071,633.8881,1026.9668
1072,635.9005,1025.7416
1073,638.62036,1024.223
1074,640.39465,1023.9426
1075,638.9206,1019.70746
1076,632.18524,1005.1673
1077,621.89294,984.7273
1078,614.6517,970.8903
1079,619.7995,967.75214
1080,642.204,968.1684
1081,674.7346,967.14557
1082,705.73395,967.759
1083,733.3539,973.40283
1084,761.66284,981.79297
1085,789.36005,989.2708
1086,813.1031,996.24927
1087,833.5632,1005.73346
1088,851.2639,1018.64545
1089,863.19763,1031.6744
1090,867.0312,1039.7809
1091,864.7823,1041.2115
1092,861.3361,1038.9403
1093,860.7643,1036.6411
1094,863.7242,1035.1874
1095,867.4075,1033.7383
1096,868.78467,1031.9614
1097,868.82275,1030.8358
1098,870.041,1032.1641
1099,870.5807,1035.6382
1100,867.33185,1037.9833
1101,861.4608,1037.4178
1102,855.817,1035.1769
1103,852.171,1032.7216
1104,851.50806,1031.1241
1105,853.0078,1030.6488
1106,854.11835,1030.2996
1107,853.13306,1029.6458
1108,850.92114,1029.162
1109,849.07556,1028.7747
1110,847.16077,1027.7408
1111,843.78296,1025.6383
1112,839.0816,1023.36786
1113,834.65393,1022.6833
1114,832.2394,1023.92255
1115,833.7554,1025.65
1116,840.7554,1027.1304
1117,850.7048,1028.6702
1118,856.5899,1029.315
1119,853.4947,1027.6213
1120,844.90485,1025.1382
1121,839.9819,1025.0115
1122,842.24567,1027.3226
1123,846.1391,1029.8931
1124,846.36774,1031.4812
1125,843.63965,1031.7205
1126,841.1451,1031.136
1127,840.3904,1031.2784
1128,842.34015,1032.4695
1129,848.5289,1032.7795
1130,856.73553,1030.7202
1131,861.20685,1027.9994
1132,860.2511,1027.4042
1133,857.7794,1028.0437
1134,857.2951,1027.2336
1135,858.0752,1025.4395
1136,857.55524,1024.2336
1137,855.6899,1023.7858
1138,855.4347,1023.707
1139,859.06335,1022.62134
1140,864.04596,1019.76
1141,865.58417,1016.6362
1142,862.7714,1014.8218
1143,858.1467,1014.61945
1144,854.323,1015.2751
1145,851.4754,1015.8866
1146,847.3506,1016.3773
1147,841.3615,1017.11224
1148,835.37274,1019.0669
1149,832.20404,1021.89966
1150,834.5454,1022.54333
1151,840.28894,1020.4009
1152,842.86456,1019.2611
1153,840.73517,1020.6346
1154,841.93005,1020.41376
1155,855.7307,1014.294
1156,879.422,1004.1028
1157,898.6908,995.9644
1158,901.1653,993.5346
1159,883.6163,996.41016
1160,855.8945,1001.9971
1161,837.1068,1006.65594
1162,835.8811,1008.112
1163,842.51385,1007.20154
1164,844.1442,1006.4288
1165,839.2183,1006.89325
1166,835.68823,1006.87427
1167,839.6496,1004.3833
1168,848.5378,1000.4725
1169,855.0827,997.7187
1170,856.7852,996.11456
1171,856.5003,994.21747
1172,856.319,992.83405
1173,857.6574,993.4389
1174,860.5473,995.3154
1175,861.2422,997.0505
1176,857.0326,998.5886
1177,850.0462,999.8877
1178,843.48956,1000.1668
1179,838.4338,999.53595
1180,835.42737,998.8079
1181,835.35803,998.8963
1182,837.81226,1000.9022
1183,840.8839,1004.72076
1184,843.0829,1008.73895
1185,844.8954,1010.87274
1186,847.66406,1010.39343
1187,852.1062,1009.42456
1188,859.6135,1009.14923
1189,872.3178,1007.23846
1190,890.33167,1002.07336
1191,908.29144,995.6645
1192,908.90955,993.2571
1193,872.423,999.55035
1194,809.2467,1011.3873
1195,756.18146,1018.49054
1196,728.5599,1014.4621
1197,710.60297,1001.94073
1198,687.8541,987.897
1199,660.651,978.7374
1200,635.2549,976.7219
1201,615.94025,978.56335
1202,603.43854,979.7685
1203,596.7134,979.071
1204,592.3677,976.83405
1205,585.0019,972.33777
1206,573.6514,965.442
1207,564.6743,959.36633
1208,564.8986,959.3854
1209,574.2,968.32886
1210,585.70447,983.8891
1211,592.0909,999.4135
1212,591.8889,1008.5928
1213,589.6284,1010.9614
1214,589.6184,1010.2656
1215,591.41003,1008.65546
1216,591.4536,1005.68726
1217,587.39197,1001.1746
1218,579.46423,996.08923
1219,569.22687,991.1043
1220,560.84424,986.838
1221,559.74176,984.7367
1222,565.7727,985.37714
1223,572.7922,987.2445
1224,574.6592,988.9798
1225,569.3344,991.14825
1226,560.0859,994.04083
1227,552.13135,995.9032
1228,548.906,995.096
1229,551.2496,992.6398
1230,555.97534,991.62683
1231,558.6398,993.563
1232,559.9902,995.87354
1233,564.2457,995.0341
1234,570.7855,991.27185
1235,573.1685,987.9243
1236,570.9556,986.867
1237,585.2402,985.2744
1238,643.415,978.0521
1239,726.02246,967.837
1240,766.81805,969.8619
1241,736.6462,995.90753
1242,680.61804,1034.7744
1243,655.8409,1065.0455
1244,674.5423,1083.5864
1245,712.0969,1100.1891
1246,741.9127,1115.0138
1247,757.0193,1122.1213
1248,766.108,1124.3555
1249,775.7908,1130.3577
1250,782.94165,1140.7295
1251,782.9611,1148.8993
1252,778.7174,1153.7528
1253,776.7582,1159.4542
1254,779.4397,1167.6716
1255,786.2705,1176.5804
1256,793.0874,1181.2509
1257,779.9338,1173.4188
1258,724.8287,1149.0981
1259,650.5237,1119.0299
1260,612.8727,1090.8159
1261,624.6185,1042.41
1262,644.7715,961.3049
1263,644.27966,903.9626
1264,633.5159,943.99115
1265,635.1352,1057.841
1266,666.81134,1135.3003
1267,728.98535,1111.4868
1268,787.42786,1031.107
1269,805.07776,975.00275
1270,792.55237,970.00073
1271,785.20746,989.37897
1272,787.81006,1006.60095
1273,779.4342,1030.5306
1274,753.9684,1086.3794
1275,732.4189,1159.7603
1276,738.9461,1191.9792
1277,761.7902,1144.1299
1278,755.24396,1047.186
1279,707.0367,972.9502
1280,661.66766,960.5018
1281,650.6873,996.37885
1282,660.3388,1048.5028
1283,671.3778,1092.8046
1284,677.0695,1120.5461
1285,672.507,1130.491
1286,658.4245,1125.1094
1287,650.3021,1114.1626
1288,664.59216,1105.7928
1289,699.39685,1097.4015
1290,747.67065,1080.2264
1291,807.80676,1051.7245
1292,856.2698,1023.2146
1293,856.8172,1005.02936
1294,814.7421,982.72363
1295,770.97644,933.71326
1296,746.99,879.2771
1297,733.16406,871.1578
1298,718.17096,909.3561
1299,703.6561,942.8142
1300,694.93713,948.5154
1301,692.6458,941.9897
1302,692.89154,933.51514
1303,689.9166,919.4526
1304,681.30133,899.9521
1305,671.6276,883.7461
1306,666.99945,878.26764
1307,667.61346,882.2773
1308,670.31146,887.94794
1309,673.0852,888.4704
1310,672.6149,883.83545
1311,666.7716,879.00684
1312,660.66986,877.92035
1313,660.31067,880.3743
1314,664.18115,883.4349
1315,666.96173,884.7984
1316,666.0203,884.4389
1317,662.69727,883.4584
1318,659.793,882.7385
1319,658.3375,882.69165
1320,658.83685,882.9384
1321,664.2281,882.07367
1322,675.93,879.1803
1323,688.06067,875.6666
1324,692.5933,873.7607
1325,689.6847,873.6004
1326,684.548,874.40247
1327,677.6573,876.78687
1328,668.4035,880.51337
1329,660.751,883.33215
1330,657.5018,884.71234
1331,657.5593,886.1608
1332,659.7159,886.57874
1333,662.37823,881.2901
1334,664.76794,870.8419
1335,676.69745,876.8932
1336,713.465,935.81213
1337,768.25165,1051.4512
1338,813.9167,1166.6764
1339,840.95074,1201.0708
1340,862.08716,1122.2083
1341,875.7057,989.56976
1342,862.46844,896.8347
1343,823.1537,868.9825
1344,783.08167,868.7146
1345,761.7866,870.4157
1346,762.60736,879.8977
1347,781.10657,911.1391
1348,812.5605,964.4518
1349,853.93414,1025.6521
1350,894.8598,1076.2512
1351,916.858,1101.6621
1352,913.49365,1103.8611
1353,895.7578,1097.9847
1354,875.71686,1095.412
1355,861.3345,1106.1016
1356,857.6973,1137.434
1357,858.3901,1172.4143
1358,848.3823,1174.8374
1359,824.3142,1131.001
1360,799.82654,1070.3497
1361,787.2247,1034.2535
1362,784.6716,1033.8616
1363,786.42975,1050.5878
1364,793.3163,1064.4086
1365,806.52386,1068.0728
1366,823.4268,1065.0774
1367,843.246,1061.1122
1368,865.65894,1057.421
1369,882.06116,1055.462
1370,882.27454,1060.5391
1371,870.7102,1071.1191
1372,862.61957,1069.751
1373,866.3445,1037.5604
1374,875.3876,982.38245
1375,877.46246,936.37933
1376,871.787,918.91705
1377,872.18634,922.51825
1378,887.70636,932.3877
1379,907.38116,938.03503
1380,916.08014,934.58325
1381,915.1018,925.19147
1382,911.9846,915.444
1383,907.38055,906.25354
1384,901.99316,897.2076
1385,900.28973,890.2209
1386,904.58405,886.57825
1387,912.52246,884.0617
1388,920.0344,877.8332
1389,924.0749,870.398
1390,923.6914,889.7532
1391,921.95526,968.98663
1392,924.6673,1081.1775
1393,929.83795,1152.299
1394,916.07684,1159.1653
1395,853.9312,1148.5059
1396,747.93695,1162.93
1397,653.28406,1191.5302
1398,618.07294,1196.9158
1399,634.12506,1173.7362
1400,668.6329,1153.9553
1401,699.5257,1158.6216
1402,709.0425,1162.9998
1403,686.4629,1119.913
1404,651.4459,1029.6401
1405,648.50885,953.53735
1406,695.0509,936.94525
1407,750.4257,963.725
1408,766.34674,990.2962
1409,744.1054,990.64014
1410,711.9942,973.87714
1411,688.7929,976.4164
1412,684.3699,1029.043
1413,699.9222,1114.0897
1414,732.36145,1178.7264
1415,776.63007,1197.9663
1416,811.21576,1188.8135
1417,816.0921,1175.7898
1418,802.7654,1165.7775
1419,787.69055,1146.7465
1420,767.7174,1117.3014
1421,742.1942,1105.7964
1422,717.208,1129.9178
1423,695.42035,1163.9686
1424,685.682,1174.519
1425,697.8424,1155.6334
1426,724.16296,1120.0166
1427,746.12915,1083.4904
1428,755.91925,1059.3958
1429,758.6297,1052.2301
1430,759.07,1052.529
1431,757.951,1046.1334
1432,754.8185,1029.8103
1433,749.28455,1011.76764
1434,743.58887,1001.7135
1435,742.6676,1003.5518
1436,752.53894,1010.6262
1437,776.9189,1011.10046
1438,808.52,1004.2213
1439,832.91406,1002.42645
1440,846.2253,1012.4783
1441,854.9977,1026.4135
1442,861.92316,1034.4247
1443,865.54193,1035.7216
1444,867.2274,1035.4575
1445,869.23425,1037.3735
1446,870.9626,1040.2972
1447,871.2005,1040.9594
1448,870.05994,1039.6154
1449,867.82416,1039.795
1450,865.1079,1042.3206
1451,863.00244,1044.6263
1452,860.8231,1045.8241
1453,856.5499,1047.6174
1454,850.7284,1051.4011
1455,846.5744,1057.1166
1456,845.75934,1063.1526
1457,846.1921,1066.9075
1458,845.3246,1067.3713
1459,844.1691,1066.1692
1460,844.80646,1064.7977
1461,847.0063,1063.2023
1462,849.9846,1061.4514
1463,853.5449,1060.0797
1464,857.15326,1059.0328
1465,860.0931,1057.7832
1466,861.8342,1056.1611
1467,862.0613,1054.9371
1468,860.78644,1055.2515
1469,858.0325,1057.1847
1470,854.2124,1059.6913
1471,850.4656,1061.6333
1472,846.9998,1062.221
1473,843.17554,1061.5146
1474,839.5888,1061.1057
1475,837.1277,1062.5668
1476,834.985,1064.7228
1477,832.4535,1064.8616
1478,832.2694,1062.4385
1479,837.7622,1059.2
1480,845.8277,1056.4906
1481,850.154,1054.5392
1482,849.95605,1053.6963
1483,846.72424,1054.3553
1484,839.2204,1055.9492
1485,828.7007,1057.3407
1486,820.4123,1058.0011
1487,816.99524,1058.5948
1488,816.6164,1060.5609
1489,817.2154,1064.4131
1490,819.5162,1067.8699
1491,825.22046,1067.6483
1492,831.342,1064.2922
1493,832.08496,1061.1927
1494,828.97864,1060.0155
1495,829.0756,1061.3809
1496,833.7858,1064.5356
1497,839.02655,1065.9944
1498,842.1741,1064.2767
1499,843.3294,1061.88
1500,843.5704,1060.7961
1501,843.41705,1060.6411
1502,842.08435,1060.191
1503,839.32135,1058.6836
1504,837.0491,1056.7606
1505,837.8881,1055.8903
1506,842.66504,1056.5793
1507,848.6215,1057.8768
1508,848.97626,1058.4194
1509,838.61115,1058.4154
1510,822.4854,1059.6659
1511,810.5674,1062.6658
1512,805.8725,1065.9058
1513,807.8401,1067.8245
1514,818.6456,1067.8713
1515,834.29944,1066.4247
1516,842.89886,1064.0038
1517,841.073,1061.1676
1518,837.57495,1058.943
1519,838.0186,1058.0938
1520,839.5432,1058.7865
1521,838.9798,1060.5775
1522,837.15515,1062.2434
1523,835.7961,1063.2374
1524,834.87585,1064.208
1525,834.1182,1065.2964
1526,834.1839,1065.8802
1527,834.8905,1065.2833
1528,834.9726,1063.3715
1529,833.5532,1061.9564
1530,828.2412,1063.338
1531,815.6708,1066.442
1532,799.068,1068.0093
1533,787.9099,1066.603
1534,785.7015,1061.7454
1535,784.7306,1052.5938
1536,773.69653,1040.9602
1537,747.5747,1033.0696
1538,714.344,1032.142
1539,696.5658,1021.1987
1540,712.2423,970.64575
1541,745.81323,887.6828
1542,767.74817,823.91266
1543,777.886,810.6994
1544,790.43713,831.4014
1545,803.2006,855.9278
1546,810.30914,864.3345
1547,813.4482,856.70337
1548,805.5994,867.1602
1549,771.4712,936.04114
1550,719.8105,1041.1282
1551,683.9936,1111.0983
1552,678.4925,1121.3534
1553,687.76874,1107.8368
1554,694.5974,1102.1821
1555,695.7197,1106.848
1556,696.46136,1111.89
1557,699.95465,1110.4359
1558,703.06354,1104.748
1559,701.92786,1104.3099
1560,700.6924,1115.3739
1561,719.4863,1124.4543
1562,787.323,1097.7594
1563,896.4931,1021.27234
1564,971.683,928.4516
1565,935.3101,858.64166
1566,797.2477,821.1816
1567,653.0097,813.6341
1568,595.54376,832.676
1569,641.8535,872.7571
1570,751.0952,930.21405
1571,862.8804,988.28784
1572,923.11847,1017.37036
1573,921.79974,1011.70795
1574,875.60767,984.891
1575,797.13196,933.4353
1576,720.9312,858.0361
1577,693.8218,785.8154
1578,720.808,739.64496
1579,770.3588,732.1969
1580,809.3245,780.2702
1581,809.66473,874.2906
1582,771.2056,952.74176
1583,731.57056,961.7736
1584,716.8204,923.3361
1585,716.35486,894.8793
1586,713.4207,893.35724
1587,705.53375,897.42444
1588,698.14575,891.7985
1589,694.2232,878.34766
1590,694.0864,866.30865
1591,704.34265,882.9045
1592,734.4272,961.3842
1593,775.52954,1078.4908
1594,801.2407,1158.8331
1595,797.45734,1168.7717
1596,774.3312,1142.001
1597,751.79553,1121.4064
1598,743.53534,1124.6372
1599,748.7471,1146.4055
1600,755.5906,1169.1919
1601,752.58374,1177.9369
1602,737.7198,1170.2537
1603,718.31757,1152.8562
1604,700.7391,1133.4949
1605,682.224,1115.8151
1606,657.61365,1098.5686
1607,629.43604,1079.3699
1608,604.9091,1056.2587
1609,588.6317,1029.8906
1610,580.0678,1006.44006
1611,574.27155,991.9507
1612,566.60425,984.68463
1613,555.61444,978.98645
1614,541.7057,973.926
1615,526.862,971.28357
1616,515.2957,969.9444
1617,513.7399,969.93475
1618,527.29877,975.952
1619,549.2537,988.4454
1620,561.3008,996.62805
1621,552.3665,990.6972
1622,530.8016,975.4395
1623,510.69952,961.3605
1624,494.67776,950.16254
1625,479.4303,938.55743
1626,467.11588,927.9815
1627,460.98904,921.9
1628,460.2018,919.57544
1629,462.99994,917.7153
1630,467.32822,914.5862
1631,469.53214,910.2231
1632,465.63144,903.6657
1633,454.4611,892.6737
1634,442.78796,878.16565
1635,443.34256,864.80975
1636,459.33502,858.405
1637,469.61685,871.6402
1638,449.69373,919.47577
1639,418.96475,994.24194
1640,423.79,1065.9861
1641,472.46564,1113.7406
1642,534.4739,1137.4651
1643,579.3698,1144.977
1644,596.8432,1142.9386
1645,601.26117,1137.3309
1646,612.04736,1132.4333
1647,632.63043,1129.3247
1648,654.21356,1128.2811
1649,667.973,1131.0693
1650,669.7455,1139.2859
1651,656.8657,1151.7306
1652,635.7291,1162.0914
1653,641.78955,1147.5122
1654,712.05396,1080.2708
1655,814.58405,976.2476
1656,871.1134,887.1431
1657,861.33405,839.113
1658,830.7199,825.0784
1659,815.27637,828.734
1660,815.43066,833.5094
1661,812.5239,845.0009
1662,783.2157,904.3761
1663,724.7311,1031.4446
1664,668.5089,1166.8627
1665,643.5449,1239.948
1666,644.7541,1253.423
1667,661.987,1230.6237
1668,712.07654,1153.7438
1669,803.4266,1021.6242
1670,890.2634,901.42596
1671,921.14185,861.9754
1672,904.95526,893.8567
1673,879.66876,938.6826
1674,863.29456,965.77747
1675,856.3776,983.397
1676,849.75305,1004.1868
1677,828.30237,1030.2148
1678,794.46204,1055.7499
1679,773.3417,1074.1731
1680,774.11194,1083.3083
1681,773.7831,1086.3059
1682,752.9237,1094.9032
1683,726.0272,1119.4143
1684,719.84186,1150.2839
1685,725.09235,1168.4886
1686,704.9452,1170.0388
1687,657.7886,1166.7822
1688,620.61145,1172.4161
1689,613.4315,1187.2987
1690,629.1992,1189.7133
1691,653.37585,1162.6135
1692,663.907,1128.779
1693,649.2892,1120.738
1694,628.121,1132.9344
1695,622.2527,1142.334
1696,631.1468,1142.7556
1697,642.71686,1138.313
1698,647.2643,1131.4581
1699,640.4884,1122.2267
1700,625.7299,1110.0355
1701,619.1729,1096.9902
1702,651.7134,1089.8021
1703,740.76733,1092.7268
1704,848.87976,1095.099
1705,914.79535,1081.9844
1706,920.3459,1058.3058
1707,886.6,1039.364
1708,843.568,1027.6495
1709,817.5258,1016.49817
1710,817.60974,1003.577
1711,837.70154,992.8602
1712,865.3553,987.32166
1713,887.59875,984.8614
1714,899.1478,984.4823
1715,901.42786,988.70264
1716,897.42615,996.2396
1717,891.6872,1001.12555
1718,888.615,1000.3786
1719,889.10785,996.368
1720,890.61536,992.87695
1721,888.25964,992.8117
1722,879.5231,997.26825
1723,871.0143,1003.1177
1724,870.772,1005.24286
1725,876.01685,1003.0333
1726,879.60046,999.4215
1727,880.2917,996.2155
1728,880.0944,994.77185
1729,879.44495,995.74457
1730,878.1097,997.3135
1731,876.4712,997.8211
1732,874.91473,998.3675
1733,874.06665,1000.69037
1734,874.5954,1004.0812
1735,875.0947,1006.93207
1736,870.5471,1010.9477
1737,855.4026,1018.63464
1738,830.31024,1025.9319
1739,801.39856,1024.5056
1740,772.6967,1012.2632
1741,747.01263,995.3363
1742,729.3989,978.8914
1743,719.00116,962.1209
1744,701.75305,945.3848
1745,663.4432,934.4235
1746,612.6416,933.94135
1747,576.0231,942.9406
1748,564.62256,955.6019
1749,563.7703,965.71014
1750,559.08527,971.5475
1751,550.9988,974.47833
1752,545.6118,974.85034
1753,547.0522,972.6157
1754,555.38153,969.8621
1755,568.1154,968.77954
1756,589.1331,967.6832
1757,627.3764,962.91223
1758,680.5394,955.10724
1759,736.9172,949.9715
1760,790.65857,951.9083
1761,836.585,959.8487
1762,864.1849,969.1604
1763,872.1458,975.48004
1764,873.4405,977.02216
1765,877.873,975.4779
1766,883.35785,974.56055
1767,886.34174,975.51794
1768,887.8935,976.02014
1769,889.27014,974.2306
1770,889.19586,971.7713
1771,885.6335,973.12524
1772,878.72064,980.7076
1773,873.66583,989.38025
1774,876.944,991.3833
1775,886.6648,987.4992
1776,894.30994,985.3346
1777,895.622,987.7374
1778,892.10187,991.1168
1779,886.21436,992.64606
1780,880.4085,993.37213
1781,876.1558,995.5198
1782,872.17017,998.8535
1783,865.7129,1000.6381
1784,852.0351,999.0355
1785,823.25507,995.64417
1786,777.81683,994.43787
1787,729.1451,995.82465
1788,692.1371,993.93884
1789,664.95166,985.3209
1790,636.094,975.4197
1791,603.46674,970.98083
1792,576.3197,971.1193
1793,562.3165,970.31976
1794,558.9847,966.73096
1795,557.8296,962.79834
1796,552.43536,960.05707
1797,541.4759,958.64014
1798,528.8042,958.76154
1799,521.3585,958.613
1800,524.2262,955.32526
1801,532.1556,950.21466
1802,519.6887,952.25024
1803,465.1415,972.1851
1804,400.6778,1007.17285
1805,381.3446,1041.3297
1806,407.3761,1062.5516
1807,455.05927,1060.4126
1808,530.3147,1027.3694
1809,617.04767,987.08734
1810,658.53284,983.18
1811,638.03644,1022.1508
1812,601.88116,1067.0657
1813,592.50287,1083.4873
1814,612.659,1066.9739
1815,656.041,1043.0908
1816,726.22406,1041.4675
1817,812.14856,1057.0219
1818,889.33734,1058.3717
1819,936.7533,1038.9114
1820,929.7586,1021.5096
1821,862.3957,1012.225
1822,770.3751,995.5882
1823,695.0059,971.5023
1824,646.77167,961.2532
1825,617.98566,987.52344
1826,611.8332,1052.0446
1827,634.3055,1114.2943
1828,661.4285,1116.5858
1829,658.982,1052.7161
1830,632.28876,981.5175
1831,614.8617,966.5357
1832,626.568,1023.12836
1833,667.5645,1103.9392
1834,712.923,1143.7079
1835,717.23016,1126.7036
1836,683.67645,1069.1028
1837,673.36163,990.1852
1838,709.344,931.81213
1839,759.087,924.2739
1840,789.1388,953.4245
1841,783.9026,991.5782
1842,753.52704,1015.8119
1843,720.6635,1013.40643
1844,693.34094,993.4467
1845,676.1501,979.6299
1846,679.896,988.1106
1847,697.9046,1010.67224
1848,706.39056,1024.4155
1849,698.2775,1018.0949
1850,686.2321,1004.4536
1851,674.8613,1018.6352
1852,659.5303,1085.9248
1853,644.8389,1172.6416
1854,638.5773,1218.5337
1855,637.66565,1218.311
1856,640.00525,1210.9413
1857,662.0892,1211.9335
1858,721.09314,1203.325
1859,795.0922,1171.4371
1860,842.96136,1128.9358
1861,861.96674,1100.9277
1862,869.9835,1095.0608
1863,869.77844,1092.7275
1864,866.1346,1073.9536
1865,857.9384,1035.1449
1866,825.6319,983.3934
1867,769.6986,942.62146
1868,722.2739,950.6402
1869,707.3352,1012.86584
1870,719.03766,1084.3326
1871,735.7499,1122.3298
1872,742.47565,1125.2202
1873,741.06226,1113.1296
1874,740.554,1100.887
1875,740.63855,1097.0094
1876,733.1863,1107.8877
1877,718.7726,1126.6892
1878,708.3806,1136.2672
1879,709.49426,1131.9117
1880,719.8423,1120.4777
1881,732.8151,1105.7491
1882,743.5796,1090.8331
1883,749.78217,1081.1823
1884,749.5726,1078.5248
1885,743.0885,1080.2799
1886,734.7677,1084.5132
1887,728.46387,1089.1981
1888,722.0837,1089.7816
1889,713.2918,1083.4989
1890,707.91644,1073.9951
1891,713.5618,1066.9481
1892,724.49805,1062.4376
1893,726.5621,1055.8303
1894,717.4975,1045.9973
1895,706.78284,1037.8622
1896,699.77826,1034.2395
1897,695.1536,1031.6163
1898,693.8245,1027.3665
1899,700.29486,1022.8222
1900,712.87823,1018.5852
1901,722.54156,1014.30255
1902,723.7793,1008.5055
1903,717.5384,997.5959
1904,707.9395,983.12195
1905,700.74866,972.9545
1906,699.6641,970.8742
1907,706.42816,974.3797
1908,727.5057,980.336
1909,769.24133,985.70276
1910,818.6664,985.8205
1911,848.1731,977.60266
1912,848.7248,964.85297
1913,837.60846,955.987
1914,831.19037,955.5739
1915,827.4016,962.1576
1916,815.33496,972.47595
1917,792.3713,982.12555
1918,767.39526,987.05536
1919,749.75366,988.36206
1920,741.1982,991.1866
1921,738.4204,1000.39154
1922,738.3177,1018.05145
1923,739.6349,1042.4
1924,741.32117,1067.6678
1925,741.96063,1085.2046
1926,740.6172,1090.1167
1927,735.6101,1085.6355
1928,725.4606,1076.9403
1929,713.0953,1065.7751
1930,703.93616,1051.2765
1931,699.423,1031.2798
1932,698.1598,1008.7423
1933,702.7806,1000.095
1934,716.4099,1021.3902
1935,731.94025,1061.2312
1936,740.91174,1090.314
1937,749.39856,1098.2809
1938,763.8821,1096.8767
1939,775.40564,1095.3881
1940,775.6548,1093.485
1941,769.4815,1089.5829
1942,763.75464,1084.7208
1943,758.5949,1080.2961
1944,751.5363,1075.3805
1945,743.93854,1069.3967
1946,740.5396,1065.6042
1947,743.85504,1066.8346
1948,750.8047,1071.5299
1949,751.53955,1076.716
1950,736.61633,1081.2365
1951,714.3105,1085.7277
1952,705.6633,1090.5587
1953,713.7867,1094.048
1954,721.1782,1093.6578
1955,716.8526,1087.4619
1956,704.5772,1074.9679
1957,692.9095,1061.0895
1958,687.17346,1052.576
1959,685.5553,1045.8157
1960,684.6763,1030.076
1961,685.89294,1003.58276
1962,689.80457,976.843
1963,692.2678,961.1461
1964,690.35486,960.3706
1965,684.85815,972.0066
1966,677.9729,987.7749
1967,672.6317,998.34216
1968,670.4488,1002.5559
1969,671.1805,1005.27313
1970,674.3176,1009.727
1971,677.7607,1017.37634
1972,678.13403,1027.39
1973,674.5409,1034.7367
1974,669.56934,1036.3701
1975,667.3116,1036.0665
1976,671.62256,1038.1206
1977,683.5268,1042.654
1978,698.67053,1049.3173
1979,710.5628,1058.2632
1980,715.43054,1064.0929
1981,711.9154,1057.7263
1982,702.3637,1040.9152
1983,691.1164,1021.48615
1984,675.23895,983.1038
1985,653.45337,903.3593
1986,645.01636,818.7509
1987,665.4053,794.4455
1988,691.5979,829.0051
1989,695.5351,871.69434
1990,690.90027,898.54645
1991,700.3267,918.39294
1992,704.64215,944.0282
1993,676.773,976.7106
1994,632.2246,1006.1616
1995,599.74084,1022.8694
1996,585.1313,1026.2668
1997,585.515,1021.2315
1998,596.643,1012.56244
1999,603.83325,1001.41064
2000,597.3984,984.02625
2001,587.86414,959.46246
2002,586.1302,936.48505
2003,590.0275,923.65967
2004,599.3588,921.67676
2005,624.6668,932.0192
2006,666.56744,949.4633
2007,691.7655,945.63574
2008,669.86896,903.52026
2009,624.6071,855.18146
2010,597.1593,838.21387
2011,592.33484,847.198
2012,594.08704,857.24255
2013,594.2144,858.76196
2014,593.9726,856.6365
2015,599.1119,857.5759
2016,615.63275,863.0041
2017,637.46924,865.99426
2018,642.037,859.79333
2019,621.58966,851.8753
2020,599.1686,854.9345
2021,587.53766,866.559
2022,571.19867,876.64716
2023,539.8569,884.2201
2024,508.37018,891.0672
2025,500.48715,893.9488
2026,521.617,892.1045
2027,557.2562,888.68396
2028,592.9831,883.4636
2029,623.2738,875.5524
2030,650.966,867.7011
2031,679.4091,862.47644
2032,694.5061,863.75287
2033,675.28845,876.88806
2034,635.2204,896.9717
2035,614.72253,909.25366
2036,625.8686,907.64044
2037,646.22296,899.4294
2038,658.19,892.73627
2039,662.0133,889.55145
2040,663.7164,887.8832
2041,666.96515,885.31146
2042,672.8058,880.9831
2043,682.2729,876.2043
2044,695.20056,873.6172
2045,708.2809,874.33356
2046,717.46405,876.2607
2047,721.3768,876.66284
2048,723.4798,874.9476
2049,729.49475,871.62634
2050,740.65485,867.3958
2051,751.89606,865.04407
2052,758.62646,867.031
2053,761.06854,870.56256
2054,753.0481,873.0029
2055,718.0032,880.0684
2056,658.66296,898.02155
2057,611.89105,918.7142
2058,607.7122,925.77136
2059,634.0908,916.9742
2060,659.7218,905.16315
2061,671.071,899.4244
2062,672.2458,900.2201
2063,663.89325,906.63855
2064,643.1637,917.1792
2065,626.23065,924.859
2066,641.97107,920.63336
2067,687.90753,907.2749
2068,728.44904,897.8712
2069,741.4783,897.09216
2070,732.97876,898.7517
2071,719.75525,898.97235
2072,714.21326,899.5301
2073,711.4535,902.6083
2074,697.7228,908.61414
2075,676.17096,915.9275
2076,660.31915,922.743
2077,648.0817,930.1376
2078,635.5576,937.4606
2079,635.2899,939.0252
2080,650.9228,932.87573
2081,667.1943,925.2308
2082,677.98303,922.06213
2083,690.6279,921.5472
2084,704.34143,918.83655
2085,709.8884,915.04047
2086,704.8076,913.971
2087,695.3525,914.60486
2088,689.8567,914.1478
2089,693.72626,912.8509
2090,706.10645,910.6388
2091,721.01025,903.79834
2092,734.00616,892.1368
2093,749.24365,895.7867
2094,773.00195,952.6761
2095,796.2517,1065.5531
2096,800.30884,1169.5157
2097,785.05426,1204.3798
2098,769.18134,1185.0778
2099,762.1736,1156.109
2100,757.9415,1131.4619
2101,751.1365,1109.1075
2102,743.44946,1094.0801
2103,738.2685,1090.0
2104,736.4759,1093.0533
2105,736.7696,1098.2556
2106,737.7406,1102.6085
2107,737.4475,1104.2297
2108,734.7571,1103.2876
2109,733.542,1103.5947
2110,739.84717,1109.8643
2111,752.89246,1121.089
2112,763.2258,1129.1755
2113,762.2631,1125.313
2114,752.09766,1108.6381
2115,743.29193,1093.1809
2116,743.0254,1098.2155
2117,745.9428,1117.4714
2118,735.1585,1106.5591
2119,697.8365,1030.4752
2120,646.19293,922.2614
2121,610.73114,850.04785
2122,605.8455,834.39996
2123,618.0888,845.82513
2124,629.07275,857.77844
2125,634.3715,864.02185
2126,640.5451,865.95886
2127,651.5678,864.6953
2128,659.95276,862.39655
2129,653.67303,865.8254
2130,631.25415,881.21985
2131,606.7742,902.27527
2132,597.4245,915.1058
2133,604.658,917.1639
2134,617.6958,916.03217
2135,632.7221,914.6985
2136,649.992,911.8359
2137,663.91473,908.4931
2138,668.85315,907.8966
2139,658.7365,915.32855
2140,626.5057,934.76624
2141,583.7037,958.4498
2142,568.8951,966.8677
2143,611.1865,947.85114
2144,685.8785,914.2669
2145,739.44574,890.44336
2146,756.03815,881.9288
2147,759.0129,878.7746
2148,767.7869,881.84735
2149,784.0203,899.7868
2150,794.5347,923.206
2151,781.0969,928.76025
2152,741.54956,915.92645
2153,693.93,915.12646
2154,659.90295,947.7499
2155,650.1079,999.35016
2156,657.38885,1040.6116
2157,665.67786,1055.9227
2158,665.52026,1047.1385
2159,654.9736,1023.56396
2160,640.4736,995.4954
2161,636.0411,972.53613
2162,643.4338,956.83624
2163,645.3555,938.8994
2164,631.41547,912.40845
2165,614.70233,887.26385
2166,611.725,876.101
2167,620.8051,878.96423
2168,631.05164,887.81586
2169,639.2204,895.20337
2170,646.5368,897.43585
2171,648.5157,895.1299
2172,638.75653,890.0811
2173,621.7651,881.3562
2174,619.1165,870.696
2175,653.7703,879.7509
2176,718.6856,942.4855
2177,777.7698,1049.574
2178,807.40643,1135.7273
2179,814.06165,1157.8861
2180,811.2282,1137.0795
2181,803.3189,1110.8501
2182,790.99304,1093.8143
2183,777.46344,1083.4623
2184,768.04974,1074.7145
2185,765.8522,1066.2784
2186,768.1507,1060.6072
2187,770.04407,1059.8547
2188,769.91016,1061.7692
2189,767.38605,1060.7882
2190,759.5966,1054.4962
2191,744.3288,1049.0687
2192,728.0725,1049.2695
2193,736.06903,1034.3091
2194,801.4874,972.60455
2195,914.3283,881.87695
2196,1007.9114,820.5948
2197,1031.114,809.68604
2198,983.861,837.056
2199,880.45624,909.2056
2200,755.8622,1017.3641
2201,669.68787,1109.3044
2202,646.8311,1147.405
2203,675.4611,1135.7867
2204,748.22076,1089.1223
2205,833.23883,1031.6918
2206,868.4113,998.69995
2207,840.8179,1000.18256
2208,798.71155,1014.0319
2209,775.965,1021.06665
2210,771.673,1023.67255
2211,779.54144,1033.5736
2212,799.25903,1050.382
2213,824.69403,1053.9988
2214,829.1265,1027.0493
2215,795.0497,990.0176
2216,743.2014,992.0618
2217,700.3362,1049.4156
2218,674.35803,1118.5695
2219,663.4346,1151.821
2220,661.7749,1148.2155
2221,656.38385,1124.7637
2222,628.1595,1082.1665
2223,580.6943,1026.6584
2224,565.9533,977.71454
2225,638.04083,943.87054
2226,766.2133,927.14557
2227,851.78156,932.46674
2228,846.4279,953.19995
2229,791.918,972.03845
2230,771.3544,975.101
2231,839.72766,954.3396
2232,944.4701,915.0305
2233,969.5054,885.84644
2234,879.1224,897.91156
2235,740.68866,947.7784
2236,636.93207,998.2715
2237,596.7628,1020.8084
2238,597.49176,1019.6361
2239,632.5454,1007.1144
2240,722.0286,984.67596
2241,832.9828,961.6985
2242,889.47296,956.2924
2243,880.60956,967.866
2244,862.726,979.51227
2245,870.0822,983.5429
2246,872.33887,988.54004
2247,813.0434,1005.8734
2248,703.62946,1029.9879
2249,626.08215,1042.6302
2250,616.28485,1040.5936
2251,637.03937,1039.0862
2252,653.98755,1049.2354
2253,662.2043,1067.6406
2254,665.3335,1084.2853
2255,665.05145,1092.4908
2256,662.3001,1090.2174
2257,658.49713,1077.1736
2258,654.8045,1055.8448
2259,652.387,1031.4258
2260,653.61646,1007.6865
2261,660.6856,986.5234
2262,671.52313,970.9725
2263,681.21313,965.5942
2264,688.5444,973.781
2265,694.634,994.61096
2266,696.99023,1022.1653
2267,695.19037,1047.9523
2268,700.427,1066.9834
2269,724.10394,1080.303
2270,753.4889,1086.1272
2271,762.1616,1080.1924
2272,746.63513,1069.8096
2273,724.7222,1065.6616
2274,710.7799,1059.735
2275,712.0202,1037.1339
2276,726.321,1007.0687
2277,733.66034,1000.199
2278,711.382,1034.2952
2279,668.34894,1090.6179
2280,640.99603,1130.7703
2281,653.9723,1130.7927
2282,704.0433,1091.9825
2283,764.2469,1039.6149
2284,802.3564,1006.8835
2285,809.0302,1002.7216
2286,795.99695,1011.52966
2287,779.3102,1018.7503
2288,772.5574,1020.38403
2289,777.1536,1020.04926
2290,776.88196,1027.9487
2291,754.3943,1054.0074
2292,717.62665,1091.1046
2293,692.7574,1118.5946
2294,689.69727,1129.4
2295,697.3202,1132.9774
2296,704.5416,1136.5033
2297,708.3071,1141.193
2298,708.90796,1145.9425
2299,707.54047,1147.3333
2300,706.04926,1143.8134
2301,709.1616,1138.5342
2302,737.4528,1132.4966
2303,808.97156,1122.3523
2304,881.2387,1110.7727
2305,884.19214,1104.4244
2306,824.16583,1102.644
2307,769.7259,1099.817
2308,762.8988,1087.3661
2309,795.84467,1059.1418
2310,832.9708,1027.7802
2311,839.10846,1013.8303
2312,805.6699,1014.3937
2313,767.30396,1006.32965
2314,783.82294,975.44653
2315,864.35986,926.3551
2316,952.4774,876.61707
2317,1024.097,850.9607
2318,1091.1252,861.0958
2319,1122.9358,888.5843
2320,1091.5199,905.97614
2321,1027.403,906.4245
2322,969.50476,904.48694
2323,926.0703,918.6091
2324,887.5976,952.1798
2325,847.8475,989.6347
2326,810.0816,1014.0513
2327,778.0744,1022.6158
2328,751.2701,1022.3239
2329,729.0763,1020.30536
2330,713.2835,1022.86523
2331,703.64886,1035.4569
2332,694.40424,1058.2812
2333,680.49,1084.8906
2334,667.8152,1107.108
2335,669.52264,1120.4061
2336,688.21326,1124.8826
2337,709.9233,1124.6132
2338,717.21173,1124.8253
2339,704.4648,1127.5914
2340,683.27905,1132.7803
2341,670.04596,1139.638
2342,667.79047,1145.954
2343,667.36194,1149.6068
2344,659.62506,1149.6759
2345,645.4536,1147.1316
2346,639.6441,1145.0944
2347,650.2818,1143.9648
2348,663.71625,1140.5049
2349,671.1181,1134.6525
2350,681.37756,1129.2091
2351,692.5531,1125.6572
2352,687.2504,1125.7565
2353,665.0083,1131.1277
2354,644.976,1140.966
2355,637.3313,1151.7426
2356,637.9292,1158.4482
2357,641.31134,1159.259
2358,644.8437,1157.5256
2359,647.59564,1156.6309
2360,650.5349,1155.0483
2361,655.17017,1148.707
2362,661.01733,1138.4955
2363,670.89307,1132.4844
2364,693.9702,1137.7738
2365,728.04877,1151.7976
2366,751.67615,1164.9213
2367,751.06384,1170.2957
2368,736.949,1168.0516
2369,727.494,1161.1921
2370,730.87933,1151.3319
2371,743.49854,1140.8326
2372,752.97003,1135.1884
2373,742.3512,1138.1006
2374,704.8554,1147.2847
2375,659.77405,1158.7189
2376,634.9104,1169.8328
2377,634.0064,1176.4457
2378,643.2837,1177.6176
2379,659.4177,1182.5942
2380,693.7152,1194.2556
2381,747.45325,1185.053
2382,772.56006,1118.2975
2383,689.6656,1011.1817
2384,510.4848,932.48114
2385,373.08316,914.57697
2386,365.31915,930.264
2387,428.39078,954.6197
2388,485.5499,985.20917
2389,528.82544,1018.43054
2390,576.44556,1042.4443
2391,633.38086,1050.1896
2392,679.231,1055.3195
2393,684.49554,1080.959
2394,654.57196,1125.1846
2395,626.69257,1160.1824
2396,618.17914,1171.8234
2397,616.3916,1172.4657
2398,619.811,1170.8055
2399,657.0323,1156.3105
2400,732.7812,1122.6216
2401,779.4636,1092.922
2402,745.0861,1094.7635
2403,681.1024,1118.4249
2404,655.0884,1137.5751
2405,664.6212,1145.0825
2406,680.49677,1146.1489
2407,692.1066,1145.8849
2408,700.43286,1145.8176
2409,705.68304,1143.3867
2410,706.51086,1138.1768
2411,703.0914,1132.4401
2412,698.8131,1126.8613
2413,697.41705,1123.1658
2414,698.1193,1124.5757
2415,697.41205,1130.2183
2416,695.1848,1135.8535
2417,695.2757,1138.2758
2418,702.7833,1132.175
2419,720.0232,1111.2056
2420,739.53375,1082.3047
2421,749.9348,1063.5862
2422,750.5864,1061.363
2423,748.04193,1069.5282
2424,743.3994,1086.7814
2425,728.6735,1115.4248
2426,695.20264,1151.8179
2427,652.02014,1185.0493
2428,623.4171,1200.2395
2429,622.6172,1189.1401
2430,644.30054,1158.2118
2431,675.11615,1121.3892
2432,700.31805,1090.2205
2433,711.95667,1070.003
2434,712.7424,1058.4392
2435,707.6887,1047.2178
2436,699.062,1029.2125
2437,690.74536,1007.66516
2438,688.75934,992.43994
2439,695.22205,985.69684
2440,706.0133,980.6996
2441,714.7466,973.3934
2442,717.7544,966.159
2443,716.9236,962.48065
2444,717.0776,962.74475
2445,719.85614,963.99066
2446,723.33484,963.3874
2447,725.94196,961.2746
2448,727.1375,959.41675
2449,726.8754,958.5313
2450,725.7698,958.2357
2451,724.8898,957.4897
2452,725.49634,955.52515
2453,727.4104,953.0405
2454,728.9754,951.8863
2455,730.11053,953.0782
2456,731.6894,955.06165
2457,732.9847,955.07336
2458,733.48596,952.88354
2459,734.4514,951.042
2460,736.9749,950.5887
2461,740.3413,949.59735
2462,742.59717,946.6625
2463,742.7253,943.1052
2464,741.7428,941.22565
2465,741.4521,941.85443
2466,742.88025,943.81555
2467,745.2447,945.38025
2468,746.3615,946.15546
2469,745.3122,946.6155
2470,743.5964,946.6174
2471,742.5548,946.0735
2472,742.14484,945.553
2473,742.4807,945.7743
2474,743.7843,947.1636
2475,746.01556,949.10345
2476,750.0286,950.5786
2477,756.6927,951.7713
2478,763.8319,953.41156
2479,767.2168,955.2285
2480,766.28296,956.3694
2481,764.4624,956.248
2482,762.6945,953.91956
2483,758.8767,948.66986
2484,753.6657,943.18665
2485,750.42395,942.6665
2486,750.74884,947.5411
2487,754.2978,951.9289
2488,760.66943,952.35254
2489,768.2986,951.8914
2490,773.55365,953.5082
2491,773.9396,956.3551
2492,770.275,959.49725
2493,764.652,962.8598
2494,759.1714,965.4743
2495,755.37286,966.00946
2496,752.0207,964.7744
2497,745.8859,965.3332
2498,737.43066,972.00024
2499,732.3225,984.75604
2500,733.3905,998.6094
2501,735.8524,1007.8166
2502,734.098,1009.8948
2503,727.6855,1006.6189
2504,719.55383,1002.4953
2505,713.3331,1001.0681
2506,711.8777,1002.6058
2507,714.47845,1006.07306
2508,716.97095,1010.07513
2509,715.746,1012.9637
2510,709.8629,1015.3531
2511,702.67755,1019.6566
2512,699.97565,1026.6528
2513,701.3793,1033.9353
2514,699.6719,1037.4923
2515,692.3344,1036.4927
2516,688.7522,1035.3638
2517,700.3741,1038.8219
2518,720.2173,1046.2242
2519,720.7337,1049.4138
2520,685.0242,1038.0808
2521,634.3928,1014.4808
2522,606.65247,993.17487
2523,612.3168,981.2119
2524,632.9956,974.9315
2525,652.45654,971.8081
2526,668.03687,972.64154
2527,679.85376,978.7635
2528,686.363,989.6162
2529,689.7584,1001.3244
2530,694.6057,1009.57587
2531,700.9992,1012.71356
2532,704.8991,1011.71497
2533,703.96375,1008.761
2534,700.45996,1006.3151
2535,698.7107,1006.3798
2536,700.7078,1008.08954
2537,705.06274,1006.78375
2538,709.45703,998.71124
2539,713.0586,986.28564
2540,716.73425,975.83826
2541,720.7434,970.6079
2542,723.62683,968.64667
2543,724.69037,966.7726
2544,725.59735,963.58417
2545,728.2259,959.66254
2546,732.1114,957.3235
2547,735.6317,958.0097
2548,738.274,959.1587
2549,740.30365,957.6507
2550,742.4714,954.82135
2551,745.3453,954.1918
2552,747.88544,957.33264
2553,748.7641,963.0324
2554,748.085,967.74036
2555,747.0245,968.5037
2556,747.05597,966.32605
2557,748.68713,964.08435
2558,751.2374,963.40186
2559,754.53033,964.9062
2560,758.7609,966.8744
2561,762.31586,965.5993
2562,762.9121,960.8465
2563,761.3868,956.12604
2564,760.6059,953.79706
2565,760.88257,954.69
2566,760.4597,958.6505
2567,759.4874,962.65845
2568,759.63635,963.3434
2569,761.2848,961.4082
2570,764.2664,959.1814
2571,768.87604,956.8886
2572,773.6611,955.4484
2573,775.6455,957.409
2574,774.6095,961.6716
2575,773.9946,963.6414
2576,776.7266,961.83136
2577,782.41113,958.49506
2578,788.6274,955.2248
2579,792.97595,952.3418
2580,793.93353,949.9355
2581,791.8024,947.35223
2582,788.9188,943.8963
2583,787.11194,939.87396
2584,785.3116,935.57263
2585,781.11383,930.8268
2586,775.127,926.7964
2587,772.31177,926.3046
2588,776.1828,930.43695
2589,783.8874,936.25586
2590,790.05493,940.6288
2591,791.47845,944.0057
2592,787.11273,947.1106
2593,779.0808,947.72235
2594,773.2007,944.78345
2595,773.80743,941.61053
2596,779.9119,941.27856
2597,787.6958,943.18805
2598,793.2491,945.8239
2599,794.6164,948.2455
2600,793.0109,949.3135
2601,790.098,948.7059
2602,786.4867,947.59436
2603,783.3233,946.85736
2604,781.6688,945.72845
2605,780.94305,943.7398
2606,780.04364,942.70483
2607,778.98755,944.30505
2608,778.19275,947.31586
2609,777.4961,949.2615
2610,777.0778,949.4158
2611,777.5476,948.89246
2612,778.9502,948.3331
2613,781.4068,947.6964
2614,784.9615,947.83136
2615,788.08673,949.0682
2616,788.62164,949.9719
2617,785.4973,949.6956
2618,778.7901,949.58466
2619,768.673,952.2665
2620,755.8303,959.91974
2621,745.85364,972.4169
2622,746.18567,986.59106
2623,752.42786,998.53973
2624,751.45,1007.37665
2625,739.58154,1014.6713
2626,723.487,1021.653
2627,710.2874,1029.9657
2628,703.5501,1040.5491
2629,702.8992,1051.2109
2630,707.094,1060.0924
2631,715.02277,1067.5896
2632,722.7233,1073.3116
2633,721.5398,1074.9083
2634,701.55176,1070.2427
2635,665.2932,1061.4424
2636,633.6321,1053.0227
2637,625.00757,1045.5333
2638,636.7181,1037.7231
2639,653.87646,1030.7671
2640,667.13574,1025.8386
2641,679.6689,1024.6831
2642,698.24475,1033.3783
2643,717.95154,1056.1232
2644,727.16736,1084.67
2645,725.9687,1103.5347
2646,724.4517,1106.4575
2647,727.7993,1099.8561
2648,732.16974,1091.654
2649,731.80804,1084.5183
2650,727.9598,1078.9288
2651,727.635,1075.9767
2652,732.19086,1075.0328
2653,734.8941,1073.3619
2654,731.6551,1070.0183
2655,725.9994,1066.5686
2656,722.5793,1063.899
2657,721.52765,1060.7147
2658,720.3002,1056.0815
2659,717.89484,1052.0142
2660,715.11304,1050.6647
2661,713.36566,1050.3643
2662,714.5944,1048.2655
2663,718.87933,1045.2534
2664,721.29944,1044.9136
2665,716.05597,1049.3782
2666,706.2163,1056.8516
2667,704.7928,1060.2904
2668,720.32513,1051.4365
2669,742.4808,1031.6497
2670,752.59155,1013.63745
2671,745.6291,1008.80994
2672,730.0596,1018.09717
2673,715.72064,1032.8564
2674,707.53424,1042.0552
2675,704.2794,1042.0917
2676,703.757,1038.809
2677,705.8982,1038.4465
2678,708.5712,1036.886
2679,707.48364,1021.47217
2680,702.5371,991.7903
2681,695.239,974.3834
2682,680.7779,999.36456
2683,657.6868,1061.2999
2684,637.95,1121.929
2685,632.6848,1151.3425
2686,641.4922,1148.4274
2687,659.9656,1128.3015
2688,681.61005,1106.7286
2689,697.03357,1091.8364
2690,702.5309,1082.8303
2691,703.19904,1075.9539
2692,704.0497,1070.1764
2693,704.7919,1066.6007
2694,704.0486,1065.2236
2695,702.9451,1064.6725
2696,703.37177,1064.4209
2697,705.6606,1065.0498
2698,709.3376,1066.1042
2699,713.7233,1065.3969
2700,716.5908,1061.8243
2701,715.6967,1057.8762
2702,711.61664,1056.0134
2703,707.306,1055.1211
2704,705.79126,1053.8893
2705,707.24744,1052.8014
2706,709.13367,1052.4979
2707,709.4467,1053.5481
2708,707.6188,1055.5171
2709,704.5175,1056.9198
2710,701.8763,1057.8655
2711,700.52704,1059.9364
2712,701.67676,1063.8438
2713,708.0468,1069.7965
2714,719.6293,1077.2633
2715,730.1388,1082.035
2716,732.788,1079.0347
2717,728.3576,1069.8661
2718,722.7894,1061.5027
2719,719.93835,1058.0475
2720,719.6843,1058.5732
2721,719.717,1060.4653
2722,718.0935,1061.4572
2723,715.4477,1060.7844
2724,714.4219,1059.8755
2725,716.41626,1060.5088
2726,719.4172,1062.6047
2727,720.5949,1064.779
2728,720.367,1066.2267
2729,720.79083,1066.4435
2730,721.8156,1064.6456
2731,722.46625,1061.8976
2732,723.21924,1060.6232
2733,724.4019,1060.7484
2734,724.7501,1059.6417
2735,723.8644,1055.4786
2736,722.7508,1049.3618
2737,721.8744,1044.6365
2738,722.2282,1043.8005
2739,725.0303,1046.1395
2740,728.2949,1049.3279
2741,728.43964,1052.4166
2742,725.54535,1055.5155
2743,722.2927,1057.395
2744,719.0401,1055.8401
2745,715.3286,1051.686
2746,713.3407,1049.5228
2747,714.4973,1051.4623
2748,716.7437,1054.2935
2749,717.70264,1055.031
2750,716.60864,1054.811
2751,714.3331,1055.8661
2752,712.6662,1057.1671
2753,711.6088,1056.3446
2754,709.59985,1055.3424
2755,706.87885,1057.2822
2756,705.7684,1060.6782
2757,707.6216,1063.4557
2758,711.0539,1065.8379
2759,713.61456,1067.4506
2760,714.15405,1067.0646
2761,713.6512,1064.3235
2762,714.0247,1060.6691
2763,715.12445,1058.0424
2764,714.6248,1056.7068
2765,712.0916,1055.903
2766,710.3062,1054.9747
2767,712.0263,1053.6522
2768,717.3969,1053.6594
2769,723.6475,1057.8573
2770,725.558,1064.1028
2771,715.90784,1060.1428
2772,690.8793,1034.1035
2773,660.4721,996.5163
2774,643.2663,972.7177
2775,647.86,969.3289
2776,667.20886,974.35974
2777,682.5754,981.1394
2778,677.5465,988.0914
2779,658.1784,991.1774
2780,644.52466,990.86444
2781,644.9873,993.8541
2782,652.57086,1002.6319
2783,656.7351,1011.05005
2784,654.3429,1012.25616
2785,652.43195,1005.44305
2786,657.8816,994.6964
2787,668.4977,986.61597
2788,676.9089,986.00165
2789,678.8613,990.78253
2790,677.1841,996.00415
2791,677.7651,1000.606
2792,681.97394,1005.57776
2793,686.1658,1010.01794
2794,687.7105,1011.94135
2795,686.85474,1010.1905
2796,683.21735,1005.1207
2797,675.9431,998.89044
2798,667.6913,995.66644
2799,662.9343,999.19037
2800,660.4926,1007.886
2801,652.8071,1016.12024
2802,641.23206,1021.4712
2803,655.0671,1024.9601
2804,725.83966,1024.6838
2805,820.7375,1017.9541
2806,853.04956,1011.1186
2807,784.2973,1016.24207
2808,669.1787,1033.7628
2809,587.6932,1051.5905
2810,562.899,1063.5426
2811,564.14685,1072.9641
2812,566.54425,1080.3304
2813,571.2131,1082.3174
2814,582.69495,1079.5537
2815,595.9016,1075.3275
2816,604.1755,1070.5466
2817,607.65155,1065.1619
2818,609.74457,1060.9915
2819,609.6586,1059.8711
2820,602.4046,1061.4624
2821,590.517,1064.3132
2822,599.2691,1063.9341
2823,658.0537,1053.6466
2824,745.7767,1036.7134
2825,797.7435,1024.5554
2826,784.8232,1018.8511
2827,730.8336,1018.5716
2828,664.0107,1036.5881
2829,607.58746,1083.4436
2830,587.15015,1143.6523
2831,602.4318,1184.3179
2832,622.0672,1187.5598
2833,625.7904,1166.0696
2834,622.9668,1143.5813
2835,632.9188,1133.0283
2836,665.0247,1133.0431
2837,706.79034,1131.1658
2838,734.6487,1116.9542
2839,738.1306,1097.7374
2840,722.36475,1090.0594
2841,702.3731,1097.989
2842,695.49164,1111.7355
2843,704.39355,1122.0988
2844,716.67535,1126.3329
2845,720.6007,1125.3417
2846,713.8371,1121.7942
2847,703.0603,1118.633
2848,696.3822,1117.746
2849,695.16327,1118.8557
2850,695.7589,1119.4956
2851,695.45026,1117.9176
2852,693.58545,1114.6124
2853,691.9704,1110.8501
2854,694.3674,1107.8241
2855,701.6458,1106.4713
2856,710.2503,1106.6932
2857,716.8521,1106.6135
2858,721.1939,1103.7703
2859,724.5545,1097.9679
2860,727.4801,1091.5405
2861,730.11346,1086.1521
2862,733.31885,1081.1788
2863,736.5976,1075.6122
2864,737.4632,1069.9834
2865,735.79297,1065.7448
2866,734.9765,1063.4176
2867,736.8277,1062.6705
2868,738.81757,1063.0449
2869,737.00586,1063.2429
2870,730.1147,1062.8513
2871,721.59064,1063.6233
2872,717.32855,1065.5911
2873,719.4168,1066.3649
2874,723.35504,1064.9418
2875,723.6933,1062.1045
2876,721.0486,1059.3694
2877,720.81085,1058.1404
2878,725.8113,1058.1428
2879,732.6149,1058.4934
2880,735.5343,1059.0624
2881,733.10504,1059.0298
2882,728.1518,1056.8674
2883,723.33374,1053.2697
2884,719.7217,1051.4386
2885,717.2389,1052.9933
2886,715.66205,1056.4486
2887,716.41583,1059.8722
2888,721.02344,1062.5648
2889,727.65533,1064.3411
2890,733.1568,1064.3556
2891,737.53906,1062.2186
2892,740.85,1059.6255
2893,739.0177,1058.1482
2894,731.41675,1057.1478
2895,726.21594,1056.5972
2896,729.5024,1058.1979
2897,737.3721,1061.5532
2898,742.9954,1063.7047
2899,743.7706,1062.7017
2900,740.7537,1058.6423
2901,736.0258,1053.3086
2902,731.8093,1049.6755
2903,729.72766,1048.8663
2904,729.6458,1048.8595
2905,730.02966,1048.6963
2906,729.0984,1050.659
2907,726.63574,1055.7982
2908,724.5722,1060.803
2909,723.91046,1061.8972
2910,724.06946,1059.6885
2911,725.2244,1057.7324
2912,726.7716,1057.7594
2913,726.6078,1058.643
2914,725.0343,1058.4451
2915,724.8955,1056.3606
2916,726.4911,1053.9487
2917,726.1445,1053.1501
2918,721.31573,1053.4594
2919,715.1894,1053.9279
2920,714.5849,1054.6348
2921,721.6909,1054.9918
2922,728.399,1054.838
2923,725.32886,1053.9329
2924,714.63403,1050.4714
2925,705.04626,1046.0436
2926,699.46674,1046.0293
2927,695.42584,1050.969
2928,692.79224,1056.3761
2929,693.21936,1060.7075
2930,695.2654,1065.0176
2931,697.3213,1068.3677
2932,699.12384,1070.2416
2933,694.5634,1073.7893
2934,674.8792,1081.2567
2935,645.6779,1089.1776
2936,625.70294,1092.8435
2937,625.04694,1092.1217
2938,639.3671,1089.3136
2939,661.18066,1084.6855
2940,684.10565,1077.2003
2941,701.6307,1068.2513
2942,710.663,1061.1329
2943,713.83356,1057.1033
2944,715.1421,1055.571
2945,716.90533,1055.9392
2946,721.00714,1056.9261
2947,728.5014,1057.651
2948,736.10443,1058.496
2949,736.88837,1058.6669
2950,728.8846,1056.8616
2951,721.4727,1054.2509
2952,726.4555,1052.4967
2953,738.8766,1049.4949
2954,738.68665,1040.0919
2955,718.98944,1022.8289
2956,696.6108,1002.0775
2957,690.10205,981.069
2958,700.1446,960.4943
2959,713.01245,943.3049
2960,717.2941,933.14404
2961,712.7262,930.9952
2962,705.44165,935.03345
2963,706.25183,940.991
2964,733.13324,945.2312
2965,786.1573,949.15485
2966,819.9543,957.50775
2967,797.9799,970.1658
2968,752.00525,981.214
2969,727.2774,988.10187
2970,724.41724,993.54944
2971,726.31323,998.9947
2972,726.2441,1002.15063
2973,722.6378,1001.26953
2974,714.7677,998.8969
2975,706.2719,998.7638
2976,703.6451,1001.0609
2977,708.8097,1002.33746
2978,716.6291,999.489
2979,721.3786,993.5741
2980,723.27686,988.39624
2981,726.3835,986.08984
2982,731.61914,985.71124
2983,735.4138,985.52826
2984,735.628,985.3078
2985,734.6815,985.96375
2986,734.9277,987.301
2987,735.3194,987.7053
2988,734.83936,986.90393
2989,734.40607,986.2965
2990,734.5456,986.58795
2991,734.9722,987.7036
2992,735.34894,989.3511
2993,735.1119,990.586
2994,733.9204,990.6895
2995,732.3282,990.2102
2996,731.75085,990.5982
2997,733.3242,993.1891
2998,736.34625,997.87524
2999,738.1404,1002.1088
3000,736.01794,1001.9685
3001,730.4386,996.6831
3002,725.2226,990.62524
3003,723.6264,988.32776
3004,725.63354,990.55786
3005,728.9786,994.94946
3006,732.16956,998.22754
3007,735.4592,999.2201
3008,738.6105,999.15234
3009,739.67957,998.66925
3010,736.4752,996.8048
3011,729.8936,993.5581
3012,723.17145,992.1827
3013,715.9978,997.1837
3014,706.8505,1009.1312
3015,699.58356,1022.9723
3016,698.319,1032.5829
3017,700.7195,1036.1615
3018,702.6771,1036.8539
3019,704.12067,1038.3275
3020,706.5688,1042.1046
3021,709.45575,1049.4056
3022,710.81793,1060.5343
3023,709.3309,1072.3579
3024,704.85876,1080.4095
3025,697.5071,1084.0363
3026,688.5219,1087.8403
3027,681.20416,1096.4961
3028,676.44574,1109.7227
3029,669.9111,1123.7408
3030,662.16644,1134.2411
3031,673.7451,1134.5258
3032,725.3892,1117.0643
3033,790.31433,1086.1439
3034,816.04767,1059.1632
3035,798.19104,1046.6475
3036,772.6154,1044.4835
3037,757.7523,1047.0562
3038,750.2571,1054.4393
3039,746.3326,1066.8553
3040,741.8107,1082.3207
3041,732.56494,1102.5944
3042,723.9492,1129.3894
3043,720.3528,1154.2078
3044,714.13153,1167.2378
3045,702.50024,1170.6593
3046,693.7398,1172.0226
3047,690.57434,1173.4535
3048,686.46484,1172.1389
3049,676.24585,1165.6199
3050,662.9547,1155.8492
3051,653.3621,1147.9329
3052,646.2546,1144.4984
3053,633.6616,1144.6985
3054,617.21277,1147.5171
3055,608.98395,1151.2944
3056,613.8371,1151.4424
3057,625.944,1145.3866
3058,639.1854,1137.8291
3059,649.35767,1133.8347
3060,653.031,1132.714
3061,651.34174,1132.3928
3062,650.59674,1131.2938
3063,655.67346,1127.3772
3064,664.58704,1121.803
3065,672.3536,1118.7661
3066,677.96643,1118.7487
3067,683.2664,1117.4646
3068,688.4458,1111.9296
3069,692.90436,1103.6704
3070,697.2101,1096.0929
3071,701.8487,1090.4381
3072,705.62634,1085.7292
3073,707.20184,1082.4565
3074,708.36816,1082.2307
3075,712.751,1083.2179
3076,720.52167,1081.6938
3077,727.21484,1077.5583
3078,729.11053,1073.5463
3079,728.34607,1072.012
3080,729.2142,1073.5072
3081,731.5574,1075.3687
3082,732.73175,1074.4436
3083,732.3594,1071.1141
3084,731.5865,1068.3356
3085,730.4412,1069.3846
3086,727.8092,1074.5974
3087,723.79663,1079.3987
3088,720.56665,1079.9354
3089,719.9104,1077.9325
3090,721.0305,1077.3003
3091,721.3929,1078.9674
3092,720.65826,1080.5844
3093,722.5668,1081.344
3094,729.135,1083.3027
3095,735.28406,1086.1158
3096,734.5619,1086.4359
3097,728.10596,1083.3419
3098,723.5212,1079.8362
3099,725.65533,1079.8231
3100,731.55444,1084.155
3101,734.97797,1088.6283
3102,732.94006,1089.0857
3103,727.4976,1087.2783
3104,723.5359,1086.6
3105,723.7662,1086.2406
3106,726.5397,1084.4386
3107,729.43146,1082.7435
3108,731.0793,1082.9636
3109,730.6443,1083.1323
3110,728.7286,1080.6438
3111,726.83734,1076.8169
3112,726.1641,1074.3948
3113,727.52856,1073.6066
3114,730.43866,1073.0978
3115,732.77716,1071.884
3116,732.655,1069.4946
3117,730.2101,1065.7548
3118,726.73535,1061.4172
3119,722.86334,1058.509
3120,719.55334,1058.6776
3121,719.03375,1061.4464
3122,722.08563,1064.891
3123,725.9429,1066.9841
3124,727.059,1066.2571
3125,724.9704,1063.2623
3126,722.27124,1060.341
3127,721.45746,1058.273
3128,722.30896,1055.4028
3129,722.93256,1050.9404
3130,722.74365,1046.693
3131,722.28345,1044.4518
3132,721.6987,1044.2906
3133,721.892,1045.9591
3134,724.28357,1048.757
3135,728.5166,1050.5176
3136,732.76965,1049.3511
3137,734.765,1046.4049
3138,733.5366,1045.2994
3139,733.1283,1047.7312
3140,742.5366,1050.4337
3141,766.6076,1047.6057
3142,794.01245,1036.924
3143,803.175,1026.702
3144,785.80536,1032.0859
3145,757.17096,1051.9974
3146,736.1105,1065.5886
3147,723.12946,1063.3567
3148,711.75745,1056.1865
3149,702.6944,1051.796
3150,693.5005,1046.1487
3151,678.5055,1036.7638
3152,662.1713,1028.9894
3153,655.2101,1026.4386
3154,654.7162,1028.7118
3155,643.50635,1039.8525
3156,624.338,1059.5007
3157,627.3699,1075.3243
3158,663.8285,1080.8048
3159,706.1531,1079.4941
3160,723.81177,1072.2019
3161,716.03546,1060.9741
3162,703.71594,1054.7191
3163,699.58514,1058.9496
3164,700.09,1069.1993
3165,703.5168,1078.2258
3166,717.23816,1084.7808
3167,743.60364,1096.9548
3168,772.7835,1123.4474
3169,789.66693,1155.6022
3170,782.7984,1172.821
3171,752.5724,1169.0114
3172,710.87476,1154.8525
3173,674.35236,1140.9331
3174,655.6342,1131.7413
3175,652.67474,1127.4296
3176,652.25775,1128.2944
3177,646.19446,1136.4558
3178,644.3354,1143.0964
3179,677.34784,1118.1152
3180,770.23944,1039.601
3181,894.9255,935.64233
3182,978.238,859.36566
3183,984.06573,832.1575
3184,942.4083,849.6128
3185,883.5155,905.5277
3186,806.8157,972.2246
3187,718.4145,1005.6335
3188,665.25195,991.9585
3189,703.37274,953.3399
3190,807.18195,921.87915
3191,882.7404,922.7448
3192,892.9963,955.21027
3193,876.2732,996.42664
3194,866.34076,1028.2266
3195,866.17596,1046.3823
3196,867.2818,1053.6525
3197,863.0658,1054.0374
3198,852.88086,1051.8247
3199,841.52795,1050.2726
3200,838.4736,1046.4456
3201,851.263,1034.2543
3202,873.4421,1017.49365
3203,888.5561,1008.5241
3204,887.9776,1013.2138
3205,875.1362,1025.2329
3206,849.24066,1028.3373
3207,787.95404,1017.62726
3208,678.6302,1022.0902
3209,570.32697,1061.8588
3210,523.4966,1101.4375
3211,522.37537,1098.9388
3212,526.37573,1062.5449
3213,561.8607,1022.5126
3214,668.4952,991.7147
3215,801.2767,968.6969
3216,880.4101,942.81555
3217,884.58734,902.35333
3218,811.7391,856.0986
3219,649.61,830.5905
3220,447.65628,843.45447
3221,311.7388,883.14966
3222,295.94995,922.17334
3223,367.8441,951.44934
3224,470.46307,978.7003
3225,558.32104,1001.7817
3226,608.5513,1013.2876
3227,633.4375,1019.42615
3228,652.3688,1029.0387
3229,663.3208,1034.8947
3230,656.9712,1028.0095
3231,638.79596,1023.3772
3232,625.7914,1044.0695
3233,625.64465,1084.81
3234,631.3132,1122.3151
3235,635.2589,1147.004
3236,636.5781,1162.2963
3237,632.7673,1174.9456
3238,625.3016,1193.2811
3239,640.6115,1212.3932
3240,715.703,1201.1069
3241,855.2247,1134.0354
3242,1014.4043,1038.9423
3243,1127.5718,972.9861
3244,1157.6112,956.2686
3245,1112.264,965.5813
3246,1037.4219,974.81665
3247,992.9417,973.26276
3248,986.535,963.8701
3249,975.06134,958.7152
3250,954.6666,959.04504
3251,967.588,943.99805
3252,1011.21387,904.3955
3253,1015.4663,872.73615
3254,937.3348,898.5865
3255,822.7045,995.6321
3256,742.59344,1113.8142
3257,715.3967,1188.0282
3258,713.55396,1209.7544
3259,712.2555,1213.2445
3260,710.80927,1220.8154
3261,718.5163,1231.7363
3262,735.33673,1234.151
3263,750.3137,1219.7313
3264,756.6464,1197.0864
3265,759.9449,1184.7964
3266,766.9464,1192.0388
3267,773.0327,1207.2162
3268,770.58276,1213.2855
3269,765.6665,1211.8606
3270,771.535,1195.8387
3271,785.10864,1121.7156
3272,785.6317,978.958
3273,768.10596,842.23193
3274,756.4263,785.2798
3275,766.19666,803.65906
3276,783.72504,854.9596
3277,784.3549,906.89667
3278,758.2713,941.5949
3279,734.4134,961.25653
3280,752.6803,983.6602
3281,797.3342,1016.5976
3282,816.31244,1050.8138
3283,799.2999,1074.289
3284,776.19086,1083.1442
3285,766.7634,1083.9337
3286,770.98517,1084.3064
3287,780.1701,1085.5105
3288,779.9731,1085.6808
3289,759.2041,1081.5109
3290,723.55597,1071.4342
3291,691.0535,1059.7928
3292,676.33105,1051.6685
3293,694.5711,1047.673
3294,757.88275,1046.3821
3295,839.48035,1044.6488
3296,877.94995,1037.0117
3297,837.6685,1030.3959
3298,743.8005,1050.1786
3299,663.93463,1102.7544
3300,647.7384,1157.8694
3301,681.5231,1194.247
3302,720.8031,1214.2073
3303,731.3603,1194.365
3304,682.4614,1087.3025
3305,566.73645,910.68634
3306,435.09256,762.52545
3307,354.66364,704.37164
3308,363.87103,710.794
3309,470.83337,739.4494
3310,624.0085,775.1887
3311,744.3065,819.91864
3312,809.3552,868.3689
3313,844.6829,902.14984
3314,886.24005,919.17365
3315,946.7417,935.1992
3316,984.0507,951.59564
3317,963.32526,956.57495
3318,922.9485,944.13904
3319,917.56085,918.42474
3320,926.9083,900.6674
3321,881.06616,920.45746
3322,776.4254,974.43005
3323,687.8538,1013.5183
3324,660.36426,994.8002
3325,667.80396,932.63385
3326,668.18536,880.0331
3327,649.1339,867.67224
3328,632.5088,884.1906
3329,645.9889,907.61597
3330,682.38727,925.756
3331,706.0299,932.33655
3332,702.1274,928.0767
3333,694.1284,921.42926
3334,711.6926,919.0353
3335,762.94434,926.15814
3336,838.98334,951.56006
3337,910.2577,992.4323
3338,920.9097,1026.0275
3339,840.48303,1029.6549
3340,719.7161,1002.5324
3341,643.91705,969.1175
3342,637.7673,956.8892
3343,660.77606,966.5211
3344,673.9561,973.2601
3345,674.674,961.2257
3346,684.1644,944.2532
3347,713.47284,948.13684
3348,739.23,992.84174
3349,727.74567,1082.4092
3350,683.98755,1179.489
3351,650.8137,1222.9113
3352,666.63617,1194.1249
3353,734.41205,1129.3228
3354,812.16223,1072.5901
3355,848.5573,1042.7502
3356,836.3093,1034.7577
3357,806.8704,1037.6854
3358,787.6812,1045.137
3359,785.10504,1053.5347
3360,796.7539,1060.1703
3361,821.31714,1065.5106
3362,848.4806,1071.6912
3363,860.74835,1077.0249
3364,856.18555,1078.475
3365,847.4886,1077.6952
3366,841.3224,1078.5474
3367,835.82214,1082.0297
3368,828.1971,1087.1772
3369,813.9524,1097.3722
3370,783.07544,1119.9906
3371,730.22015,1148.1306
3372,685.43036,1151.6816
3373,693.6963,1108.3232
3374,735.3266,1038.9375
3375,750.8418,986.9879
3376,743.42303,968.69025
3377,756.6847,968.9931
3378,784.18353,969.4141
3379,780.3014,961.117
3380,735.815,946.79095
3381,690.39923,936.2565
3382,682.3752,936.7684
3383,717.00415,946.386
3384,764.7502,952.8476
3385,784.31384,945.32227
3386,778.13495,933.90875
3387,792.6288,938.92004
3388,825.5943,946.78876
3389,806.29065,912.363
3390,706.0628,830.7574
3391,586.0766,755.7412
3392,509.92383,725.3089
3393,481.81647,726.4006
3394,478.29434,734.7154
3395,483.53668,739.99445
3396,497.4356,735.8508
3397,527.0134,714.4372
3398,565.7405,680.61993
3399,618.3832,665.65497
3400,723.7639,715.6882
3401,872.0117,842.5912
3402,969.33685,983.2473
3403,965.7257,1057.7152
3404,920.4952,1061.9545
3405,903.1626,1047.7178
3406,915.55176,1045.266
3407,923.467,1050.697
3408,910.47406,1053.4764
3409,885.93066,1049.3668
3410,862.60986,1046.2828
3411,842.4303,1066.6554
3412,824.75806,1121.9713
3413,813.307,1183.9974
3414,808.0862,1213.8055
3415,805.2412,1211.1553
3416,803.9875,1202.4148
3417,804.3509,1201.363
3418,803.3658,1205.4895
3419,798.1916,1209.901
3420,788.373,1212.2352
3421,772.8534,1213.4324
3422,752.0974,1217.6389
3423,737.91187,1222.9276
3424,756.20184,1207.1144
3425,811.83575,1145.4237
3426,846.38776,1055.3188
3427,803.8614,983.81366
3428,727.12506,952.0175
3429,694.1975,961.3277
3430,712.0097,1017.3716
3431,740.07886,1101.4102
3432,754.8319,1168.2626
3433,758.5022,1197.8492
3434,758.1099,1207.9917
3435,756.1074,1216.7936
3436,754.53107,1223.6815
3437,755.20245,1222.5066
3438,757.12463,1214.994
3439,756.75024,1210.2477
3440,751.38855,1215.0767
3441,744.7167,1226.0615
3442,744.8031,1233.8914
3443,755.87305,1234.414
3444,775.2694,1230.7086
3445,793.3389,1226.2303
3446,798.8765,1221.5134
3447,790.99713,1215.9073
3448,779.37384,1208.5736
3449,771.45496,1200.4109
3450,765.3426,1194.1936
3451,755.1365,1189.7935
3452,740.0519,1185.293
3453,726.2247,1182.3109
3454,719.35736,1182.3269
3455,718.5448,1182.5251
3456,719.24854,1180.616
3457,718.96924,1178.58
3458,717.3269,1180.5836
3459,713.894,1189.0524
3460,709.3343,1199.9456
3461,706.1251,1205.2803
3462,706.05597,1203.9893
3463,708.1644,1201.9279
3464,709.06287,1201.3596
3465,706.8146,1200.6228
3466,703.89087,1200.3645
3467,702.86035,1202.1001
3468,702.39075,1205.1696
3469,700.1514,1208.4122
3470,696.10016,1210.9243
3471,691.7768,1211.4922
3472,687.7455,1209.5239
3473,683.7035,1206.1565
3474,680.6527,1202.8464
3475,678.73926,1199.0458
3476,674.2668,1193.8202
3477,664.34686,1188.7279
3478,654.0339,1187.4697
3479,653.1712,1192.5951
3480,664.5165,1201.498
3481,678.5901,1207.4857
3482,681.1266,1206.2986
3483,667.07996,1198.564
3484,652.4201,1184.7961
3485,669.2228,1161.8137
3486,734.7882,1127.192
3487,821.6743,1086.9644
3488,879.19617,1055.2777
3489,889.1387,1042.1294
3490,873.73596,1043.7605
3491,855.52765,1048.6389
3492,840.517,1049.2639
3493,831.71796,1047.5922
3494,832.9764,1050.4669
3495,840.4915,1056.6716
3496,846.6953,1055.7888
3497,849.056,1046.3062
3498,848.95215,1039.2107
3499,856.2419,1037.8369
3500,885.53326,1032.329
3501,929.2072,1017.7495
3502,953.1158,1002.21436
3503,924.80347,996.24524
3504,838.28687,1012.72766
3505,728.84753,1066.148
3506,652.4763,1140.33
3507,636.76965,1186.5208
3508,683.81177,1175.7681
3509,791.6205,1120.9791
3510,915.9757,1058.6683
3511,980.0382,1019.35425
3512,969.942,998.6734
3513,948.2171,971.2726
3514,958.96136,934.16406
3515,963.65594,927.73334
3516,898.4735,997.56445
3517,786.83655,1117.1881
3518,715.71484,1205.4691
3519,714.49854,1235.2378
3520,745.75726,1236.69
3521,756.6531,1199.5885
3522,688.52856,1075.8103
3523,528.3294,892.8334
3524,365.83157,755.07874
3525,302.91516,709.0952
3526,328.84982,711.5703
3527,365.62558,715.1332
3528,375.78778,708.95026
3529,371.34995,701.5499
3530,369.59818,699.00836
3531,372.4893,698.3197
3532,373.19693,694.252
3533,369.8046,686.5506
3534,383.09644,682.2372
3535,454.23004,693.8068
3536,583.90735,728.1031
3537,701.0303,772.3021
3538,759.4083,812.1316
3539,800.6979,858.9355
3540,846.5965,919.4309
3541,840.78375,963.73047
3542,763.1107,967.76263
3543,675.09467,949.7319
3544,623.017,932.7255
3545,598.1963,914.9944
3546,593.42755,895.9348
3547,622.7958,888.73486
3548,677.008,895.32465
3549,730.51776,897.0385
3550,794.6659,877.5843
3551,874.49286,843.0347
3552,912.9673,810.75854
3553,880.0534,788.6837
3554,841.5151,775.3004
3555,857.28735,766.92175
3556,899.4353,759.776
3557,922.4902,753.2059
3558,935.26715,752.7774
3559,945.96454,766.20764
3560,911.1562,791.48096
3561,830.8441,816.5858
3562,788.37,834.7438
3563,814.02045,848.1593
3564,858.6767,866.27856
3565,908.1954,907.97235
3566,972.1072,975.7778
3567,1016.4572,1034.0594
3568,1010.06226,1054.1803
3569,966.8368,1062.9165
3570,907.2214,1103.3323
3571,846.1462,1167.0693
3572,806.37445,1210.0343
3573,795.0265,1216.9957
3574,795.7514,1206.8402
3575,795.31177,1196.2356
3576,791.9843,1190.0875
3577,785.9628,1189.5914
3578,777.8,1194.218
3579,769.62067,1202.6093
3580,761.8751,1213.7826
3581,754.3318,1225.2183
3582,751.9518,1235.7323
3583,764.0904,1250.9059
3584,791.9246,1273.9613
3585,820.67175,1286.5151
3586,839.81354,1248.4799
3587,860.0774,1141.7139
3588,890.4184,1014.5304
3589,923.8765,937.4019
3590,948.859,924.07556
3591,940.0148,952.2817
3592,871.7226,1015.6289
3593,774.86456,1095.786
3594,716.9194,1149.1056
3595,713.27466,1160.2247
3596,727.1353,1153.541
3597,734.15436,1150.0232
3598,736.2178,1150.7361
3599,740.15,1150.3228
3600,745.5535,1147.6964
3601,746.6282,1146.2216
3602,742.79865,1146.8134
3603,738.7052,1146.2048
3604,734.2591,1144.0356
3605,728.22675,1143.681
3606,724.3548,1145.6547
3607,723.8148,1148.1688
3608,722.8233,1150.6063
3609,721.8542,1150.6469
3610,726.20746,1144.9231
3611,733.97864,1135.379
3612,735.746,1127.951
3613,730.25446,1125.1035
3614,724.1012,1124.9552
3615,718.6506,1125.9131
3616,717.9828,1125.5585
3617,737.04614,1117.5542
3618,778.064,1100.3992
3619,814.9064,1083.7084
3620,823.8758,1074.9214
3621,812.785,1071.1343
3622,800.94354,1068.2372
3623,789.04016,1063.1508
3624,769.4536,1051.4766
3625,757.97375,1035.6881
3626,781.81934,1025.9021
3627,826.0787,1027.963
3628,832.4957,1046.91
3629,773.1102,1091.4492
3630,694.6678,1149.639
3631,661.2068,1188.9674
3632,676.9759,1198.1737
3633,702.0377,1192.6962
3634,714.42194,1185.5507
3635,720.1538,1180.2195
3636,725.9929,1176.9404
3637,730.5164,1174.1838
3638,730.337,1170.8972
3639,724.4225,1170.4385
3640,721.69354,1179.5103
3641,732.34033,1197.8654
3642,745.44147,1211.9888
3643,743.60974,1208.4523
3644,732.18225,1190.0287
3645,726.2668,1170.9103
3646,728.76843,1159.5001
3647,734.8303,1151.8351
3648,739.8442,1140.4058
3649,740.1601,1123.3389
3650,733.8685,1106.0345
3651,722.6606,1096.5049
3652,712.70776,1098.9917
3653,709.94385,1112.4177
3654,711.86383,1131.849
3655,710.46356,1151.7852
3656,704.8587,1166.8547
3657,700.9246,1170.9574
3658,700.28503,1167.4218
3659,703.03345,1170.562
3660,715.2865,1185.2853
3661,739.24335,1200.1251
3662,761.8776,1203.5767
3663,763.7971,1196.2164
3664,740.88135,1187.2986
3665,710.5814,1183.9255
3666,690.57214,1185.4047
3667,682.9106,1185.313
3668,682.63245,1177.7355
3669,688.35895,1164.9021
3670,699.4228,1154.8868
3671,710.6,1154.5121
3672,718.1654,1168.9498
3673,724.7131,1194.1959
3674,730.02295,1205.0942
3675,716.38763,1165.8029
3676,662.28516,1071.2788
3677,588.7903,972.4946
3678,547.74054,927.7233
3679,550.11285,941.605
3680,563.867,981.4479
3681,571.6204,1021.72217
3682,587.27924,1051.8901
3683,629.51935,1067.884
3684,692.01764,1068.7407
3685,725.5314,1064.6202
3686,675.2832,1077.9287
3687,577.0808,1104.8573
3688,519.2303,1105.1384
3689,487.11496,1061.4795
3690,419.6699,1000.12866
3691,351.52853,950.9988
3692,343.16205,924.8704
3693,391.68866,915.99945
3694,472.20425,911.3986
3695,570.523,900.6351
3696,658.03326,887.9911
3697,703.0717,890.7429
3698,727.2968,914.9609
3699,769.8274,946.66
3700,797.5586,965.221
3701,764.593,960.2906
3702,708.98615,943.2991
3703,682.1037,935.7275
3704,673.56525,947.97327
3705,663.4901,975.52515
3706,669.9912,1007.2641
3707,718.56244,1034.8961
3708,792.2009,1057.2542
3709,838.1004,1076.2457
3710,825.4794,1091.25
3711,775.98517,1100.863
3712,732.44165,1107.1028
3713,710.4185,1113.1592
3714,695.00037,1118.7327
3715,676.8522,1120.3162
3716,664.46106,1116.2896
3717,664.4107,1109.6256
3718,676.5648,1103.6106
3719,701.0682,1098.6271
3720,730.14575,1095.8846
3721,752.62213,1096.1136
3722,770.92456,1093.5411
3723,788.4806,1083.8278
3724,795.9087,1073.0519
3725,787.50385,1068.4658
3726,773.6338,1069.0134
3727,776.2684,1066.8317
3728,811.18274,1053.9023
3729,863.0392,1031.7495
3730,900.5518,1013.3433
3731,905.6425,1016.342
3732,863.1357,1048.7888
3733,781.95013,1087.7749
3734,722.4182,1099.6296
3735,726.0044,1086.8165
3736,752.0972,1075.1888
3737,736.594,1075.4857
3738,679.43506,1082.183
3739,634.6367,1086.4559
3740,639.37427,1084.7261
3741,687.9499,1080.3958
3742,745.7251,1077.2587
3743,774.4813,1076.241
3744,765.26935,1078.6628
3745,740.7492,1084.5488
3746,724.1909,1089.6302
3747,718.4076,1090.8477
3748,715.38354,1087.7278
3749,718.1873,1077.0575
3750,739.1942,1058.0405
3751,774.88403,1039.573
3752,809.2092,1027.9205
3753,840.89185,1015.7764
3754,870.77936,998.82574
3755,874.74274,987.78296
3756,829.1664,992.5923
3757,758.2996,1005.645
3758,719.6059,996.4733
3759,737.06726,931.145
3760,778.3781,824.94257
3761,799.0666,746.85815
3762,788.43787,739.77295
3763,766.2952,780.5517
3764,748.7005,829.1333
3765,735.51483,868.17017
3766,725.73584,895.0875
3767,725.114,907.1119
3768,735.55524,899.6922
3769,750.15674,874.81085
3770,763.2636,846.8952
3771,775.1286,832.14355
3772,783.4163,833.23096
3773,782.9963,841.61505
3774,777.8917,849.67584
3775,780.24506,857.925
3776,794.0612,870.92706
3777,809.0586,884.4853
3778,813.44934,888.2158
3779,806.76294,883.0475
3780,797.3977,879.99194
3781,793.6173,882.07
3782,800.1528,880.0642
3783,816.0175,867.56384
3784,831.8079,852.2528
3785,839.1418,846.06067
3786,841.3941,851.6301
3787,842.61945,864.81573
3788,837.9096,879.88196
3789,828.95886,890.56
3790,830.49316,902.859
3791,840.28687,944.54706
3792,824.8884,1031.9458
3793,770.6402,1129.9026
3794,710.7331,1184.5795
3795,669.8235,1186.0833
3796,645.6406,1163.4203
3797,645.9296,1140.7302
3798,678.42535,1124.8517
3799,723.25494,1115.1504
3800,751.8926,1108.1418
3801,757.37415,1100.6141
3802,752.8794,1093.597
3803,754.6845,1091.035
3804,770.6583,1095.4458
3805,794.43713,1103.3289
3806,818.0252,1105.1293
3807,844.92267,1094.3373
3808,864.5076,1074.4725
3809,839.0515,1052.6586
3810,760.73425,1033.4347
3811,693.4153,1023.9553
3812,703.8809,1030.8843
3813,770.67773,1047.208
3814,820.84906,1057.5966
3815,832.83594,1054.3591
3816,838.9647,1038.1621
3817,856.82214,1016.0239
3818,871.9094,1001.6692
3819,867.71954,1009.0272
3820,844.3151,1044.175
3821,815.37506,1093.427
3822,787.54395,1126.0889
3823,748.6838,1125.3313
3824,697.6327,1102.3601
3825,658.38635,1071.1414
3826,644.17316,1032.101
3827,646.889,996.58746
3828,666.367,995.2857
3829,709.8745,1036.5889
3830,762.09863,1088.2231
3831,793.13153,1116.216
3832,797.17755,1117.5273
3833,792.226,1109.6213
3834,790.84357,1106.961
3835,792.322,1112.3075
3836,792.28015,1119.7192
3837,791.6627,1122.9435
3838,793.6354,1120.0302
3839,786.2566,1106.3916
3840,748.9647,1082.2653
3841,691.9496,1070.37
3842,654.0407,1087.4991
3843,650.7631,1112.9999
3844,663.6341,1121.4011
3845,675.6048,1105.6312
3846,685.36804,1063.1604
3847,693.7051,1007.6276
3848,696.511,972.357
3849,696.45734,979.37915
3850,705.85364,1024.6963
3851,725.61237,1080.3385
3852,736.8478,1113.5623
3853,726.2233,1121.3064
3854,706.0525,1120.5808
3855,696.72705,1110.4181
3856,701.4408,1078.1416
3857,709.8689,1033.892
3858,714.177,1005.47723
3859,712.4422,1000.94073
3860,705.235,1004.4244
3861,698.28217,1004.42303
3862,709.2083,1005.17395
3863,753.2255,1013.0898
3864,810.58685,1024.3513
3865,838.25024,1030.661
3866,823.9329,1030.6149
3867,796.4428,1028.9424
3868,782.9904,1028.4567
3869,776.4816,1026.8546
3870,750.4865,1021.8785
3871,706.3588,1017.40326
3872,685.03784,1018.82446
3873,717.48303,1024.1008
3874,782.3138,1026.9624
3875,829.89996,1029.1938
3876,829.9207,1043.3005
3877,783.6714,1075.5
3878,720.62823,1109.3833
3879,680.4101,1119.0254
3880,674.475,1097.5741
3881,683.4988,1064.6901
3882,689.8906,1044.5328
3883,692.8428,1044.1636
3884,699.8328,1057.6486
3885,714.32965,1076.1492
3886,737.11676,1093.9735
3887,770.672,1114.7394
3888,805.15173,1138.9863
3889,819.4427,1152.5541
3890,813.7271,1140.5679
3891,812.6508,1102.4172
3892,828.5964,1054.8691
3893,849.2053,1019.884
3894,859.9523,1004.82916
3895,860.12726,1002.50726
3896,859.86664,1002.426
3897,868.6771,997.4798
3898,885.51337,989.68585
3899,899.2141,986.3242
3900,890.83215,987.6068
3901,842.4442,986.20197
3902,766.2893,979.49835
3903,705.5681,975.1218
3904,687.5197,986.8453
3905,703.5315,1024.0477
3906,730.0856,1073.339
3907,744.0999,1104.3319
3908,733.6634,1106.1572
3909,707.67255,1093.4468
3910,684.84753,1073.313
3911,673.39746,1038.105
3912,672.1209,996.9369
3913,680.3287,985.74915
3914,690.9831,1023.5133
3915,679.4115,1066.2003
3916,618.532,1046.5094
3917,520.82764,970.5538
3918,443.8551,912.7444
3919,435.64584,914.4455
3920,482.02448,946.97815
3921,519.0117,961.22723
3922,510.1666,941.9699
3923,479.33124,909.2235
3924,466.46408,886.7469
3925,508.41486,900.2498
3926,618.5079,970.1337
3927,740.12256,1066.7141
3928,798.50146,1125.855
3929,796.6369,1128.5376
3930,783.0075,1108.8157
3931,774.4428,1096.3259
3932,764.61365,1094.3126
3933,753.5745,1093.6212
3934,746.49915,1087.8093
3935,747.6636,1078.3782
3936,744.2759,1064.3678
3937,695.88074,1036.7091
3938,589.5109,998.225
3939,496.0789,972.214
3940,491.3592,973.5306
3941,550.8247,991.7926
3942,603.60706,1010.4538
3943,636.18427,1021.6037
3944,675.88385,1023.1969
3945,707.4538,1017.3458
3946,682.9345,1009.5512
3947,632.1589,1005.11475
3948,655.0172,1006.2826
3949,769.70874,1009.93646
3950,893.524,1016.65533
3951,958.6529,1036.6162
3952,949.3823,1063.749
3953,885.9166,1071.614
3954,810.97736,1054.9036
3955,756.3441,1036.6055
3956,728.318,1035.2739
3957,719.1859,1050.6749
3958,719.1876,1071.2758
3959,725.27155,1084.575
3960,736.5911,1083.7251
3961,746.09644,1071.3008
3962,748.1398,1056.2844
3963,746.40894,1045.3765
3964,745.1846,1040.2845
3965,739.5865,1040.5947
3966,723.93475,1045.1577
3967,710.2319,1051.8175
3968,719.3348,1057.8997
3969,746.8483,1061.3828
3970,767.1064,1061.1414
3971,770.29144,1058.32
3972,764.2019,1057.0859
3973,753.8169,1060.9685
3974,742.18256,1070.5295
3975,731.8327,1087.553
3976,718.1739,1115.5923
3977,700.4912,1146.5446
3978,694.08905,1154.2046
3979,712.892,1120.131
3980,744.2807,1065.2028
3981,757.4742,1032.9347
3982,738.5257,1038.7418
3983,706.6123,1058.0815
3984,690.83887,1063.0414
3985,697.80347,1052.2245
3986,715.25934,1042.2582
3987,735.83594,1041.8584
3988,755.2368,1045.702
3989,765.15027,1047.2606
3990,764.0508,1046.2224
3991,759.26086,1045.3837
3992,758.38184,1045.8728
3993,765.9567,1046.3503
3994,779.56506,1045.968
3995,791.6763,1044.4912
3996,800.37164,1039.842
3997,807.8387,1031.9077
3998,809.9555,1024.362
3999,800.1548,1018.17114
4000,782.42914,1011.9658
4001,769.5926,1007.8697
4002,768.9089,1009.6148
4003,778.63245,1016.9304
4004,794.7463,1022.9959
4005,811.6553,1022.65845
4006,819.7044,1022.4363
4007,814.48596,1027.858
4008,805.5591,1031.8502
4009,803.3087,1028.9917
4010,806.5878,1023.4466
4011,809.671,1019.9215
4012,810.4992,1019.24713
4013,810.97107,1020.46
4014,815.04425,1021.38116
4015,825.3716,1018.8663
4016,838.24603,1012.6475
4017,846.3295,1007.14716
4018,848.0864,1006.3852
4019,847.67957,1009.2545
4020,847.2293,1012.18634
4021,844.0672,1015.12665
4022,833.10004,1020.57764
4023,810.2129,1025.4637
4024,776.2628,1022.45123
4025,741.9366,1012.5109
4026,722.5589,1003.2473
4027,723.16156,994.1929
4028,734.78546,984.1993
4029,742.80273,986.1534
4030,739.1365,1002.85455
4031,729.6757,1011.7465
4032,725.08795,1002.4755
4033,729.2535,991.16473
4034,739.19226,989.9351
4035,749.54584,995.6325
4036,758.2979,1002.9887
4037,767.9819,1011.54767
4038,776.6959,1020.96216
4039,776.86755,1028.792
4040,768.3663,1034.2822
4041,759.1577,1037.6708
4042,753.0226,1037.9642
4043,748.892,1034.5493
4044,747.1286,1028.4048
4045,751.38586,1022.7242
4046,765.77356,1021.6767
4047,785.6877,1025.0518
4048,798.5656,1028.2123
4049,800.0053,1028.8939
4050,797.9377,1028.4719
4051,801.9675,1028.5804
4052,815.3177,1029.3849
4053,832.54944,1028.5233
4054,844.1498,1024.3665
4055,838.59985,1022.2884
4056,805.8857,1029.8242
4057,758.1239,1043.3008
4058,726.36066,1051.0219
4059,721.1765,1050.8143
4060,726.9913,1051.0123
4061,731.6556,1054.7852
4062,734.5581,1056.4232
4063,735.9202,1053.3417
4064,733.2114,1050.0396
4065,725.75555,1049.0997
4066,716.8713,1048.3021
4067,711.35596,1046.7441
4068,714.8888,1047.4407
4069,730.2773,1053.2899
4070,750.4849,1062.0966
4071,766.28723,1069.2306
4072,778.02765,1074.7635
4073,787.36273,1081.6436
4074,789.82745,1089.0938
4075,783.17194,1092.7875
4076,769.76385,1090.2372
4077,753.45496,1084.4236
4078,741.27893,1079.2993
4079,744.6794,1072.9967
4080,772.89874,1062.0066
4081,815.0349,1049.8928
4082,839.40704,1045.3617
4083,827.18494,1051.564
4084,794.5005,1058.2917
4085,770.9257,1050.8306
4086,765.6858,1030.6134
4087,766.66864,1013.6564
4088,765.0033,1008.897
4089,764.65204,1015.6803
4090,771.0584,1031.8063
4091,779.8279,1048.4655
4092,781.59595,1053.3805
4093,775.7708,1046.7717
4094,770.0812,1039.75
4095,769.1244,1038.8685
4096,771.32635,1042.5028
4097,773.4541,1046.2795
4098,772.8634,1046.1987
4099,768.29956,1040.2174
4100,761.02966,1029.1655
4101,753.8432,1015.7268
4102,750.3117,1005.5046
4103,756.78265,1011.7982
4104,776.757,1046.0724
4105,795.1472,1093.0956
4106,788.55756,1120.5432
4107,764.2689,1121.0387
4108,754.0826,1112.0594
4109,764.21686,1100.275
4110,773.6518,1078.3506
4111,776.1435,1049.7839
4112,787.0657,1030.6417
4113,812.05896,1026.3422
4114,835.7993,1027.4852
4115,844.6218,1027.8739
4116,834.51697,1031.6083
4117,802.04205,1042.4625
4118,753.4495,1050.5417
4119,706.65674,1040.999
4120,675.13776,1019.61035
4121,662.2785,1004.82227
4122,661.68256,997.8497
4123,663.5229,989.9599
4124,667.6566,982.70123
4125,681.2009,982.6309
4126,703.54974,995.4556
4127,723.311,1023.60736
4128,730.33685,1056.2306
4129,725.23145,1077.2042
4130,717.16724,1085.9487
4131,717.2347,1091.8447
4132,731.3004,1097.1953
4133,751.9341,1099.6161
4134,765.8665,1098.5509
4135,773.6338,1092.7576
4136,786.5288,1081.7167
4137,807.5856,1071.5349
4138,828.87213,1068.9235
4139,835.3868,1066.6041
4140,811.9947,1048.6793
4141,769.3528,1017.2889
4142,738.2133,991.94666
4143,724.62085,979.90533
4144,716.3853,976.06036
4145,721.0039,981.0246
4146,754.17816,995.8227
4147,803.53644,1012.3703
4148,832.2707,1020.5131
4149,822.63086,1019.29645
4150,792.89435,1014.96826
4151,767.20685,1010.90137
4152,753.83856,1007.43256
4153,757.9356,1007.91595
4154,786.38184,1015.80206
4155,827.4051,1027.0938
4156,854.3967,1033.6716
4157,857.8766,1033.746
4158,850.2672,1032.5972
4159,843.88434,1033.5005
4160,843.05005,1032.8688
4161,849.21747,1022.98254
4162,859.409,998.5479
4163,865.6244,965.5265
4164,864.06836,939.3922
4165,859.36163,928.9172
4166,856.4056,928.9612
4167,855.4542,931.9462
4168,856.3322,939.392
4169,859.1416,956.74066
4170,860.6477,979.4764
4171,857.728,995.3063
4172,854.0862,998.24774
4173,857.24994,991.09125
4174,866.73566,979.8233
4175,870.8933,967.21716
4176,862.38806,951.17334
4177,850.02496,935.70935
4178,845.6986,930.5995
4179,848.04626,934.66486
4180,848.2962,937.88385
4181,844.5586,936.82196
4182,842.8835,935.53534
4183,848.7117,939.3594
4184,861.1209,952.3691
4185,873.63947,974.7911
4186,880.7097,1001.50146
4187,882.03235,1021.6009
4188,879.0791,1023.72375
4189,872.9729,1010.9965
4190,867.4027,1000.8121
4191,868.40265,1004.28595
4192,878.9393,1016.8075
4193,893.6694,1024.4503
4194,903.10815,1017.62616
4195,904.496,1005.0125
4196,900.61707,1003.7619
4197,889.18823,1015.33026
4198,865.93774,1026.6176
4199,837.9426,1029.6191
4200,821.4501,1028.3453
4201,823.4251,1029.9552
4202,834.88226,1031.9049
4203,845.106,1024.3152
4204,849.7068,1007.86884
4205,843.2062,994.1503
4206,821.82904,987.76843
4207,794.3337,983.7883
4208,773.9267,980.1774
4209,763.0198,981.3085
4210,756.2049,990.0562
4211,747.1999,1005.85706
4212,729.8517,1028.1761
4213,709.76166,1050.6503
4214,706.08435,1060.6206
4215,720.4523,1056.6687
4216,725.2237,1053.1317
4217,708.69116,1055.114
4218,701.08997,1047.1173
4219,726.8951,1020.60785
4220,765.81946,990.8638
4221,783.5126,974.45795
4222,774.1398,969.8795
4223,756.2539,965.04333
4224,742.8221,951.9203
4225,734.76935,935.59735
4226,735.70233,935.0247
4227,750.7679,965.01917
4228,770.9214,1011.0321
4229,778.8176,1043.0782
4230,772.2257,1054.7343
4231,763.7538,1058.7753
4232,759.51624,1057.5464
4233,753.95557,1045.3868
4234,744.53925,1026.7358
4235,736.49554,1008.97327
4236,733.00543,986.7904
4237,733.45844,958.22003
4238,737.50256,942.2832
4239,743.9559,956.62494
4240,751.1434,988.72546
4241,758.6828,1002.0825
4242,766.3757,972.01465
4243,772.53625,916.3899
4244,773.4652,883.07043
4245,766.3663,901.1832
4246,755.43616,954.5182
4247,751.819,1005.52423
4248,761.50037,1029.6344
4249,775.0398,1023.1106
4250,774.61487,997.6235
4251,754.04364,973.8927
4252,732.9733,973.0746
4253,738.15283,1006.116
4254,764.59283,1058.8329
4255,781.69617,1098.7344
4256,780.61633,1107.9984
4257,780.05554,1095.0491
4258,788.4159,1078.3895
4259,794.96387,1070.8008
4260,793.16675,1073.0887
4261,790.0731,1077.9756
4262,797.6527,1076.4857
4263,819.1171,1063.4248
4264,841.0135,1041.8978
4265,847.706,1019.1513
4266,840.713,1000.12726
4267,834.49713,986.566
4268,840.4468,977.09235
4269,858.18146,969.4338
4270,877.34094,963.11066
4271,887.4098,958.7922
4272,886.19824,957.4963
4273,876.8917,959.5856
4274,859.3252,963.7478
4275,830.1144,970.2821
4276,791.42676,982.3396
4277,757.0166,998.2075
4278,741.53613,1009.69775
4279,743.984,1011.9575
4280,753.06274,1006.9025
4281,760.18066,998.38184
4282,761.9405,988.1855
4283,760.5916,976.17163
4284,762.10425,966.6266
4285,770.9624,967.65955
4286,784.2913,978.1543
4287,793.0725,987.0017
4288,793.6491,985.26874
4289,790.93414,970.78766
4290,789.3506,948.86847
4291,789.19836,928.9883
4292,791.0457,916.42163
4293,796.67175,910.9553
4294,803.8838,910.9049
4295,802.7621,917.08923
4296,783.26166,931.72797
4297,752.3409,951.0279
4298,730.5515,971.3322
4299,724.301,998.8247
4300,720.33057,1032.1842
4301,706.13794,1053.0004
4302,678.84375,1051.5286
4303,646.76624,1041.0638
4304,638.28,1038.6584
4305,683.45123,1044.7452
4306,762.5473,1048.2758
4307,809.16724,1044.4554
4308,786.9281,1037.4803
4309,726.97205,1031.5271
4310,683.15546,1026.9794
4311,683.9873,1023.9169
4312,727.6375,1025.0314
4313,787.726,1030.9255
4314,826.92377,1036.3734
4315,824.8207,1036.0829
4316,785.2843,1030.5929
4317,730.2124,1025.7263
4318,689.1402,1026.9503
4319,675.5818,1034.1958
4320,683.3048,1042.6965
4321,700.68054,1046.2627
4322,701.6866,1042.9657
4323,647.42267,1035.2174
4324,539.9288,1018.0541
4325,438.89282,983.2427
4326,396.73962,938.6988
4327,425.7902,907.9437
4328,505.61615,907.72833
4329,576.65027,929.8238
4330,589.9829,954.5834
4331,570.18555,978.04865
4332,568.2676,1008.19116
4333,596.59235,1045.5033
4334,648.59546,1080.6848
4335,729.81433,1096.3872
4336,838.1239,1068.9847
4337,930.8088,993.68414
4338,957.58685,904.3161
4339,926.76074,840.14386
4340,885.78375,807.14026
4341,858.3586,800.8633
4342,824.407,843.96454
4343,750.06006,952.9657
4344,660.7885,1078.2123
4345,629.10565,1142.9392
4346,661.3346,1139.0302
4347,697.5111,1120.4739
4348,709.82135,1122.3225
4349,714.19385,1139.1184
4350,719.37036,1156.7645
4351,719.92786,1168.2025
4352,717.0664,1172.4227
4353,715.91205,1173.5382
4354,715.9164,1175.2854
4355,715.8825,1177.9642
4356,717.8785,1181.8939
4357,722.5655,1185.4258
4358,724.484,1181.1333
4359,712.4301,1166.4684
4360,680.06555,1156.2588
4361,640.2949,1165.6492
4362,624.231,1177.1876
4363,666.7294,1144.844
4364,774.3661,1047.6821
4365,885.97864,927.38727
4366,913.7117,846.489
4367,850.15576,823.23663
4368,771.564,832.79816
4369,733.0238,847.1922
4370,722.5638,853.4986
4371,709.2156,857.51306
4372,688.0574,873.75604
4373,671.91644,899.74133
4374,664.8795,918.89606
4375,659.63043,927.74695
4376,654.2656,934.7404
4377,660.7874,943.9581
4378,685.8403,950.3112
4379,707.44714,941.55817
4380,700.3602,920.1721
4381,674.36066,910.26117
4382,655.3911,914.21063
4383,654.17944,903.5586
4384,669.5149,872.45233
4385,695.6007,845.30396
4386,719.6755,831.64886
4387,727.8,822.5231
4388,719.3252,814.8647
4389,706.764,810.2439
4390,699.01495,811.7143
4391,693.34186,827.14044
4392,684.8504,855.8476
4393,674.4056,882.4575
4394,664.4703,896.40216
4395,656.84125,900.71844
4396,654.1299,900.2908
4397,655.8413,898.29694
4398,657.45544,898.88824
4399,656.68207,902.3048
4400,656.3276,901.4282
4401,660.3889,888.3775
4402,668.35895,864.9123
4403,674.21014,842.65234
4404,672.7319,829.6033
4405,665.8435,823.37524
4406,660.32355,822.1416
4407,659.6831,829.24805
4408,661.01587,841.5856
4409,660.5545,850.1719
4410,660.5386,856.3882
4411,667.3383,868.7778
4412,679.39404,882.6641
4413,684.2751,885.61676
4414,675.43756,879.52356
4415,661.4141,875.2407
4416,652.6695,875.6024
4417,650.82367,876.8433
4418,653.1782,876.34735
4419,658.4978,874.2428
4420,665.98505,871.8408
4421,671.7784,870.5567
4422,669.88727,870.4494
4423,660.682,869.6954
4424,657.43604,870.1277
4425,678.8205,881.1572
4426,726.67914,908.63007
4427,773.30615,941.60876
4428,788.28986,963.7602
4429,773.3798,976.7424
4430,756.8921,999.7391
4431,762.89575,1042.6803
4432,785.29834,1085.034
4433,791.9952,1092.947
4434,765.0094,1058.042
4435,723.5653,1006.44226
4436,696.0334,969.0491
4437,686.61597,953.6017
4438,682.8683,950.1398
4439,681.032,950.62103
4440,687.8096,952.6645
4441,702.5076,953.9924
4442,713.1589,951.6913
4443,711.3105,945.9306
4444,697.8865,944.2114
4445,679.07874,955.78906
4446,665.1028,977.28595
4447,662.98834,997.34454
4448,667.3693,1017.61743
4449,668.202,1048.9304
4450,666.1472,1087.7875
4451,670.2302,1117.0731
4452,683.22095,1126.8745
4453,699.327,1120.5485
4454,713.54956,1107.593
4455,725.1361,1097.3445
4456,732.4564,1092.7539
4457,731.927,1090.3951
4458,724.8071,1087.3364
4459,717.9513,1083.9662
4460,715.34735,1083.5535
4461,713.1402,1091.0945
4462,704.6773,1106.0742
4463,691.2861,1117.9379
4464,682.24744,1117.4814
4465,681.00665,1108.9757
4466,683.5238,1104.377
4467,691.35547,1110.9734
4468,706.34454,1127.2703
4469,715.76184,1142.8346
4470,711.07043,1143.5267
4471,706.2941,1128.7083
4472,712.40027,1114.3752
4473,721.0025,1110.313
4474,722.73676,1111.6659
4475,718.226,1112.9786
4476,713.25195,1113.5828
4477,712.4582,1113.6094
4478,715.38104,1113.6035
4479,717.44794,1114.5532
4480,715.2876,1115.7035
4481,711.45667,1115.0891
4482,712.75885,1111.8385
4483,721.0825,1106.6389
4484,729.3063,1101.2454
4485,730.86145,1096.2958
4486,727.8051,1089.7245
4487,725.1926,1079.7673
4488,723.145,1068.2502
4489,718.5771,1061.074
4490,710.2025,1065.139
4491,704.73157,1078.9696
4492,725.29047,1087.834
4493,777.8557,1081.7815
4494,806.7502,1077.4065
4495,767.3372,1095.6521
4496,707.47766,1123.2114
4497,687.42865,1131.288
4498,700.1394,1118.4491
4499,718.3977,1103.0851
4500,741.12787,1092.4606
4501,769.60205,1081.423
4502,781.3298,1065.602
4503,754.19836,1044.8945
4504,702.0099,1025.8085
4505,659.92456,1017.9877
4506,642.964,1020.39453
4507,643.04535,1022.27985
4508,652.5159,1020.1931
4509,669.2518,1020.24194
4510,687.7434,1026.1605
4511,697.8451,1038.8577
4512,695.5581,1061.5848
4513,689.67096,1091.8246
4514,690.8024,1114.5173
4515,697.768,1116.4097
4516,700.8066,1103.4575
4517,694.6617,1093.4915
4518,686.6818,1093.705
4519,690.1124,1095.1396
4520,705.6038,1089.5951
4521,721.31445,1080.132
4522,733.61664,1072.0012
4523,747.80023,1066.3693
4524,760.7151,1065.7062
4525,763.2058,1072.1487
4526,756.2853,1079.8864
4527,750.38586,1082.0626
4528,751.2892,1082.5801
4529,753.9216,1090.1807
4530,749.23566,1105.6685
4531,734.3807,1119.8807
4532,714.3289,1122.464
4533,698.53455,1114.2064
4534,696.832,1105.8934
4535,707.4502,1107.5195
4536,717.78345,1120.6288
4537,732.4191,1126.0786
4538,762.5786,1106.4806
4539,779.87683,1089.907
4540,755.5938,1107.5833
4541,720.28864,1137.109
4542,711.0036,1147.5302
4543,720.292,1141.8861
4544,728.618,1133.8475
4545,731.04224,1128.6534
4546,729.72736,1126.0042
4547,726.05164,1124.3342
4548,720.4161,1121.9857
4549,713.2484,1117.3503
4550,705.4231,1109.1832
4551,698.0362,1096.4191
4552,691.23126,1080.7106
4553,684.98615,1067.8698
4554,681.6467,1061.6174
4555,684.0443,1059.9192
4556,688.12396,1060.3545
4557,685.3515,1062.2574
4558,676.86194,1063.0847
4559,674.7993,1059.3296
4560,687.0228,1052.028
4561,706.7141,1047.0485
4562,719.4929,1047.3118
4563,718.79987,1049.6676
4564,710.38245,1051.8749
4565,704.10004,1055.4711
4566,704.76227,1061.5686
4567,710.4492,1069.0941
4568,720.114,1074.855
4569,736.64465,1074.9652
4570,755.883,1068.2926
4571,765.43207,1056.2015
4572,761.4524,1040.9517
4573,750.02716,1026.7009
4574,735.2486,1017.69745
4575,722.5539,1014.49384
4576,719.499,1015.176
4577,721.0755,1019.98785
4578,712.8342,1031.618
4579,694.0928,1050.0433
4580,678.3039,1069.9817
4581,672.55,1084.776
4582,674.11896,1091.2034
4583,678.64996,1091.0436
4584,681.53546,1088.8894
4585,682.6141,1088.0917
4586,696.9952,1088.8518
4587,743.38446,1089.3131
4588,807.138,1088.1833
4589,845.43097,1086.6538
4590,841.3296,1085.8778
4591,817.0911,1083.7458
4592,795.69574,1078.9886
4593,779.74365,1074.4504
4594,764.90173,1070.9708
4595,752.1282,1065.0961
4596,744.9702,1054.3458
4597,747.7985,1038.8754
4598,763.777,1024.0492
4599,784.94037,1029.2593
4600,793.6339,1075.536
4601,784.2526,1143.0193
4602,771.09326,1179.026
4603,767.45636,1167.2753
4604,770.2033,1135.936
4605,770.81067,1110.279
4606,771.5945,1101.2155
4607,779.19684,1108.9595
4608,787.4797,1120.0546
4609,784.51227,1120.1558
4610,773.0676,1109.5515
4611,765.0272,1099.1373
4612,758.2539,1097.7322
4613,739.0704,1107.3066
4614,710.11584,1122.6039
4615,695.0489,1132.9181
4616,708.0937,1130.1493
4617,735.276,1117.8721
4618,751.45337,1108.7161
4619,746.5428,1109.9116
4620,730.9472,1116.8711
4621,720.3362,1121.9459
4622,722.1989,1119.6154
4623,735.82745,1104.9678
4624,757.2618,1081.7018
4625,781.97534,1065.7191
4626,804.71234,1065.8446
4627,819.50525,1072.9585
4628,822.80597,1076.6277
4629,815.7197,1076.7628
4630,803.8099,1076.6667
4631,793.0824,1074.9211
4632,785.2252,1066.8373
4633,777.35004,1054.7007
4634,754.39056,1052.1798
4635,698.8685,1069.6075
4636,634.453,1097.7914
4637,609.74835,1120.5837
4638,625.51276,1136.4976
4639,647.7913,1149.3865
4640,678.8595,1151.7712
4641,745.769,1134.3185
4642,828.7149,1102.0886
4643,869.44684,1071.1885
4644,852.9455,1051.8856
4645,815.48627,1044.8031
4646,785.50256,1049.8989
4647,764.9807,1064.1697
4648,748.2852,1078.3627
4649,734.7948,1089.3466
4650,728.6936,1102.8314
4651,731.11835,1119.4337
4652,736.27747,1134.4628
4653,738.20544,1147.449
4654,736.9151,1158.3497
4655,735.6905,1161.0735
4656,736.75055,1150.4857
4657,739.96576,1133.5034
4658,743.3968,1123.8204
4659,745.86975,1125.0204
4660,748.16016,1129.863
4661,749.8639,1133.4391
4662,747.2773,1136.5564
4663,739.95294,1138.9043
4664,740.9907,1130.4104
4665,772.3221,1096.9264
4666,838.26514,1046.6271
4667,908.3564,1011.5579
4668,941.60016,1010.3039
4669,923.93036,1029.4142
4670,874.05286,1046.0096
4671,820.7482,1053.3378
4672,781.7895,1057.0402
4673,762.0197,1057.5684
4674,760.51953,1047.8741
4675,770.0621,1028.862
4676,774.7898,1019.62994
4677,762.3036,1034.617
4678,735.45465,1059.9795
4679,705.7192,1074.8253
4680,681.8503,1073.7255
4681,665.6471,1058.7999
4682,656.75323,1039.9703
4683,658.1337,1038.116
4684,672.3249,1065.0121
4685,695.18195,1109.4796
4686,716.19885,1149.795
4687,723.8129,1165.88
4688,707.49176,1141.5428
4689,667.0043,1078.477
4690,631.3059,1005.5061
4691,640.058,955.9105
4692,685.4419,951.07465
4693,713.0563,998.35114
4694,697.7567,1072.0854
4695,666.8344,1126.8997
4696,647.5752,1146.8694
4697,642.2098,1148.8068
4698,645.6385,1153.4894
4699,655.3663,1169.8018
4700,666.6582,1186.2697
4701,672.1446,1188.5709
4702,669.63885,1182.0447
4703,664.5528,1168.0398
4704,662.2102,1130.138
4705,662.9531,1075.6532
4706,666.9035,1043.5134
4707,675.485,1052.747
4708,684.8171,1083.402
4709,689.7089,1104.7908
4710,695.2049,1099.0283
4711,704.6762,1071.736
4712,705.0486,1054.0964
4713,687.8192,1077.4628
4714,664.8872,1136.2317
4715,649.4257,1191.4899
4716,642.3268,1212.4481
4717,638.5533,1201.0458
4718,634.86066,1178.7632
4719,631.90985,1163.6299
4720,631.53143,1159.8784
4721,632.70447,1160.7405
4722,630.6935,1160.9695
4723,625.0286,1160.7637
4724,631.4555,1149.2383
4725,667.16974,1108.1357
4726,711.69806,1057.0403
4727,720.2024,1048.3171
4728,689.5754,1089.9587
4729,662.90094,1141.9678
4730,666.3154,1186.4292
4731,679.58374,1226.2385
4732,664.60974,1247.9022
4733,617.1184,1236.6128
4734,605.1976,1190.5005
4735,710.8331,1117.5068
4736,887.67084,1049.5358
4737,984.266,1021.04846
4738,955.3252,1019.17126
4739,897.3962,1007.2166
4740,878.6094,981.7434
4741,885.32355,960.23865
4742,897.1662,945.0189
4743,906.6838,933.7085
4744,896.5848,932.6548
4745,853.8429,942.588
4746,790.49786,960.3528
4747,722.5018,989.9098
4748,657.39575,1028.3411
4749,622.091,1057.0317
4750,640.30835,1064.7405
4751,681.8084,1063.4066
4752,700.92487,1068.0581
4753,694.1244,1078.2024
4754,680.39355,1083.7333
4755,667.99225,1077.891
4756,659.8448,1066.8658
4757,664.50574,1064.4092
4758,686.9196,1074.9154
4759,719.00244,1090.8253
4760,748.89215,1103.103
4761,771.1707,1106.8954
4762,782.779,1102.8947
4763,776.55414,1096.6755
4764,747.98627,1093.429
4765,711.6132,1093.8254
4766,694.78156,1096.5464
4767,707.0452,1101.0018
4768,736.2446,1106.6279
4769,769.35657,1114.2979
4770,796.94086,1126.4545
4771,812.2487,1143.8899
4772,813.95685,1162.6448
4773,801.70715,1173.3961
4774,776.4297,1170.9869
4775,746.3659,1163.1527
4776,723.2901,1161.199
4777,710.52875,1165.465
4778,701.36206,1166.5751
4779,692.1471,1160.4293
4780,687.5317,1153.6555
4781,691.08344,1152.5289
4782,700.4073,1156.7985
4783,711.469,1165.6191
4784,721.2855,1179.3783
4785,725.0766,1193.6272
4786,717.64465,1199.2422
4787,704.949,1190.3633
4788,702.512,1169.3716
4789,710.10345,1146.819
4790,707.0664,1134.116
4791,686.4179,1133.2007
4792,671.5036,1135.3682
4793,685.4091,1127.4734
4794,720.09894,1104.0813
4795,746.37836,1078.2257
4796,747.2836,1068.4807
4797,732.217,1075.3342
4798,719.4329,1083.9657
4799,717.864,1084.2646
4800,728.50037,1075.0797
4801,747.2444,1060.6959
4802,760.5574,1052.0964
4803,756.22864,1054.8354
4804,741.90533,1058.9077
4805,734.8654,1055.1925
4806,736.7144,1047.9749
4807,733.7622,1045.2673
4808,720.5347,1049.1403
4809,705.4655,1059.3917
4810,692.4409,1077.3915
4811,681.2991,1097.9548
4812,682.40656,1107.6969
4813,706.4662,1097.5446
4814,739.4858,1075.8123
4815,744.8678,1069.0367
4816,708.72833,1092.5435
4817,662.2652,1126.0714
4818,635.7074,1143.3616
4819,625.2713,1144.4932
4820,618.78613,1141.985
4821,618.2605,1141.4451
4822,628.2735,1142.9973
4823,640.60547,1145.3008
4824,642.70544,1146.799
4825,636.25287,1147.237
4826,632.879,1146.7284
4827,636.34357,1145.856
4828,642.4271,1146.6313
4829,648.8074,1148.6854
4830,654.0426,1148.9247
4831,653.73724,1146.9552
4832,646.4278,1143.0057
4833,639.01514,1131.354
4834,644.6936,1104.154
4835,673.8353,1064.2167
4836,715.81775,1027.8989
4837,738.236,1013.17126
4838,720.49097,1025.5503
4839,682.67053,1049.7375
4840,666.607,1063.5066
4841,686.3419,1065.0575
4842,717.45667,1068.8243
4843,735.4239,1079.2935
4844,738.9274,1088.7821
4845,738.118,1092.9756
4846,738.4851,1094.7913
4847,739.4116,1097.6145
4848,740.31036,1102.8785
4849,741.73193,1111.0742
4850,743.6613,1119.1449
4851,745.4582,1121.0604
4852,746.52576,1115.1802
4853,746.6768,1106.9283
4854,744.57904,1103.0125
4855,737.1837,1105.2329
4856,724.2556,1109.4342
4857,711.4831,1110.4309
4858,705.1417,1107.8898
4859,705.17847,1105.3163
4860,706.0991,1103.9779
4861,704.21326,1102.3164
4862,701.3755,1100.9622
4863,700.94525,1102.603
4864,703.6211,1107.1082
4865,707.73126,1111.1354
4866,711.2562,1112.5557
4867,713.4327,1112.8186
4868,714.5374,1114.0688
4869,715.182,1116.225
4870,715.7973,1117.8712
4871,715.3413,1118.0137
4872,712.54913,1116.8862
4873,709.1403,1115.7638
4874,708.95074,1117.0021
4875,712.509,1123.3119
4876,714.45624,1130.59
4877,710.82837,1119.0908
4878,706.01434,1068.6599
4879,706.2169,994.6269
4880,711.19745,941.423
4881,717.33923,937.2805
4882,723.57196,979.73035
4883,730.13245,1040.9856
4884,734.4888,1083.0421
4885,733.72296,1093.5375
4886,729.26044,1090.0015
4887,724.70544,1089.0515
4888,721.7316,1093.0752
4889,720.2742,1097.795
4890,719.6542,1099.7578
4891,719.11884,1098.647
4892,718.849,1096.9318
4893,720.1606,1097.0836
4894,724.80554,1098.4669
4895,732.7823,1098.5256
4896,739.3183,1096.7634
4897,739.25366,1096.6941
4898,735.05237,1102.0009
4899,731.52106,1109.0963
4900,727.32306,1108.2971
4901,721.3814,1096.8486
4902,718.2353,1085.2251
4903,721.13007,1084.2507
4904,727.50867,1091.1134
4905,732.24316,1094.1279
4906,732.6811,1088.3445
4907,730.63983,1081.2938
4908,729.3073,1081.8638
4909,729.22644,1089.1116
4910,727.72064,1095.8138
4911,722.15247,1098.0836
4912,712.985,1098.0469
4913,702.7675,1099.2025
4914,694.4708,1102.4335
4915,690.8087,1105.9745
4916,692.23175,1107.1456
4917,696.0464,1105.6155
4918,698.6236,1104.185
4919,698.65045,1103.3867
4920,698.17633,1100.0061
4921,699.2064,1094.5063
4922,700.5331,1092.1606
4923,700.3747,1094.9615
4924,699.5317,1099.9684
4925,699.0093,1104.113
4926,697.32806,1105.4247
4927,692.9992,1103.209
4928,687.3835,1099.9521
4929,683.10315,1099.3505
4930,681.64795,1101.5112
4931,682.8178,1103.597
4932,684.56793,1104.7687
4933,684.0713,1106.4872
4934,680.7075,1108.8082
4935,677.34973,1110.196
4936,677.0454,1109.8242
4937,680.261,1107.9359
4938,685.5305,1105.2332
4939,689.4915,1102.0942
4940,689.3026,1098.93
4941,687.4935,1097.489
4942,689.115,1098.48
4943,693.9946,1098.7991
4944,697.19543,1095.3903
4945,696.18536,1090.6372
4946,694.2043,1089.6904
4947,696.22375,1093.3058
4948,702.7754,1098.1522
4949,710.2234,1102.8239
4950,715.73456,1107.8868
4951,718.654,1111.601
4952,718.9183,1111.7511
4953,716.63336,1109.9761
4954,712.9965,1109.0448
4955,710.66095,1109.5319
4956,711.9759,1111.2527
4957,716.14166,1113.3633
4958,718.8254,1114.3717
4959,717.09436,1114.2848
4960,713.8093,1114.3756
4961,713.3659,1114.7941
4962,714.96576,1114.2797
4963,714.0805,1112.5613
4964,709.49805,1111.424
4965,705.21857,1112.158
4966,704.3772,1113.6437
4967,704.8334,1114.1969
4968,703.4537,1114.5385
4969,701.52454,1117.3186
4970,701.7382,1120.2223
4971,702.8324,1112.3759
4972,702.6889,1087.1508
4973,702.27826,1055.9946
4974,702.8045,1039.9574
4975,704.75006,1048.3817
4976,708.28705,1069.1398
4977,711.5454,1083.0875
4978,712.4253,1086.1796
4979,710.85596,1087.0476
4980,708.1014,1090.296
4981,706.0239,1094.9772
4982,705.30695,1100.5594
4983,705.3098,1106.1453
4984,706.8037,1109.2896
4985,710.02356,1108.9019
4986,711.8709,1106.981
4987,710.7033,1107.3048
4988,709.63245,1111.5571
4989,711.225,1116.36
4990,713.4566,1117.4635
4991,712.92114,1115.2428
4992,708.93097,1113.0358
4993,703.7099,1112.432
4994,699.41125,1112.5759
4995,695.8889,1112.8469
4996,692.36896,1113.5157
4997,688.7014,1114.2826
4998,684.622,1115.0643
4999,683.02185,1117.1887
5000,693.4103,1118.703
5001,721.09894,1111.155
5002,749.9121,1090.233
5003,753.5585,1065.2909
5004,724.4168,1048.4889
5005,673.6688,1041.7279
5006,618.6609,1039.7836
5007,582.34216,1035.6201
5008,591.2459,1025.4575
5009,650.58496,1021.33734
5010,712.3918,1043.6577
5011,718.292,1085.6699
5012,673.01416,1113.6665
5013,622.7417,1113.6823
5014,597.0309,1103.1263
5015,602.99493,1099.7949
5016,636.20654,1105.3209
5017,673.8722,1107.8236
5018,684.5275,1095.3916
5019,665.94586,1073.8989
5020,644.909,1060.054
5021,637.30774,1058.142
5022,638.553,1060.3593
5023,642.0071,1062.3429
5024,647.0692,1066.0002
5025,655.1415,1075.843
5026,665.27765,1096.9199
5027,674.16986,1127.1912
5028,680.6414,1150.7444
5029,691.53754,1147.3877
5030,714.84393,1121.7676
5031,740.4194,1112.2354
5032,745.9922,1139.6146
5033,727.73755,1175.5718
5034,701.1338,1190.9552
5035,677.97906,1189.4719
5036,662.6348,1185.148
5037,657.4497,1183.8912
5038,661.15094,1184.6107
5039,669.22296,1183.4702
5040,677.7484,1178.6488
5041,684.50226,1172.4888
5042,688.18176,1168.1327
5043,689.28503,1165.9641
5044,689.82416,1164.86
5045,690.5183,1164.6617
5046,690.6896,1165.013
5047,690.2177,1164.7521
5048,688.8482,1164.5547
5049,687.1072,1166.6736
5050,689.32874,1171.675
5051,698.9613,1177.5125
5052,711.2448,1181.4257
5053,719.19366,1182.7528
5054,723.276,1183.5365
5055,727.07544,1184.976
5056,729.42566,1184.5464
5057,726.67255,1179.0996
5058,718.89606,1169.3284
5059,710.9729,1159.2938
5060,708.5121,1152.8457
5061,712.6837,1150.4377
5062,718.4198,1148.9678
5063,720.6583,1145.4429
5064,720.9716,1140.2976
5065,723.59045,1136.4691
5066,728.57916,1135.008
5067,732.3371,1132.434
5068,732.4296,1124.5874
5069,730.4849,1113.396
5070,730.0965,1106.1005
5071,731.62427,1105.707
5072,731.2115,1107.4487
5073,726.50964,1106.4962
5074,720.6655,1102.6654
5075,718.35205,1097.0522
5076,718.4399,1091.6392
5077,715.0697,1090.5785
5078,708.9448,1092.0161
5079,710.4924,1085.2186
5080,723.81305,1067.4153
5081,734.31366,1052.5812
5082,727.80524,1051.2417
5083,712.6866,1055.998
5084,704.859,1057.0977
5085,705.9613,1053.3645
5086,708.924,1046.0142
5087,710.6659,1038.1514
5088,713.0523,1034.2235
5089,716.5197,1032.4839
5090,717.1009,1026.3651
5091,712.6787,1015.40906
5092,707.9616,1006.69495
5093,708.73254,1005.7448
5094,715.8011,1012.07983
5095,724.4159,1020.54877
5096,726.78534,1023.95844
5097,720.6368,1019.34186
5098,713.0833,1012.7976
5099,710.88617,1012.6853
5100,713.1713,1018.95294
5101,715.19714,1024.8264
5102,714.7013,1027.1709
5103,714.42035,1030.8295
5104,717.00385,1040.932
5105,719.91284,1054.2334
5106,720.012,1064.1545
5107,718.47565,1069.015
5108,718.3377,1070.5388
5109,720.4691,1070.7736
5110,723.2231,1071.2145
5111,725.5717,1071.703
5112,728.186,1071.4834
5113,732.03235,1071.8416
5114,738.1396,1075.2861
5115,746.02136,1081.0674
5116,752.2535,1084.9978
5117,754.3985,1084.804
5118,754.3089,1082.3613
5119,753.80994,1080.786
5120,751.09424,1080.6057
5121,744.96674,1078.6929
5122,738.0825,1072.7509
5123,733.6074,1065.9353
5124,732.0824,1063.284
5125,732.6021,1065.4235
5126,734.3788,1068.4106
5127,734.7437,1068.0745
5128,730.2974,1064.7875
5129,724.5927,1062.16
5130,725.7118,1060.383
5131,732.3436,1057.9606
5132,733.5904,1057.3297
5133,725.25476,1060.2418
5134,716.3644,1063.18
5135,715.9119,1061.5793
5136,721.0993,1053.6481
5137,723.43896,1041.387
5138,720.45685,1031.0901
5139,717.0055,1029.5435
5140,717.7999,1036.6326
5141,721.7441,1043.6469
5142,723.9983,1041.9247
5143,721.7414,1033.0262
5144,716.3846,1027.5396
5145,711.7349,1032.4886
5146,710.67145,1043.5374
5147,713.0271,1052.454
5148,716.78973,1057.1852
5149,719.5979,1060.0525
5150,720.0455,1061.8555
5151,720.0749,1062.1914
5152,722.9424,1061.0961
5153,727.0091,1059.537
5154,726.6282,1059.5205
5155,721.0898,1061.183
5156,716.0356,1062.375
5157,715.46545,1062.6426
5158,719.4636,1062.7631
5159,726.8691,1061.8394
5160,734.2784,1058.2485
5161,736.5263,1051.7467
5162,732.9083,1044.9349
5163,729.241,1041.8807
5164,729.77026,1043.1046
5165,732.05585,1044.463
5166,731.8862,1042.0785
5167,728.2059,1037.3978
5168,723.7444,1037.358
5169,722.5444,1045.8304
5170,724.92163,1056.6083
5171,726.2506,1061.2106
5172,722.3819,1058.8336
5173,714.5179,1054.7966
5174,708.3073,1054.6124
5175,708.24835,1060.1792
5176,713.2367,1068.5142
5177,718.5559,1074.834
5178,721.0297,1077.9332
5179,721.23236,1080.2743
5180,721.0303,1082.8778
5181,720.7771,1083.7794
5182,720.13824,1081.186
5183,718.7958,1075.773
5184,715.82635,1069.8665
5185,709.2777,1066.0239
5186,698.03503,1066.8318
5187,693.08057,1070.5615
5188,724.094,1065.8424
5189,801.2974,1041.2649
5190,872.5386,1002.84656
5191,881.4521,970.7094
5192,847.02856,955.55023
5193,820.1112,948.67993
5194,811.472,941.39984
5195,792.53656,949.4758
5196,735.38464,997.04956
5197,663.03546,1067.53
5198,634.25055,1112.0028
5199,664.13684,1113.7352
5200,713.8453,1097.763
5201,745.98303,1087.5187
5202,750.80194,1086.6572
5203,738.51526,1089.847
5204,723.95544,1092.3466
5205,715.1722,1092.4404
5206,711.6141,1091.5293
5207,708.6893,1091.4149
5208,703.1664,1091.7007
5209,696.19507,1091.6057
5210,692.25684,1091.535
5211,693.8402,1091.0724
5212,698.35706,1088.3225
5213,701.66235,1082.9436
5214,702.06995,1077.8984
5215,700.8672,1077.2665
5216,700.28406,1082.9126
5217,700.57715,1091.5627
5218,701.37524,1091.8978
5219,705.9527,1068.0018
5220,716.21515,1018.02655
5221,720.4405,966.51373
5222,703.6119,940.51654
5223,678.48773,942.49066
5224,675.1064,961.55914
5225,692.74493,990.6224
5226,705.2943,1019.32574
5227,711.4844,1032.6052
5228,729.9162,1030.9915
5229,751.8936,1035.3726
5230,752.01984,1055.0298
5231,733.354,1074.0411
5232,717.18304,1082.611
5233,708.83417,1089.7455
5234,699.7929,1102.2065
5235,686.6386,1115.2502
5236,676.07404,1121.8282
5237,674.4422,1121.8107
5238,679.29205,1119.833
5239,684.6655,1117.4037
5240,688.8657,1113.4841
5241,693.32544,1110.3157
5242,698.3452,1111.8469
5243,702.98267,1116.6711
5244,706.5984,1119.1111
5245,709.11725,1118.0193
5246,710.31506,1117.8472
5247,709.6268,1120.5487
5248,706.76526,1122.1193
5249,701.4308,1118.5951
5250,694.34784,1112.5984
5251,689.02747,1110.5857
5252,689.22107,1114.6877
5253,695.38416,1121.3911
5254,704.47504,1126.0835
5255,710.9234,1126.14
5256,709.8041,1122.8757
5257,702.7248,1120.2794
5258,696.48267,1119.4824
5259,693.931,1117.8462
5260,693.20514,1114.9021
5261,694.02545,1114.2623
5262,697.1229,1117.4165
5263,700.2942,1120.4283
5264,699.05566,1120.3912
5265,690.9533,1120.1696
5266,679.12274,1122.2715
5267,670.5499,1123.8185
5268,669.8187,1121.9467
5269,674.52997,1118.6053
5270,678.56024,1117.1718
5271,679.898,1118.6079
5272,680.1797,1121.3706
5273,678.1842,1122.6548
5274,672.3678,1121.4404
5275,666.63226,1119.9336
5276,666.32056,1119.9603
5277,671.93054,1120.5516
5278,679.0194,1120.187
5279,681.5049,1119.941
5280,676.89966,1122.698
5281,670.21844,1127.9895
5282,668.4928,1131.737
5283,672.344,1132.5992
5284,677.3979,1133.225
5285,679.71027,1135.1433
5286,678.6086,1136.7194
5287,676.3681,1136.2692
5288,674.67786,1134.6166
5289,674.795,1134.3093
5290,678.1168,1136.7103
5291,681.94336,1139.4299
5292,681.34735,1139.2325
5293,676.77325,1136.7513
5294,672.96484,1134.2875
5295,672.56854,1132.1671
5296,675.0231,1130.0265
5297,677.60754,1128.4939
5298,676.9187,1127.9749
5299,672.56323,1127.3412
5300,668.05023,1125.7397
5301,666.62134,1124.3779
5302,667.5892,1124.6147
5303,667.6118,1126.3695
5304,665.1392,1128.7784
5305,662.82513,1129.892
5306,664.21454,1128.1938
5307,669.2536,1125.7109
5308,675.18634,1125.6353
5309,678.7783,1128.5225
5310,676.29755,1132.9296
5311,667.2958,1135.3528
5312,665.9834,1126.9553
5313,704.974,1098.0933
5314,794.29584,1054.3983
5315,873.38525,1017.4936
5316,864.4095,1006.8376
5317,769.6901,1029.065
5318,665.0952,1072.2876
5319,616.23376,1111.8931
5320,626.78723,1132.3373
5321,657.4669,1134.7776
5322,676.0789,1128.5006
5323,680.1067,1122.9272
5324,681.946,1122.0227
5325,685.7314,1124.8024
5326,684.49884,1130.7335
5327,675.6237,1139.7837
5328,667.22327,1148.647
5329,666.7561,1153.448
5330,672.4518,1153.1675
5331,679.6797,1147.8573
5332,687.5265,1139.4414
5333,693.71075,1134.047
5334,692.7659,1138.486
5335,691.6599,1146.7168
5336,723.47736,1121.5381
5337,810.08734,1021.09283
5338,904.2594,873.8166
5339,938.64777,764.32605
5340,919.2944,724.01855
5341,898.12103,713.9502
5342,896.7655,705.52295
5343,883.1574,728.27997
5344,809.41754,832.35223
5345,698.10364,993.73737
5346,633.5898,1114.1083
5347,644.41254,1143.3833
5348,687.95526,1118.3827
5349,736.9791,1083.7643
5350,786.80444,1054.5994
5351,806.249,1040.8562
5352,773.40393,1048.4492
5353,726.0634,1063.5216
5354,706.9501,1070.0338
5355,712.6204,1068.0394
5356,721.02655,1063.1775
5357,721.0771,1058.1345
5358,716.2849,1054.3755
5359,716.2543,1052.8804
5360,724.1068,1054.1467
5361,733.297,1056.9971
5362,734.4587,1058.526
5363,724.74744,1057.6345
5364,714.58765,1056.7614
5365,722.3828,1058.6981
5366,749.6933,1064.8252
5367,766.61127,1074.7241
5368,749.6985,1082.5646
5369,719.3131,1082.85
5370,706.8472,1079.7114
5371,713.93524,1078.8593
5372,722.287,1079.6405
5373,718.8025,1079.9128
5374,705.9844,1078.6584
5375,695.20337,1076.4971
5376,693.2379,1077.362
5377,698.11444,1084.6123
5378,705.69415,1096.3822
5379,715.05237,1107.0842
5380,723.51434,1112.43
5381,722.8502,1115.3541
5382,710.4741,1122.6079
5383,698.478,1131.025
5384,699.87463,1129.0336
5385,712.5352,1114.2002
5386,724.7956,1095.9656
5387,727.85974,1083.0001
5388,720.6407,1076.7041
5389,709.4119,1074.044
5390,702.6741,1072.1119
5391,706.0059,1069.1129
5392,716.94147,1064.3429
5393,722.4333,1059.9062
5394,714.4246,1058.3192
5395,702.98773,1058.9473
5396,699.553,1060.0698
5397,702.28546,1061.528
5398,705.0393,1063.4336
5399,705.5103,1064.1667
5400,704.3535,1063.2046
5401,704.23395,1063.9377
5402,707.6744,1068.1382
5403,712.37115,1071.1077
5404,711.9502,1067.4545
5405,704.5854,1058.9486
5406,698.9264,1052.4688
5407,709.6743,1051.0447
5408,739.09534,1053.9741
5409,761.57764,1063.3058
5410,751.75775,1077.2543
5411,722.7085,1086.7607
5412,704.2819,1088.8778
5413,704.07874,1088.4469
5414,711.78326,1087.0686
5415,718.5087,1083.3076
5416,720.5613,1079.1896
5417,716.5644,1078.9867
5418,707.8813,1083.6819
5419,699.3841,1089.766
5420,700.3894,1090.896
5421,725.9126,1078.9547
5422,772.82495,1055.1151
5423,796.18164,1041.7122
5424,765.84186,1056.08
5425,719.4417,1082.0099
5426,700.934,1096.5254
5427,706.34143,1097.1299
5428,714.5988,1089.903
5429,716.9126,1080.0029
5430,713.45593,1073.395
5431,705.72614,1070.8219
5432,697.81726,1064.2451
5433,698.5524,1049.96
5434,711.5945,1035.2064
5435,727.55493,1024.7964
5436,734.21014,1016.56085
5437,730.0405,1010.2494
5438,723.47034,1007.8509
5439,721.0372,1007.70905
5440,720.40497,1004.9136
5441,717.21893,997.26074
5442,713.0554,989.5291
5443,711.8091,988.9342
5444,713.4482,994.7079
5445,714.4785,997.64484
5446,711.3989,992.65564
5447,703.9606,985.9812
5448,696.7021,986.2177
5449,695.38257,993.11664
5450,700.29224,1000.92816
5451,704.8394,1007.01
5452,702.79614,1011.30963
5453,695.2477,1014.00793
5454,688.44867,1017.54047
5455,686.85626,1025.1525
5456,689.86,1036.1147
5457,694.00055,1047.2588
5458,697.15314,1057.3489
5459,699.7549,1066.1315
5460,703.02405,1072.6128
5461,707.0913,1076.448
5462,709.75525,1078.6613
5463,708.8815,1079.5779
5464,705.8162,1078.5186
5465,702.8822,1077.1332
5466,700.6526,1078.5573
5467,699.63837,1082.2251
5468,700.51434,1084.7325
5469,702.69977,1085.1511
5470,704.537,1085.4274
5471,703.9441,1087.2667
5472,699.6267,1090.2279
5473,693.34735,1092.047
5474,689.4743,1091.7017
5475,690.3668,1091.2435
5476,693.74506,1092.514
5477,696.028,1094.0161
5478,696.9817,1093.3485
5479,699.82404,1089.6973
5480,706.0641,1083.9445
5481,711.3734,1080.1581
5482,714.83356,1078.5029
5483,738.5768,1066.3556
5484,804.3832,1039.8396
5485,872.5773,1023.0749
5486,877.6407,1030.0151
5487,825.293,1040.9082
5488,767.34393,1049.7957
5489,723.6976,1081.4343
5490,689.96045,1140.3221
5491,666.2165,1191.4044
5492,651.92993,1205.6945
5493,645.1241,1192.8295
5494,648.5001,1177.4427
5495,662.1783,1169.9476
5496,680.29443,1168.4552
5497,698.81647,1170.1248
5498,715.07684,1173.6556
5499,721.10065,1177.5692
5500,710.0148,1180.2847
5501,690.10974,1181.2795
5502,678.62836,1181.541
5503,680.8125,1182.2524
5504,688.30505,1182.8815
5505,693.8929,1182.4015
5506,697.2442,1181.7535
5507,699.54156,1182.1409
5508,697.9082,1182.5831
5509,687.69244,1181.8231
5510,670.92914,1180.4436
5511,657.2394,1179.7844
5512,653.6906,1181.0088
5513,659.156,1184.8557
5514,667.9477,1189.0684
5515,673.8926,1189.089
5516,674.7085,1185.078
5517,674.0485,1182.2672
5518,675.0744,1182.4755
5519,675.7494,1182.2178
5520,674.50757,1179.374
5521,674.5625,1174.9047
5522,677.98895,1167.2073
5523,680.7079,1153.1597
5524,678.99945,1136.6194
5525,676.5536,1126.0037
5526,679.2933,1123.0814
5527,686.54175,1123.2222
5528,690.07196,1124.4703
5529,683.29724,1128.5447
5530,672.0049,1134.4067
5531,667.364,1138.2979
5532,669.54175,1139.8817
5533,670.2144,1141.4757
5534,667.2699,1142.3165
5535,669.8145,1138.4015
5536,686.8023,1128.327
5537,710.52057,1116.7048
5538,724.39417,1106.6229
5539,725.9444,1095.1913
5540,723.8408,1084.9935
5541,719.5844,1084.981
5542,706.3825,1096.1902
5543,682.8058,1112.7913
5544,663.3545,1128.052
5545,677.3705,1126.4591
5546,742.3258,1098.3196
5547,820.702,1068.689
5548,841.7009,1068.057
5549,786.4699,1091.5486
5550,708.34753,1118.9973
5551,666.68445,1138.5775
5552,672.95184,1148.4572
5553,699.60126,1154.7274
5554,717.598,1158.545
5555,716.91547,1154.2926
5556,707.4937,1146.7141
5557,706.85803,1149.5441
5558,718.7434,1162.478
5559,730.10364,1171.6782
5560,730.4417,1172.1117
5561,721.4255,1170.2208
5562,712.353,1170.4247
5563,714.5007,1169.2457
5564,730.07806,1159.943
5565,744.81195,1142.2666
5566,743.4834,1125.4392
5567,729.2351,1117.6067
5568,716.3129,1115.9958
5569,712.793,1111.7698
5570,717.39026,1101.8186
5571,726.65326,1088.7584
5572,740.40155,1072.9082
5573,755.4081,1057.006
5574,762.6838,1055.4075
5575,760.5789,1081.6462
5576,758.1243,1124.8151
5577,760.9576,1158.0957
5578,763.48883,1171.0908
5579,758.1774,1170.594
5580,750.044,1157.5988
5581,752.2803,1126.9355
5582,762.3226,1086.5659
5583,753.4959,1058.157
5584,705.9993,1051.6099
5585,643.60736,1055.1793
5586,609.4023,1055.5319
5587,609.5821,1051.6696
5588,621.0105,1048.9794
5589,636.766,1052.4464
5590,667.8735,1063.7235
5591,715.5825,1077.5482
5592,766.3759,1085.834
5593,804.70703,1088.3904
5594,820.09814,1094.8644
5595,812.53235,1113.0859
5596,790.6016,1138.1068
5597,762.6979,1158.4425
5598,736.63416,1169.1647
5599,720.1433,1173.5999
5600,713.5854,1177.6101
5601,709.4075,1183.788
5602,703.2585,1189.735
5603,697.9488,1193.2416
5604,695.9758,1196.0591
5605,697.2056,1200.0717
5606,703.50946,1204.1418
5607,715.6952,1207.0618
5608,724.11194,1208.8129
5609,716.6892,1208.4209
5610,701.6229,1205.4055
5611,700.9245,1202.4716
5612,715.71844,1202.3097
5613,721.8024,1202.0873
5614,702.7356,1196.9001
5615,674.6395,1189.1174
5616,674.3968,1186.4047
5617,713.12555,1187.7637
5618,747.57385,1177.0281
5619,727.17035,1147.7576
5620,665.4306,1131.4077
5621,620.57153,1154.8462
5622,612.86096,1188.4108
5623,620.16614,1190.535
5624,639.1822,1160.3499
5625,680.88464,1121.2201
5626,716.23584,1096.9667
5627,695.67334,1101.5566
5628,615.86176,1132.0776
5629,529.3081,1168.0808
5630,514.7589,1166.3934
5631,619.4062,1084.9575
5632,782.69244,949.40955
5633,885.81616,841.6054
5634,896.6158,796.65515
5635,868.0054,786.9583
5636,834.684,787.7094
5637,802.89874,792.37036
5638,788.901,803.9897
5639,811.6737,836.70703
5640,857.9426,895.17395
5641,886.7738,954.70483
5642,877.40466,986.7651
5643,842.55096,993.11444
5644,802.9011,993.0053
5645,771.85345,993.61426
5646,751.75464,990.54047
5647,733.64856,989.79584
5648,701.2963,1015.98517
5649,651.1257,1080.5686
5650,616.84,1145.486
5651,637.7375,1160.7434
5652,691.02106,1134.4242
5653,701.3098,1111.3887
5654,638.2396,1105.6615
5655,563.88,1102.6025
5656,545.5107,1095.18
5657,573.7208,1088.2694
5658,604.7942,1088.611
5659,616.29095,1100.5564
5660,610.5288,1120.8303
5661,620.41675,1132.7219
5662,692.4935,1115.6534
5663,826.94055,1071.3969
5664,957.0512,1025.959
5665,1005.57947,998.3902
5666,961.2321,987.5742
5667,885.72955,985.6161
5668,832.86395,988.4554
5669,802.4608,997.85205
5670,777.50116,1017.2725
5671,755.47186,1045.0939
5672,744.4173,1073.0839
5673,749.7272,1094.4415
5674,762.1145,1106.6774
5675,761.5803,1103.7046
5676,740.9106,1082.1964
5677,715.8806,1053.8268
5678,705.90485,1035.2239
5679,713.2494,1032.825
5680,726.1563,1043.4818
5681,735.65735,1059.6201
5682,741.5058,1072.2542
5683,746.50037,1077.3152
5684,752.0068,1078.3531
5685,757.0152,1080.2003
5686,759.4664,1082.8788
5687,760.5306,1082.421
5688,766.0535,1076.7258
5689,776.7721,1067.0834
5690,778.2863,1050.9231
5691,755.3735,1023.44507
5692,720.102,992.73303
5693,707.15454,978.16504
5694,733.9037,988.7786
5695,777.49524,1013.0186
5696,796.63934,1029.4109
5697,774.36255,1025.9305
5698,735.5323,1010.64185
5699,716.6986,1001.1051
5700,727.6864,1006.0344
5701,753.27997,1021.0298
5702,776.5319,1035.9921
5703,788.73956,1043.926
5704,789.6317,1045.7886
5705,784.5813,1045.6647
5706,780.1801,1044.7948
5707,785.18225,1043.4745
5708,807.6176,1042.962
5709,839.68915,1043.3125
5710,858.85144,1042.388
5711,850.53455,1036.9535
5712,818.696,1025.7468
5713,781.51733,1013.53296
5714,756.9759,1006.5636
5715,745.9416,1003.6231
5716,739.13055,999.17615
5717,733.4755,992.5385
5718,733.457,990.11005
5719,744.2369,998.8556
5720,762.58185,1015.4722
5721,777.67285,1028.6193
5722,783.9792,1033.9388
5723,785.54333,1036.1001
5724,789.0276,1038.166
5725,796.85895,1038.9559
5726,806.25226,1038.7776
5727,813.1104,1040.0111
5728,811.3598,1039.8514
5729,793.8202,1031.3469
5730,764.9223,1016.54065
5731,741.24615,1005.6798
5732,731.09344,1001.9662
5733,729.10583,1001.47577
5734,732.5533,1004.4723
5735,745.66547,1014.5941
5736,765.7417,1028.8685
5737,781.07697,1038.03
5738,786.1399,1037.9398
5739,786.2789,1033.7285
5740,788.01624,1032.3815
5741,791.60706,1034.954
5742,790.1304,1035.4093
5743,775.2697,1026.5851
5744,750.7876,1008.98456
5745,740.6388,991.2769
5746,767.04016,979.58704
5747,815.43945,972.7669
5748,847.94855,968.4809
5749,850.27924,965.10956
5750,835.3273,959.0629
5751,816.0231,947.46826
5752,799.3533,934.2904
5753,790.05426,928.24866
5754,786.74207,932.9866
5755,783.5491,943.9261
5756,777.46484,954.50635
5757,767.6831,963.10474
5758,753.0457,973.1196
5759,736.8307,985.69305
5760,725.7427,997.5805
5761,719.8285,1007.8716
5762,714.1721,1017.76984
5763,710.8453,1022.67676
5764,715.36786,1015.0829
5765,724.5826,996.92847
5766,733.4394,979.5185
5767,748.3327,970.09247
5768,777.0635,966.1876
5769,808.651,962.6201
5770,819.7594,959.6933
5771,802.4713,963.31445
5772,773.61053,975.3041
5773,754.9507,989.1214
5774,752.82574,999.9519
5775,759.0295,1009.828
5776,763.71326,1019.67004
5777,763.655,1026.5636
5778,761.40436,1029.8981
5779,761.1992,1032.1925
5780,766.75214,1033.9923
5781,775.5586,1031.5812
5782,777.17975,1020.26544
5783,767.35095,1001.3581
5784,754.8128,982.86176
5785,747.2081,970.5488
5786,743.5521,964.025
5787,741.90015,961.59094
5788,744.4068,965.1104
5789,753.35333,978.1168
5790,764.515,995.603
5791,769.9394,1006.2874
5792,769.1772,1011.6776
5793,771.87213,1023.6871
5794,790.26886,1040.5764
5795,827.95526,1047.1298
5796,865.15466,1039.0244
5797,870.45807,1028.8907
5798,841.83984,1026.1814
5799,803.78876,1024.3118
5800,768.2505,1013.39905
5801,743.22986,995.6049
5802,747.7613,981.2589
5803,780.14655,977.8497
5804,814.91455,986.7644
5805,840.3647,1003.88794
5806,857.374,1019.0915
5807,852.71985,1019.33215
5808,811.67267,999.5196
5809,751.6371,971.4443
5810,710.67883,955.43726
5811,704.699,961.5252
5812,721.1304,982.206
5813,739.60657,1000.2941
5814,745.74475,1004.38025
5815,743.422,1000.2946
5816,752.2462,1001.8323
5817,782.7903,1012.86774
5818,820.24335,1025.8052
5819,841.13434,1032.6028
5820,840.62054,1032.766
5821,830.685,1030.7772
5822,821.2793,1028.6482
5823,814.7314,1025.2944
5824,809.60333,1020.58795
5825,803.8819,1016.32367
5826,798.51575,1014.2123
5827,801.78296,1011.8476
5828,821.5704,1002.97174
5829,848.05963,988.144
5830,862.2284,977.4252
5831,861.6833,975.63367
5832,857.568,977.05255
5833,856.2397,977.38196
5834,858.9783,978.3405
5835,866.7703,979.3964
5836,871.62317,975.2793
5837,854.43097,964.5271
5838,814.22736,953.36597
5839,779.85236,947.2239
5840,770.346,944.06146
5841,775.7975,940.6078
5842,781.5517,940.9254
5843,781.5468,955.0825
5844,774.9222,986.34674
5845,764.8523,1020.4989
5846,757.27985,1039.832
5847,756.76227,1043.6844
5848,761.8282,1041.3674
5849,765.57336,1037.4208
5850,765.634,1033.2174
5851,771.26685,1029.7523
5852,791.5113,1025.278
5853,818.37177,1018.99457
5854,833.5974,1015.9482
5855,826.65375,1019.4932
5856,797.8349,1022.44855
5857,756.9894,1016.319
5858,719.4441,1003.2559
5859,694.55774,991.05383
5860,683.48987,984.92633
5861,682.96484,985.62787
5862,686.60205,989.2756
5863,691.6566,992.1637
5864,708.4944,997.80334
5865,751.5265,1012.8375
5866,807.8623,1033.1804
5867,834.3583,1043.8593
5868,806.2341,1037.7052
5869,751.22455,1022.8621
5870,717.5939,1005.40094
5871,721.2961,983.8994
5872,741.8491,969.42114
5873,757.83777,975.7914
5874,773.97797,990.7934
5875,810.40234,994.2512
5876,861.08936,986.7767
5877,887.98334,978.7082
5878,867.5706,971.61615
5879,807.98596,961.0437
5880,709.4118,949.65204
5881,569.66254,949.1845
5882,445.02313,955.8833
5883,402.1983,939.97614
5884,420.4809,891.7156
5885,443.48328,846.80817
5886,468.95065,839.3202
5887,520.3056,862.15155
5888,590.70953,884.6719
5889,652.92004,890.85016
5890,691.35474,887.6466
5891,705.8764,886.65247
5892,695.04224,899.77466
5893,652.8484,935.77606
5894,588.66113,978.3812
5895,529.07245,997.8476
5896,493.40668,992.43195
5897,488.6942,983.365
5898,516.1375,982.5599
5899,555.80566,991.1163
5900,573.47003,1008.8503
5901,565.90137,1031.183
5902,563.43494,1048.0636
5903,583.5249,1052.2638
5904,618.89703,1045.871
5905,659.06744,1038.3972
5906,693.5381,1039.9641
5907,709.35876,1055.0441
5908,704.5209,1080.4714
5909,692.45624,1109.7734
5910,685.936,1138.0651
5911,686.6188,1159.2151
5912,695.5086,1165.5122
5913,719.11487,1158.3108
5914,749.1388,1149.8641
5915,759.2144,1146.8058
5916,739.9072,1144.389
5917,708.9901,1140.8969
5918,684.22107,1138.9619
5919,670.1591,1136.0598
5920,669.79584,1134.5863
5921,688.26276,1147.0183
5922,716.97797,1173.0245
5923,737.224,1192.9133
5924,743.38916,1193.9341
5925,738.0716,1183.2147
5926,719.0929,1172.6824
5927,692.72156,1166.8988
5928,678.9581,1167.1532
5929,689.88574,1174.0952
5930,713.8902,1183.3821
5931,728.2595,1189.2539
5932,721.5276,1191.856
5933,700.3446,1194.6276
5934,682.6988,1199.435
5935,681.4236,1207.8617
5936,687.6655,1221.0782
5937,681.991,1233.2389
5938,658.18256,1218.5895
5939,617.3451,1140.7883
5940,557.0209,1013.2007
5941,488.18954,911.91675
5942,442.52188,884.4197
5943,453.40277,913.94977
5944,527.55493,975.986
5945,619.6602,1046.4485
5946,666.0008,1090.3572
5947,656.9687,1097.707
5948,630.59546,1090.1375
5949,612.6952,1084.9803
5950,604.3719,1083.977
5951,599.48254,1084.7368
5952,593.4306,1085.6742
5953,586.4137,1086.5947
5954,581.7318,1088.6885
5955,581.9967,1092.159
5956,586.70544,1096.0907
5957,595.33136,1099.3889
5958,619.1485,1097.3602
5959,663.42615,1088.0972
5960,690.8128,1084.6606
5961,667.7481,1097.3433
5962,627.13416,1113.8636
5963,612.3268,1120.8282
5964,616.8299,1121.762
5965,619.05505,1124.1405
5966,623.6405,1127.1409
5967,653.9212,1124.6831
5968,715.7259,1114.2513
5969,784.9752,1092.615
5970,834.7079,1050.617
5971,843.9515,992.65063
5972,796.93384,943.1283
5973,719.59467,918.2
5974,691.069,912.91345
5975,761.43665,914.8457
5976,874.3277,917.76794
5977,921.0294,932.2012
5978,852.9705,976.0825
5979,721.24554,1041.0612
5980,616.3927,1090.7283
5981,576.90515,1106.0721
5982,576.5471,1103.3853
5983,584.06226,1100.1348
5984,600.15564,1085.3192
5985,634.74646,1034.2903
5986,668.9479,956.7273
5987,668.9704,912.50824
5988,630.2739,949.6397
5989,590.22766,1036.0066
5990,607.4459,1093.5488
5991,693.1646,1094.7522
5992,756.3784,1079.8292
5993,716.66583,1085.3457
5994,629.67206,1104.0552
5995,586.8161,1117.4304
5996,593.3676,1124.9054
5997,608.8094,1132.5215
5998,612.64777,1142.0842
5999,612.2438,1148.8964
6000,621.28754,1129.0308
6001,637.436,1053.9606
6002,648.8958,947.1229
6003,671.3728,886.1256
6004,742.5142,920.03925
6005,847.98596,1016.1703
6006,918.6402,1102.2188
6007,928.4933,1140.6492
6008,916.121,1142.3851
6009,912.19855,1130.3842
6010,908.514,1124.7717
6011,887.00244,1138.8462
6012,853.41473,1160.8171
6013,840.1031,1155.7324
6014,870.35284,1100.1538
6015,919.8797,1014.28503
6016,928.7043,946.226
6017,864.99603,921.9731
6018,765.8226,943.15466
6019,692.67084,1013.5235
6020,669.73816,1107.9434
6021,697.28894,1150.3816
6022,771.18884,1089.7289
6023,850.1909,976.3654
6024,872.4136,905.3808
6025,829.1131,905.4036
6026,760.84186,939.0757
6027,684.4028,973.2636
6028,594.4355,1000.6733
6029,539.57104,1022.50916
6030,594.8805,1039.9176
6031,724.74536,1054.555
6032,804.81024,1063.3975
6033,791.1026,1061.8706
6034,735.25964,1056.3412
6035,675.61847,1057.7743
6036,608.1028,1062.9333
6037,533.2845,1059.827
6038,477.88098,1044.306
6039,455.90692,1004.441
6040,450.95615,921.34393
6041,454.5716,820.95984
6042,483.0841,771.7549
6043,550.0002,815.4036
6044,635.3872,930.1532
6045,694.256,1039.5398
6046,695.11957,1071.7401
6047,642.9188,1031.6324
6048,589.6646,983.53674
6049,581.39856,980.8247
6050,577.4286,1029.7758
6051,529.0328,1089.4286
6052,477.2121,1099.6969
6053,469.12418,1030.9797
6054,491.96634,921.32684
6055,519.4926,847.21106
6056,541.9336,841.88116
6057,558.32367,871.5742
6058,561.92413,891.03204
6059,547.9441,888.6856
6060,535.92474,877.51227
6061,549.3141,865.0469
6062,576.69714,850.517
6063,585.8604,836.7307
6064,569.6627,827.43256
6065,549.7509,823.6824
6066,544.05005,825.41846
6067,554.21747,831.0158
6068,573.55914,839.4163
6069,594.51276,853.78705
6070,611.6594,875.97815
6071,620.0267,898.7141
6072,620.88086,913.8375
6073,629.9228,924.0591
6074,657.46954,937.54175
6075,683.4525,958.60864
6076,687.23987,988.097
6077,684.67957,1025.2957
6078,696.7268,1063.2928
6079,714.9524,1083.2947
6080,722.833,1069.3674
6081,722.5988,1031.1042
6082,729.4373,989.8626
6083,747.0228,951.4234
6084,760.84534,914.8916
6085,760.4781,890.4805
6086,752.6279,888.81116
6087,746.8368,904.46906
6088,743.70166,920.381
6089,741.59106,922.8042
6090,744.78906,909.7179
6091,758.0592,889.0981
6092,775.5491,869.7937
6093,785.01874,857.5462
6094,780.8655,863.4814
6095,765.44025,898.364
6096,747.0424,943.28766
6097,734.8829,956.42206
6098,727.95435,927.9827
6099,719.26685,892.11847
6100,708.82324,876.49835
6101,701.48486,876.40063
6102,699.0025,877.60175
6103,700.36523,876.06744
6104,705.15906,874.2218
6105,713.41016,873.6587
6106,721.71063,875.8244
6107,722.539,884.0679
6108,714.2455,896.73126
6109,711.38275,897.20105
6110,736.022,865.9824
6111,802.55597,815.35913
6112,908.01843,790.05206
6113,1004.72156,809.6219
6114,1021.17566,841.524
6115,958.4752,854.9393
6116,887.9869,856.58594
6117,846.39044,856.9674
6118,820.1729,851.33594
6119,801.58496,844.7977
6120,795.4358,855.9955
6121,799.2345,890.1505
6122,810.17737,935.1406
6123,829.94946,979.8401
6124,850.4792,1016.3129
6125,856.6746,1035.6797
6126,840.9592,1036.6415
6127,804.00354,1029.4847
6128,754.90314,1026.4646
6129,710.4379,1033.2472
6130,684.4502,1046.0503
6131,680.46844,1050.633
6132,692.6662,1034.1069
6133,714.62354,1010.0583
6134,744.26746,1012.218
6135,773.8227,1045.004
6136,792.38995,1077.235
6137,803.4336,1093.3801
6138,815.42847,1102.262
6139,821.435,1106.8907
6140,812.45416,1103.5575
6141,800.3417,1094.2968
6142,803.0446,1087.5931
6143,817.1324,1096.9913
6144,823.0478,1130.6276
6145,793.96893,1174.5975
6146,707.54156,1207.7634
6147,588.72626,1225.1113
6148,500.87842,1225.8335
6149,483.95886,1205.7661
6150,557.43805,1167.2152
6151,715.028,1120.8981
6152,863.8336,1086.8362
6153,892.09314,1077.8759
6154,807.3032,1076.0371
6155,705.7702,1056.8511
6156,664.267,1032.2178
6157,704.2015,1031.1958
6158,789.5131,1041.6133
6159,863.03906,1019.2004
6160,900.96387,960.0436
6161,899.4345,913.5545
6162,841.8523,928.101
6163,736.781,1005.1751
6164,649.8854,1084.6631
6165,630.1888,1103.5795
6166,647.8864,1076.7388
6167,655.57947,1059.2642
6168,648.7447,1067.0471
6169,646.343,1088.5387
6170,671.6405,1115.6578
6171,739.14844,1137.893
6172,808.37994,1144.8375
6173,798.07434,1135.59
6174,693.1789,1117.3291
6175,574.2819,1100.3397
6176,524.2801,1090.9819
6177,563.08026,1086.3062
6178,663.1805,1075.0254
6179,784.68414,1050.4695
6180,887.0586,1027.2124
6181,926.9128,1023.88666
6182,893.0012,1030.8256
6183,835.8595,1026.7598
6184,810.9249,1013.48987
6185,821.6342,1005.97174
6186,840.3758,1007.6537
6187,845.1628,1013.72656
6188,831.01135,1025.4617
6189,805.6871,1047.9911
6190,780.58984,1076.6788
6191,763.5421,1098.2562
6192,755.31616,1106.3812
6193,751.8183,1104.0752
6194,748.7386,1095.7129
6195,744.032,1085.4335
6196,738.2358,1076.9187
6197,733.06934,1072.1359
6198,728.7387,1070.9572
6199,722.5873,1071.4264
6200,713.27484,1071.8268
6201,705.33203,1071.7784
6202,705.2398,1071.9689
6203,714.35156,1073.6713
6204,727.4035,1076.5381
6205,737.133,1078.0842
6206,740.8406,1077.1887
6207,741.7616,1075.1614
6208,744.02985,1072.1667
6209,747.356,1066.3005
6210,744.47437,1058.8759
6211,727.4417,1056.2847
6212,701.9778,1061.0306
6213,684.2743,1066.708
6214,679.6674,1067.2002
6215,680.2445,1064.0731
6216,682.1473,1063.3179
6217,690.6134,1069.2805
6218,708.1161,1080.0095
6219,728.22504,1088.3572
6220,744.1765,1089.4409
6221,755.51447,1084.1522
6222,764.5873,1076.0525
6223,771.4716,1069.018
6224,774.10114,1065.9237
6225,772.73676,1066.6862
6226,771.0976,1068.8097
6227,772.0272,1070.2336
6228,774.5599,1070.8683
6229,776.2082,1070.9152
6230,776.1415,1069.2023
6231,774.5625,1065.4293
6232,771.38556,1061.7174
6233,767.7673,1060.0276
6234,767.24255,1060.1644
6235,771.8723,1059.9198
6236,777.5447,1057.6985
6237,777.7299,1058.1855
6238,771.5665,1069.3376
6239,764.2745,1088.1155
6240,760.67883,1100.8666
6241,761.3061,1102.624
6242,763.0981,1103.237
6243,761.6592,1109.2799
6244,755.73773,1110.7697
6245,748.7512,1098.8744
6246,743.55066,1082.4307
6247,738.31396,1069.6042
6248,728.65967,1054.7378
6249,714.8593,1033.7814
6250,702.92126,1012.1677
6251,695.8082,995.4227
6252,691.434,985.0719
6253,689.8007,981.0504
6254,697.422,981.58246
6255,717.5981,986.061
6256,734.4666,996.0284
6257,729.13684,1006.5891
6258,709.9539,1008.68225
6259,699.1197,1002.98303
6260,703.187,997.43835
6261,714.62524,996.14734
6262,726.1266,999.76117
6263,736.7692,1010.26074
6264,749.8177,1029.002
6265,763.9819,1050.1235
6266,773.5345,1064.0585
6267,780.8713,1069.739
6268,788.7337,1073.4062
6269,783.1135,1075.2759
6270,759.10583,1068.7476
6271,740.44727,1054.7288
6272,741.2538,1043.2722
6273,749.1895,1038.8691
6274,756.27795,1037.6586
6275,768.46063,1036.5239
6276,783.9386,1036.0137
6277,784.90546,1039.8385
6278,760.1839,1052.8479
6279,723.8909,1072.9377
6280,699.1691,1089.8893
6281,693.35614,1096.8378
6282,698.58777,1093.4648
6283,706.5406,1080.5049
6284,715.3994,1063.7339
6285,727.2051,1054.7225
6286,740.34894,1056.9506
6287,748.4148,1061.6869
6288,750.0702,1061.954
6289,754.7314,1059.2972
6290,772.61395,1056.1544
6291,798.98444,1052.3583
6292,817.9565,1048.8533
6293,824.0385,1046.7733
6294,826.96454,1043.7999
6295,835.79663,1036.2668
6296,839.675,1030.1503
6297,811.9903,1041.6193
6298,754.67236,1069.0
6299,707.59375,1088.438
6300,692.0153,1091.6616
6301,691.4513,1090.349
6302,691.29486,1088.231
6303,703.8915,1078.0056
6304,753.217,1053.5109
6305,828.54175,1019.0392
6306,869.0599,993.5631
6307,834.62256,996.14014
6308,760.8059,1024.4913
6309,705.1405,1056.4465
6310,683.6731,1071.9982
6311,680.86523,1070.6567
6312,682.83826,1065.405
6313,686.20703,1064.6576
6314,689.7505,1067.3901
6315,690.4924,1070.1406
6316,687.7601,1070.7428
6317,687.6104,1065.5404
6318,700.6783,1050.4474
6319,731.80756,1030.713
6320,772.6919,1018.8245
6321,802.85236,1016.3183
6322,804.4919,1016.0771
6323,786.29474,1021.06854
6324,772.05493,1036.312
6325,764.65936,1054.5144
6326,751.3561,1066.0627
6327,731.3851,1066.9061
6328,714.83167,1056.5579
6329,710.4248,1038.1135
6330,726.35046,1018.4541
6331,763.241,1011.1765
6332,797.0828,1026.7378
6333,799.7996,1050.4175
6334,775.6809,1058.0061
6335,745.6134,1051.2719
6336,720.224,1046.7236
6337,707.2377,1050.051
6338,716.654,1059.4484
6339,748.1178,1070.0093
6340,776.34314,1069.5553
6341,767.8325,1046.2513
6342,726.539,1005.93805
6343,690.79553,973.1896
6344,685.5332,980.5409
6345,710.4038,1052.2855
6346,751.0423,1161.4747
6347,786.51355,1221.0792
6348,802.74255,1171.7527
6349,793.9624,1058.8602
6350,765.62225,974.91187
6351,742.7036,951.9679
6352,745.4116,960.6597
6353,763.97034,974.0721
6354,777.276,975.1895
6355,778.1724,933.0664
6356,770.19385,829.61475
6357,759.18036,703.6162
6358,759.2738,621.1166
6359,794.64215,622.98505
6360,858.65625,722.1561
6361,881.9137,884.0099
6362,825.5147,1020.6786
6363,755.23663,1075.8905
6364,732.66064,1073.8453
6365,734.96436,1059.571
6366,721.42706,1049.2351
6367,692.882,1041.6558
6368,680.32684,1035.8217
6369,702.3904,1030.9282
6370,740.4623,1025.8416
6371,763.51373,1021.49005
6372,767.06464,1020.9078
6373,770.1498,1026.9904
6374,781.1291,1037.057
6375,784.69525,1042.383
6376,770.0439,1037.7858
6377,751.0584,1028.5474
6378,742.644,1028.7659
6379,746.23944,1047.9608
6380,765.519,1068.9143
6381,798.97925,1065.272
6382,818.69617,1047.9216
6383,800.70654,1041.5547
6384,758.9069,1031.9523
6385,713.302,992.68243
6386,667.2891,932.46106
6387,625.103,881.95886
6388,597.5092,863.706
6389,602.26434,885.09814
6390,649.52136,934.17847
6391,711.38715,985.831
6392,746.64355,1020.66864
6393,751.30066,1032.0842
6394,745.0853,1026.9714
6395,742.5147,1018.3979
6396,759.85345,1012.30255
6397,800.9014,1009.6941
6398,829.03357,1014.4502
6399,812.3771,1026.9918
6400,782.1332,1037.8864
6401,784.3835,1038.952
6402,813.1173,1033.2557
6403,835.0997,1027.8491
6404,839.8493,1025.424
6405,838.98737,1025.6368
6406,839.37805,1027.106
6407,832.54474,1026.5371
6408,808.7877,1021.97815
6409,780.2008,1018.08466
6410,771.8188,1021.2313
6411,783.50226,1029.4985
6412,790.2153,1035.8229
6413,779.6967,1038.6532
6414,760.92755,1042.039
6415,743.503,1048.426
6416,729.623,1056.6317
6417,720.37354,1065.0442
6418,717.2172,1072.6277
6419,718.54346,1077.9724
6420,720.9781,1080.1564
6421,723.854,1079.0321
6422,731.3299,1074.7109
6423,748.6164,1067.2075
6424,773.3539,1056.3527
6425,794.4506,1044.1512
6426,796.70734,1034.912
6427,768.0478,1031.3358
6428,718.52637,1032.9147
6429,679.87085,1036.2954
6430,672.9596,1038.0295
6431,693.9011,1039.069
6432,726.9295,1042.0092
6433,758.33777,1044.8156
6434,784.12103,1043.3163
6435,803.4649,1038.1598
6436,812.20026,1033.38
6437,810.23596,1029.8152
6438,803.31537,1026.0479
6439,793.8897,1023.86475
6440,779.49915,1029.1932
6441,760.74915,1046.2921
6442,745.0895,1068.47
6443,742.1402,1081.5728
6444,755.51575,1080.9108
6445,776.50055,1074.443
6446,790.48065,1068.4418
6447,788.52094,1059.943
6448,768.4702,1044.93
6449,735.4634,1026.6968
6450,699.651,1011.1052
6451,670.68396,1000.048
6452,662.72394,994.91644
6453,686.9306,998.73224
6454,728.4939,1010.8497
6455,756.8532,1024.9874
6456,761.4059,1034.8844
6457,755.5448,1040.8264
6458,751.99255,1045.5728
6459,749.2369,1043.2693
6460,741.6936,1025.3639
6461,738.53015,998.9585
6462,757.0059,982.16516
6463,791.99774,981.96686
6464,816.0189,994.2848
6465,813.3211,1014.45123
6466,793.2124,1029.1824
6467,773.0817,1024.3763
6468,761.81384,1011.31165
6469,757.73706,1012.90857
6470,756.0335,1029.0725
6471,755.51587,1042.5521
6472,760.2688,1047.657
6473,773.16235,1053.1968
6474,784.98676,1064.6348
6475,782.36444,1078.3134
6476,772.45044,1087.649
6477,778.2709,1087.7106
6478,802.0759,1080.2454
6479,816.3186,1069.4197
6480,802.25183,1052.2865
6481,782.744,1027.6887
6482,788.8609,1006.68884
6483,804.4367,1002.10065
6484,800.54297,1011.4041
6485,795.11505,1017.5669
6486,812.6076,1010.791
6487,837.1162,999.3619
6488,840.56085,997.6817
6489,818.68207,1011.86163
6490,801.4845,1032.95
6491,813.2543,1049.0386
6492,820.63666,1061.3165
6493,789.70593,1070.4193
6494,753.7776,1068.3224
6495,751.89624,1059.055
6496,770.95776,1055.1809
6497,776.18915,1053.0214
6498,752.6225,1039.9833
6499,725.6512,1022.0784
6500,738.9816,1018.0838
6501,797.21423,1025.7349
6502,852.59705,1025.0667
6503,854.84283,1014.9852
6504,807.23193,1011.2744
6505,764.0941,1018.00305
6506,764.1253,1029.1663
6507,794.29175,1041.0183
6508,821.89734,1049.8234
6509,831.92426,1053.4065
6510,832.1358,1055.5308
6511,832.4186,1058.626
6512,825.0801,1053.9572
6513,794.4374,1030.3082
6514,745.54376,996.50665
6515,702.04144,976.1195
6516,676.5138,975.4797
6517,666.7312,982.43915
6518,670.6408,991.1322
6519,686.8171,1003.4682
6520,707.9155,1016.57153
6521,724.8148,1025.6162
6522,735.39124,1031.6447
6523,743.6347,1038.7264
6524,754.4214,1048.5889
6525,769.64215,1059.5254
6526,784.63654,1068.1602
6527,792.33044,1073.5444
6528,790.8263,1077.1422
6529,782.6864,1077.8994
6530,771.2916,1073.894
6531,759.8353,1067.3516
6532,750.409,1060.1392
6533,743.568,1050.1625
6534,738.8137,1037.7664
6535,735.64636,1027.01
6536,734.0326,1020.02203
6537,733.86725,1015.8936
6538,736.5238,1012.16266
6539,748.786,1007.2858
6540,773.4307,1006.99603
6541,791.7395,1021.7542
6542,785.39197,1047.5101
6543,771.03186,1064.3308
6544,772.05316,1065.2856
6545,779.0659,1062.9347
6546,775.1146,1063.2579
6547,766.0007,1060.9601
6548,761.16815,1056.6543
6549,757.68475,1054.4465
6550,753.6775,1052.6562
6551,757.88715,1049.7274
6552,781.1047,1047.1696
6553,816.10114,1044.2063
6554,830.9677,1036.5784
6555,800.8367,1021.26
6556,750.3578,1002.48737
6557,735.21063,989.6204
6558,768.43225,986.6074
6559,808.598,989.5623
6560,826.01245,995.9868
6561,829.64655,1008.0938
6562,834.034,1023.55817
6563,840.8957,1033.3708
6564,847.94916,1033.862
6565,844.5627,1032.2015
6566,809.51715,1037.7666
6567,748.2227,1050.3972
6568,706.1653,1060.5612
6569,713.7003,1062.1393
6570,750.8745,1057.2793
6571,781.8972,1050.6295
6572,798.2701,1045.8326
6573,814.966,1045.1705
6574,834.38495,1048.8456
6575,836.38684,1050.1576
6576,811.56323,1038.4194
6577,784.9491,1018.6744
6578,787.42487,1011.11664
6579,816.81976,1019.8018
6580,854.8368,1026.3988
6581,893.8148,1020.9079
6582,914.11975,1013.8725
6583,892.933,1011.83716
6584,849.3526,1010.1851
6585,820.49084,1012.51465
6586,814.31104,1023.4702
6587,818.9486,1034.9277
6588,824.0633,1039.6215
6589,816.9,1040.2552
6590,783.58276,1042.5544
6591,734.93506,1048.0198
6592,711.5128,1051.5651
6593,741.4341,1045.3802
6594,800.19794,1029.5653
6595,831.5517,1016.79877
6596,818.724,1014.1061
6597,798.7426,1012.23096
6598,798.576,1005.6966
6599,812.33545,1001.14923
6600,831.2226,1003.22626
6601,848.58966,1009.10016
6602,846.6873,1015.04456
6603,810.5823,1021.62164
6604,761.7646,1030.0096
6605,744.25714,1038.3557
6606,765.4563,1045.3427
6607,796.86,1050.3577
6608,826.2209,1049.9937
6609,856.0782,1039.8948
6610,868.93036,1024.3295
6611,840.8148,1019.2876
6612,790.7254,1030.6592
6613,771.8994,1044.1874
6614,796.5173,1049.4038
6615,826.1089,1047.1423
6616,838.64954,1038.1826
6617,841.44037,1024.7815
6618,830.6096,1013.18225
6619,790.4899,1007.72327
6620,731.30206,1007.1616
6621,688.6614,1009.7984
6622,679.3781,1017.52454
6623,688.8265,1030.1553
6624,697.83246,1042.6003
6625,698.45593,1050.5048
6626,694.4883,1053.4098
6627,703.0964,1052.6245
6628,741.5557,1049.0066
6629,795.8577,1042.7588
6630,824.6219,1031.0365
6631,810.09814,1011.0103
6632,782.0973,996.68445
6633,777.5687,1009.85297
6634,795.75354,1041.3275
6635,811.83954,1060.2865
6636,811.52924,1059.5764
6637,793.9122,1053.8975
6638,766.8865,1050.9944
6639,744.73254,1048.0234
6640,735.6258,1042.9304
6641,736.73474,1038.3032
6642,740.4968,1036.6335
6643,740.58307,1036.9775
6644,735.5604,1036.9679
6645,728.23096,1035.4523
6646,723.44196,1032.364
6647,728.68896,1029.7592
6648,748.8559,1032.0847
6649,776.4675,1038.6989
6650,798.1962,1041.5879
6651,808.3307,1036.8838
6652,802.26196,1032.4869
6653,774.2928,1040.7646
6654,737.0884,1058.5212
6655,707.4969,1048.2118
6656,660.54755,964.4383
6657,552.0991,826.8256
6658,404.8485,719.69135
6659,307.89075,686.787
6660,308.63144,693.5817
6661,371.80865,700.1604
6662,467.86075,705.48755
6663,624.3762,734.7871
6664,830.24744,808.1905
6665,980.7031,903.19214
6666,1001.41736,974.2191
6667,929.0994,1016.4637
6668,843.3209,1055.1904
6669,792.9363,1090.3939
6670,775.34454,1107.0968
6671,768.4696,1106.832
6672,764.3369,1100.5558
6673,750.4929,1097.8241
6674,694.59625,1104.8885
6675,585.2055,1119.0269
6676,480.26233,1128.6516
6677,470.00732,1123.5371
6678,573.2286,1104.7941
6679,708.9201,1084.6218
6680,798.37506,1072.5172
6681,846.6239,1064.6161
6682,883.9528,1055.1508
6683,905.0295,1048.5961
6684,903.11835,1049.9191
6685,892.20355,1055.3405
6686,886.05634,1059.4019
6687,890.0324,1062.5223
6688,900.0021,1067.6636
6689,894.8446,1071.953
6690,853.1145,1068.2991
6691,796.7214,1055.502
6692,785.2673,1037.6783
6693,828.4142,1021.96515
6694,847.0574,1020.8248
6695,791.68195,1035.025
6696,733.951,1046.929
6697,755.5747,1048.5728
6698,830.5106,1047.7826
6699,882.7619,1047.8716
6700,889.37195,1047.0446
6701,879.19885,1047.2319
6702,874.6811,1051.0603
6703,875.2037,1056.2921
6704,876.0289,1058.9938
6705,878.5631,1059.727
6706,885.15985,1061.6227
6707,890.0173,1065.1458
6708,874.0175,1068.9708
6709,819.42004,1072.7898
6710,745.29047,1076.0442
6711,705.6892,1073.648
6712,733.3708,1058.5294
6713,801.17926,1037.871
6714,848.51355,1030.9169
6715,846.5316,1035.6886
6716,816.8443,1030.247
6717,784.8732,1011.62354
6718,763.51904,997.3905
6719,768.9261,998.11584
6720,801.00244,1007.98676
6721,832.91223,1015.14813
6722,844.4513,1015.5923
6723,841.2994,1014.27155
6724,838.858,1016.1129
6725,841.96063,1020.68195
6726,834.95844,1020.1261
6727,782.1846,1000.87964
6728,659.17645,958.67236
6729,502.6785,911.38934
6730,388.40472,879.9125
6731,347.6269,859.2375
6732,348.30328,828.2043
6733,351.03836,782.7641
6734,349.688,741.18097
6735,353.29712,717.80927
6736,357.38687,703.3823
6737,348.57324,679.65173
6738,333.19495,650.5833
6739,374.9513,642.8973
6740,545.2095,676.3297
6741,790.6246,742.8258
6742,973.8444,807.758
6743,1043.663,833.7682
6744,1035.4298,812.1996
6745,987.19385,772.1482
6746,930.28754,771.203
6747,885.0822,855.912
6748,850.7167,993.06476
6749,822.821,1092.4067
6750,804.77075,1121.121
6751,795.36084,1119.4651
6752,789.1089,1118.2085
6753,787.1368,1112.5919
6754,789.9306,1097.7473
6755,793.4345,1083.165
6756,798.63446,1075.2563
6757,808.075,1070.5718
6758,817.8947,1065.7667
6759,823.1706,1062.0713
6760,820.5723,1064.7101
6761,807.55035,1078.7069
6762,789.05347,1099.4062
6763,774.5443,1116.4141
6764,765.14154,1127.7864
6765,755.6025,1135.707
6766,744.20734,1136.9233
6767,734.35034,1130.9734
6768,730.9875,1125.1821
6769,736.39343,1124.0116
6770,750.3444,1122.1698
6771,771.48694,1112.162
6772,793.37915,1096.1029
6773,806.3032,1083.331
6774,807.63074,1077.0739
6775,803.66797,1073.7214
6776,802.4985,1071.2108
6777,808.66974,1069.7734
6778,818.7049,1069.1948
6779,821.72205,1068.9932
6780,810.89197,1069.2267
6781,793.49005,1069.5801
6782,783.1111,1070.0548
6783,781.2459,1075.1779
6784,776.2636,1090.7638
6785,761.60345,1111.6453
6786,743.66034,1123.8733
6787,731.49097,1122.6449
6788,727.3472,1115.013
6789,726.8471,1107.7345
6790,723.5779,1104.2917
6791,714.9065,1106.0071
6792,704.703,1108.5514
6793,697.2618,1105.683
6794,692.49036,1098.0696
6795,691.6155,1091.7357
6796,699.0348,1089.6954
6797,714.3569,1089.1111
6798,729.80524,1085.6549
6799,738.7468,1079.8218
6800,741.53485,1076.6119
6801,741.06934,1078.4716
6802,739.1662,1083.3408
6803,737.08905,1088.7043
6804,737.7383,1090.7146
6805,749.14813,1080.6986
6806,772.5309,1058.4055
6807,787.4145,1045.459
6808,777.6305,1055.4877
6809,758.48126,1070.1191
6810,751.01556,1072.5648
6811,757.47974,1067.9401
6812,770.5508,1064.1565
6813,781.9092,1063.0071
6814,786.3727,1063.7592
6815,785.66974,1065.3613
6816,782.4812,1068.4016
6817,775.7924,1075.8329
6818,765.24384,1089.2817
6819,752.2205,1104.6876
6820,737.89685,1116.8547
6821,723.49194,1126.0217
6822,710.3586,1134.9022
6823,703.2584,1145.2391
6824,708.87305,1158.6143
6825,724.16113,1171.2668
6826,737.5137,1173.1617
6827,743.7666,1161.0891
6828,744.88245,1143.1996
6829,742.5075,1129.736
6830,739.88965,1124.8627
6831,737.98016,1115.569
6832,731.5184,1075.9567
6833,725.7648,995.69244
6834,739.2955,886.68933
6835,775.66547,775.15356
6836,814.378,697.0701
6837,823.6754,675.47235
6838,769.4341,719.9893
6839,656.81396,830.4665
6840,560.09717,958.836
6841,533.5404,1034.5719
6842,534.081,1049.8513
6843,514.49756,1047.9105
6844,504.3471,1050.5105
6845,541.2769,1050.1633
6846,612.67645,1042.2805
6847,686.817,1033.4635
6848,742.65344,1031.5974
6849,765.2277,1040.0049
6850,748.0884,1055.9602
6851,703.0413,1072.9058
6852,651.8686,1084.9641
6853,612.87286,1088.8538
6854,593.4746,1086.494
6855,581.33966,1085.9202
6856,555.77045,1091.9033
6857,531.9107,1095.1304
6858,576.8958,1076.587
6859,725.13367,1019.29333
6860,887.27246,921.46704
6861,945.14545,815.6258
6862,902.9169,749.4979
6863,841.3827,736.1176
6864,809.2021,770.1569
6865,816.02277,857.9054
6866,840.30505,974.88617
6867,839.68854,1067.3582
6868,817.743,1107.4313
6869,831.15204,1093.959
6870,876.23737,1056.0713
6871,869.2816,1049.3766
6872,787.29224,1085.4636
6873,705.3875,1118.8187
6874,677.3581,1120.6769
6875,693.6408,1104.3568
6876,742.41565,1088.116
6877,810.18475,1076.7615
6878,846.9149,1071.9336
6879,820.6479,1076.4174
6880,766.90656,1088.204
6881,726.1817,1100.9003
6882,701.0865,1109.5364
6883,694.07007,1113.2227
6884,719.8455,1113.6971
6885,773.5665,1108.6173
6886,817.2563,1095.7236
6887,810.10944,1084.8195
6888,755.6247,1082.29
6889,698.3935,1078.2443
6890,669.0814,1068.2646
6891,670.6689,1059.8723
6892,705.18835,1055.1796
6893,770.4074,1048.1865
6894,840.1256,1038.5308
6895,872.4903,1037.743
6896,856.8567,1050.1987
6897,828.53394,1062.3331
6898,811.49445,1066.3267
6899,795.65265,1070.8451
6900,775.59753,1080.9933
6901,761.9903,1088.2323
6902,760.54504,1082.8314
6903,762.707,1066.5712
6904,758.3004,1048.9943
6905,754.152,1037.6462
6906,767.76416,1035.8785
6907,797.22504,1041.2545
6908,815.6833,1044.88
6909,804.0687,1039.7289
6910,775.3941,1029.0701
6911,756.49896,1021.3639
6912,755.4329,1018.15027
6913,760.5883,1013.7265
6914,761.9318,1007.1192
6915,760.58746,1009.7711
6916,762.3064,1033.5991
6917,767.44495,1068.6499
6918,770.96454,1091.0099
6919,770.53784,1095.8154
6920,769.8764,1097.6086
6921,777.55194,1101.8236
6922,801.25397,1099.8231
6923,834.3423,1087.9684
6924,856.5941,1072.6974
6925,852.6442,1063.0471
6926,819.6358,1067.2552
6927,770.52716,1080.6498
6928,731.3255,1086.0529
6929,711.81775,1073.6525
6930,692.9698,1039.8622
6931,661.0634,988.0901
6932,629.28796,939.62854
6933,611.4409,912.10144
6934,598.89325,901.1435
6935,575.5421,903.06384
6936,540.9896,923.0333
6937,509.1832,940.97156
6938,483.9444,916.6499
6939,459.75015,854.18964
6940,453.30585,802.6487
6941,487.7904,787.3859
6942,551.5726,793.3561
6943,611.74304,796.872
6944,643.8577,788.16833
6945,644.8365,776.0391
6946,651.58563,778.05536
6947,715.19855,802.7863
6948,818.9222,832.1995
6949,884.29114,838.90015
6950,880.5574,824.3307
6951,849.79565,809.60645
6952,834.14996,803.58734
6953,843.16656,803.0111
6954,867.2233,800.91284
6955,884.4234,789.22125
6956,873.703,777.57733
6957,835.83264,799.56165
6958,799.208,869.71545
6959,790.61554,953.1487
6960,787.49884,1005.974
6961,759.87,1026.4852
6962,742.20074,1044.854
6963,765.77655,1072.039
6964,797.8271,1090.3274
6965,809.1085,1094.4673
6966,807.0646,1096.7063
6967,801.1351,1096.2863
6968,799.437,1080.1252
6969,805.4536,1042.7236
6970,788.5466,993.30304
6971,726.9913,947.5158
6972,666.18176,913.2634
6973,650.02496,889.6289
6974,648.934,877.0076
6975,612.88916,878.7211
6976,548.45013,893.0401
6977,501.45016,910.02954
6978,482.88257,914.58167
6979,467.45526,894.5896
6980,465.83417,865.1304
6981,533.355,870.84717
6982,674.15546,928.197
6983,806.3622,996.4367
6984,866.7036,1034.8022
6985,873.1214,1043.7821
6986,867.5714,1041.6351
6987,861.6078,1040.0586
6988,844.2582,1043.3845
6989,816.8959,1050.9817
6990,802.6552,1057.6464
6991,815.5049,1057.5114
6992,839.44324,1052.5317
6993,850.0178,1051.595
6994,841.5017,1056.0728
6995,825.9985,1057.4492
6996,815.85895,1050.0785
6997,809.194,1037.5266
6998,784.85345,1033.732
6999,722.72186,1053.6539
7000,642.0878,1088.6676
7001,587.6675,1112.2468
7002,568.4549,1118.5121
7003,558.2804,1121.5022
7004,553.1466,1121.422
7005,575.18506,1106.9292
7006,622.7556,1081.8767
7007,664.3155,1062.8843
7008,680.63495,1057.3591
7009,683.33844,1059.3158
7010,695.5139,1059.6133
7011,716.8902,1049.7845
7012,712.1269,1013.507
7013,657.1708,937.5154
7014,587.401,849.22363
7015,558.2279,797.5695
7016,576.4705,790.6511
7017,613.1124,806.5267
7018,648.4463,835.1147
7019,677.0388,870.07776
7020,698.8746,897.9356
7021,715.8527,910.45374
7022,727.0392,911.56494
7023,728.50525,911.0991
7024,720.5549,914.3796
7025,710.8234,918.81104
7026,705.8174,918.8925
7027,702.49664,912.78265
7028,693.46124,905.3908
7029,677.74817,903.4201
7030,661.9957,907.35675
7031,654.21124,912.2629
7032,657.7035,914.8231
7033,666.84686,915.6126
7034,671.68665,915.1581
7035,669.30634,910.2635
7036,664.1448,897.89374
7037,659.27014,883.1335
7038,654.80524,875.4847
7039,652.64764,876.29944
7040,656.04895,878.67413
7041,662.89465,877.61115
7042,667.9466,874.2324
7043,673.8844,875.7473
7044,687.053,888.86017
7045,700.9795,905.9545
7046,698.5939,916.3161
7047,673.26715,933.9848
7048,639.30396,980.20636
7049,618.6858,1041.9586
7050,619.2182,1083.9042
7051,629.53784,1093.5933
7052,635.24585,1085.747
7053,633.7058,1072.7474
7054,631.5079,1056.4121
7055,633.33636,1039.4674
7056,637.69495,1025.8741
7057,640.5482,1015.38727
7058,638.20026,1006.3775
7059,629.22766,999.4126
7060,617.5677,995.8021
7061,612.6563,994.3465
7062,623.3388,990.93335
7063,647.0543,983.6988
7064,672.9787,973.55524
7065,696.6847,959.3409
7066,714.7192,942.51324
7067,716.34906,932.8817
7068,695.3816,941.0094
7069,657.0087,966.55554
7070,612.4728,997.4733
7071,572.34436,1022.0827
7072,540.61566,1038.2976
7073,515.83984,1049.8319
7074,496.59393,1058.3193
7075,484.06625,1062.195
7076,484.49747,1062.847
7077,505.03015,1065.8768
7078,537.3692,1073.1924
7079,551.591,1079.7075
7080,520.52344,1080.3066
7081,462.36768,1074.3528
7082,463.53018,1059.0275
7083,611.25415,1031.4066
7084,851.84607,1005.00366
7085,1006.84906,999.79474
7086,996.9181,1015.3935
7087,913.4869,1033.968
7088,837.3932,1026.9186
7089,753.0348,964.2649
7090,663.2998,860.955
7091,627.0414,780.6314
7092,651.94904,760.41876
7093,680.2824,778.46466
7094,686.03033,799.51556
7095,702.91595,820.0365
7096,757.44653,873.3188
7097,811.3488,981.9874
7098,812.4874,1104.7032
7099,780.9698,1169.1918
7100,772.27637,1155.1853
7101,785.4515,1103.3445
7102,771.3336,1052.1606
7103,712.71405,1006.58734
7104,649.4273,966.4398
7105,622.7447,941.9914
7106,636.8184,928.91345
7107,676.4323,896.4993
7108,720.8882,820.57324
7109,748.00964,732.69885
7110,760.22424,712.9398
7111,769.9696,802.9491
7112,746.6717,942.9509
7113,662.95013,1037.6073
7114,561.87244,1065.1912
7115,503.1514,1069.2229
7116,518.11536,1089.1952
7117,613.3682,1138.2004
7118,737.5448,1192.6973
7119,809.83527,1212.2676
7120,814.9112,1192.7241
7121,797.8879,1161.5692
7122,790.06934,1137.9392
7123,791.8026,1126.7703
7124,795.36066,1126.3761
7125,796.5666,1131.7651
7126,793.6254,1141.9957
7127,787.60895,1154.3722
7128,786.36926,1141.5714
7129,795.2335,1070.6376
7130,791.46967,965.949
7131,734.24854,893.3689
7132,630.30786,874.6131
7133,544.92584,881.989
7134,520.70325,893.6127
7135,542.35986,905.25854
7136,582.7092,914.6534
7137,626.5205,919.0652
7138,658.28546,917.75507
7139,670.1011,913.7013
7140,682.23236,925.31635
7141,724.31494,979.6979
7142,788.37463,1068.2847
7143,834.93677,1142.7568
7144,844.1254,1170.7502
7145,815.56885,1146.4408
7146,746.7437,1069.6827
7147,660.9542,973.7607
7148,604.23456,921.77686
7149,590.86346,935.24036
7150,609.454,974.5202
7151,653.18146,997.7735
7152,695.26465,1009.4212
7153,694.22125,1039.7549
7154,654.76764,1088.6796
7155,632.5358,1124.633
7156,662.76086,1132.9829
7157,719.4522,1127.3451
7158,755.6973,1123.6796
7159,757.3883,1127.6617
7160,744.1498,1137.9047
7161,739.23224,1150.7268
7162,750.51337,1162.3414
7163,768.5358,1167.7184
7164,783.7769,1162.6678
7165,801.8736,1148.5781
7166,825.3999,1133.1965
7167,840.7395,1127.8993
7168,840.6266,1138.6266
7169,834.7253,1155.7292
7170,830.6924,1162.7439
7171,824.5157,1156.942
7172,812.4535,1148.4386
7173,796.7796,1140.202
7174,778.39777,1122.288
7175,761.4037,1089.8999
7176,760.67596,1059.902
7177,786.3719,1054.5001
7178,827.7774,1067.3977
7179,857.2741,1070.5939
7180,847.31134,1060.3798
7181,809.7721,1068.675
7182,799.41565,1121.0918
7183,834.1119,1197.2269
7184,867.37524,1247.2339
7185,862.9531,1251.7682
7186,831.01654,1235.181
7187,794.34576,1221.4811
7188,762.7678,1216.8368
7189,740.57196,1222.4264
7190,733.43414,1233.0834
7191,735.61346,1223.9026
7192,729.2258,1164.1277
7193,709.70105,1068.945
7194,693.3585,995.21893
7195,691.5296,962.9832
7196,698.0552,946.78784
7197,701.4001,938.6313
7198,695.42114,954.24756
7199,688.8542,995.2172
7200,699.5918,1044.3159
7201,728.4787,1085.0956
7202,757.25323,1108.9501
7203,773.3299,1113.9863
7204,779.06134,1106.5823
7205,780.9526,1099.2711
7206,773.6542,1099.7866
7207,745.96643,1102.282
7208,715.15784,1094.7959
7209,708.5719,1075.4797
7210,699.2915,1057.0378
7211,640.0816,1050.3243
7212,543.0268,1051.4323
7213,448.93533,1048.1
7214,379.70374,1028.2649
7215,353.00027,993.33923
7216,368.6641,964.05927
7217,398.6618,953.00305
7218,439.92233,940.3925
7219,520.4642,899.63794
7220,619.229,843.0901
7221,661.38275,810.5037
7222,621.70776,811.5633
7223,552.16003,819.1905
7224,503.94043,812.8275
7225,483.39816,799.17035
7226,475.55496,796.87415
7227,471.45053,812.09985
7228,469.08203,831.51385
7229,466.77835,839.3723
7230,464.38818,835.0974
7231,465.97214,827.08417
7232,476.22656,817.74146
7233,496.10867,805.2154
7234,529.7005,788.3109
7235,585.9456,766.52527
7236,665.2468,748.98395
7237,757.0456,754.3491
7238,839.92053,791.99426
7239,880.2028,851.84985
7240,855.3392,908.2052
7241,782.09534,936.90204
7242,704.02203,939.9057
7243,641.45593,939.8448
7244,580.9779,949.12476
7245,523.1937,960.13947
7246,492.0033,962.247
7247,490.25836,953.82666
7248,494.6813,938.53906
7249,495.4191,923.63544
7250,508.23108,922.4741
7251,540.2686,939.609
7252,562.39026,952.4805
7253,548.80304,939.99
7254,520.5251,920.3338
7255,507.88882,922.4806
7256,510.51724,943.3215
7257,514.969,959.9853
7258,515.7758,962.6038
7259,515.0379,959.1392
7260,515.7379,958.3033
7261,517.6299,960.17163
7262,518.08105,960.96735
7263,516.0145,959.11115
7264,514.0552,955.80396
7265,514.5319,952.1943
7266,514.3639,947.9747
7267,508.62665,942.63293
7268,503.28793,937.6646
7269,522.61066,939.0196
7270,576.604,954.56134
7271,621.9892,980.2537
7272,622.97186,994.1337
7273,609.4633,981.26495
7274,597.2693,952.5919
7275,562.7637,925.046
7276,519.95386,907.02496
7277,503.40146,910.16614
7278,515.1188,945.3876
7279,538.3204,998.6449
7280,551.41907,1039.2354
7281,522.50354,1054.4695
7282,438.3889,1049.6339
7283,358.48486,1027.96
7284,365.06305,993.7954
7285,441.12448,962.253
7286,500.81165,949.27765
7287,524.27454,958.7769
7288,559.53546,988.98505
7289,625.11993,1032.508
7290,704.0979,1062.2155
7291,782.57214,1042.5701
7292,818.1689,967.9565
7293,772.8158,880.98535
7294,691.55444,833.37537
7295,640.47327,831.6469
7296,626.3245,845.7483
7297,625.3522,854.2887
7298,622.57477,855.97974
7299,616.037,855.30273
7300,610.00214,854.8853
7301,607.33405,855.48987
7302,607.5676,856.0475
7303,611.28033,852.6372
7304,621.8457,841.4978
7305,637.52277,826.5861
7306,648.89624,817.15393
7307,649.7527,816.1395
7308,639.8273,819.58514
7309,616.9412,823.86365
7310,581.98175,827.08405
7311,549.3438,827.9905
7312,533.6215,825.91174
7313,531.78107,820.0264
7314,541.7953,813.1135
7315,590.1127,823.7106
7316,698.4222,877.92065
7317,820.05334,966.4356
7318,877.9697,1041.4359
7319,870.12604,1075.8647
7320,853.0209,1074.1313
7321,841.89526,1023.4795
7322,815.6366,907.9278
7323,783.57214,770.1867
7324,771.3979,685.9176
7325,774.8161,685.34314
7326,773.35126,751.5654
7327,762.169,849.49915
7328,748.06384,930.3663
7329,736.6181,964.1053
7330,738.8735,967.38025
7331,768.29297,973.1932
7332,815.4761,991.95135
7333,851.5895,1012.001
7334,864.4352,1022.9043
7335,864.63196,1026.6411
7336,862.19257,1029.4824
7337,859.11584,1033.4481
7338,856.1797,1036.9908
7339,855.02466,1038.7883
7340,857.24146,1038.5886
7341,862.9366,1036.0916
7342,867.95514,1032.4749
7343,865.73755,1030.6987
7344,854.2141,1030.1211
7345,838.3056,1024.8796
7346,824.11053,1011.3616
7347,811.9517,993.47455
7348,798.4311,977.9008
7349,783.8531,967.4748
7350,771.91016,961.64374
7351,764.0286,959.70807
7352,759.2248,960.55634
7353,757.62885,961.73
7354,760.9507,960.5882
7355,767.9076,956.39374
7356,767.6948,950.86206
7357,747.4731,946.2669
7358,713.6183,944.2521
7359,687.6528,945.15704
7360,680.2125,947.45306
7361,693.2023,949.375
7362,729.85254,950.0741
7363,777.327,949.30145
7364,809.05975,947.6227
7365,816.9085,946.1241
7366,812.51227,944.9799
7367,804.2932,943.2078
7368,795.04047,940.5943
7369,788.4648,938.43445
7370,786.18066,937.59406
7371,786.0722,937.6479
7372,786.0758,938.2728
7373,786.1157,939.5095
7374,786.7629,940.66315
7375,787.78046,940.92633
7376,788.53735,940.6825
7377,788.692,940.6141
7378,787.62335,940.482
7379,784.43396,939.7288
7380,779.4078,938.52576
7381,774.58435,937.71405
7382,772.28485,937.7174
7383,773.1411,938.25903
7384,775.7391,939.13086
7385,778.38574,940.11957
7386,780.3292,940.7307
7387,781.3061,940.5343
7388,781.07,939.5139
7389,779.6852,938.298
7390,778.3796,937.9219
7391,778.7676,938.8111
7392,780.4014,939.84515
7393,781.27563,939.91473
7394,780.7439,939.7421
7395,779.7923,940.10724
7396,779.5291,940.4528
7397,780.41614,939.97876
7398,782.02686,938.34607
7399,783.31256,936.299
7400,782.99243,935.7359
7401,780.9347,937.6848
7402,780.5618,940.37195
7403,787.7361,940.4937
7404,801.8302,937.2735
7405,810.2743,933.57056
7406,804.5142,931.5945
7407,794.5524,931.0066
7408,793.01917,931.68066
7409,798.3818,933.94507
7410,802.5033,937.0319
7411,802.027,939.71643
7412,799.3345,941.34814
7413,797.97833,941.9777
7414,799.18634,942.00055
7415,802.04785,941.82715
7416,805.2515,941.52026
7417,807.83575,941.0115
7418,808.38165,940.7947
7419,805.60486,941.2177
7420,801.2553,941.9088
7421,799.004,942.63257
7422,799.78754,943.44666
7423,801.51764,943.81195
7424,802.292,942.4936
7425,801.8133,939.40454
7426,800.6973,936.728
7427,799.46967,936.4891
7428,798.41394,938.1476
7429,797.80457,939.83124
7430,797.5829,940.50916
7431,797.6439,940.35187
7432,798.3387,940.1019
7433,799.83246,940.2945
7434,801.6952,940.76733
7435,801.6594,941.1132
7436,792.2154,940.979
7437,766.5902,939.7349
7438,736.6006,937.48773
7439,725.78436,936.2349
7440,736.7767,937.848
7441,752.8791,941.2735
7442,765.7972,943.5871
7443,775.35034,942.8726
7444,780.55554,940.86786
7445,788.7712,947.7824
7446,811.61847,976.3809
7447,841.15674,1021.4587
7448,855.4619,1059.5443
7449,855.8739,1062.568
7450,859.2055,1000.87634
7451,851.8458,877.19275
7452,816.58673,755.5061
7453,783.65875,706.6173
7454,781.337,748.745
7455,784.7858,847.5218
7456,766.65735,939.22455
7457,742.90137,979.35223
7458,739.6273,978.2671
7459,755.88525,969.3603
7460,773.8582,967.4654
7461,782.88153,969.5892
7462,785.5353,970.62933
7463,788.50494,969.9194
7464,792.28827,969.14014
7465,784.11865,966.875
7466,747.4684,959.5965
7467,692.21826,949.85236
7468,652.1426,943.4866
7469,642.85266,938.71606
7470,652.45135,931.87573
7471,668.0981,928.6257
7472,686.54956,935.6944
7473,704.3393,948.4859
7474,716.3818,958.2683
7475,726.33844,965.7581
7476,739.1191,975.15985
7477,732.0414,973.02295
7478,656.75964,930.09436
7479,504.71597,847.03564
7480,349.96317,774.5305
7481,278.43265,752.28064
7482,294.8122,766.64056
7483,338.1086,786.18335
7484,359.0752,788.4365
7485,357.5282,763.16656
7486,391.13748,734.5436
7487,539.807,755.47864
7488,777.76996,845.21783
7489,945.9348,957.04126
7490,949.309,1030.9938
7491,863.29004,1052.0927
7492,792.9284,1044.6897
7493,760.1367,1034.6328
7494,740.16455,1030.5847
7495,717.552,1031.0939
7496,693.7038,1033.4651
7497,674.59827,1036.0422
7498,664.50555,1038.8126
7499,663.7779,1041.5573
7500,666.88446,1043.5079
7501,666.2789,1044.9283
7502,661.56476,1045.7656
7503,659.1047,1045.1785
7504,662.1201,1043.9657
7505,668.40234,1043.8776
7506,674.75226,1044.628
7507,678.9961,1044.4486
7508,682.1682,1042.0359
7509,691.72833,1036.4949
7510,716.09406,1026.6951
7511,750.8237,1009.50476
7512,780.93854,980.48444
7513,800.29767,943.28107
7514,813.16925,912.45087
7515,817.1709,897.2053
7516,803.76904,892.71
7517,779.1425,892.63635
7518,763.1688,895.6917
7519,764.0485,898.7921
7520,774.46295,897.6325
7521,785.3421,893.5171
7522,790.3637,890.9266
7523,788.0851,890.98773
7524,782.16626,891.35583
7525,776.82745,889.79565
7526,774.5777,886.5831
7527,774.95703,883.59973
7528,774.7878,881.9858
7529,772.3021,882.0034
7530,769.77686,883.5398
7531,772.60876,885.25916
7532,783.6451,885.4513
7533,795.6648,885.30707
7534,797.89923,888.4789
7535,789.84827,896.1521
7536,777.2976,907.32947
7537,761.52325,924.8014
7538,742.47064,952.7255
7539,725.26184,986.4194
7540,717.4011,1013.68915
7541,722.9097,1028.5292
7542,741.6875,1036.0604
7543,769.9672,1042.1594
7544,797.0959,1045.6428
7545,807.6386,1043.9785
7546,795.34546,1039.4065
7547,772.11804,1035.6599
7548,751.9442,1033.2772
7549,734.11475,1030.6902
7550,716.9985,1027.6316
7551,708.3278,1024.9236
7552,707.6785,1022.4157
7553,702.61176,1019.81616
7554,689.1622,1018.4826
7555,677.1594,1019.0574
7556,677.3636,1018.93097
7557,696.04865,1017.46136
7558,729.92633,1018.8928
7559,761.3403,1023.6224
7560,773.59314,1025.4738
7561,765.11743,1021.26575
7562,743.63354,1014.1905
7563,720.64496,1008.71
7564,706.68005,1006.4578
7565,702.78516,1005.71625
7566,703.65533,1004.61255
7567,705.989,1003.31665
7568,708.39996,1002.48566
7569,709.44855,1002.13965
7570,708.8557,1001.63116
7571,707.89764,999.92786
7572,707.20703,997.44086
7573,705.91974,995.66833
7574,703.948,994.7366
7575,702.78357,994.46564
7576,703.28613,995.6398
7577,704.7217,997.91187
7578,706.2962,999.4985
7579,707.9746,999.50903
7580,709.5444,997.72974
7581,709.86865,993.90564
7582,707.67004,989.6572
7583,704.8516,987.4441
7584,711.385,987.8139
7585,738.4028,990.7845
7586,776.55505,996.1251
7587,796.2682,1000.9532
7588,781.3863,1001.75757
7589,747.99286,999.1916
7590,722.84894,997.2214
7591,714.83203,997.68604
7592,715.3512,999.23615
7593,714.9502,1000.8662
7594,709.30133,1003.09705
7595,699.1782,1005.91565
7596,692.3629,1007.89905
7597,704.80725,1008.181
7598,746.6171,1008.0745
7599,791.0202,1010.1499
7600,791.24805,1015.41034
7601,749.33496,1021.7621
7602,713.19885,1026.3396
7603,704.3382,1028.2383
7604,706.2485,1028.498
7605,706.9589,1028.0386
7606,711.36163,1025.8809
7607,724.45184,1020.30676
7608,736.9583,1012.2189
7609,716.4429,1005.8413
7610,633.8387,1002.5246
7611,524.4849,993.1187
7612,465.37097,968.45844
7613,469.49963,944.83563
7614,479.842,950.92786
7615,461.07593,979.1526
7616,425.01782,992.64233
7617,398.42197,979.9291
7618,416.985,954.38885
7619,499.5802,920.6785
7620,599.0435,890.4505
7621,643.2568,890.1783
7622,631.314,918.15967
7623,621.2941,941.70184
7624,642.5382,945.161
7625,674.7379,942.66327
7626,688.1254,953.74493
7627,682.93085,986.903
7628,699.45624,1031.3271
7629,762.0307,1068.279
7630,816.8464,1098.668
7631,799.7096,1132.0585
7632,735.2809,1161.1891
7633,688.7707,1174.8306
7634,679.3063,1173.7833
7635,680.25073,1167.8319
7636,662.0041,1166.7175
7637,634.5382,1167.3375
7638,649.5993,1151.9326
7639,728.94794,1114.9662
7640,803.5878,1086.346
7641,797.0537,1093.1078
7642,734.39,1116.4126
7643,682.9103,1131.275
7644,658.4923,1145.968
7645,646.5352,1167.3966
7646,642.25934,1181.801
7647,644.4805,1185.672
7648,645.4884,1191.5664
7649,639.68225,1201.9587
7650,632.81616,1202.0226
7651,635.2517,1177.7974
7652,647.7753,1137.8759
7653,660.06696,1109.2312
7654,660.85547,1105.3716
7655,644.4262,1116.0013
7656,619.0516,1123.9856
7657,629.853,1107.3988
7658,738.952,1048.8625
7659,919.1749,971.7357
7660,1041.0618,927.6613
7661,1042.0487,932.6482
7662,980.7894,955.2737
7663,905.3007,963.6595
7664,821.0044,958.90393
7665,747.4357,960.2931
7666,701.7653,969.4153
7667,679.53107,970.2818
7668,681.82886,954.6202
7669,714.8528,928.2153
7670,759.95465,904.2821
7671,781.9308,893.9687
7672,769.71686,897.3948
7673,744.6799,905.70386
7674,731.69714,909.53815
7675,737.20404,906.4603
7676,751.27124,901.4555
7677,761.14233,898.87103
7678,762.2747,898.06714
7679,759.43634,896.7778
7680,758.8092,893.80615
7681,761.1209,889.3877
7682,763.07733,884.8401
7683,762.6396,881.30634
7684,760.75446,879.2899
7685,759.65594,878.44086
7686,760.27075,877.08154
7687,761.39185,873.8652
7688,762.34045,869.91534
7689,763.76086,867.5312
7690,765.0978,867.1604
7691,764.89484,867.3987
7692,763.2487,867.5007
7693,761.65375,867.9789
7694,761.23193,868.5465
7695,762.351,867.01715
7696,765.3695,861.49365
7697,770.2486,853.01263
7698,774.9107,847.5848
7699,774.4818,860.9463
7700,764.38275,908.69543
7701,745.71387,976.5039
7702,723.70026,1027.5807
7703,702.3227,1048.9207
7704,684.6121,1055.1455
7705,672.2163,1056.8936
7706,663.76,1054.387
7707,657.215,1048.7009
7708,651.9068,1044.2096
7709,648.8099,1044.1403
7710,649.0541,1048.177
7711,651.50226,1053.0957
7712,654.08185,1055.5117
7713,656.2275,1054.9996
7714,657.4386,1053.8176
7715,656.0705,1053.9418
7716,653.46313,1055.5684
7717,658.2886,1057.9786
7718,677.7935,1059.9954
7719,700.0386,1057.0161
7720,702.88544,1040.9369
7721,687.19,1012.3796
7722,675.4603,983.68164
7723,680.82495,961.65967
7724,700.90063,944.2452
7725,728.9328,930.91437
7726,757.10516,921.8147
7727,778.56244,914.6928
7728,791.2141,907.978
7729,797.7325,902.26514
7730,801.2609,898.4242
7731,802.90283,896.6957
7732,802.9384,896.92
7733,801.5067,897.829
7734,798.99457,897.75476
7735,796.26556,896.8616
7736,793.8155,896.73944
7737,792.1665,898.0711
7738,791.91174,900.2576
7739,792.68945,902.2468
7740,793.9196,902.7437
7741,795.48395,901.02783
7742,797.6623,897.5599
7743,801.42816,892.6132
7744,805.8817,888.4673
7745,804.98785,897.69116
7746,792.96454,935.2869
7747,774.5821,989.66956
7748,761.56006,1027.2523
7749,755.5291,1035.6604
7750,743.7521,1032.0261
7751,717.07166,1033.5297
7752,685.08,1042.4462
7753,664.552,1051.0632
7754,659.6311,1047.6595
7755,663.8771,1023.90607
7756,673.21045,989.8004
7757,689.80634,969.2095
7758,716.1115,969.42084
7759,747.02264,973.4012
7760,771.22205,966.5421
7761,768.7852,958.0491
7762,706.70154,970.844
7763,584.6983,1009.2935
7764,477.44028,1046.8103
7765,453.6026,1060.2588
7766,493.98123,1061.864
7767,542.0358,1068.2756
7768,550.58765,1048.448
7769,490.4764,951.9861
7770,392.96857,799.12396
7771,331.1417,673.0831
7772,360.1976,627.73315
7773,507.75415,680.1705
7774,721.4015,825.62305
7775,858.86444,990.88324
7776,852.0149,1076.4913
7777,795.67566,1069.1552
7778,794.63354,1034.416
7779,825.21497,1028.7184
7780,823.7479,1056.2584
7781,795.13416,1088.4397
7782,758.8064,1111.72
7783,709.6881,1133.1791
7784,661.195,1152.1177
7785,639.7343,1162.492
7786,644.688,1166.4315
7787,656.55096,1168.2109
7788,666.6561,1167.3785
7789,676.10736,1161.5775
7790,683.62775,1151.3567
7791,685.5789,1141.1685
7792,682.56604,1136.776
7793,685.23627,1145.824
7794,707.22437,1171.2274
7795,757.9484,1189.3047
7796,836.7134,1168.208
7797,907.805,1123.0245
7798,929.97156,1090.5648
7799,932.3432,1061.5736
7800,968.86914,1008.4663
7801,1019.7476,941.0739
7802,1028.6384,886.1269
7803,990.0573,852.89764
7804,945.57324,838.2294
7805,925.9161,839.2182
7806,921.01886,863.2976
7807,891.7931,926.3005
7808,812.8262,1021.692
7809,716.8785,1109.9592
7810,676.55945,1154.8986
7811,723.9594,1153.9071
7812,805.35834,1132.6733
7813,844.9403,1116.5682
7814,835.0046,1109.4237
7815,815.77765,1101.9324
7816,802.9382,1087.703
7817,787.4058,1070.0032
7818,770.04205,1058.9448
7819,760.358,1058.1813
7820,760.43915,1062.0989
7821,767.0943,1069.482
7822,778.34607,1085.8463
7823,789.9037,1109.2299
7824,795.0842,1126.656
7825,790.8101,1126.1318
7826,777.0933,1105.8546
7827,756.3311,1077.2451
7828,736.0533,1056.4891
7829,725.8344,1051.1119
7830,731.01965,1060.471
7831,746.35736,1076.2147
7832,756.20776,1081.7023
7833,749.22015,1068.1893
7834,731.1213,1047.6434
7835,717.52625,1038.4967
7836,716.42114,1043.6304
7837,722.7984,1052.1238
7838,728.57367,1055.8987
7839,729.48706,1055.7129
7840,723.5935,1057.3905
7841,714.9458,1066.4353
7842,717.50073,1081.1459
7843,745.21875,1086.4854
7844,793.86505,1063.962
7845,832.1519,1018.2963
7846,833.52106,980.0711
7847,814.1258,972.73926
7848,800.56134,991.0537
7849,788.2535,1013.5313
7850,767.5738,1025.4879
7851,748.4722,1027.0004
7852,740.2182,1023.9228
7853,739.2141,1019.89825
7854,739.9741,1016.2207
7855,741.264,1012.8489
7856,744.3224,1010.2248
7857,749.8818,1009.9757
7858,754.53186,1011.52014
7859,753.31744,1011.6706
7860,747.47876,1008.9623
7861,742.4783,1005.53577
7862,740.10583,1004.6926
7863,739.4329,1007.1524
7864,739.2406,1010.1895
7865,737.1529,1011.00586
7866,732.8934,1009.65765
7867,728.6877,1007.7318
7868,724.45,1005.6533
7869,721.5328,1004.08374
7870,732.3383,1008.84424
7871,770.5869,1026.9187
7872,823.87946,1051.5403
7873,858.9868,1064.1282
7874,861.2257,1057.6365
7875,843.6094,1043.3472
7876,823.2054,1033.9646
7877,807.70404,1033.0436
7878,798.21515,1038.6721
7879,794.08374,1046.2446
7880,788.8064,1046.7817
7881,770.2286,1033.0934
7882,739.80945,1011.1503
7883,716.1579,994.36145
7884,709.8874,987.56946
7885,717.9151,989.0558
7886,736.01904,998.47284
7887,754.83014,1011.4905
7888,761.53076,1019.71094
7889,756.97577,1019.9204
7890,753.0461,1011.4912
7891,755.02655,992.1151
7892,759.4933,968.4501
7893,761.0403,954.75946
7894,753.5329,953.9777
7895,733.5583,958.3724
7896,706.1696,964.4579
7897,685.9813,969.6994
7898,704.37366,955.6631
7899,793.00586,899.023
7900,917.60614,819.5379
7901,974.48346,783.1282
7902,907.0047,827.5211
7903,779.5483,912.792
7904,694.82684,971.4298
7905,684.71466,987.16034
7906,721.62305,990.92035
7907,774.87823,1001.9659
7908,818.73987,1012.2429
7909,838.1119,1012.96454
7910,839.70557,1008.4569
7911,836.8107,1005.0022
7912,833.08704,1002.8095
7913,827.0412,1004.4897
7914,820.5281,1017.6669
7915,818.15186,1041.1213
7916,820.3784,1061.0065
7917,816.5474,1064.325
7918,792.6874,1047.773
7919,754.9024,1021.1654
7920,727.3606,1001.55365
7921,720.46094,995.457
7922,724.84326,996.6435
7923,731.7758,999.6836
7924,737.9375,1003.28546
7925,740.5842,1006.1475
7926,740.14185,1007.5754
7927,739.5534,1008.08704
7928,738.79083,1007.38416
7929,736.7576,1005.3991
7930,735.54877,1004.13
7931,737.4252,1005.4629
7932,741.4113,1008.62396
7933,744.1008,1010.74005
7934,740.0602,1007.935
7935,725.09985,997.54565
7936,704.94666,983.15857
7937,692.89355,972.7894
7938,692.98126,968.9847
7939,696.33606,968.1765
7940,697.0225,969.54376
7941,699.24817,975.44617
7942,705.56305,984.26904
7943,710.7631,991.0285
7944,711.55695,994.6732
7945,710.7132,999.09784
7946,713.3559,1006.63403
7947,724.5517,1013.9311
7948,741.8874,1015.4633
7949,753.51874,1009.0636
7950,750.46814,997.6638
7951,735.3035,986.79425
7952,727.9201,976.8128
7953,768.94275,956.8306
7954,877.1272,916.808
7955,994.50977,866.82227
7956,1044.9769,828.49457
7957,1032.0258,809.3081
7958,1005.29724,800.85455
7959,987.85364,795.4259
7960,980.39246,790.74866
7961,983.7593,783.45355
7962,1003.11584,771.4818
7963,1034.6752,769.2828
7964,1031.0597,809.9809
7965,925.5141,903.1712
7966,752.2528,999.36755
7967,646.5546,1050.8114
7968,666.50287,1076.3389
7969,738.04877,1103.6946
7970,773.7469,1108.9471
7971,751.2969,1064.2911
7972,704.9281,994.7539
7973,679.84814,949.3677
7974,689.4551,941.0433
7975,713.73456,949.45917
7976,730.07214,959.4852
7977,733.8879,966.8089
7978,731.40173,968.5492
7979,726.16077,964.6769
7980,719.0919,959.97644
7981,711.08954,958.8506
7982,700.9791,958.7041
7983,689.0278,953.7713
7984,680.7273,945.3424
7985,680.4322,940.2492
7986,684.7945,941.1004
7987,687.62976,944.8186
7988,687.7309,946.8193
7989,686.95856,944.38696
7990,685.77295,939.619
7991,685.0371,937.68567
7992,686.40173,940.708
7993,689.4325,945.5001
7994,691.941,947.4748
7995,692.1635,945.2232
7996,690.17914,941.86774
7997,688.9352,943.63214
7998,692.0698,954.4135
7999,698.55743,968.3794
8000,703.2179,974.12665
8001,703.9852,969.18164
8002,703.2975,961.732
8003,702.7129,958.8089
8004,701.69305,960.55457
8005,700.2288,963.2055
8006,698.7211,963.5815
8007,696.8836,961.93396
8008,694.9946,960.75854
8009,694.47015,961.9299
8010,696.3558,965.60345
8011,700.8801,969.8475
8012,707.1434,972.4235
8013,712.15125,973.76605
8014,713.11426,976.1078
8015,710.81946,980.2475
8016,708.33386,984.1761
8017,707.21783,985.9569
8018,706.25037,987.93677
8019,702.88654,995.1889
8020,695.97473,1010.47455
8021,688.3159,1030.9832
8022,684.69946,1048.5918
8023,686.07697,1056.5402
8024,688.84937,1055.818
8025,690.4201,1052.0942
8026,692.2053,1048.5891
8027,696.51825,1043.7755
8028,702.8664,1036.0165
8029,708.4168,1029.0322
8030,710.3204,1027.7915
8031,707.7242,1030.2905
8032,704.09186,1029.2316
8033,705.3313,1020.30176
8034,712.69366,1007.0529
8035,721.93713,997.61755
8036,730.51886,996.9151
8037,738.7264,1005.0236
8038,745.53546,1019.19995
8039,750.83514,1033.0275
8040,757.7522,1040.2078
8041,767.1401,1041.2446
8042,772.5543,1040.6326
8043,766.07855,1039.9495
8044,750.80566,1036.8081
8045,739.46936,1027.824
8046,738.9938,1016.8817
8047,744.1389,1024.9254
8048,744.68164,1070.2106
8049,738.65924,1129.3447
8050,736.387,1159.2908
8051,745.2422,1155.7908
8052,758.98474,1146.1042
8053,763.01056,1149.3617
8054,747.6765,1167.015
8055,725.4629,1175.7299
8056,720.75653,1126.3401
8057,734.0037,999.79144
8058,743.6984,863.5958
8059,740.6171,804.94885
8060,728.64636,826.52747
8061,707.6814,873.4491
8062,684.1832,912.4775
8063,680.2447,939.9071
8064,709.5478,958.52856
8065,754.51935,970.5429
8066,783.5547,976.7799
8067,783.8566,974.91956
8068,764.61835,964.8129
8069,738.4326,962.8298
8070,710.9312,996.42633
8071,685.7152,1066.2258
8072,674.6456,1129.5032
8073,702.71484,1127.8267
8074,779.22125,1029.2544
8075,852.34357,875.51013
8076,864.9994,761.43695
8077,846.3847,737.84406
8078,842.65186,789.4474
8079,825.5459,879.7544
8080,768.9076,959.50055
8081,713.16003,990.5283
8082,694.93054,981.8195
8083,704.89594,964.51685
8084,722.32684,954.34296
8085,733.6239,953.135
8086,732.3251,959.1813
8087,722.80945,968.78644
8088,717.3839,978.06433
8089,724.3444,984.96173
8090,737.82697,988.20636
8091,742.77466,986.368
8092,731.70636,979.4357
8093,713.54785,971.0687
8094,702.01733,967.11053
8095,699.30804,969.9896
8096,698.3655,976.38806
8097,695.8186,981.2049
8098,694.14954,982.10333
8099,694.4509,979.36676
8100,694.81,974.4428
8101,695.24866,970.95776
8102,697.65515,971.5777
8103,700.97626,973.1771
8104,701.01434,971.3462
8105,697.15375,967.922
8106,701.8109,972.61255
8107,731.7379,994.3989
8108,778.10254,1025.901
8109,810.7214,1048.475
8110,818.30884,1055.0714
8111,811.7432,1049.405
8112,799.58716,1031.2457
8113,788.03296,1003.78937
8114,788.9534,984.97925
8115,809.196,990.87836
8116,829.0058,1011.0498
8117,797.2121,1016.2394
8118,682.327,993.74304
8119,541.255,962.91223
8120,473.7914,947.7443
8121,498.11725,948.45776
8122,546.41797,952.0575
8123,568.2353,957.16187
8124,571.4422,972.7454
8125,588.6847,1000.30237
8126,641.9348,1032.1744
8127,718.4712,1060.5839
8128,778.2867,1079.758
8129,791.1033,1085.993
8130,757.0255,1081.4241
8131,708.51544,1076.5392
8132,686.35974,1080.3356
8133,695.39966,1090.9691
8134,706.89734,1106.7422
8135,702.1304,1129.4039
8136,689.84973,1146.63
8137,686.78424,1138.8153
8138,694.35425,1109.3416
8139,701.11066,1083.2833
8140,701.1718,1076.8372
8141,697.5125,1086.6953
8142,693.47845,1104.7954
8143,691.3209,1125.9032
8144,693.679,1144.847
8145,699.79254,1158.4279
8146,704.5897,1166.869
8147,704.92505,1171.3754
8148,702.042,1172.6737
8149,698.54767,1171.8549
8150,697.05994,1172.9435
8151,700.69763,1180.1582
8152,713.7491,1183.2267
8153,740.86804,1144.8193
8154,776.43805,1036.0712
8155,794.3518,901.12823
8156,774.34247,821.9505
8157,733.8028,813.3002
8158,704.2045,828.2137
8159,695.6048,836.6601
8160,700.04193,840.83466
8161,707.5805,847.4713
8162,712.0524,855.566
8163,710.85974,861.3039
8164,705.11316,862.5839
8165,699.6565,858.51794
8166,699.39703,849.6939
8167,703.53656,839.3305
8168,706.15173,832.28973
8169,703.54193,831.0427
8170,698.741,833.30927
8171,701.94745,834.5774
8172,721.95197,832.0564
8173,750.2475,826.89667
8174,768.1978,822.66064
8175,771.4755,821.33405
8176,770.31384,821.95996
8177,773.25116,822.649
8178,778.21295,823.1212
8179,770.116,825.7111
8180,735.03265,831.91364
8181,690.7128,839.34534
8182,691.8748,851.5314
8183,769.73267,882.75665
8184,866.3481,931.79816
8185,898.0984,969.98334
8186,871.44366,981.23785
8187,850.2722,984.10565
8188,857.8072,997.4673
8189,875.67975,1017.9594
8190,886.4987,1035.5042
8191,884.9876,1044.6687
8192,876.0322,1042.7466
8193,874.4568,1029.8344
8194,885.95715,1013.35925
8195,875.8678,1017.3378
8196,799.81085,1068.0963
8197,689.2348,1146.268
8198,623.8054,1193.7031
8199,618.09644,1189.2646
8200,633.059,1163.6135
8201,649.809,1143.8297
8202,667.81775,1130.7291
8203,684.6293,1117.818
8204,699.7602,1105.9185
8205,716.0435,1100.3438
8206,732.86884,1103.8435
8207,745.0613,1115.433
8208,747.0209,1131.3826
8209,736.5678,1145.7507
8210,720.3744,1153.1426
8211,709.5085,1151.8599
8212,706.39984,1144.3477
8213,705.7146,1136.2758
8214,703.76685,1133.195
8215,699.30585,1135.6315
8216,692.49805,1140.362
8217,686.22626,1145.4792
8218,683.3135,1150.8917
8219,684.126,1157.2783
8220,687.46246,1165.533
8221,689.0337,1174.331
8222,684.8977,1178.8457
8223,689.7805,1168.2837
8224,742.7764,1124.4626
8225,852.7176,1044.1929
8226,950.71246,964.1313
8227,971.94507,928.53723
8228,942.33295,938.9626
8229,915.2584,966.895
8230,901.87445,993.2671
8231,895.59985,1011.9106
8232,897.6528,1018.0559
8233,908.9635,1009.83777
8234,914.6521,996.9881
8235,878.9124,1008.51953
8236,784.87317,1069.577
8237,681.7782,1153.0897
8238,634.33527,1199.2383
8239,643.6549,1192.9569
8240,668.32336,1172.141
8241,678.4426,1169.3229
8242,675.2201,1174.645
8243,682.6288,1157.3381
8244,709.39777,1120.5583
8245,735.3822,1099.7463
8246,744.8405,1105.7853
8247,744.43396,1118.96
8248,747.0538,1128.369
8249,755.0709,1137.9581
8250,757.06226,1147.2303
8251,741.7416,1149.9701
8252,717.29224,1146.1749
8253,703.0985,1142.8585
8254,703.9032,1143.8403
8255,706.51404,1147.4526
8256,698.33203,1153.0833
8257,682.116,1161.6035
8258,671.7965,1170.692
8259,675.2943,1175.216
8260,685.7518,1173.626
8261,687.1488,1171.1931
8262,667.6263,1176.1344
8263,638.94653,1189.963
8264,649.6751,1188.7496
8265,745.24963,1132.8658
8266,887.14404,1027.6667
8267,976.0451,936.8563
8268,976.55084,907.3873
8269,937.15295,927.6591
8270,904.31696,963.5219
8271,887.0827,992.659
8272,879.3495,1007.30994
8273,877.78235,1007.55743
8274,883.0481,996.04846
8275,894.18176,976.73834
8276,899.21075,960.919
8277,870.94183,976.1288
8278,795.11475,1045.3883
8279,705.5126,1140.6274
8280,653.5972,1201.1029
8281,650.93945,1208.1646
8282,673.2076,1192.0593
8283,694.9381,1180.9437
8284,705.41406,1178.8739
8285,709.81744,1175.9335
8286,716.65564,1166.2249
8287,726.1516,1155.7888
8288,733.2182,1154.2024
8289,733.7918,1164.7267
8290,729.36035,1179.7275
8291,727.3378,1183.4276
8292,732.09625,1166.0906
8293,738.35944,1136.9336
8294,738.8886,1116.0068
8295,733.3995,1111.3329
8296,724.96936,1112.0059
8297,714.47424,1106.7258
8298,701.8358,1100.6266
8299,686.6671,1105.4402
8300,668.6631,1119.4453
8301,651.0691,1130.971
8302,643.74805,1134.5641
8303,657.6103,1131.6151
8304,687.84186,1125.3575
8305,714.79877,1119.827
8306,728.21344,1116.4739
8307,732.48846,1113.9181
8308,731.5343,1112.4484
8309,724.0829,1116.603
8310,710.3018,1131.5907
8311,696.8088,1154.5074
8312,692.28864,1173.8251
8313,698.41705,1181.7621
8314,709.48193,1181.503
8315,718.9109,1180.5178
8316,723.81714,1181.9559
8317,725.3554,1183.9628
8318,725.14905,1183.794
8319,723.34033,1180.5576
8320,720.611,1176.9255
8321,718.2922,1177.7452
8322,716.4624,1184.2161
8323,714.85626,1192.699
8324,714.92584,1198.9594
8325,718.67786,1200.3195
8326,725.35156,1197.0791
8327,727.9847,1194.2095
8328,716.6085,1196.8999
8329,700.9645,1196.1672
8330,728.0825,1161.5887
8331,832.44653,1072.2521
8332,964.334,958.54266
8333,1037.6282,876.4705
8334,1036.1764,842.87476
8335,1005.6858,835.0557
8336,983.78143,835.0941
8337,979.3739,840.73566
8338,981.9748,849.19586
8339,975.7916,850.5456
8340,961.34784,839.02264
8341,952.57556,827.61755
8342,927.51086,849.6929
8343,833.3277,931.41315
8344,691.3401,1044.869
8345,599.4209,1124.648
8346,595.6659,1147.5111
8347,632.7862,1143.5155
8348,666.2581,1137.5487
8349,685.8633,1131.0597
8350,695.748,1124.9917
8351,698.72125,1125.4923
8352,699.8539,1125.3744
8353,723.8762,1095.5294
8354,797.0247,1018.0802
8355,891.5964,927.97955
8356,941.8838,882.11255
8357,933.1363,888.77686
8358,907.8537,911.4819
8359,893.47614,924.9845
8360,885.913,931.2553
8361,883.20557,938.45355
8362,894.6566,945.82623
8363,917.80164,949.51086
8364,916.6423,966.9856
8365,851.46497,1029.4817
8366,749.88666,1120.2928
8367,691.6131,1175.3813
8368,713.1475,1155.129
8369,792.7233,1061.9479
8370,884.99005,938.6997
8371,937.0358,859.7387
8372,929.0005,860.5082
8373,878.5416,905.3975
8374,804.7592,941.1799
8375,743.98267,950.1108
8376,735.68445,951.6885
8377,750.8709,964.5109
8378,731.9457,985.0068
8379,687.32733,1008.2268
8380,660.2771,1038.2079
8381,664.6675,1071.3794
8382,690.7862,1096.538
8383,717.01465,1109.7653
8384,720.037,1114.8412
8385,704.274,1115.4996
8386,694.54004,1113.9573
8387,697.04297,1111.7866
8388,701.80005,1108.6146
8389,705.8637,1101.064
8390,708.96967,1085.4296
8391,707.9386,1065.0503
8392,707.2533,1049.8319
8393,718.12256,1044.6714
8394,739.6774,1046.0555
8395,756.84357,1048.9265
8396,760.48364,1050.0463
8397,754.2836,1047.2004
8398,745.2609,1039.4321
8399,739.75836,1029.3308
8400,742.83203,1023.25964
8401,753.37415,1024.8738
8402,763.64514,1028.621
8403,764.4843,1023.7351
8404,751.1997,1005.3774
8405,731.0963,980.17224
8406,715.2991,961.0072
8407,701.6082,956.7614
8408,684.7779,964.5912
8409,672.28955,974.3569
8410,677.5341,983.9227
8411,706.7811,1000.0321
8412,747.0469,1020.71246
8413,773.2306,1034.2289
8414,771.5711,1036.2446
8415,743.8022,1031.2349
8416,706.4426,1023.23584
8417,688.4459,1016.2371
8418,702.518,1013.4885
8419,724.54205,1010.55414
8420,722.35974,998.6814
8421,698.71136,979.1367
8422,682.0976,963.6921
8423,683.8625,958.6896
8424,691.8825,959.4633
8425,695.8871,960.38806
8426,699.0532,963.9885
8427,709.0712,976.61774
8428,726.2397,996.0843
8429,746.2246,1014.5648
8430,769.246,1030.5928
8431,794.3782,1042.113
8432,815.5661,1039.2955
8433,830.40155,1018.91724
8434,837.1315,995.8853
8435,821.3912,1003.4422
8436,769.328,1069.2931
8437,704.18964,1162.6877
8438,672.15173,1212.8674
8439,683.5046,1202.8588
8440,709.35626,1175.1533
8441,724.23254,1160.0052
8442,721.43646,1158.14
8443,704.466,1163.3875
8444,683.315,1172.3651
8445,669.54443,1181.3574
8446,666.2976,1172.0472
8447,671.96954,1115.8303
8448,691.00714,1015.81647
8449,726.9722,920.8316
8450,765.0664,881.6126
8451,778.81415,904.8147
8452,762.1437,949.94
8453,737.0231,977.71985
8454,723.7539,986.66
8455,723.2234,991.6276
8456,727.4714,998.02905
8457,730.3749,1002.8957
8458,730.43274,1004.1052
8459,730.2163,1003.8167
8460,731.95636,1004.0512
8461,735.69415,1004.6023
8462,743.55054,1006.6406
8463,760.2362,1012.992
8464,782.3182,1023.8539
8465,791.0338,1037.8245
8466,768.44867,1055.6461
8467,723.22925,1075.2192
8468,685.925,1089.1426
8469,679.69904,1095.133
8470,706.9847,1098.9639
8471,748.3089,1102.8147
8472,773.6271,1102.1439
8473,772.6883,1094.9553
8474,764.3947,1084.2661
8475,769.67395,1071.5428
8476,786.2879,1055.7861
8477,799.0626,1040.072
8478,804.04926,1031.301
8479,807.2564,1031.4869
8480,811.7529,1036.017
8481,815.75714,1040.6671
8482,815.9149,1042.6797
8483,811.046,1034.0385
8484,803.9637,1008.95074
8485,796.3172,986.09717
8486,782.6686,993.3515
8487,760.1285,1019.9662
8488,737.5852,1027.7936
8489,722.6593,1009.432
8490,715.60815,989.1672
8491,723.2789,979.3753
8492,755.17804,973.68
8493,798.847,971.9251
8494,826.8611,983.7011
8495,832.2415,1005.986
8496,829.0841,1018.63916
8497,825.69934,1007.97955
8498,820.007,981.44244
8499,811.3178,959.2047
8500,802.28326,960.18726
8501,794.50586,989.9203
8502,787.5308,1030.4958
8503,775.26935,1053.3641
8504,748.9629,1050.518
8505,716.62305,1037.9854
8506,701.53625,1030.6759
8507,708.042,1027.545
8508,714.85364,1018.93866
8509,708.8808,1003.06055
8510,700.51764,990.34296
8511,707.5205,992.7347
8512,736.22675,1012.69196
8513,769.0532,1034.3541
8514,779.1207,1032.4543
8515,764.9156,1004.0923
8516,748.47687,974.5313
8517,743.9333,963.4319
8518,748.06226,965.3873
8519,752.60815,963.83234
8520,754.46686,950.1862
8521,757.53687,932.1864
8522,765.8579,925.48895
8523,772.1622,937.26855
8524,761.1714,962.70667
8525,732.62946,990.1933
8526,706.60297,1007.62897
8527,697.2852,1010.91504
8528,699.1085,1005.4768
8529,701.3301,1000.96606
8530,704.35345,1005.1655
8531,717.1538,1017.8014
8532,737.93475,1030.591
8533,752.21216,1036.2938
8534,756.19507,1036.9028
8535,760.96234,1039.4359
8536,770.5334,1043.2881
8537,776.8424,1039.4893
8538,778.01855,1025.5464
8539,783.2702,1010.2411
8540,796.9748,1002.5142
8541,813.21576,1005.5828
8542,827.2942,1017.85834
8543,838.86743,1032.8076
8544,845.9625,1042.769
8545,845.8352,1046.3849
8546,837.18726,1049.8588
8547,818.5909,1057.9738
8548,787.0368,1064.184
8549,742.09875,1056.7687
8550,698.2613,1035.7483
8551,678.2101,1012.8266
8552,684.9989,997.9241
8553,702.9567,996.9464
8554,720.1034,1012.61285
8555,726.6186,1035.8057
8556,711.04156,1049.3303
8557,678.56683,1048.663
8558,649.9432,1044.5011
8559,635.36346,1046.8107
8560,639.5116,1054.2465
8561,685.8359,1040.2715
8562,790.4983,968.3466
8563,912.1607,858.20105
8564,973.0432,785.5387
8565,934.3153,792.97754
8566,832.84564,859.1641
8567,746.0117,936.3711
8568,716.88824,988.07263
8569,723.6355,1009.2031
8570,726.7916,1009.6732
8571,721.3249,1004.5066
8572,724.6356,1023.2804
8573,729.8143,1082.402
8574,715.09393,1156.5837
8575,695.66754,1192.7051
8576,708.97845,1154.4697
8577,751.63135,1072.926
8578,786.934,1016.1013
8579,804.5488,1002.7238
8580,820.902,1004.16956
8581,836.6722,1006.9549
8582,832.5031,1020.0127
8583,790.2719,1041.0328
8584,703.3304,1050.3727
8585,597.0289,1036.3862
8586,524.6343,1003.9021
8587,501.17087,957.6935
8588,497.21368,909.2124
8589,520.27765,893.7547
8590,607.4753,937.06323
8591,728.7175,1012.30646
8592,801.88153,1069.5023
8593,805.51733,1092.5403
8594,788.9652,1096.1638
8595,791.9552,1093.7922
8596,807.2627,1091.527
8597,793.75635,1090.0721
8598,725.1016,1086.3276
8599,650.8943,1081.8922
8600,654.9065,1081.7281
8601,733.64557,1086.4608
8602,810.77325,1098.1005
8603,858.7346,1121.9127
8604,908.8958,1144.1193
8605,975.73193,1132.0209
8606,1023.0523,1081.8086
8607,1001.39905,1028.0471
8608,913.38837,991.581
8609,815.343,967.7009
8610,759.6777,961.0271
8611,757.7339,985.2616
8612,782.8675,1033.1077
8613,797.66785,1076.2057
8614,785.9809,1097.5088
8615,761.03357,1103.2905
8616,741.0537,1104.7733
8617,729.8726,1106.402
8618,725.6688,1107.1118
8619,728.7959,1104.733
8620,734.68634,1100.5017
8621,735.50024,1098.1271
8622,733.42487,1101.0348
8623,738.0902,1111.1438
8624,748.2816,1125.2484
8625,752.72504,1137.2891
8626,748.8235,1146.1414
8627,743.5953,1151.0388
8628,740.93854,1146.1583
8629,741.85846,1130.0631
8630,748.3145,1109.883
8631,757.66656,1091.559
8632,764.0175,1072.8738
8633,767.708,1050.569
8634,771.4779,1034.0558
8635,771.52527,1038.7495
8636,766.1045,1059.217
8637,764.057,1068.2501
8638,771.0771,1052.6975
8639,777.9597,1033.6683
8640,774.2331,1037.5941
8641,762.2459,1060.5027
8642,749.742,1079.8712
8643,739.4915,1087.7246
8644,730.55664,1092.6417
8645,723.6121,1100.0748
8646,721.206,1105.9978
8647,723.5541,1105.9039
8648,727.8188,1099.431
8649,732.2524,1089.0592
8650,738.7835,1080.5233
8651,747.6983,1081.3588
8652,750.8727,1096.6278
8653,740.6157,1125.1084
8654,722.59705,1158.6854
8655,708.06946,1187.7432
8656,701.37634,1207.6649
8657,700.5242,1218.7404
8658,702.17804,1222.0146
8659,706.11163,1218.7235
8660,712.46344,1212.5863
8661,716.7528,1208.6401
8662,715.45557,1208.891
8663,710.9692,1210.8698
8664,706.55084,1211.165
8665,702.1324,1209.3059
8666,699.4393,1207.2323
8667,705.7309,1204.4585
8668,723.017,1197.8542
8669,737.6666,1191.1454
8670,736.02576,1193.225
8671,726.83514,1200.574
8672,726.62103,1200.9512
8673,731.61816,1195.7958
8674,734.77527,1193.2499
8675,755.8654,1181.7262
8676,801.1109,1145.6359
8677,816.4105,1106.0688
8678,765.1686,1098.9065
8679,698.749,1120.3105
8680,672.72296,1140.513
8681,680.662,1150.4326
8682,697.9368,1160.4823
8683,713.81696,1171.9036
8684,724.5756,1172.1216
8685,728.58765,1151.4695
8686,726.14124,1113.7968
8687,721.25,1076.9773
8688,720.0207,1059.0417
8689,723.2485,1059.1742
8690,725.8456,1062.4005
8691,724.88403,1058.5598
8692,721.529,1053.0613
8693,714.3762,1069.9302
8694,699.2555,1130.9678
8695,678.9345,1210.6283
8696,668.63275,1235.8707
8697,683.6693,1162.6927
8698,716.7889,1038.7186
8699,742.7933,952.2772
8700,749.36304,931.24603
8701,744.9706,938.85236
8702,741.2023,940.7926
8703,738.89984,935.37036
8704,726.63824,949.5574
8705,695.8604,1011.1775
8706,658.91425,1100.0009
8707,636.8128,1160.3964
8708,633.1204,1175.3994
8709,639.4539,1175.4135
8710,656.1802,1178.007
8711,687.1743,1161.6676
8712,720.9808,1104.856
8713,739.48627,1032.5027
8714,744.5236,976.5674
8715,757.6747,921.7948
8716,785.2274,866.9474
8717,795.0887,858.9912
8718,764.38586,910.5417
8719,724.91864,977.0422
8720,714.95215,1022.1126
8721,733.2718,1043.674
8722,762.7884,1053.4965
8723,798.50183,1062.8191
8724,835.0119,1075.5024
8725,836.0905,1088.142
8726,765.5701,1097.0154
8727,651.82324,1094.4825
8728,557.2596,1073.8115
8729,511.38385,1046.6117
8730,511.46872,1031.7499
8731,539.4466,1031.6763
8732,578.1187,1037.7463
8733,633.7951,1045.3077
8734,722.4274,1056.8477
8735,823.71045,1075.2424
8736,881.26843,1093.585
8737,878.66406,1097.5648
8738,868.4106,1074.2997
8739,890.2905,1023.06976
8740,919.2958,970.5449
8741,918.49866,950.5711
8742,888.3069,961.8094
8743,851.17053,978.8044
8744,824.9902,990.7305
8745,812.32446,1000.34314
8746,795.67346,1005.63074
8747,757.3605,1008.4583
8748,716.49664,1026.0068
8749,707.12213,1063.1454
8750,719.4084,1098.7412
8751,717.11554,1121.3076
8752,694.0379,1138.0107
8753,670.59247,1150.8213
8754,659.4799,1154.3959
8755,659.0206,1148.3684
8756,666.5419,1142.2205
8757,682.23096,1141.5977
8758,701.0788,1137.047
8759,714.5424,1127.1189
8760,721.2182,1130.9095
8761,726.11957,1154.3257
8762,738.36053,1178.1086
8763,765.671,1188.5178
8764,790.05835,1181.5424
8765,777.5525,1151.5167
8766,732.97974,1108.7421
8767,696.9665,1072.9
8768,687.8673,1036.3516
8769,693.3026,982.42456
8770,700.2496,929.3968
8771,703.52094,918.0649
8772,699.3252,970.193
8773,684.1864,1065.6997
8774,659.99915,1156.879
8775,636.5408,1204.3956
8776,627.5059,1186.4047
8777,645.12585,1107.0171
8778,696.24286,1032.1425
8779,772.52826,1045.792
8780,835.39624,1132.8479
8781,841.63007,1200.0808
8782,801.3296,1210.8844
8783,763.8781,1198.0293
8784,749.3005,1176.3284
8785,741.40826,1125.5717
8786,729.5218,1049.4481
8787,719.8094,992.09393
8788,717.3045,980.13824
8789,719.2087,995.0525
8790,721.76874,1010.6581
8791,722.9954,1020.2765
8792,720.7052,1026.4211
8793,712.7626,1022.68317
8794,701.4526,996.0877
8795,695.97003,949.41895
8796,707.8791,903.26636
8797,741.1475,877.51294
8798,777.2176,893.28326
8799,780.5983,967.0032
8800,745.43085,1073.6025
8801,710.8107,1155.077
8802,704.79706,1184.7499
8803,713.2326,1184.6914
8804,713.1107,1182.7426
8805,702.26483,1185.4373
8806,692.75836,1187.2292
8807,690.5834,1183.8159
8808,690.479,1173.2516
8809,687.6046,1157.0914
8810,683.9557,1141.6376
8811,682.38055,1132.3441
8812,682.55115,1129.893
8813,686.0957,1127.5199
8814,697.91815,1111.0142
8815,706.20123,1081.6914
8816,680.774,1071.768
8817,635.97815,1093.3984
8818,637.8067,1112.3267
8819,697.7025,1111.782
8820,755.58044,1104.0117
8821,775.94244,1091.0006
8822,767.8628,1085.6095
8823,743.19464,1114.5659
8824,711.8552,1169.9232
8825,688.6425,1212.688
8826,681.0461,1225.1947
8827,683.1798,1221.4552
8828,685.8811,1216.4706
8829,685.02844,1207.8939
8830,682.53546,1182.176
8831,684.5948,1138.6578
8832,692.60913,1099.4806
8833,687.0059,1083.7091
8834,638.7716,1086.5862
8835,563.57776,1091.3387
8836,535.8408,1087.3173
8837,605.85065,1074.9672
8838,726.0713,1070.224
8839,804.9345,1096.6018
8840,812.89417,1146.5831
8841,794.3068,1170.4734
8842,793.4188,1134.0879
8843,795.25934,1072.3113
8844,755.832,1049.8711
8845,685.73004,1078.8384
8846,640.70734,1120.2195
8847,637.5261,1138.3903
8848,650.3562,1119.1726
8849,661.4026,1078.44
8850,670.3125,1054.6567
8851,679.2762,1068.3009
8852,687.4567,1106.4504
8853,694.737,1137.5527
8854,703.03235,1136.4246
8855,709.5314,1115.9568
8856,705.6303,1113.25
8857,690.1595,1136.3129
8858,679.0748,1157.0248
8859,690.83936,1156.1578
8860,717.79285,1142.494
8861,717.2952,1111.4062
8862,651.0459,1029.5847
8863,549.93463,910.7659
8864,504.2939,844.317
8865,552.18024,876.8734
8866,625.9369,934.722
8867,654.5965,935.95996
8868,651.45465,897.6564
8869,659.48645,874.72925
8870,686.51215,882.3163
8871,716.0981,907.54266
8872,734.1501,937.3588
8873,746.5348,966.21423
8874,773.65753,998.2931
8875,808.4301,1045.6344
8876,814.137,1111.9636
8877,784.834,1176.0203
8878,752.08185,1211.8735
8879,733.04877,1221.9536
8880,722.082,1225.1802
8881,714.9651,1225.121
8882,713.56177,1208.0884
8883,719.24457,1174.2975
8884,730.668,1159.4196
8885,746.3408,1187.4862
8886,773.2057,1211.9703
8887,810.60095,1170.8007
8888,821.6715,1088.8217
8889,780.3108,1043.7146
8890,723.0677,1056.7834
8891,695.994,1091.6227
8892,701.85144,1118.3458
8893,714.8075,1135.8448
8894,709.12115,1154.6473
8895,682.56415,1173.6404
8896,654.56305,1182.7395
8897,636.4947,1182.2421
8898,622.0671,1180.6278
8899,613.7715,1178.5508
8900,629.0905,1170.5278
8901,663.33905,1158.3292
8902,683.45056,1149.6438
8903,671.0997,1150.1282
8904,640.1125,1163.1637
8905,618.5148,1182.0802
8906,625.2062,1189.9415
8907,650.4977,1184.0328
8908,668.5475,1180.0895
8909,669.257,1186.4688
8910,661.05945,1195.9663
8911,652.63196,1199.5295
8912,646.5296,1195.1256
8913,642.9048,1186.8215
8914,641.4169,1180.7499
8915,643.25494,1182.128
8916,651.41595,1192.6621
8917,663.6111,1206.4396
8918,670.0299,1212.3804
8919,664.3459,1206.102
8920,650.45074,1194.0812
8921,636.5264,1184.9526
8922,627.74646,1182.713
8923,623.88995,1186.5497
8924,622.0392,1192.2104
8925,621.41736,1195.2195
8926,623.3022,1194.4614
8927,625.5904,1190.4094
8928,623.638,1181.9574
8929,618.0823,1168.5879
8930,613.48846,1151.6523
8931,610.0023,1132.2545
8932,605.05133,1115.8623
8933,600.0486,1111.2817
8934,597.1176,1114.3926
8935,593.6123,1111.4011
8936,587.1442,1100.781
8937,581.7778,1092.5809
8938,582.6815,1093.6893
8939,586.80927,1101.1514
8940,587.54785,1103.562
8941,586.4499,1094.4084
8942,588.872,1081.2153
8943,593.49054,1073.3864
8944,596.22205,1071.0891
8945,597.07404,1070.052
8946,597.7773,1068.7378
8947,598.566,1069.7532
8948,599.18317,1074.9491
8949,600.9999,1081.533
8950,605.9179,1086.2094
8951,611.72595,1087.8315
8952,613.9931,1085.8207
8953,614.2927,1081.5807
8954,620.4705,1078.4619
8955,637.6347,1078.8855
8956,661.1489,1083.4995
8957,681.11847,1091.6749
8958,688.7412,1104.2006
8959,678.90344,1120.6593
8960,660.8548,1130.9758
8961,652.41284,1126.1798
8962,655.8252,1116.6122
8963,662.59595,1117.6088
8964,669.7709,1124.8276
8965,675.63116,1123.1047
8966,676.7667,1110.1182
8967,672.4573,1096.7639
8968,665.65027,1094.1445
8969,661.2526,1106.8876
8970,661.7086,1127.8787
8971,663.013,1140.9033
8972,656.35986,1132.9647
8973,638.6289,1103.8556
8974,627.4225,1074.1227
8975,649.3326,1071.5228
8976,698.01904,1094.2714
8977,730.80743,1112.1122
8978,719.7333,1106.8123
8979,679.96533,1084.002
8980,643.63226,1053.1991
8981,625.4408,1021.1341
8982,620.8146,997.08
8983,623.21075,987.23486
8984,626.7307,986.8273
8985,622.1661,984.62067
8986,615.17523,983.0552
8987,626.8549,1008.66675
8988,652.69684,1075.9125
8989,666.14087,1152.5795
8990,664.155,1195.4568
8991,660.20557,1196.3085
8992,654.9045,1167.9429
8993,642.8286,1122.3904
8994,627.25006,1075.5485
8995,619.0194,1044.1566
8996,628.1882,1036.5765
8997,652.97174,1051.4003
8998,673.78845,1079.9808
8999,670.7289,1113.4592
9000,649.7325,1144.08
9001,632.7043,1161.7205
9002,628.3444,1156.0946
9003,632.5704,1122.5496
9004,639.5868,1075.5442
9005,643.2553,1045.937
9006,643.62494,1049.1578
9007,646.8821,1074.7953
9008,654.33496,1105.8657
9009,660.4798,1127.2485
9010,658.7379,1123.0393
9011,646.3791,1082.3607
9012,630.16034,1013.9672
9013,621.86865,948.72894
9014,624.1272,915.30457
9015,630.1053,914.2634
9016,633.5776,923.4674
9017,631.294,923.71234
9018,622.7631,911.5849
9019,612.22,895.0989
9020,608.3212,884.4755
9021,621.8155,885.0222
9022,653.4703,895.2311
9023,675.97864,902.9067
9024,654.69147,892.7288
9025,595.9862,870.23413
9026,546.1239,858.0524
9027,540.9945,866.1162
9028,571.0393,883.8633
9029,600.10144,896.5498
9030,609.8224,898.7215
9031,607.66833,894.2886
9032,606.5578,895.4232
9033,615.6393,922.77893
9034,635.2006,985.00714
9035,651.754,1054.4122
9036,654.092,1089.8672
9037,656.54205,1078.0134
9038,677.2865,1032.8608
9039,695.1139,978.5515
9040,680.1703,938.49286
9041,649.24194,922.0426
9042,633.95276,929.4839
9043,635.1728,963.6834
9044,639.2475,1013.0867
9045,639.75037,1041.3545
9046,636.9508,1022.2253
9047,634.7387,973.27716
9048,637.4924,933.7241
9049,644.7837,919.0258
9050,651.46185,917.9304
9051,653.55145,918.9623
9052,649.58997,919.93744
9053,638.5441,921.16016
9054,623.7392,920.1662
9055,613.63214,914.10345
9056,612.36316,904.66425
9057,616.38763,897.3689
9058,620.8122,896.08295
9059,623.10895,899.66296
9060,623.1488,904.24963
9061,622.5284,907.4873
9062,622.50586,909.11597
9063,622.5224,908.9314
9064,621.4427,906.8778
9065,619.0564,904.5466
9066,616.0805,904.0921
9067,613.8212,906.02716
9068,613.53705,909.828
9069,615.21783,915.3868
9070,616.91455,921.17914
9071,616.40173,921.62634
9072,613.6841,909.39886
9073,610.8828,884.508
9074,610.7894,864.0082
9075,615.8326,878.6112
9076,625.4071,945.1984
9077,633.92017,1036.4109
9078,635.82367,1097.9338
9079,632.04834,1097.7256
9080,627.0741,1042.8058
9081,623.5722,972.47925
9082,622.8282,942.4063
9083,625.3387,979.97864
9084,629.49347,1054.4349
9085,631.6489,1109.3281
9086,628.9345,1109.1616
9087,621.2046,1049.4279
9088,610.57275,956.835
9089,601.734,883.8851
9090,599.81995,877.55634
9091,605.0767,947.75
9092,612.66016,1055.5162
9093,618.4599,1135.7373
9094,620.1734,1144.105
9095,614.02814,1077.0287
9096,599.6737,965.27106
9097,584.4433,859.0944
9098,575.51227,798.3681
9099,573.6607,789.65247
9100,575.6393,811.2907
9101,578.9245,837.35645
9102,584.51917,856.2795
9103,593.7753,867.91815
9104,604.6535,873.933
9105,613.5016,876.86
9106,616.1061,878.80524
9107,608.9625,878.6596
9108,594.969,874.378
9109,582.2754,864.42224
9110,575.0898,848.1776
9111,569.71204,827.51996
9112,557.68414,805.5986
9113,542.0478,787.2826
9114,565.4648,784.5348
9115,685.4278,814.9919
9116,873.7061,879.09845
9117,1007.3465,941.2416
9118,1021.68195,964.3132
9119,975.5939,957.1648
9120,929.5576,961.2028
9121,875.8494,1002.3529
9122,809.26605,1062.7747
9123,769.6474,1100.6134
9124,786.19135,1100.6879
9125,827.8178,1085.2595
9126,839.3144,1076.1038
9127,808.1582,1074.1261
9128,766.66754,1078.8917
9129,743.67584,1097.2184
9130,736.99567,1122.0654
9131,727.2747,1135.9186
9132,707.9961,1142.2704
9133,689.6447,1161.1653
9134,681.58514,1192.7152
9135,687.9015,1213.9263
9136,717.34357,1201.7148
9137,778.95215,1139.5111
9138,854.44476,1033.3599
9139,902.2716,929.4212
9140,908.06885,877.1876
9141,895.65906,882.4667
9142,886.19763,918.72577
9143,879.7192,963.82776
9144,868.7746,1007.60516
9145,847.51654,1039.4646
9146,815.91846,1050.4572
9147,784.09485,1045.0353
9148,762.44574,1035.8707
9149,750.9932,1030.8391
9150,745.5894,1032.8041
9151,748.66724,1042.9526
9152,765.92084,1058.2595
9153,785.4434,1068.1271
9154,780.18713,1061.4297
9155,746.346,1043.1749
9156,709.60236,1031.0488
9157,692.38525,1031.7551
9158,701.4461,1039.8329
9159,731.3333,1052.4846
9160,765.0731,1064.769
9161,781.9911,1068.5156
9162,761.6591,1068.4277
9163,694.67145,1074.895
9164,611.8924,1081.155
9165,567.51,1070.2843
9166,572.48926,1040.8417
9167,589.7794,1011.1434
9168,596.92084,999.7742
9169,605.145,1009.26306
9170,624.3847,1027.1077
9171,647.655,1039.704
9172,664.3078,1047.4406
9173,671.9486,1061.618
9174,680.0448,1086.8374
9175,700.9834,1115.1609
9176,728.24817,1131.3418
9177,739.01086,1123.4968
9178,728.5436,1099.4788
9179,714.92865,1080.7994
9180,713.45496,1076.4972
9181,731.0656,1080.2213
9182,765.5603,1085.326
9183,795.8828,1086.6251
9184,796.7881,1078.5994
9185,768.5208,1062.8025
9186,736.2707,1048.34
9187,726.4295,1044.7313
9188,748.9662,1056.525
9189,788.0607,1074.1079
9190,816.2073,1074.3047
9191,824.9205,1044.7002
9192,821.9887,1001.2072
9193,807.55286,968.75287
9194,777.05164,954.3661
9195,734.941,950.4824
9196,696.21844,949.979
9197,679.95276,949.65314
9198,691.9456,951.47235
9199,715.1753,966.5106
9200,727.977,1005.4528
9201,725.3611,1055.94
9202,720.36487,1089.1335
9203,728.30634,1095.1326
9204,746.9676,1087.9379
9205,760.3213,1081.1614
9206,761.53534,1077.0039
9207,752.90247,1069.6322
9208,732.5307,1053.1044
9209,702.91895,1031.2899
9210,678.7439,1014.7323
9211,674.17017,1005.74396
9212,691.1302,997.447
9213,717.57117,984.3862
9214,737.1876,966.2729
9215,744.97455,947.1952
9216,746.3797,929.777
9217,745.772,910.61334
9218,743.6701,890.8651
9219,736.624,882.35864
9220,719.62555,895.4058
9221,696.7839,932.92267
9222,680.0301,991.5671
9223,678.2732,1051.6643
9224,697.23096,1086.1152
9225,735.1881,1092.3442
9226,777.3326,1086.1957
9227,801.69275,1068.7518
9228,792.75116,1031.2537
9229,760.21326,985.7395
9230,730.90936,959.4909
9231,716.906,958.11884
9232,712.1998,963.0062
9233,711.9842,962.7498
9234,721.98663,967.2354
9235,749.5322,991.06384
9236,784.7722,1027.2163
9237,806.75104,1051.3145
9238,808.82263,1055.1858
9239,797.4042,1055.7717
9240,775.7355,1070.6813
9241,745.2694,1095.8384
9242,712.9539,1104.9039
9243,686.52014,1076.6455
9244,668.6053,1025.8608
9245,660.52374,987.6556
9246,663.57306,975.239
9247,677.775,977.8514
9248,702.743,985.0821
9249,728.9992,992.64496
9250,728.2183,997.9397
9251,675.5893,1000.03534
9252,593.75476,997.5839
9253,531.5561,982.6546
9254,490.7514,944.4803
9255,446.0822,890.2796
9256,425.17523,852.7165
9257,497.98898,867.0798
9258,674.51117,939.8812
9259,831.658,1030.7122
9260,823.55225,1084.5625
9261,671.2139,1092.011
9262,533.7195,1084.3618
9263,510.61356,1083.4338
9264,565.22833,1093.2654
9265,619.351,1114.5437
9266,647.4687,1139.9344
9267,667.94165,1156.8018
9268,687.2131,1163.9702
9269,690.9248,1170.4651
9270,680.40967,1180.6019
9271,676.2435,1192.0516
9272,685.6436,1201.0549
9273,697.32874,1203.8567
9274,702.4307,1200.0676
9275,700.3031,1190.9482
9276,692.6056,1173.9727
9277,681.31586,1151.8759
9278,664.1453,1141.374
9279,634.98083,1155.468
9280,606.09595,1178.4414
9281,629.4711,1170.8816
9282,752.3839,1112.2361
9283,923.414,1035.4055
9284,1019.57135,992.4895
9285,999.34235,995.4767
9286,923.3179,1018.03876
9287,836.96747,1032.3872
9288,748.2346,1032.3672
9289,677.97626,1031.4967
9290,647.38586,1037.36
9291,647.4759,1042.59
9292,655.37994,1039.8368
9293,659.335,1029.0698
9294,659.8338,1016.75354
9295,658.5769,1009.76044
9296,652.0195,1006.1938
9297,639.46454,1000.5615
9298,632.171,998.42395
9299,639.82227,1009.6329
9300,650.0025,1022.74524
9301,640.31537,1012.4528
9302,612.2753,979.8304
9303,591.9538,948.6793
9304,597.63367,927.04706
9305,621.41974,919.6712
9306,627.43976,953.063
9307,579.36957,1034.2833
9308,495.7427,1114.8035
9309,437.49307,1143.9879
9310,444.17758,1132.2527
9311,517.01044,1122.1685
9312,618.90674,1127.5071
9313,695.173,1135.6359
9314,732.0098,1140.766
9315,760.5112,1146.5314
9316,797.4931,1154.0491
9317,823.4756,1160.9705
9318,810.9953,1160.6656
9319,744.4624,1141.4257
9320,641.8176,1101.9376
9321,564.9811,1064.9597
9322,555.88965,1054.435
9323,584.4928,1066.5752
9324,604.7005,1081.332
9325,610.6289,1085.5632
9326,616.1634,1074.9622
9327,627.9153,1051.0195
9328,644.5127,1022.3822
9329,659.71234,999.3846
9330,667.0795,986.56464
9331,668.65814,985.70776
9332,673.9396,997.04553
9333,685.34717,1012.1079
9334,693.2924,1021.14124
9335,690.7781,1026.965
9336,683.17255,1035.194
9337,676.92584,1043.3577
9338,669.6866,1049.7261
9339,659.951,1056.0527
9340,652.4545,1061.408
9341,649.07886,1063.9052
9342,648.3074,1064.602
9343,651.82385,1066.2292
9344,660.92786,1069.952
9345,669.95917,1074.2081
9346,672.45483,1076.6737
9347,672.1703,1076.5492
9348,677.4661,1074.2201
9349,686.7618,1070.3945
9350,692.48566,1068.4381
9351,696.3649,1076.7704
9352,706.4641,1099.532
9353,720.34985,1117.8854
9354,726.2264,1102.0396
9355,722.6748,1053.757
9356,722.538,1006.5255
9357,736.5697,983.98914
9358,762.48895,983.7272
9359,781.2452,988.90674
9360,757.7497,987.2274
9361,660.8849,985.8565
9362,507.64603,997.616
9363,379.147,1015.8105
9364,344.76233,1023.7359
9365,388.64398,1020.3832
9366,454.52533,1018.5345
9367,511.4558,1027.0629
9368,549.2798,1042.4623
9369,561.11,1054.4163
9370,546.31396,1060.0212
9371,513.291,1065.6099
9372,488.325,1070.3264
9373,532.2859,1060.9833
9374,692.33984,1037.032
9375,900.326,1028.2102
9376,1016.0735,1056.98
9377,1000.01996,1099.7723
9378,927.8146,1122.0016
9379,862.92035,1121.2906
9380,825.4848,1109.0175
9381,828.63196,1082.374
9382,865.6322,1037.772
9383,898.13727,998.5223
9384,883.59674,1005.36194
9385,807.5599,1068.88
9386,707.2208,1144.6365
9387,642.1913,1180.0026
9388,629.2499,1174.4241
9389,644.7735,1162.241
9390,666.1838,1161.1642
9391,679.644,1165.5583
9392,680.0076,1166.2704
9393,673.1257,1161.156
9394,666.21893,1154.0168
9395,660.6193,1148.4547
9396,655.80096,1143.0109
9397,652.96356,1132.0817
9398,652.4728,1112.7982
9399,652.7295,1091.7582
9400,651.7357,1081.2535
9401,648.49896,1086.583
9402,643.779,1101.6636
9403,638.2339,1117.0133
9404,632.6878,1126.4
9405,630.2402,1128.1487
9406,632.56665,1123.8562
9407,636.43494,1115.5344
9408,637.14777,1107.3262
9409,633.348,1105.6754
9410,627.65094,1110.9528
9411,624.0852,1114.9335
9412,624.6665,1111.3917
9413,625.7468,1108.1367
9414,621.3602,1118.855
9415,615.59015,1133.7579
9416,624.6533,1116.9285
9417,658.4068,1052.857
9418,704.1805,977.23663
9419,738.3,937.2026
9420,750.4905,938.74176
9421,746.7907,955.20123
9422,737.16626,965.79425
9423,729.1262,967.94495
9424,723.85693,967.5746
9425,717.5472,969.13074
9426,709.79584,972.67395
9427,704.8648,976.2685
9428,704.92957,978.66815
9429,707.19824,980.63605
9430,708.71875,984.67676
9431,710.57294,991.5483
9432,713.3305,997.1292
9433,713.6663,996.526
9434,709.92053,991.15546
9435,704.89343,987.0989
9436,702.9648,985.8975
9437,707.72345,982.1715
9438,715.0255,974.3071
9439,700.88385,976.1997
9440,636.76855,1007.68976
9441,541.72644,1061.9083
9442,473.22964,1097.1206
9443,444.45023,1082.139
9444,429.05988,1035.6484
9445,427.72604,999.2257
9446,449.22073,987.4056
9447,473.96347,988.411
9448,474.4388,994.6467
9449,450.55975,1007.04004
9450,461.6365,1024.0737
9451,591.1884,1044.4343
9452,815.1047,1071.6836
9453,981.6995,1101.8602
9454,998.34143,1120.0555
9455,928.58136,1122.864
9456,864.77057,1121.8229
9457,825.8674,1121.8357
9458,797.0158,1118.4579
9459,776.76575,1112.8676
9460,765.65106,1117.0002
9461,750.052,1136.8804
9462,717.50604,1157.7654
9463,677.1202,1162.8477
9464,648.47687,1154.775
9465,637.704,1145.4346
9466,636.3015,1141.0845
9467,635.84393,1143.6028
9468,633.5732,1152.6565
9469,626.67096,1162.4257
9470,616.5543,1162.7765
9471,616.35706,1144.1903
9472,639.18823,1105.7133
9473,688.15753,1068.5244
9474,753.23047,1060.5529
9475,799.46173,1070.6111
9476,791.00726,1057.5032
9477,740.671,1015.0607
9478,692.2678,977.9041
9479,666.80676,965.08514
9480,658.7917,964.3598
9481,656.88354,960.6448
9482,653.00867,950.44116
9483,646.80646,938.87775
9484,643.3101,932.3996
9485,644.6541,931.9553
9486,647.0014,934.92285
9487,646.3545,939.78375
9488,644.4887,945.53406
9489,645.82135,950.7607
9490,651.1356,955.2474
9491,658.9838,960.4307
9492,669.2746,967.20776
9493,680.4617,975.08295
9494,687.88776,984.4746
9495,688.8227,995.8295
9496,686.03815,1004.7351
9497,684.95166,1004.90625
9498,687.8923,998.8175
9499,692.19745,996.7739
9500,694.40295,1003.0909
9501,691.332,1013.6715
9502,679.07227,1025.9104
9503,660.7402,1038.4205
9504,647.5081,1046.8207
9505,644.52356,1049.0901
9506,647.1095,1048.1536
9507,650.05035,1046.5919
9508,651.56,1045.3953
9509,652.00415,1047.859
9510,652.94763,1057.5956
9511,655.5541,1073.0005
9512,658.9999,1088.495
9513,662.1103,1097.1565
9514,666.9112,1086.8225
9515,676.5895,1046.8545
9516,687.3406,993.43964
9517,688.8392,966.9204
9518,678.7196,987.0579
9519,668.98883,1029.9254
9520,669.798,1058.4565
9521,675.6625,1061.5405
9522,677.0418,1052.2937
9523,675.1419,1042.1617
9524,677.4057,1031.9708
9525,686.0073,1021.0778
9526,692.1473,1017.9889
9527,674.5493,1042.6698
9528,618.38995,1106.7427
9529,552.5171,1182.7717
9530,535.1403,1225.5802
9531,588.38654,1228.614
9532,687.4684,1217.6202
9533,797.29016,1207.9989
9534,875.4732,1199.6146
9535,887.8031,1189.8988
9536,852.90753,1179.3833
9537,824.2103,1170.3298
9538,827.35693,1162.5305
9539,838.1406,1154.4924
9540,819.9683,1148.6906
9541,777.0247,1148.9265
9542,743.57855,1149.5592
9543,732.61426,1138.4697
9544,733.148,1116.1162
9545,737.6108,1099.5184
9546,745.11694,1101.3652
9547,752.0602,1114.0596
9548,753.7713,1121.8682
9549,750.474,1120.2627
9550,744.3577,1114.5209
9551,736.45386,1110.3705
9552,729.45984,1111.5227
9553,726.21704,1117.2751
9554,726.35474,1123.2877
9555,727.68317,1128.706
9556,726.55426,1136.7328
9557,719.7825,1146.7026
9558,714.97437,1155.2529
9559,727.4568,1162.954
9560,753.7651,1168.496
9561,767.2636,1164.7769
9562,749.15985,1147.348
9563,708.9621,1120.4205
9564,673.89294,1095.6538
9565,664.2457,1082.9064
9566,680.55475,1080.8955
9567,709.02576,1081.9729
9568,732.61053,1082.7317
9569,739.5751,1086.6857
9570,726.6754,1095.4061
9571,702.78955,1099.7418
9572,686.07684,1094.3657
9573,687.58496,1099.882
9574,702.077,1140.8232
9575,714.921,1195.9635
9576,717.34467,1210.697
9577,715.1692,1167.3802
9578,716.2311,1104.4703
9579,718.027,1059.374
9580,716.42694,1030.021
9581,714.44025,1005.9749
9582,715.4561,993.84576
9583,716.5078,995.6703
9584,711.2941,998.12396
9585,698.0018,990.23035
9586,684.72955,977.4224
9587,681.1128,974.69385
9588,683.6202,988.13995
9589,679.66724,1010.91736
9590,666.8907,1033.253
9591,655.0913,1047.0529
9592,648.53546,1052.9557
9593,643.6053,1067.3359
9594,644.9357,1102.3146
9595,665.1824,1146.7496
9596,707.7299,1182.3579
9597,761.79315,1201.1602
9598,805.2928,1202.4315
9599,812.5947,1183.4844
9600,780.20184,1142.0962
9601,736.4491,1092.6381
9602,710.6298,1059.1781
9603,705.1102,1046.6184
9604,705.5905,1042.2874
9605,703.7171,1038.3582
9606,701.8384,1037.4686
9607,705.1298,1046.183
9608,713.81244,1063.2562
9609,721.367,1075.1787
9610,720.4855,1068.1464
9611,712.6566,1041.3098
9612,707.83685,1009.97614
9613,711.6404,993.33795
9614,720.3954,997.32764
9615,728.73016,1012.6347
9616,734.92065,1025.4451
9617,738.64465,1028.6346
9618,737.7852,1025.7445
9619,732.169,1024.5483
9620,727.7148,1028.1737
9621,731.1099,1034.3927
9622,742.5318,1039.1624
9623,759.48785,1040.2184
9624,781.2949,1039.4216
9625,800.2897,1037.8958
9626,803.4307,1034.8011
9627,786.0759,1036.4858
9628,750.6191,1052.0779
9629,703.47253,1071.5394
9630,657.6676,1071.7157
9631,627.4962,1053.8055
9632,618.82135,1044.9728
9633,623.7542,1061.244
9634,630.5583,1092.6635
9635,636.41296,1119.0516
9636,644.4197,1130.384
9637,658.45074,1135.3754
9638,679.00635,1149.0061
9639,696.9333,1169.7009
9640,706.0791,1176.936
9641,717.7381,1157.0406
9642,741.4542,1120.281
9643,768.8427,1085.9099
9644,787.59564,1063.8588
9645,791.9946,1053.836
9646,782.9279,1049.4908
9647,768.4517,1045.182
9648,759.329,1041.4523
9649,760.16644,1042.342
9650,765.62164,1052.5007
9651,765.6301,1076.9889
9652,754.66754,1117.0773
9653,737.27466,1159.0261
9654,721.56305,1177.4214
9655,710.4237,1161.011
9656,705.90094,1122.4878
9657,710.9461,1080.3549
9658,721.08997,1045.4852
9659,727.6637,1022.6617
9660,728.4817,1011.6731
9661,727.5675,1008.15283
9662,732.0919,1010.8853
9663,748.09375,1023.4487
9664,770.0096,1042.5472
9665,785.88226,1054.4312
9666,794.72766,1051.0127
9667,802.004,1039.8679
9668,806.18,1031.9017
9669,803.70874,1028.0411
9670,797.5328,1024.3179
9671,793.98987,1021.18414
9672,794.6682,1021.18365
9673,791.11194,1024.0295
9674,771.64984,1028.5793
9675,737.69446,1037.4479
9676,704.6705,1053.2892
9677,690.13544,1065.8169
9678,704.9887,1056.9573
9679,740.2841,1029.3494
9680,771.9977,1006.9651
9681,788.26965,1002.0004
9682,793.7687,1005.8375
9683,794.17236,1007.22034
9684,790.4707,1001.87964
9685,782.0673,993.2987
9686,769.20514,989.3365
9687,750.1875,995.4079
9688,724.2265,1011.01514
9689,701.83636,1024.1666
9690,697.5879,1017.7481
9691,709.3495,995.1585
9692,719.1763,977.6671
9693,713.69464,975.08905
9694,696.8184,983.9937
9695,688.41376,1000.6656
9696,705.0661,1020.8143
9697,735.0358,1037.8478
9698,751.51917,1046.1523
9699,748.6862,1045.5923
9700,737.7201,1039.2639
9701,722.7233,1028.7477
9702,704.72705,1018.39014
9703,692.47363,1015.9067
9704,693.6576,1023.28784
9705,704.0618,1034.0543
9706,714.6338,1040.0914
9707,726.3692,1038.6866
9708,747.5458,1034.525
9709,773.284,1033.8812
9710,779.8168,1033.9739
9711,751.6124,1026.4458
9712,708.1068,1014.6757
9713,689.0356,1012.08954
9714,711.1205,1022.48
9715,746.0286,1034.1327
9716,754.72833,1034.2827
9717,737.07135,1024.5494
9718,720.8933,1016.5647
9719,720.4068,1016.31433
9720,733.2344,1021.4538
9721,754.93463,1029.2013
9722,778.1142,1036.3041
9723,793.0466,1030.7307
9724,797.6103,999.9608
9725,798.65515,955.8098
9726,801.30664,927.021
9727,803.5476,922.48883
9728,801.3295,926.8025
9729,790.35596,926.42053
9730,762.3402,922.8706
9731,715.51715,924.75305
9732,678.6961,938.6555
9733,693.2869,969.0016
9734,754.0059,1012.6763
9735,812.9796,1054.7297
9736,840.0445,1079.9285
9737,830.7191,1086.4926
9738,786.0158,1085.0381
9739,724.8855,1082.6621
9740,680.9602,1077.006
9741,668.6565,1070.3694
9742,677.29755,1072.3743
9743,690.3197,1083.471
9744,696.7955,1092.705
9745,696.2652,1093.9915
9746,694.05255,1091.3044
9747,694.2169,1089.6461
9748,703.2086,1089.6317
9749,727.0302,1089.4291
9750,754.9457,1088.0566
9751,761.75195,1083.1797
9752,736.1381,1068.2017
9753,697.0227,1042.6886
9754,672.5024,1024.9138
9755,669.036,1040.6
9756,675.26245,1091.6503
9757,685.047,1145.0763
9758,698.191,1168.5896
9759,706.43933,1165.0686
9760,698.34283,1155.8856
9761,679.0668,1151.0269
9762,665.60895,1148.6448
9763,664.8977,1146.2472
9764,672.52386,1144.508
9765,678.74786,1146.8885
9766,672.51044,1150.2015
9767,659.234,1127.2358
9768,659.76953,1048.319
9769,676.4658,942.8566
9770,687.6015,882.7344
9771,680.7282,892.15717
9772,665.93604,942.481
9773,657.2376,1008.15424
9774,657.46387,1068.8097
9775,663.69556,1102.0509
9776,679.6353,1108.0309
9777,709.181,1108.4869
9778,733.06793,1115.9332
9779,719.7616,1126.4268
9780,671.82416,1135.0946
9781,623.5894,1141.4742
9782,595.58777,1145.162
9783,589.9682,1144.8915
9784,606.9642,1139.5856
9785,636.4135,1128.9775
9786,660.965,1115.904
9787,680.7075,1106.5104
9788,709.00824,1104.1512
9789,743.2788,1105.3456
9790,768.2158,1106.2863
9791,781.43225,1108.6416
9792,787.7803,1114.174
9793,785.3245,1119.802
9794,775.2087,1121.8698
9795,759.57574,1120.8696
9796,732.6017,1120.7167
9797,706.74133,1119.7941
9798,731.1511,1088.736
9799,825.55414,983.7565
9800,908.2233,827.75385
9801,891.2287,720.511
9802,810.3974,718.15845
9803,748.71844,779.1217
9804,720.189,842.32336
9805,699.5323,885.0197
9806,677.2386,910.7307
9807,655.9359,928.9175
9808,634.31586,948.2999
9809,611.1882,971.27783
9810,591.458,989.3294
9811,577.72687,987.04236
9812,568.0571,960.16565
9813,566.3792,938.2985
9814,578.2459,969.2271
9815,594.8003,1058.0485
9816,604.19507,1148.5002
9817,611.2332,1187.8154
9818,622.74603,1180.7902
9819,634.3347,1167.069
9820,643.0599,1171.8416
9821,650.9181,1187.8019
9822,655.5579,1194.5787
9823,655.89343,1187.7382
9824,669.9268,1183.9834
9825,720.8946,1198.2128
9826,788.9844,1219.5868
9827,818.804,1216.9886
9828,791.2558,1173.1252
9829,742.1328,1108.3945
9830,710.90784,1058.7891
9831,704.0463,1036.0035
9832,704.33887,1027.8411
9833,699.77673,1023.6175
9834,695.79065,1019.6985
9835,701.99396,1014.905
9836,715.2474,1011.5077
9837,722.2772,1011.86816
9838,716.3588,1013.73444
9839,703.3625,1015.9658
9840,694.3216,1022.36884
9841,695.8108,1033.6438
9842,702.7523,1043.3463
9843,701.96564,1044.3971
9844,688.92175,1034.8278
9845,677.8819,1016.36945
9846,684.6363,991.27783
9847,701.52155,968.0694
9848,705.93475,964.4999
9849,691.6755,989.93994
9850,675.5518,1030.0771
9851,677.07635,1061.4752
9852,701.39813,1076.3135
9853,734.7207,1082.3524
9854,755.7188,1085.8534
9855,756.14655,1085.9937
9856,746.8926,1080.9249
9857,744.7543,1073.1057
9858,753.01074,1066.9417
9859,759.6028,1061.4779
9860,757.01434,1052.0933
9861,749.16724,1039.7709
9862,740.46674,1030.0343
9863,732.3785,1023.86426
9864,725.9046,1019.1086
9865,721.3307,1018.071
9866,718.2893,1022.6853
9867,715.8568,1022.6621
9868,713.5316,1003.36884
9869,712.2055,972.14685
9870,710.16455,960.9572
9871,702.75684,991.41016
9872,689.9786,1046.5781
9873,676.2136,1090.788
9874,663.89386,1109.0109
9875,657.82336,1111.152
9876,675.2091,1112.7029
9877,731.9961,1121.4878
9878,806.91296,1129.7274
9879,854.37695,1122.3491
9880,859.4221,1100.8214
9881,832.9356,1089.9359
9882,778.2987,1109.7224
9883,709.4007,1145.3182
9884,661.58234,1165.2107
9885,656.48804,1161.7004
9886,683.57697,1148.6287
9887,719.2221,1136.1064
9888,747.2069,1125.8878
9889,761.2243,1115.1235
9890,756.35736,1099.7537
9891,731.3455,1081.471
9892,702.8166,1062.4778
9893,695.0809,1038.4425
9894,707.9815,1013.0392
9895,718.96265,999.9344
9896,715.0392,1000.73926
9897,702.27783,1005.9074
9898,692.6089,1011.406
9899,691.3054,1016.828
9900,693.561,1019.7197
9901,692.9969,1021.1644
9902,687.1778,1027.6815
9903,673.49554,1042.4028
9904,655.27325,1059.9001
9905,651.24,1071.9993
9906,678.6547,1076.3141
9907,725.6143,1077.2518
9908,759.25885,1077.8295
9909,758.8771,1074.6681
9910,727.5412,1065.0146
9911,686.9445,1053.2438
9912,662.3447,1042.248
9913,660.08496,1027.9911
9914,672.33014,1013.21344
9915,694.37396,1008.66315
9916,718.0348,1014.6357
9917,727.91583,1020.24884
9918,718.8244,1020.9597
9919,702.3671,1024.2795
9920,691.5483,1034.8787
9921,689.4339,1043.4934
9922,693.3022,1040.8276
9923,699.54645,1032.1979
9924,703.9614,1028.0889
9925,704.8204,1029.9917
9926,704.27966,1032.5793
9927,705.6729,1032.6217
9928,718.4995,1030.6453
9929,756.04895,1028.2185
9930,806.9692,1027.4606
9931,828.901,1029.721
9932,794.6827,1033.1375
9933,728.7064,1035.1992
9934,680.37177,1036.7749
9935,674.8393,1040.6316
9936,702.76056,1046.3397
9937,735.43475,1047.4601
9938,744.8143,1037.6245
9939,730.56934,1021.79626
9940,720.30457,1013.2571
9941,733.7788,1017.1987
9942,747.2934,1027.5397
9943,707.5648,1037.4069
9944,611.49274,1046.5552
9945,537.62317,1063.4537
9946,543.99115,1091.3146
9947,589.6038,1107.471
9948,617.4459,1086.539
9949,652.51825,1049.1312
9950,740.32434,1039.355
9951,832.8307,1055.1493
9952,838.1423,1058.4807
9953,746.055,1034.7078
9954,602.6051,993.9954
9955,446.37494,952.70386
9956,335.79016,934.5207
9957,319.6337,950.54333
9958,377.53784,977.9948
9959,457.33185,983.3327
9960,528.2923,961.3154
9961,582.50073,934.08356
9962,615.69775,921.1969
9963,629.45886,930.4039
9964,638.29803,957.5368
9965,646.9444,980.59357
9966,649.1373,985.0147
9967,650.73047,990.0883
9968,658.7406,1018.5474
9969,665.2264,1065.0397
9970,661.2219,1111.5092
9971,656.766,1146.5518
9972,676.4148,1169.4093
9973,721.93835,1187.0585
9974,752.1686,1203.0236
9975,728.88934,1213.587
9976,670.6432,1217.3475
9977,627.1993,1218.2157
9978,617.2645,1218.0123
9979,625.16205,1214.4589
9980,636.74884,1208.8395
9981,651.1601,1205.7681
9982,668.12115,1202.9705
9983,680.5909,1197.2946
9984,685.7046,1196.8309
9985,692.20197,1204.9879
9986,701.94055,1198.3217
9987,685.25214,1141.585
9988,594.80817,1035.1786
9989,434.4484,932.744
9990,298.87808,882.4435
9991,280.67618,872.1156
9992,362.06113,865.432
9993,460.13037,856.8124
9994,512.38947,866.6735
9995,501.0102,906.0342
9996,489.89774,951.03613
9997,575.769,965.3373
9998,732.9601,956.875
9999,840.45026,967.2278
10000,856.4267,1004.06036
10001,830.8153,1041.2368
10002,807.651,1068.0577
10003,795.57764,1093.0471
10004,784.6883,1118.5154
10005,763.7124,1135.718
10006,736.12085,1139.6743
10007,722.37396,1138.6615
10008,739.4554,1146.138
10009,774.6311,1165.2593
10010,791.6449,1183.422
10011,775.76984,1185.9391
10012,748.5134,1174.2567
10013,723.1153,1163.9209
10014,686.5412,1166.6445
10015,640.94147,1178.7888
10016,622.136,1180.7034
10017,665.77826,1150.5978
10018,761.5893,1092.6339
10019,826.1792,1043.433
10020,761.87195,1036.6357
10021,588.6698,1067.6306
10022,438.76633,1098.686
10023,385.12766,1097.2185
10024,394.41302,1069.4761
10025,430.08386,1044.3291
10026,477.8769,1033.5194
10027,521.6665,1035.0258
10028,553.2947,1050.5195
10029,572.9078,1076.9373
10030,591.77264,1106.2935
10031,647.2696,1136.1874
10032,774.8231,1160.564
10033,940.2639,1160.1283
10034,1056.0363,1122.1497
10035,1090.2291,1060.688
10036,1077.471,1005.08167
10037,1037.1083,976.68787
10038,970.6624,980.8297
10039,896.0204,1011.63617
10040,834.3218,1053.6548
10041,807.5001,1075.7335
10042,844.823,1041.9891
10043,930.75256,955.422
10044,983.06903,869.142
10045,951.98846,832.08014
10046,876.5323,849.6536
10047,810.4295,894.6147
10048,769.70166,935.3256
10049,749.87134,959.91394
10050,740.89325,977.4291
10051,729.65076,998.9424
10052,708.21594,1024.7466
10053,681.3114,1049.3923
10054,660.81744,1071.4204
10055,654.3011,1092.4803
10056,659.8668,1112.7932
10057,670.0981,1131.0105
10058,680.6815,1144.6229
10059,693.2806,1153.7181
10060,707.7242,1163.005
10061,715.7646,1174.0023
10062,711.6784,1182.205
10063,702.774,1184.7914
10064,698.9718,1183.4635
10065,701.11066,1181.4883
10066,703.97107,1181.2886
10067,703.24506,1182.1765
10068,699.0671,1180.799
10069,695.95654,1175.4202
10070,701.7965,1169.6653
10071,723.38995,1169.6658
10072,754.87225,1176.1013
10073,777.5284,1181.0276
10074,778.5234,1171.186
10075,761.721,1137.7783
10076,741.8333,1090.8063
10077,733.1368,1054.7346
10078,741.8573,1044.1409
10079,764.1212,1052.5076
10080,779.4535,1058.0653
10081,761.3697,1039.8766
10082,716.4502,1003.9812
10083,691.7839,985.7439
10084,722.46075,1010.27014
10085,785.9989,1058.8499
10086,832.6965,1091.7374
10087,848.4033,1096.293
10088,853.4731,1090.3313
10089,860.23083,1087.891
10090,863.247,1086.7413
10091,848.5797,1084.0337
10092,803.7461,1084.1383
10093,742.1091,1089.2755
10094,699.2705,1091.5845
10095,689.82336,1081.6888
10096,698.44244,1064.7501
10097,708.1704,1055.2512
10098,712.1498,1057.791
10099,711.13635,1066.3121
10100,710.48114,1074.2418
10101,714.5652,1078.3743
10102,722.3234,1078.799
10103,725.15784,1075.872
10104,712.5491,1067.5907
10105,688.34827,1052.7183
10106,674.00885,1036.4546
10107,683.58136,1028.4012
10108,704.6073,1032.0164
10109,717.1551,1041.7664
10110,720.0409,1050.6882
10111,722.7556,1053.7352
10112,724.9353,1048.7709
10113,719.3883,1038.93
10114,707.14246,1030.7112
10115,699.5189,1031.1869
10116,705.8806,1043.6271
10117,721.32324,1063.2975
10118,727.7351,1084.3141
10119,712.03815,1104.1984
10120,684.59827,1111.297
10121,667.0942,1088.2073
10122,665.2541,1041.4507
10123,671.48615,998.4802
10124,680.38434,975.10065
10125,685.01447,978.543
10126,677.56384,1017.26855
10127,665.6601,1074.9153
10128,667.14575,1112.8176
10129,683.3969,1116.0416
10130,699.6095,1102.4572
10131,707.6712,1091.6194
10132,710.6971,1089.0386
10133,712.0838,1090.771
10134,711.84265,1091.8988
10135,710.881,1092.1636
10136,711.64056,1093.4014
10137,713.83594,1094.1387
10138,714.4164,1090.7351
10139,712.43054,1082.3904
10140,709.9572,1074.4448
10141,709.0692,1074.6427
10142,710.2418,1083.0576
10143,712.2149,1091.5468
10144,713.3987,1094.9899
10145,712.9948,1095.2726
10146,710.29706,1095.1254
10147,705.3433,1095.2649
10148,699.3763,1096.4047
10149,693.0025,1100.0026
10150,686.281,1107.1857
10151,681.92096,1114.9508
10152,687.54895,1108.9707
10153,708.53143,1072.3627
10154,734.88116,1014.59766
10155,748.038,969.87537
10156,739.74054,961.0568
10157,713.58246,986.25214
10158,681.72186,1026.8525
10159,661.6219,1059.4487
10160,665.71454,1073.8937
10161,695.19165,1076.1686
10162,734.5842,1074.3015
10163,757.68256,1071.3663
10164,752.79376,1068.8763
10165,732.0263,1068.2316
10166,714.83746,1069.3209
10167,712.8822,1070.5381
10168,724.8108,1069.0992
10169,738.3158,1064.7622
10170,743.043,1061.74
10171,741.6792,1061.244
10172,740.9256,1056.669
10173,740.2704,1041.1887
10174,737.20526,1021.06354
10175,730.5665,1021.75555
10176,716.8904,1066.6824
10177,697.9161,1137.0272
10178,687.9441,1176.4258
10179,700.1978,1151.9418
10180,730.2336,1088.0631
10181,761.6147,1027.74
10182,774.90985,982.3077
10183,738.3191,944.96106
10184,630.67596,922.2401
10185,498.75906,920.36383
10186,429.37274,935.31836
10187,463.68356,966.96295
10188,582.4439,1014.11084
10189,722.87036,1061.548
10190,806.76245,1090.3967
10191,789.6654,1095.9327
10192,680.4348,1087.2684
10193,552.2213,1077.2781
10194,500.1194,1076.8444
10195,551.7343,1094.8481
10196,663.9187,1133.0492
10197,761.1143,1168.4475
10198,780.3144,1166.1605
10199,739.2274,1129.072
10200,706.3562,1097.0298
10201,704.0013,1082.8337
10202,706.8413,1056.7626
10203,701.4063,1007.04535
10204,695.43604,960.0297
10205,695.2927,935.93616
10206,695.00977,932.1411
10207,681.34296,941.96
10208,654.8756,966.0036
10209,631.8857,1006.01917
10210,621.7426,1049.4296
10211,622.505,1079.7021
10212,630.4995,1100.7207
10213,647.9288,1120.2288
10214,682.1941,1127.695
10215,726.01434,1111.2747
10216,756.04865,1075.9469
10217,765.0504,1040.781
10218,767.7426,1022.061
10219,773.8651,1017.44934
10220,779.8622,1015.2438
10221,779.727,1013.7266
10222,770.7718,1020.0101
10223,756.1989,1034.2754
10224,744.4968,1046.6511
10225,740.7751,1051.3057
10226,740.3611,1053.295
10227,734.2053,1058.087
10228,722.37415,1057.9875
10229,718.1948,1037.6442
10230,728.44836,1000.96826
10231,741.1648,973.59283
10232,747.1256,971.3975
10233,752.01886,989.3791
10234,759.1144,1015.0594
10235,760.74475,1038.5808
10236,750.0132,1058.5789
10237,731.5448,1077.1357
10238,719.81714,1086.6523
10239,725.36804,1075.4205
10240,741.3177,1048.5187
10241,751.35583,1024.7125
10242,750.6528,1014.11035
10243,747.3912,1017.6711
10244,746.86536,1035.9272
10245,742.228,1061.5293
10246,722.75714,1080.5853
10247,694.0291,1088.204
10248,678.6087,1088.4873
10249,688.30896,1083.481
10250,710.18427,1071.4076
10251,725.32104,1051.7006
10252,729.3547,1030.2985
10253,730.6345,1016.7892
10254,736.0513,1013.4875
10255,740.75073,1016.36285
10256,733.0587,1025.2562
10257,713.29535,1040.9906
10258,694.7793,1058.6033
10259,681.0723,1074.2327
10260,665.27325,1089.0192
10261,656.4739,1097.0562
10262,675.2732,1085.9404
10263,714.893,1060.4895
10264,744.3666,1042.3914
10265,753.7847,1039.1133
10266,759.28864,1039.2715
10267,768.1732,1037.2102
10268,763.60876,1042.6307
10269,730.16,1064.0115
10270,691.6267,1086.4625
10271,691.4003,1083.0282
10272,728.3874,1054.3628
10273,760.8465,1029.6227
10274,761.84796,1029.1506
10275,730.3414,1050.8263
10276,682.46173,1079.5281
10277,647.5414,1098.4845
10278,649.3355,1099.6486
10279,690.91205,1083.9111
10280,748.11334,1059.3365
10281,784.00165,1039.7231
10282,781.25525,1036.2144
10283,747.581,1051.0321
10284,704.7173,1075.387
10285,675.12683,1096.0138
10286,664.0795,1106.871
10287,669.99585,1103.3971
10288,697.17017,1078.1968
10289,732.6436,1041.6877
10290,744.14355,1023.8075
10291,720.5381,1038.2677
10292,684.6093,1068.023
10293,660.8795,1091.8809
10294,653.7105,1103.9653
10295,655.84894,1107.3804
10296,660.22974,1105.563
10297,662.5412,1099.859
10298,662.273,1090.7234
10299,662.13544,1081.3096
10300,663.3675,1076.0969
10301,662.8297,1076.0919
10302,659.89465,1077.6868
10303,667.4314,1073.3121
10304,700.7335,1056.343
10305,747.3608,1029.7827
10306,775.0215,1003.2505
10307,774.0472,983.2219
10308,760.1243,973.7848
10309,746.05804,977.6849
10310,736.9348,991.0406
10311,736.482,1004.4654
10312,744.03656,1011.4749
10313,752.9761,1013.486
10314,752.53876,1017.2034
10315,733.00397,1026.2386
10316,698.3816,1031.77
10317,669.10724,1016.96313
10318,664.94366,979.30066
10319,684.2559,941.04877
10320,701.32166,929.01074
10321,693.8535,949.10876
10322,668.3871,982.54297
10323,645.75574,1005.4278
10324,635.622,1011.36194
10325,636.9646,1010.1855
10326,649.0416,1010.91437
10327,671.1551,1014.59546
10328,694.9445,1016.6728
10329,707.9849,1011.3329
10330,708.23303,999.448
10331,704.2807,990.096
10332,705.24335,989.9603
10333,716.14545,997.39197
10334,733.73895,1006.9771
10335,748.10846,1014.1583
10336,751.76495,1016.8345
10337,742.44476,1016.6019
10338,723.5325,1018.3074
10339,705.1828,1023.448
10340,692.3017,1026.13
10341,674.6596,1022.8612
10342,645.2033,1020.15063
10343,615.0449,1024.0358
10344,596.5399,1030.5698
10345,590.63715,1033.635
10346,596.5047,1034.4607
10347,614.3137,1038.8041
10348,636.0968,1047.6968
10349,651.2097,1054.5621
10350,660.38696,1053.1857
10351,669.4564,1044.9298
10352,678.96594,1034.8236
10353,688.7656,1025.6815
10354,698.7302,1019.96405
10355,705.3538,1020.34644
10356,705.12195,1027.8618
10357,697.60535,1042.6583
10358,686.9866,1059.9847
10359,681.68695,1070.1423
10360,686.8643,1069.3672
10361,696.5417,1063.7323
10362,698.0615,1061.0038
10363,685.73694,1062.586
10364,664.9373,1064.8461
10365,643.74524,1066.0593
10366,628.6567,1067.1324
10367,627.6417,1069.521
10368,646.4356,1076.2892
10369,676.73303,1089.6035
10370,700.1937,1105.9292
10371,708.3612,1116.81
10372,705.91364,1116.6827
10373,699.5383,1109.898
10374,695.4069,1104.7523
10375,698.976,1103.0298
10376,707.3492,1100.5369
10377,702.7308,1089.7333
10378,669.6373,1065.2532
10379,630.6867,1037.4368
10380,630.03674,1023.33887
10381,665.947,1019.86755
10382,690.448,1009.64655
10383,679.3945,990.4969
10384,666.06055,982.69727
10385,700.0211,1006.4434
10386,778.1627,1054.1344
10387,842.5979,1096.3633
10388,833.26746,1115.5354
10389,728.3127,1116.9576
10390,586.72546,1115.2886
10391,507.41235,1119.8304
10392,506.9476,1127.116
10393,518.31793,1124.7974
10394,489.48926,1098.9633
10395,427.6131,1050.2823
10396,384.70282,1008.10406
10397,412.6289,1006.93134
10398,509.2614,1048.5964
10399,612.68585,1099.6921
10400,655.5658,1119.3766
10401,620.77704,1092.1919
10402,554.1388,1045.6166
10403,520.2971,1024.9608
10404,535.683,1041.0697
10405,552.17474,1044.1544
10406,511.16833,967.2279
10407,425.94086,821.09894
10408,382.33096,695.0038
10409,422.41623,639.96936
10410,487.5878,633.7626
10411,515.3591,647.37384
10412,518.761,672.14417
10413,533.9883,702.39954
10414,562.01294,726.95734
10415,587.14325,738.3218
10416,603.4823,744.1597
10417,618.6115,762.94824
10418,644.56696,803.36304
10419,679.0486,847.491
10420,708.756,869.83203
10421,731.1133,870.66394
10422,749.44244,863.8126
10423,756.3908,845.95013
10424,744.2135,808.26984
10425,722.8697,763.964
10426,709.95074,737.97784
10427,708.1639,737.2786
10428,708.71954,750.9417
10429,707.1135,766.7404
10430,703.26636,774.79846
10431,697.87726,771.26086
10432,693.1795,761.69135
10433,689.6108,752.43304
10434,683.7275,742.4411
10435,673.5286,725.81793
10436,669.2051,704.40955
10437,705.29803,705.6385
10438,813.0438,771.19775
10439,954.73834,897.39044
10440,1050.624,1015.7474
10441,1082.0817,1070.1198
10442,1083.1545,1071.3413
10443,1060.5428,1055.0826
10444,995.9462,1032.6586
10445,890.5076,993.67285
10446,761.35156,924.5302
10447,631.7308,827.5394
10448,545.5875,733.2972
10449,532.29626,673.1953
10450,565.76154,649.72327
10451,608.49347,649.2723
10452,649.97485,659.05597
10453,673.71783,673.80286
10454,639.1379,702.7098
10455,531.1905,756.0729
10456,395.8143,828.5186
10457,286.98187,908.2332
10458,222.50381,976.8575
10459,228.77914,998.56586
10460,351.08023,950.59125
10461,560.14233,863.2027
10462,731.75696,794.8254
10463,783.2714,768.92126
10464,750.353,761.83777
10465,706.5194,746.4568
10466,685.55615,720.8101
10467,679.7705,697.451
10468,668.07733,681.6054
10469,646.2213,669.45636
10470,646.93384,677.47614
10471,710.7698,743.7743
10472,815.79944,863.7471
10473,899.0299,974.9285
10474,947.30023,1035.0089
10475,987.9242,1052.652
10476,1032.8397,1047.0505
10477,1061.6277,1029.271
10478,1028.9921,1007.40375
10479,920.4025,988.81274
10480,783.9359,980.27246
10481,675.5606,984.37897
10482,616.1807,995.87585
10483,606.0352,1000.6738
10484,632.2158,985.24554
10485,674.33264,958.6151
10486,727.10675,948.6889
10487,792.2835,963.83777
