frame,x,y
0,895.4315,1082.2966
1,819.4132,936.36316
2,681.4121,808.7635
3,561.88776,726.2424
4,570.3753,688.6903
5,705.217,671.54
6,855.08673,666.38086
7,920.04694,688.0231
8,920.74225,747.0309
9,932.7143,829.3791
10,986.48694,912.34406
11,1055.7589,985.0077
12,1066.7533,1028.2533
13,981.589,1011.96295
14,871.02625,948.86115
15,820.7507,895.1574
16,831.9996,875.81573
17,858.24524,873.4091
18,870.4932,884.4896
19,870.9487,923.14746
20,873.87054,976.59406
21,877.77686,1009.4427
22,863.9208,1008.56
23,828.4524,989.57623
24,787.3283,975.5883
25,746.99786,981.12897
26,708.14606,997.76556
27,686.45526,1009.8752
28,696.0652,1024.4675
29,728.12585,1050.7795
30,768.5986,1072.5814
31,818.8657,1074.3751
32,870.51086,1063.561
33,880.8101,1047.6241
34,817.2738,1021.4162
35,720.1616,989.2206
36,664.80646,965.5865
37,665.28125,948.6055
38,682.2244,929.1325
39,700.35736,922.2886
40,732.71155,952.632
41,778.27936,1007.8325
42,827.88654,1043.6725
43,888.55774,1042.1027
44,949.0176,1028.4514
45,954.0319,1030.2041
46,875.41815,1046.1234
47,782.90326,1048.1919
48,789.7696,1003.1714
49,914.2866,910.2458
50,1040.8186,814.45374
51,1070.835,759.5572
52,1037.8707,743.6224
53,1006.79614,740.9578
54,980.7393,743.6519
55,951.69904,762.3604
56,925.63837,799.75525
57,898.8714,841.0606
58,869.6688,871.56683
59,847.65375,889.2576
60,841.28674,899.00366
61,851.1098,908.1502
62,866.2996,924.6247
63,866.9807,950.14075
64,845.9879,978.0553
65,824.98303,998.32764
66,831.4334,1006.09973
67,861.637,1008.02997
68,875.1682,1017.02246
69,835.6642,1037.0433
70,759.29504,1053.7578
71,693.4142,1050.8029
72,660.6233,1031.3325
73,669.53735,1006.92365
74,728.48883,976.703
75,805.29333,935.16174
76,845.5542,889.6446
77,843.40717,854.57733
78,836.70215,837.5241
79,850.7443,837.33234
80,876.299,846.8982
81,882.9833,864.5829
82,850.7551,901.46967
83,799.18726,957.79486
84,770.2341,1008.16003
85,778.00433,1031.8994
86,800.23645,1034.1913
87,813.8677,1028.5098
88,815.3217,1022.77466
89,813.5316,1019.72943
90,817.87726,1016.2783
91,829.38135,1008.29486
92,840.20294,999.48126
93,842.0857,998.5124
94,834.4307,1007.2307
95,826.6758,1018.5175
96,828.76196,1024.6335
97,840.7753,1021.547
98,853.6531,999.6441
99,837.42706,939.7545
100,753.83636,844.1801
101,631.6301,753.3946
102,562.5731,702.70624
103,577.37335,690.1181
104,620.72595,694.83044
105,652.22577,700.40356
106,680.6032,701.8621
107,717.0918,702.3959
108,753.1631,705.0982
109,775.6646,709.0257
110,782.0337,711.54694
111,779.4939,711.3513
112,774.25446,709.905
113,766.1415,710.3085
114,756.6451,713.1693
115,755.83234,715.616
116,770.41486,716.0248
117,789.3113,716.2355
118,781.9225,717.6758
119,712.70166,719.5528
120,588.479,720.92065
121,475.89957,720.0946
122,432.74997,714.66125
123,474.69122,707.05707
124,599.4481,706.0999
125,751.85474,715.8997
126,841.47144,729.3518
127,852.69794,740.14526
128,839.44617,747.88873
129,833.3199,741.8837
130,829.1066,703.94745
131,814.945,645.3732
132,776.545,606.5921
133,706.7778,605.7884
134,635.36096,625.68176
135,607.7939,645.79517
136,631.59265,658.1399
137,676.6222,661.1925
138,708.80865,655.7915
139,719.5389,647.01624
140,735.0623,643.4546
141,789.2144,659.31824
142,887.25287,709.1858
143,994.76447,782.7897
144,1067.9016,854.2523
145,1086.5614,918.4052
146,1061.6366,974.52814
147,1031.2192,1007.57825
148,1025.665,1015.2488
149,1039.6171,1011.5733
150,1049.743,1006.41956
151,1037.9099,1005.1739
152,1009.31964,1008.9899
153,1000.31744,1006.38794
154,1047.2722,984.98413
155,1122.2325,954.84265
156,1132.4391,929.38165
157,1029.7045,893.10406
158,874.49164,836.25934
159,767.8939,783.84015
160,756.69977,753.74
161,804.74164,739.7224
162,841.8419,729.7888
163,831.23047,708.17926
164,792.63214,674.2403
165,761.98615,651.66254
166,741.6386,650.8846
167,720.4305,658.01373
168,704.982,665.6351
169,709.16907,677.51825
170,754.63336,694.3608
171,845.3623,713.4432
172,930.96075,728.7766
173,962.4318,734.5279
174,950.5676,734.2615
175,927.13934,734.28375
176,905.56165,731.5828
177,904.28436,718.9132
178,950.78534,694.816
179,1022.9659,665.30505
180,1049.4738,639.10205
181,1008.1004,623.5279
182,957.05774,634.0931
183,948.0257,689.92346
184,958.68884,773.13293
185,939.2077,833.49945
186,883.6964,853.1567
187,808.5547,852.2633
188,720.6948,839.2732
189,641.3282,811.58234
190,602.5294,787.6332
191,614.5731,790.7006
192,671.8189,813.7957
193,767.9103,831.0733
194,864.8254,828.80975
195,903.832,814.07916
196,896.1668,808.5215
197,924.4596,833.32263
198,1019.561,881.25037
199,1114.681,912.8241
200,1144.9437,904.473
201,1119.4348,873.7604
202,1072.3369,848.12665
203,1015.51764,853.5638
204,955.22205,911.07104
205,897.9864,999.1002
206,848.7442,1064.863
207,826.32104,1085.1978
208,840.46204,1062.2439
209,833.7976,987.19574
210,731.2339,868.2465
211,592.5198,757.9513
212,560.0136,702.3028
213,639.5712,694.6556
214,723.5045,706.61945
215,762.6996,727.53864
216,775.2436,757.4326
217,775.67,792.79083
218,768.4609,830.49835
219,766.51215,865.87854
220,778.20386,889.2268
221,790.7176,896.98047
222,788.64307,895.7603
223,786.2031,891.4204
224,822.0619,885.3823
225,911.07465,882.5063
226,1014.2893,895.1577
227,1060.1648,930.103
228,1010.87634,971.3302
229,914.52625,995.0545
230,847.7083,1001.4572
231,825.06995,1008.5116
232,811.0744,1019.5108
233,782.6239,1021.0058
234,747.21484,1010.7314
235,722.828,1001.8132
236,730.3821,998.4452
237,799.53455,989.55597
238,928.6745,970.04297
239,1043.5773,956.38293
240,1078.0623,966.8378
241,1060.3186,992.71814
242,1035.335,999.6829
243,969.8324,949.464
244,817.7807,840.4244
245,644.31586,730.9011
246,571.48126,685.68567
247,608.5315,710.3298
248,667.9981,762.8291
249,700.68225,804.146
250,711.8635,819.3654
251,709.7039,809.1962
252,694.6145,782.6852
253,699.6872,762.2452
254,795.57776,778.9983
255,973.60675,842.053
256,1098.8652,921.17706
257,1085.9104,975.4596
258,1007.898,990.451
259,958.4981,983.98206
260,943.39734,980.1129
261,935.3971,984.8447
262,914.66205,993.54236
263,866.55255,1005.5328
264,809.6659,1022.31335
265,786.85236,1043.1926
266,804.604,1063.011
267,825.4829,1071.2977
268,822.3298,1061.1624
269,806.6531,1039.9419
270,802.55237,1024.6873
271,812.72375,1024.605
272,820.7303,1032.4205
273,819.023,1036.353
274,818.91296,1034.2112
275,828.32965,1031.4182
276,839.825,1030.5787
277,850.93335,1028.2802
278,868.7586,1021.333
279,887.5758,1011.8894
280,893.1356,1005.01874
281,886.079,1004.3006
282,875.5658,1009.99365
283,864.04004,1018.7538
284,851.79156,1026.6128
285,842.05756,1031.4327
286,839.17206,1028.7358
287,846.7144,1013.54364
288,862.94147,992.7227
289,878.77985,981.09955
290,886.6424,981.679
291,887.6857,986.8583
292,885.8479,996.27527
293,880.4334,1013.1919
294,869.7318,1028.5253
295,858.6011,1031.7515
296,853.571,1028.7449
297,852.361,1030.3473
298,848.90497,1038.8253
299,842.217,1050.4434
300,835.37994,1061.6835
301,832.20996,1074.404
302,829.58,1087.4965
303,819.3983,1090.3783
304,804.81244,1078.3407
305,796.5138,1062.1627
306,795.373,1056.7261
307,794.7938,1065.3761
308,792.0018,1077.3203
309,789.7111,1083.5343
310,791.51715,1087.1931
311,793.96466,1090.242
312,787.5688,1087.4866
313,773.42474,1084.5448
314,765.051,1096.075
315,765.2972,1119.1658
316,764.80396,1133.0135
317,779.0237,1115.4583
318,844.2865,1049.4866
319,945.7645,942.8302
320,1017.9031,832.36255
321,1029.467,748.8035
322,985.34564,700.0286
323,890.6117,681.99725
324,782.62555,683.0637
325,718.693,689.17487
326,706.02905,697.1909
327,710.80426,725.57623
328,713.3984,792.7584
329,711.277,872.90546
330,703.40466,917.0278
331,702.8548,915.70605
332,741.5011,892.6605
333,821.0189,869.7407
334,885.5425,863.89636
335,891.05786,884.3453
336,856.3134,928.5817
337,818.9852,983.8199
338,793.1236,1028.2977
339,777.64026,1047.898
340,771.2618,1052.8142
341,769.26276,1061.0505
342,764.92267,1072.6741
343,772.0711,1065.9589
344,823.40173,1007.7632
345,909.5505,886.6839
346,961.3396,747.4072
347,949.31903,662.33234
348,927.6884,660.4325
349,933.0831,703.0222
350,938.75555,736.4508
351,918.21173,749.7408
352,889.6438,762.81964
353,897.8727,784.3837
354,942.7986,808.18835
355,968.76245,829.6306
356,954.0967,845.50903
357,933.09686,851.19495
358,933.99396,850.2313
359,968.8411,853.29144
360,1042.1924,858.43097
361,1111.0986,847.0884
362,1116.4349,810.5744
363,1069.337,768.5692
364,1025.1523,745.2896
365,1012.76526,741.8079
366,1018.5645,752.47107
367,992.3371,779.95526
368,898.0438,813.63074
369,783.81464,834.04236
370,739.15625,844.44464
371,778.86615,858.7339
372,833.8873,873.2098
373,842.70276,876.04865
374,809.4214,868.1034
375,779.65247,864.1106
376,793.11725,882.54034
377,863.0806,930.2505
378,953.63837,987.8117
379,992.793,1027.2648
380,958.12,1043.6687
381,911.12054,1041.2837
382,895.5965,1008.0209
383,851.4702,936.1552
384,728.2449,849.66345
385,607.93115,788.2581
386,586.5377,774.6714
387,643.4978,802.733
388,705.1896,842.17914
389,739.3363,853.4233
390,760.44403,817.0481
391,783.9069,757.68555
392,800.74133,720.1819
393,798.682,720.9188
394,781.81494,742.66547
395,761.763,762.4086
396,751.1155,771.8339
397,771.3625,785.4111
398,825.88763,817.963
399,859.82135,850.4647
400,826.159,854.4056
401,766.6115,837.9342
402,740.15546,825.2248
403,744.9942,820.94617
404,757.8479,820.11584
405,770.76935,822.75336
406,778.07275,830.0196
407,773.62555,838.6782
408,762.7671,844.6434
409,757.00104,849.13727
410,762.2823,856.69446
411,775.7889,868.124
412,784.3937,878.2463
413,776.413,881.04297
414,758.77686,875.58203
415,748.64197,865.78973
416,752.9521,855.55023
417,768.6637,846.1375
418,792.0502,838.5246
419,812.7714,834.5854
420,816.63495,833.8582
421,809.2981,832.23145
422,806.4982,828.778
423,791.63165,837.46533
424,733.5512,876.17175
425,653.65985,929.4581
426,606.44434,958.0705
427,602.33856,956.55255
428,620.92694,952.1675
429,666.5035,948.77954
430,748.2059,920.35754
431,827.9134,865.8833
432,849.3761,826.3357
433,814.1057,827.91345
434,770.2056,850.84216
435,746.6958,864.4782
436,738.9022,859.8784
437,735.2933,849.32434
438,737.52203,848.64404
439,745.89056,858.989
440,729.9962,863.2199
441,655.4008,843.57153
442,555.49384,806.77295
443,509.70026,778.34827
444,532.1406,771.2328
445,568.9792,780.27185
446,594.30524,799.03656
447,625.5733,826.5404
448,676.533,863.8837
449,739.5856,906.8888
450,795.0009,941.4232
451,832.5084,952.7759
452,855.8261,942.189
453,861.3267,926.3651
454,842.5032,921.0238
455,818.1752,932.4794
456,818.6269,957.01416
457,838.7432,974.46436
458,845.1234,960.1917
459,828.6269,924.2243
460,818.86383,899.40497
461,852.2391,880.41144
462,919.38416,837.28564
463,960.852,777.778
464,959.6002,736.2721
465,971.94666,723.1309
466,998.1105,721.14966
467,951.31476,715.43646
468,838.44586,708.2604
469,786.9419,716.8271
470,828.22675,765.91284
471,854.7023,858.90137
472,815.78064,956.3906
473,779.3278,1017.14484
474,796.56036,1043.5411
475,837.6879,1054.4843
476,854.17596,1043.041
477,832.97046,996.58575
478,798.2967,939.30444
479,783.11395,918.2583
480,799.698,949.6047
481,838.8526,997.1706
482,889.04913,1011.7118
483,938.83734,990.7511
484,965.858,973.48425
485,950.3146,977.3611
486,897.3857,986.88837
487,830.67334,998.7768
488,771.5395,1026.8939
489,734.61835,1065.1407
490,740.6993,1076.2626
491,801.031,1020.58276
492,871.1733,905.97217
493,884.639,800.2301
494,844.2724,757.16986
495,804.4127,761.6748
496,785.3812,777.6524
497,770.2647,794.478
498,747.81934,812.6737
499,719.5475,830.55835
500,693.9499,847.23596
501,682.5087,864.98486
502,686.07336,890.8893
503,698.79083,928.88165
504,721.7556,971.2286
505,750.05005,1005.571
506,765.18176,1025.1886
507,763.1023,1027.4261
508,775.33246,1011.2712
509,834.53906,987.8349
510,912.50024,978.78534
511,942.1608,990.86505
512,908.6097,1010.0564
513,851.6261,1025.7926
514,803.8963,1039.8307
515,784.7421,1045.7975
516,810.3391,1025.4045
517,876.528,979.803
518,958.0888,935.6931
519,1021.60474,914.12415
520,1031.3346,923.62555
521,976.14185,963.9194
522,899.2543,1009.33417
523,867.5525,1026.3486
524,905.6997,1012.9816
525,976.79315,983.6892
526,996.17944,937.4569
527,888.518,876.4445
528,708.1143,832.71075
529,603.2063,831.1663
530,613.0456,843.0337
531,653.7689,826.51495
532,669.4942,788.3071
533,668.66315,764.68506
534,674.67535,776.3841
535,700.1092,823.8475
536,738.2313,888.4127
537,771.29224,939.4537
538,786.9946,964.0395
539,779.1356,967.66296
540,750.38434,953.736
541,726.7691,933.43567
542,742.1442,930.10345
543,790.7255,947.80237
544,828.94727,964.246
545,833.4738,966.64557
546,821.3505,965.8249
547,823.54395,973.27515
548,857.00476,979.9991
549,884.2509,952.1505
550,829.22906,862.5377
551,706.05316,745.0603
552,631.587,673.36774
553,651.0366,671.5108
554,699.34766,698.24084
555,726.847,710.5141
556,743.109,703.1411
557,788.81995,704.22925
558,894.62646,746.6492
559,1012.10376,828.23016
560,1053.1531,914.11566
561,1019.2287,983.2123
562,972.5267,1032.6478
563,935.82367,1054.2953
564,913.51843,1050.2064
565,920.0815,1045.8246
566,954.93353,1062.8695
567,992.32806,1092.1704
568,1004.9058,1109.7383
569,995.98126,1114.0924
570,985.9754,1119.5311
571,969.6434,1111.0234
572,925.8192,1052.1307
573,869.8552,953.918
574,851.6171,874.8338
575,894.71735,842.6695
576,968.5903,837.6214
577,1008.5635,845.9369
578,967.76996,878.84705
579,877.1862,927.18744
580,809.02936,948.5615
581,771.8614,920.8215
582,725.69507,863.8764
583,682.4562,815.84796
584,685.7372,796.0385
585,724.74774,783.5468
586,758.35785,760.4109
587,777.47375,743.4701
588,790.9589,745.28467
589,795.8119,753.67194
590,788.9162,757.9573
591,783.45966,760.0486
592,797.00885,761.7685
593,828.06805,759.9119
594,853.1539,751.54236
595,851.53,737.46277
596,828.93036,721.8941
597,811.78064,710.54724
598,819.00073,708.5573
599,842.54144,715.4136
600,859.7498,724.49176
601,860.4784,732.5563
602,852.184,742.158
603,843.4077,753.1405
604,837.33606,759.3987
605,837.48785,755.9546
606,840.65424,745.25256
607,834.2577,733.2745
608,814.6246,723.56335
609,787.44324,718.77936
610,755.5843,723.2054
611,732.77856,740.2133
612,748.9973,772.3243
613,805.2716,815.3062
614,841.3514,843.5144
615,809.22925,833.88525
616,749.59467,806.94574
617,728.3289,799.6544
618,751.61774,815.6586
619,780.67255,833.7033
620,782.1843,837.98413
621,759.66235,826.9238
622,764.45917,814.34644
623,849.44727,829.70935
624,964.59595,894.11804
625,982.8732,981.49255
626,888.69904,1026.592
627,798.0535,995.84576
628,778.961,930.9483
629,799.2913,895.31476
630,812.1128,907.21924
631,799.985,946.08685
632,778.0278,984.4012
633,776.3724,1005.1237
634,803.225,1008.72754
635,838.2032,1003.5086
636,855.2607,997.2797
637,843.76855,998.55884
638,818.22906,1010.09155
639,801.1525,1024.0604
640,798.9185,1031.8723
641,804.00946,1032.4858
642,807.8868,1030.1599
643,806.0289,1030.2937
644,798.7259,1034.4985
645,791.44836,1036.9525
646,790.82135,1030.7035
647,792.7677,1018.11786
648,785.6208,1008.3795
649,770.231,1005.98944
650,761.5628,1007.13403
651,776.53424,1002.4765
652,817.3728,989.6761
653,853.886,984.4395
654,854.55054,995.45776
655,831.3434,1006.24884
656,813.8104,1004.92206
657,809.73157,998.047
658,813.04504,992.45056
659,817.62244,988.7649
660,819.12366,986.1341
661,818.0296,986.11487
662,819.4521,991.5623
663,826.08905,1000.8139
664,833.2142,1008.24634
665,833.3861,1010.86804
666,825.6851,1010.1896
667,816.2923,1009.207
668,808.4502,1009.33057
669,799.7382,1009.68805
670,791.236,1010.6215
671,785.97095,1016.9159
672,779.1763,1032.4308
673,768.64435,1048.4847
674,765.7796,1048.9491
675,776.4531,1035.5614
676,795.65656,1029.3011
677,834.0245,1037.9149
678,900.1349,1046.176
679,957.80414,1043.5559
680,969.23157,1035.2325
681,953.6739,1024.9698
682,944.60034,1010.0457
683,941.6137,992.62604
684,932.12714,985.51416
685,917.01556,999.23254
686,907.9059,1017.84485
687,891.4918,1001.3735
688,813.6337,932.70276
689,661.5739,852.5684
690,516.05817,814.5157
691,454.71152,817.2192
692,475.04065,826.0442
693,534.87177,840.2251
694,598.6213,887.24384
695,648.4691,962.9763
696,685.64453,1025.2437
697,721.35565,1047.5751
698,762.3139,1043.8163
699,804.3428,1040.8708
700,837.66095,1049.2192
701,855.5224,1062.5162
702,861.81104,1075.1029
703,868.38086,1086.6129
704,877.16125,1092.4963
705,881.8258,1083.1771
706,888.86914,1058.1287
707,901.17126,1038.8177
708,898.10156,1050.4926
709,867.84906,1080.1088
710,830.3992,1085.6726
711,812.0691,1060.0759
712,817.7186,1033.9099
713,834.47906,1017.28455
714,853.3571,996.4607
715,869.92847,969.18756
716,864.7653,940.7876
717,817.05176,909.859
718,748.43396,879.3368
719,710.56177,862.36194
720,718.92017,868.21
721,743.1868,890.9028
722,760.90607,915.98566
723,782.9877,936.61285
724,825.3747,956.20245
725,874.6579,974.9593
726,900.0444,986.0287
727,894.70575,987.1569
728,876.59283,984.2535
729,861.4456,981.7484
730,865.52625,977.3129
731,891.5934,970.62756
732,893.5029,971.1348
733,837.3895,984.056
734,772.61536,998.6291
735,754.8711,1003.835
736,771.5229,1001.05084
737,786.36505,997.18353
738,787.20544,997.0178
739,781.3002,1001.799
740,780.7547,1010.3313
741,796.2506,1018.01086
742,825.0804,1016.1466
743,833.4698,992.4276
744,782.129,940.1013
745,693.5569,880.30817
746,647.5496,843.9285
747,691.39954,823.1969
748,792.2656,794.90424
749,875.2548,765.2133
750,893.78876,745.6901
751,862.0905,733.4131
752,820.8083,726.6454
753,791.63544,724.96625
754,770.9187,724.5778
755,751.2676,724.1438
756,736.4917,725.64545
757,732.0822,731.25635
758,733.6812,741.51904
759,733.95624,751.9233
760,731.8454,755.1123
761,729.1644,751.61755
762,725.5941,750.38525
763,723.2004,755.2632
764,729.1038,759.4079
765,747.6937,755.82336
766,772.252,747.1132
767,786.9696,741.34863
768,784.4681,741.80493
769,776.5718,744.1847
770,777.336,743.48004
771,785.7451,739.7841
772,791.2828,735.7128
773,788.734,732.2496
774,781.1725,730.2376
775,770.76416,731.7678
776,758.2173,735.967
777,748.1429,738.7538
778,744.8661,738.9408
779,748.09784,738.2331
780,757.20416,736.1323
781,773.72845,730.6497
782,791.7088,723.79724
783,797.3432,720.4635
784,790.217,721.0326
785,783.83527,721.60895
786,783.4486,719.7314
787,786.67017,715.6016
788,796.26276,710.80585
789,813.0731,706.4209
790,824.5445,702.55
791,816.4152,701.3977
792,789.6026,706.2004
793,756.3036,714.7221
794,731.12634,720.6655
795,725.1387,721.9692
796,738.50433,721.0985
797,761.6783,719.3465
798,783.31805,715.9667
799,798.64264,711.34015
800,811.46454,707.33575
801,823.4311,704.7878
802,828.3812,703.0695
803,821.9429,701.64557
804,811.1227,700.7939
805,811.0981,700.72327
806,826.63965,701.0323
807,838.9524,702.84924
808,823.4009,708.93005
809,783.51385,718.6942
810,750.51324,727.2053
811,741.4589,730.9616
812,744.7448,730.44385
813,747.09924,727.58405
814,748.6547,725.9476
815,763.3184,732.38947
816,799.7736,746.96094
817,826.93396,753.33716
818,806.3862,741.03
819,755.6695,724.8705
820,718.3765,720.169
821,707.9812,722.5133
822,715.4514,722.94916
823,728.7831,720.9076
824,739.4459,719.27136
825,746.8559,718.4676
826,753.2966,717.1763
827,760.4224,714.17255
828,773.4676,709.3923
829,798.5818,706.75934
830,825.791,716.6001
831,804.6645,744.9697
832,689.0635,775.33734
833,550.2184,783.58997
834,517.8564,773.84406
835,583.8047,770.77875
836,633.8903,784.73395
837,627.9799,805.1558
838,608.2964,818.41956
839,601.3473,822.47687
840,598.0436,824.47107
841,592.1755,830.2621
842,588.9295,842.74945
843,590.0037,863.10815
844,594.16254,887.84106
845,601.28424,910.89734
846,615.2651,930.9436
847,651.6835,951.4294
848,717.4415,971.65326
849,769.3798,983.30273
850,746.36926,979.0026
851,660.7238,961.432
852,588.0925,942.6637
853,569.2649,933.7682
854,583.9923,938.08813
855,597.6277,954.89404
856,607.63336,978.19226
857,664.522,991.57184
858,813.5539,980.0706
859,993.2048,950.6099
860,1077.8682,926.09985
861,1042.3748,915.32526
862,979.0147,900.9436
863,956.29224,864.38855
864,948.598,816.8834
865,906.82153,790.20624
866,838.4883,799.3428
867,779.5231,830.7069
868,740.05963,864.5225
869,717.3966,896.6379
870,708.4566,926.55444
871,696.76044,933.28986
872,667.9346,895.94543
873,638.83044,839.0805
874,638.75446,815.16223
875,657.7822,839.26117
876,656.2853,883.17456
877,633.5403,919.5411
878,632.62787,940.8288
879,674.9256,953.9975
880,737.04034,966.77545
881,785.4336,977.4749
882,808.0146,983.6359
883,818.43097,989.5876
884,833.1706,996.12836
885,843.93665,991.40466
886,826.49567,964.3756
887,779.2143,927.404
888,732.35034,905.06006
889,712.943,897.7577
890,717.36194,882.8847
891,725.5264,850.78796
892,730.43054,815.16626
893,738.9446,790.63416
894,750.0774,779.3956
895,754.5894,777.5632
896,751.9961,780.3043
897,750.5935,784.29913
898,758.4813,789.6286
899,776.6996,794.0057
900,789.6855,791.07684
901,780.9117,779.9736
902,758.7546,768.2464
903,740.32416,764.20154
904,728.72253,771.47974
905,720.54614,787.364
906,713.6971,805.13983
907,706.3519,820.3668
908,699.86554,831.8039
909,701.2304,838.242
910,715.90515,839.8531
911,737.8521,838.8782
912,753.4684,835.5762
913,757.22394,828.3386
914,753.47815,818.28375
915,745.14386,809.5195
916,734.7749,805.5716
917,728.245,806.4475
918,728.07605,808.1155
919,731.9858,807.62195
920,736.02405,810.1257
921,735.2021,823.58685
922,729.3272,843.966
923,727.36304,857.283
924,736.8206,857.6492
925,752.4668,850.8046
926,764.60205,843.54156
927,773.9123,838.92474
928,787.51636,836.94714
929,804.4462,835.8459
930,819.0461,834.2603
931,834.8367,832.30096
932,858.2831,830.87134
933,881.4935,829.9506
934,882.5721,825.8794
935,847.61975,813.78546
936,796.48413,796.7824
937,771.99567,783.1393
938,788.0468,772.2363
939,809.8107,758.8747
940,802.7637,747.00946
941,774.2971,742.2839
942,751.27386,740.1407
943,746.41504,736.18866
944,754.4969,741.98645
945,761.50336,773.4115
946,758.79553,820.2045
947,750.55,852.3181
948,745.9989,859.6023
949,752.3626,855.834
950,770.552,852.26666
951,790.6742,849.8742
952,803.86896,847.15826
953,813.85095,844.74713
954,820.01776,844.7305
955,811.0112,847.8736
956,788.4388,852.0316
957,769.70593,854.4392
958,765.92474,854.8151
959,775.1646,854.2605
960,789.60846,853.23334
961,802.24835,852.12616
962,808.7205,851.83264
963,804.6154,852.84607
964,790.0854,854.5179
965,774.91016,855.63904
966,767.13586,855.9572
967,762.32837,856.5593
968,755.8916,857.62994
969,753.6213,857.6826
970,759.31445,856.2257
971,769.3554,854.17444
972,782.8921,851.6339
973,800.1176,848.3681
974,812.27686,846.3526
975,807.65643,848.91766
976,787.0593,856.2374
977,764.9653,864.31805
978,754.6441,868.1159
979,754.0037,861.46356
980,752.88477,838.97424
981,753.57556,806.5331
982,763.7619,780.40594
983,775.676,769.06177
984,778.36676,767.33936
985,776.2103,766.5496
986,774.01465,762.0155
987,767.08765,756.0664
988,761.4336,754.2127
989,769.677,756.9462
990,785.1614,760.80457
991,794.36835,765.0361
992,796.30115,770.37494
993,789.5549,776.0883
994,768.41675,782.4189
995,740.6139,789.85223
996,723.178,796.057
997,718.1609,798.9958
998,712.6468,800.2554
999,700.00006,802.10474
1000,689.6079,804.34076
1001,693.78516,805.62415
1002,709.6456,805.3807
1003,725.4672,803.022
1004,737.3891,798.5474
1005,746.0122,794.0888
1006,751.1385,790.93146
1007,756.9011,788.26465
1008,767.42267,786.5848
1009,778.9988,786.9381
1010,783.7403,789.2565
1011,776.65234,793.9724
1012,758.93146,800.7313
1013,738.25946,807.31445
1014,723.6393,811.6725
1015,717.13763,811.7351
1016,715.77124,805.68713
1017,721.37256,795.1001
1018,737.856,784.5004
1019,758.0802,777.5608
1020,768.5472,775.32697
1021,768.484,775.9924
1022,767.80365,776.8437
1023,770.6758,777.4076
1024,774.9989,778.0557
1025,779.56055,778.1394
1026,783.10565,778.55066
1027,782.9752,781.2742
1028,779.39453,783.99274
1029,775.0705,780.8527
1030,769.0884,771.571
1031,758.83826,763.1344
1032,746.5913,759.7186
1033,738.2551,757.05975
1034,737.33966,748.58405
1035,743.2212,734.80853
1036,755.7096,723.46674
1037,775.6623,721.11633
1038,795.4826,728.04376
1039,800.3144,737.3009
1040,788.4475,740.91486
1041,775.8115,739.10986
1042,772.6312,736.44556
1043,774.01447,734.2355
1044,776.8167,731.8797
1045,783.79645,729.5515
1046,791.507,728.35504
1047,791.6016,730.0927
1048,782.1077,735.3945
1049,770.05365,741.2343
1050,762.7569,743.6994
1051,760.94165,742.3961
1052,762.5203,738.9313
1053,766.7821,734.5026
1054,772.27026,731.02563
1055,774.2186,731.3689
1056,769.64307,734.8154
1057,764.94604,734.50684
1058,769.5983,726.94635
1059,780.13257,719.38763
1060,782.8247,719.81604
1061,775.52765,727.3771
1062,769.38983,736.233
1063,769.061,741.76196
1064,768.71497,742.92633
1065,765.1639,741.9776
1066,761.534,741.3504
1067,758.76556,741.13727
1068,755.8685,740.46606
1069,755.99316,739.53705
1070,760.95605,739.27124
1071,766.6972,740.129
1072,769.5602,741.35187
1073,768.4756,742.0697
1074,763.8297,742.605
1075,758.66144,741.4788
1076,753.63574,735.2715
1077,747.9883,725.4238
1078,747.92896,718.04034
1079,760.71466,715.5649
1080,782.6876,715.21277
1081,798.79895,714.17096
1082,796.32556,712.4355
1083,779.4933,711.6755
1084,764.1258,712.38275
1085,761.45776,712.77496
1086,771.16266,711.05334
1087,783.7053,708.15967
1088,787.3766,708.8662
1089,778.16046,717.5462
1090,765.119,730.0128
1091,759.29193,736.7992
1092,760.33417,735.8453
1093,764.23566,732.5762
1094,770.4767,730.5866
1095,775.0458,729.70667
1096,774.65344,729.79517
1097,776.23456,732.2324
1098,786.10254,736.63153
1099,783.65283,736.2885
1100,724.6243,719.29095
1101,612.2042,681.4707
1102,531.8676,639.65326
1103,544.1342,616.29175
1104,602.9584,613.2962
1105,647.2747,622.6231
1106,691.9818,649.19666
1107,772.30597,698.667
1108,863.5677,756.34955
1109,906.0802,796.9044
1110,883.3805,808.6455
1111,837.3105,800.38605
1112,809.6449,786.787
1113,803.85645,774.60156
1114,805.66016,765.2041
1115,808.6817,759.52637
1116,813.58594,756.17255
1117,818.0059,753.2453
1118,816.01636,751.1272
1119,805.8257,749.3561
1120,793.10126,746.8162
1121,785.80505,744.5652
1122,786.4543,743.364
1123,790.19,741.15656
1124,790.31573,735.3001
1125,787.2022,728.2562
1126,793.7451,729.9061
1127,817.2941,743.31305
1128,834.75226,751.4139
1129,820.26996,740.0442
1130,787.42267,720.5497
1131,767.26544,710.40027
1132,773.82184,723.1946
1133,804.9989,774.874
1134,844.4242,857.9178
1135,872.64465,934.399
1136,888.91846,980.43164
1137,900.95215,999.4189
1138,898.93274,986.45264
1139,864.75665,927.73846
1140,809.0732,845.0714
1141,768.9562,786.6952
1142,759.4234,765.5234
1143,762.57837,758.53955
1144,762.83905,751.10645
1145,762.49414,743.75757
1146,769.72095,738.9193
1147,785.99664,737.68866
1148,803.0585,739.50977
1149,810.57104,743.71344
1150,806.5091,751.1419
1151,797.3689,759.1538
1152,789.6416,760.96625
1153,785.0072,755.3472
1154,783.4594,748.2019
1155,787.43634,743.2196
1156,798.9046,739.50354
1157,812.1006,736.6475
1158,817.2421,735.6481
1159,814.7604,736.68066
1160,814.6892,738.5396
1161,820.3099,739.2093
1162,824.10815,738.6725
1163,820.10535,740.14545
1164,813.00757,744.5578
1165,812.8278,747.9826
1166,823.0447,747.95404
1167,837.82135,746.1862
1168,846.0741,745.64417
1169,835.7884,754.5166
1170,805.485,784.4209
1171,772.5386,829.10284
1172,756.31396,861.89844
1173,757.78107,862.7581
1174,766.8264,831.706
1175,776.5164,787.87006
1176,783.77594,758.0897
1177,787.0784,751.6823
1178,785.35065,757.4493
1179,778.86365,763.0153
1180,772.7213,763.12524
1181,773.4638,757.26044
1182,782.09076,747.8369
1183,793.8876,739.6457
1184,800.16284,736.6347
1185,795.1422,737.2597
1186,786.9285,737.12317
1187,788.8513,735.4345
1188,798.9193,735.03125
1189,802.7313,737.98157
1190,794.6962,742.8146
1191,784.07117,746.48834
1192,781.42926,747.95374
1193,786.66046,747.39984
1194,790.49554,744.8185
1195,786.83966,741.51953
1196,781.20294,739.6904
1197,782.9623,739.41473
1198,795.2145,738.67535
1199,814.5546,735.9959
1200,830.13434,731.1478
1201,828.73883,724.6515
1202,812.93475,718.3502
1203,800.09174,714.6585
1204,798.5916,713.7883
1205,801.074,713.33374
1206,798.98376,711.33093
1207,795.15314,708.6923
1208,799.62445,707.7488
1209,811.2429,708.3393
1210,816.8193,707.58105
1211,813.0199,704.31683
1212,809.6561,700.5631
1213,811.7895,698.1795
1214,813.1903,696.4768
1215,800.9015,693.37756
1216,767.88324,690.9739
1217,740.9528,701.8163
1218,771.2439,737.81226
1219,861.16766,790.53864
1220,941.0364,844.6563
1221,943.8028,893.5572
1222,879.00494,918.7744
1223,821.55884,898.9078
1224,819.5002,851.6802
1225,847.73816,820.61096
1226,862.6957,825.1929
1227,849.1948,852.9931
1228,821.1288,882.73816
1229,802.9116,901.78467
1230,795.5446,913.90564
1231,771.6228,929.63416
1232,725.9217,948.51776
1233,692.0612,966.89514
1234,687.52856,991.94116
1235,693.63214,1022.65784
1236,694.13214,1041.4667
1237,702.4811,1035.3635
1238,747.4431,999.4767
1239,827.51685,937.1801
1240,908.2347,867.7942
1241,971.7266,816.0332
1242,1011.5663,797.0913
1243,975.9299,803.33167
1244,803.61,808.87366
1245,565.61975,808.9492
1246,437.09167,822.75684
1247,464.14,851.54944
1248,533.46716,877.1149
1249,548.369,885.7316
1250,488.5895,874.0054
1251,400.89047,850.7335
1252,394.65567,831.64325
1253,544.8555,825.6054
1254,777.7997,835.4973
1255,938.88495,865.7287
1256,973.3261,911.7721
1257,945.6835,956.2092
1258,921.1129,987.3182
1259,917.57587,1004.94946
1260,928.9614,1011.9186
1261,931.06445,1017.1382
1262,895.30554,1034.4285
1263,831.5494,1062.6469
1264,780.55664,1083.2316
1265,762.3853,1084.703
1266,772.94995,1073.357
1267,809.44604,1063.8201
1268,867.5692,1065.4441
1269,930.8893,1070.2595
1270,978.8001,1053.325
1271,979.4991,989.0769
1272,885.79297,886.0501
1273,715.2686,800.2121
1274,589.7734,777.2927
1275,594.8969,803.02435
1276,683.7696,837.1334
1277,769.2841,859.00806
1278,812.84033,870.79663
1279,825.48517,882.9997
1280,835.63245,900.58655
1281,841.37994,915.75244
1282,811.8889,915.9574
1283,753.22864,905.61304
1284,721.5868,907.7124
1285,752.7762,932.2022
1286,818.1116,961.71173
1287,866.1814,979.3236
1288,885.4362,989.5178
1289,896.75745,1000.6709
1290,912.0618,1008.7023
1291,926.9497,1008.57513
1292,913.75385,1004.0457
1293,838.4878,1001.0899
1294,728.7164,1002.09
1295,666.9091,1006.0578
1296,689.54126,1006.32556
1297,752.9423,988.7674
1298,808.8332,939.2722
1299,866.9302,861.64746
1300,943.6066,788.61597
1301,1000.6667,751.13684
1302,1005.3716,742.9349
1303,974.46674,745.3781
1304,923.13544,757.9329
1305,852.89154,781.5955
1306,778.321,805.21674
1307,720.8458,818.2321
1308,692.6399,820.4816
1309,691.71765,817.5597
1310,704.01697,818.10175
1311,712.2174,834.57275
1312,710.68634,867.51636
1313,710.13153,896.6379
1314,723.3464,908.54126
1315,751.0998,915.66565
1316,777.75354,938.7275
1317,783.7298,984.8185
1318,769.5195,1035.5258
1319,752.4854,1063.86
1320,742.71484,1068.3334
1321,740.2969,1065.4481
1322,741.5659,1062.4209
1323,737.7582,1058.737
1324,730.2164,1053.1155
1325,756.6901,1040.5479
1326,853.10364,1018.4282
1327,965.48474,996.67084
1328,998.3255,985.90564
1329,957.04456,982.62335
1330,922.0797,982.4381
1331,916.9837,990.3229
1332,901.74524,1008.1556
1333,864.411,1028.2416
1334,837.8619,1042.309
1335,829.45856,1049.5338
1336,803.4593,1051.4137
1337,737.68427,1046.7917
1338,663.68945,1038.2838
1339,634.2728,1032.436
1340,657.68164,1032.8193
1341,699.20306,1039.6754
1342,731.42505,1049.3376
1343,745.9881,1055.3342
1344,741.40515,1057.0923
1345,729.6008,1061.1025
1346,735.5095,1067.6147
1347,768.66394,1055.6755
1348,811.5024,1000.8126
1349,838.5453,923.53613
1350,831.9599,875.2723
1351,789.7013,866.251
1352,734.0524,866.97784
1353,708.99243,869.64923
1354,748.7937,895.4382
1355,834.0734,946.7078
1356,900.60236,991.5219
1357,910.7202,1007.5989
1358,887.22614,1006.257
1359,866.37866,1003.6376
1360,856.4034,1004.413
1361,846.8239,1012.7422
1362,820.6799,1028.7692
1363,764.7251,1042.8661
1364,698.5689,1047.441
1365,662.79926,1034.6613
1366,674.066,989.8669
1367,730.35284,918.71906
1368,819.3999,856.1703
1369,903.98914,827.8822
1370,939.53436,841.19794
1371,908.7797,897.7892
1372,845.2573,967.5978
1373,804.0846,995.98755
1374,795.15094,971.543
1375,787.84454,934.78485
1376,768.66187,917.3639
1377,755.70764,918.72064
1378,776.8903,927.182
1379,840.9514,934.9196
1380,915.74854,940.9975
1381,957.1825,944.4319
1382,954.23224,936.82886
1383,914.1257,920.7838
1384,847.543,923.377
1385,790.2087,956.3479
1386,773.9462,989.3539
1387,780.27124,993.5651
1388,778.7182,976.1631
1389,774.17,959.4524
1390,779.25415,953.8263
1391,787.4936,955.7479
1392,789.2862,958.4271
1393,786.631,958.65753
1394,786.98206,958.8237
1395,790.892,968.15564
1396,791.58887,996.28534
1397,787.73486,1032.6272
1398,795.37335,1040.0654
1399,831.08777,994.5394
1400,876.0976,928.4895
1401,889.2638,902.84955
1402,860.356,935.5199
1403,817.05536,990.32495
1404,785.18677,1029.6775
1405,767.0208,1046.1572
1406,753.0886,1049.6229
1407,740.02563,1049.9065
1408,734.637,1052.4028
1409,742.54346,1056.8522
1410,755.7076,1059.0419
1411,760.47766,1056.8726
1412,755.9189,1052.4198
1413,751.13446,1047.8242
1414,749.5252,1043.7653
1415,749.2125,1041.5248
1416,751.8957,1042.3265
1417,758.5098,1044.6967
1418,762.91907,1042.689
1419,759.5474,1029.843
1420,753.61896,1008.33923
1421,761.9533,981.9589
1422,799.04584,944.3053
1423,848.67926,899.95917
1424,865.0331,877.42804
1425,828.8923,893.0229
1426,778.7011,927.0343
1427,758.2104,950.4222
1428,764.1472,954.31464
1429,768.8124,947.09454
1430,761.91077,938.41394
1431,753.50684,933.6186
1432,754.083,934.68994
1433,760.52,940.56
1434,763.3577,945.61017
1435,767.0695,934.6095
1436,794.0436,897.92316
1437,851.2708,862.2048
1438,896.5893,865.32965
1439,879.2182,902.3644
1440,814.4506,939.24835
1441,763.46814,958.2164
1442,751.4173,963.4127
1443,758.259,962.4812
1444,763.8534,958.10364
1445,765.37305,952.4279
1446,767.8462,950.1887
1447,772.97876,955.2799
1448,777.31854,966.3764
1449,778.79517,978.0299
1450,780.32117,985.99896
1451,785.07416,989.6594
1452,790.94824,990.8776
1453,793.4569,992.685
1454,793.56036,996.72473
1455,801.76764,999.28467
1456,830.9258,994.4926
1457,876.38666,984.96906
1458,909.4909,981.3531
1459,899.1479,985.64777
1460,840.53125,985.4916
1461,770.50275,974.17834
1462,735.5132,963.48157
1463,737.57117,965.94763
1464,746.73834,977.6946
1465,749.53094,988.9014
1466,753.88934,998.6806
1467,766.9571,1008.5129
1468,786.3848,1013.9398
1469,805.2461,1010.2646
1470,810.2095,993.5997
1471,789.5727,960.3337
1472,757.3065,920.84296
1473,740.00775,897.74084
1474,740.0418,897.31213
1475,746.39026,904.3932
1476,772.3111,903.12384
1477,840.9739,886.7295
1478,928.32,863.7217
1479,971.76447,854.0965
1480,941.7932,865.52515
1481,860.09174,886.89
1482,773.73334,905.32825
1483,726.3235,915.28906
1484,722.52734,917.52576
1485,736.90717,917.78
1486,756.1686,922.3846
1487,784.216,930.60455
1488,830.47766,936.7629
1489,902.9194,940.3954
1490,976.65686,937.67053
1491,993.2062,911.0076
1492,908.5287,859.3421
1493,728.77734,817.11176
1494,534.1065,806.02966
1495,426.18115,805.4979
1496,419.69824,793.5805
1497,450.1932,774.90936
1498,458.57297,762.67633
1499,437.392,763.3599
1500,452.22232,780.6119
1501,581.58356,810.91785
1502,786.70154,838.5733
1503,945.25635,860.7747
1504,1003.2833,893.19946
1505,970.81805,935.03265
1506,870.88837,968.34467
1507,761.70795,984.87256
1508,709.4527,985.5162
1509,733.5337,974.2948
1510,796.4458,962.97284
1511,841.84424,962.88855
1512,851.6573,971.521
1513,845.6439,979.9756
1514,833.9635,989.27075
1515,808.00934,1007.7674
1516,771.60144,1032.892
1517,745.8381,1049.5992
1518,741.38934,1051.201
1519,749.9541,1045.1561
1520,759.2311,1038.9722
1521,764.56055,1034.2057
1522,768.76245,1029.7423
1523,775.05444,1024.5466
1524,782.9078,1019.507
1525,789.7901,1016.35834
1526,796.30554,1014.896
1527,805.82025,1013.24677
1528,817.4458,1009.54785
1529,825.9141,1002.9468
1530,828.3443,995.1749
1531,825.6464,990.72235
1532,817.43787,993.74927
1533,800.30066,1004.01373
1534,775.7946,1016.4365
1535,757.7002,1025.4368
1536,759.69073,1028.0603
1537,776.986,1024.3264
1538,793.32635,1017.27496
1539,801.34784,1010.74384
1540,804.58344,1006.1605
1541,805.70776,1002.77155
1542,805.15576,1000.5301
1543,808.30664,1000.2033
1544,821.95526,1000.82184
1545,841.85236,1001.1131
1546,850.9691,1001.97253
1547,838.49133,1003.6754
1548,820.4075,1003.1623
1549,830.6438,994.89606
1550,873.8225,978.1993
1551,898.1485,965.9946
1552,866.95807,970.13293
1553,820.1876,981.58075
1554,803.1222,984.6632
1555,807.46246,978.21515
1556,811.0851,971.8546
1557,808.0976,970.36395
1558,801.1826,968.7748
1559,795.87,964.05084
1560,797.1915,960.2733
1561,804.2133,959.5792
1562,810.28864,959.0021
1563,810.1715,955.9347
1564,806.18854,951.62274
1565,803.708,948.86237
1566,802.55054,948.6464
1567,800.8951,950.83246
1568,801.3562,952.5513
1569,804.1515,947.9227
1570,803.13306,937.597
1571,796.513,930.5582
1572,790.60583,930.40924
1573,787.7865,930.1435
1574,784.1372,923.7744
1575,779.7288,915.6308
1576,777.9449,914.63605
1577,778.38904,922.05927
1578,779.9489,930.23505
1579,783.6164,933.19867
1580,788.801,931.6386
1581,793.1664,927.988
1582,794.2332,923.6372
1583,790.40656,920.53424
1584,783.61554,920.93115
1585,777.9191,925.0727
1586,775.83923,930.6747
1587,778.7866,935.2238
1588,786.20795,937.70764
1589,793.9039,937.5938
1590,798.63336,934.8848
1591,801.67053,931.2183
1592,802.4618,927.3079
1593,795.11615,921.89355
1594,781.8332,917.9342
1595,776.89996,921.99756
1596,785.2722,931.9685
1597,797.1745,938.8456
1598,806.3,940.8207
1599,812.8821,939.9515
1600,814.16187,933.6143
1601,806.9935,921.37103
1602,793.6703,908.6675
1603,778.8808,900.4003
1604,768.9611,900.23254
1605,769.2548,909.2899
1606,776.3201,920.25964
1607,782.1959,923.32635
1608,782.7752,916.0525
1609,778.3222,903.5025
1610,772.7281,893.93207
1611,769.286,891.71063
1612,768.2753,896.9185
1613,770.7223,909.0066
1614,775.4098,919.359
1615,777.0259,912.80963
1616,776.11835,890.39606
1617,779.2929,876.09357
1618,784.4121,883.0739
1619,781.94714,895.704
1620,772.1613,902.023
1621,763.04626,906.7878
1622,757.8566,912.69257
1623,757.7866,919.3517
1624,765.3796,926.13556
1625,779.22974,929.7641
1626,792.2608,929.0349
1627,797.9359,925.76624
1628,795.3805,920.368
1629,787.3223,912.1617
1630,778.40985,903.6279
1631,774.0204,898.3432
1632,775.2548,896.4227
1633,777.94916,898.1132
1634,777.2128,903.92883
1635,772.9765,911.2239
1636,770.79114,918.8453
1637,773.3105,926.6243
1638,776.8247,930.8714
1639,779.09717,930.5698
1640,781.3134,929.5842
1641,783.4746,928.10925
1642,785.1711,922.7966
1643,787.81976,914.8845
1644,791.8228,908.4702
1645,795.49976,904.91943
1646,797.8945,904.6307
1647,797.4733,906.8346
1648,794.2506,909.20215
1649,793.30597,912.0511
1650,797.1407,916.01434
1651,802.9167,918.784
1652,807.2019,918.7748
1653,806.6253,916.4832
1654,801.8878,913.27765
1655,797.4338,910.8054
1656,794.51,910.96594
1657,792.7586,916.33514
1658,792.5629,925.13153
1659,794.3008,929.50073
1660,799.52435,926.1622
1661,806.8519,919.437
1662,809.224,910.98517
1663,805.3221,901.5402
1664,804.8,897.986
1665,808.72595,901.64655
1666,805.5221,905.393
1667,795.51526,908.2224
1668,792.5161,911.7132
1669,801.93066,911.9658
1670,813.7702,906.73773
1671,815.75165,899.2641
1672,807.3604,893.6522
1673,796.03143,891.40765
1674,787.4253,893.1137
1675,784.9093,899.0349
1676,789.1064,906.4852
1677,796.2405,911.6589
1678,801.07654,913.9573
1679,801.19275,915.67065
1680,796.9135,917.4308
1681,791.7279,918.58203
1682,793.061,922.5997
1683,802.4303,932.15704
1684,810.039,941.67267
1685,807.498,944.8432
1686,802.21063,942.1377
1687,819.0235,935.393
1688,867.06555,925.1742
1689,903.4388,915.75116
1690,885.3867,911.6453
1691,837.13116,911.70654
1692,804.7106,913.3455
1693,797.71716,916.58185
1694,803.63574,922.6362
1695,809.51294,929.0262
1696,808.04767,929.13824
1697,801.58575,923.4455
1698,796.6032,921.46625
1699,794.7506,926.43604
1700,795.2616,933.0862
1701,799.5877,937.8595
1702,804.5838,937.43195
1703,802.5251,929.0469
1704,794.12445,918.22845
1705,789.516,915.5314
1706,793.50183,923.5607
1707,798.4173,932.51447
1708,795.5328,934.612
1709,785.68884,933.25946
1710,775.9861,931.9911
1711,772.77295,931.29926
1712,776.2062,932.9579
1713,781.69965,935.684
1714,786.9066,936.67377
1715,791.26526,935.94806
1716,793.1225,933.2539
1717,792.3393,928.38434
1718,790.21423,923.2355
1719,786.2737,919.20764
1720,780.5562,916.2566
1721,774.7063,911.98517
1722,768.7409,902.4589
1723,767.1434,891.8323
1724,778.607,890.0234
1725,794.5291,896.2424
1726,792.2327,902.6347
1727,770.4108,906.8102
1728,751.5712,909.454
1729,751.0698,912.1565
1730,763.6854,915.7218
1731,774.4981,916.64136
1732,776.42444,913.67255
1733,774.808,911.603
1734,775.2272,912.50793
1735,776.2591,912.92474
1736,775.75226,911.859
1737,775.0657,912.4815
1738,774.4418,915.17944
1739,771.4471,917.71783
1740,765.82336,920.0907
1741,761.2155,922.74365
1742,761.7301,925.8004
1743,767.469,930.015
1744,773.7924,933.94385
1745,775.1729,934.5292
1746,769.9534,930.5369
1747,768.6408,923.27637
1748,797.46,916.3645
1749,857.7982,914.29987
1750,889.1088,918.6787
1751,849.37396,923.9794
1752,788.60693,922.6214
1753,764.9575,917.956
1754,771.92035,918.53345
1755,780.92224,922.2457
1756,783.03156,924.8455
1757,782.7329,930.22345
1758,782.66034,938.31305
1759,782.46356,941.54865
1760,782.9926,938.2428
1761,784.9151,934.6495
1762,787.3778,934.4115
1763,789.75946,935.1766
1764,792.9448,934.2802
1765,799.2056,932.3799
1766,809.9871,931.8934
1767,820.22784,932.5925
1768,821.13776,930.9411
1769,813.5746,927.8047
1770,804.94763,927.9477
1771,795.8394,929.3293
1772,785.07117,926.66156
1773,775.432,920.7149
1774,768.012,914.4648
1775,763.057,908.9807
1776,763.98206,906.2175
1777,772.6072,907.95154
1778,782.5274,910.1999
1779,786.4358,907.24554
1780,786.6068,901.01917
1781,786.8356,896.951
1782,784.4973,895.9754
1783,777.0793,896.50275
1784,766.7804,896.93256
1785,759.10504,894.0032
1786,759.70844,884.5377
1787,768.4346,871.9392
1788,774.46423,864.97894
1789,766.159,866.10657
1790,747.8165,869.0779
1791,733.00024,870.0954
1792,726.55347,872.10284
1793,726.8184,878.6342
1794,732.6883,889.3125
1795,739.1607,899.35516
1796,739.11237,902.96466
1797,733.67725,899.26965
1798,731.4614,893.1309
1799,737.69574,891.68365
1800,749.8139,899.3794
1801,761.1093,910.504
1802,766.7572,913.89014
1803,767.0355,908.3564
1804,764.00214,901.3581
1805,758.1408,896.3455
1806,750.6778,892.2195
1807,745.42426,888.7296
1808,744.6254,885.65826
1809,745.22815,881.0509
1810,744.1246,874.02936
1811,743.76746,866.8278
1812,747.0232,862.59595
1813,753.024,863.2098
1814,760.0925,868.6565
1815,765.77625,876.56915
1816,767.4731,883.55316
1817,766.07825,888.50586
1818,765.4415,893.053
1819,768.76746,895.0918
1820,776.9365,883.51965
1821,787.41315,855.08905
1822,792.53973,834.47656
1823,786.56805,844.38556
1824,775.91565,869.4423
1825,770.505,883.7116
1826,769.0171,883.7525
1827,765.8551,879.4802
1828,763.46893,878.74493
1829,765.60645,882.2485
1830,768.8211,886.10925
1831,769.2356,888.037
1832,767.866,887.9392
1833,765.93427,886.01544
1834,763.14764,883.62946
1835,762.1758,882.965
1836,771.6524,884.16095
1837,797.6607,884.9972
1838,828.5213,885.53656
1839,841.0651,890.5871
1840,826.11334,903.82294
1841,798.35406,921.33594
1842,781.0816,934.10315
1843,782.6782,937.4124
1844,792.1928,935.0984
1845,799.0508,932.51917
1846,803.77576,931.24805
1847,804.93164,931.77875
1848,784.48047,930.5088
1849,722.7854,914.4372
1850,640.3904,877.689
1851,591.41785,841.48944
1852,594.7483,834.32263
1853,626.6512,857.67004
1854,689.35516,883.1343
1855,793.31165,871.65735
1856,873.5449,809.28094
1857,859.75696,735.2156
1858,799.9657,701.0837
1859,791.29614,717.74994
1860,856.77576,774.0786
1861,938.2964,853.21497
1862,963.9726,918.8665
1863,915.9723,941.3078
1864,818.2017,922.66156
1865,702.3087,880.68475
1866,619.2832,836.96
1867,610.45685,811.8567
1868,667.4847,816.9424
1869,757.12885,857.11304
1870,841.9524,921.99347
1871,889.8793,979.69293
1872,901.58563,1005.62335
1873,899.58,1002.40814
1874,897.6794,983.8181
1875,897.3637,964.5248
1876,888.91187,958.45844
1877,862.8512,968.1932
1878,827.9689,984.6406
1879,799.22076,999.1533
1880,778.9559,1008.84143
1881,766.80304,1014.2977
1882,767.0873,1016.42065
1883,779.8218,1014.3564
1884,801.01544,1007.4794
1885,823.9208,998.98553
1886,838.8923,993.13025
1887,843.60004,990.8624
1888,843.207,990.99567
1889,840.8771,992.2523
1890,837.5614,993.7028
1891,832.9371,994.3028
1892,825.3958,993.63293
1893,816.3016,993.55457
1894,811.2065,995.45667
1895,814.441,997.0614
1896,822.88464,995.3399
1897,826.39056,990.89246
1898,817.06415,987.2086
1899,800.04956,985.4172
1900,790.0106,981.1143
1901,794.8184,969.7588
1902,811.64966,957.8708
1903,835.67535,961.5638
1904,857.232,983.1239
1905,860.4091,1000.31824
1906,845.60254,994.909
1907,834.9985,975.2818
1908,839.7589,959.24225
1909,847.6936,955.0032
1910,846.48706,961.87335
1911,838.2222,972.7722
1912,832.92017,979.1555
1913,836.52026,980.41345
1914,846.8223,982.19086
1915,859.7885,985.9908
1916,870.2125,985.7146
1917,858.69403,971.92633
1918,804.1907,943.5255
1919,730.7494,917.26685
1920,700.91705,909.883
1921,742.5285,909.32513
1922,794.3203,882.7551
1923,748.13715,821.8178
1924,605.95416,761.48553
1925,509.74478,729.40796
1926,535.028,709.96954
1927,611.34985,687.4855
1928,665.1956,670.48456
1929,693.87854,659.67926
1930,715.7424,644.4639
1931,732.31915,628.0497
1932,740.1841,623.0249
1933,743.0025,628.8778
1934,744.07556,633.7519
1935,743.3109,634.87897
1936,740.9994,640.66833
1937,737.79016,652.34686
1938,736.0712,659.47034
1939,741.7968,655.6137
1940,758.7284,644.96545
1941,781.88605,634.28534
1942,799.2356,627.80444
1943,801.5347,626.8219
1944,791.314,629.68933
1945,777.3964,634.16034
1946,764.7242,639.40875
1947,756.2503,643.99207
1948,754.3838,645.9042
1949,755.3703,646.44366
1950,752.3455,648.37744
1951,744.57654,651.1795
1952,737.7414,652.917
1953,738.4519,653.4791
1954,749.75525,653.49146
1955,767.2691,652.87115
1956,783.9367,651.7515
1957,799.3808,651.5862
1958,814.8621,653.64343
1959,825.9914,657.3161
1960,829.93024,660.6192
1961,829.61505,661.5717
1962,828.32654,660.1849
1963,827.4707,658.6867
1964,828.6018,659.2261
1965,834.1274,662.39026
1966,844.42883,666.71155
1967,854.3685,669.4027
1968,854.5131,668.43713
1969,839.69586,663.7271
1970,817.44824,657.53674
1971,799.15955,652.6269
1972,784.839,649.232
1973,768.40625,646.4929
1974,751.2849,644.5693
1975,744.65137,643.6979
1976,761.22394,644.6283
1977,799.4219,647.9357
1978,838.38574,651.3734
1979,857.2219,651.9729
1980,853.9579,649.62964
1981,840.1732,646.97015
1982,824.3583,647.48926
1983,805.6704,652.4673
1984,777.75446,658.9829
1985,740.47595,663.4632
1986,718.0473,670.4924
1987,751.5197,695.8607
1988,846.9949,752.14557
1989,944.3234,835.3608
1990,969.8063,928.7439
1991,912.18384,1006.59344
1992,823.031,1046.7767
1993,756.43134,1052.59
1994,730.0578,1044.7417
1995,730.7842,1037.0039
1996,738.27234,1033.3967
1997,743.73846,1035.2014
1998,749.7039,1041.2091
1999,757.78894,1047.552
2000,766.0826,1051.3406
2001,774.0433,1052.4055
2002,779.1713,1050.3011
2003,773.4945,1042.1029
2004,747.27545,1023.9695
2005,698.39746,995.65564
2006,648.4314,967.6425
2007,628.5291,954.9354
2008,637.4202,957.76086
2009,646.7396,963.172
2010,644.62463,964.4742
2011,650.6221,966.7559
2012,689.09973,976.6622
2013,750.1037,992.2919
2014,797.079,1006.45514
2015,813.0625,1014.74194
2016,803.0246,1010.611
2017,771.01,986.3022
2018,734.17993,953.70776
2019,723.06665,940.39514
2020,740.82275,951.6751
2021,760.80475,965.5481
2022,767.29193,966.45197
2023,768.5127,959.89087
2024,780.45776,960.74695
2025,810.0473,977.5525
2026,843.7952,1001.596
2027,859.52954,1012.68567
2028,854.8428,1000.7459
2029,846.188,976.8471
2030,843.42444,958.9137
2031,847.5403,954.50085
2032,862.53784,960.68787
2033,887.77484,969.738
2034,907.00116,972.3544
2035,886.811,960.7387
2036,796.8082,935.0653
2037,669.8417,913.069
2038,596.3214,915.12976
2039,610.8589,934.04987
2040,659.23645,948.2835
2041,688.65717,955.5593
2042,695.94604,965.1606
2043,700.3375,977.3793
2044,718.8808,987.6079
2045,758.5646,995.9025
2046,811.067,1006.34985
2047,859.58044,1020.23456
2048,886.9783,1033.7487
2049,884.9253,1039.7273
2050,871.687,1019.6093
2051,872.3932,954.29156
2052,880.1648,867.9107
2053,873.79395,817.7534
2054,858.78284,821.1639
2055,861.37616,843.2314
2056,883.8056,856.25836
2057,887.215,874.48505
2058,840.4551,925.05945
2059,771.52496,994.31274
2060,733.99207,1036.7107
2061,736.0477,1037.8595
2062,747.24255,1022.0062
2063,750.5313,1009.2583
2064,751.3544,999.90643
2065,756.52374,988.50653
2066,758.9029,978.02124
2067,746.2614,975.40967
2068,732.72437,972.242
2069,758.5618,954.1763
2070,832.32166,938.4972
2071,904.9776,951.9462
2072,932.5814,979.9072
2073,921.00476,995.3257
2074,893.3267,1000.2481
2075,864.04016,1006.959
2076,842.22217,1016.19006
2077,825.6576,1023.3166
2078,804.8861,1028.2614
2079,780.9935,1032.8749
2080,765.114,1036.0922
2081,763.36194,1037.789
2082,770.3065,1040.8855
2083,776.1468,1045.3632
2084,779.63934,1044.5468
2085,790.09924,1031.5796
2086,811.54987,1010.4046
2087,833.5689,993.3276
2088,845.14954,985.54913
2089,846.0269,983.39716
2090,837.50494,985.905
2091,817.04425,994.8714
2092,791.6899,1006.2446
2093,776.6341,1013.114
2094,774.2114,1014.4195
2095,777.00665,1012.69415
2096,782.6176,1009.8098
2097,789.7608,1006.59344
2098,797.2285,998.6986
2099,808.1419,979.62427
2100,820.5487,955.08484
2101,819.9905,943.5807
2102,796.9396,955.2985
2103,768.33295,978.27026
2104,760.2508,993.1252
2105,773.3883,995.32715
2106,789.0116,992.8387
2107,797.24176,990.80084
2108,800.6889,989.56146
2109,802.08887,989.7485
2110,802.20966,991.9058
2111,805.79456,995.0373
2112,816.79565,998.38226
2113,827.86505,1002.2769
2114,828.3248,1006.53125
2115,819.50385,1011.1653
2116,810.0573,1019.402
2117,803.20355,1030.0951
2118,795.2656,1017.4918
2119,779.81256,946.5852
2120,756.5654,836.50964
2121,747.07385,754.69495
2122,780.5611,726.5203
2123,843.76654,722.2275
2124,888.8944,721.01794
2125,900.2794,733.758
2126,892.7691,788.16376
2127,867.80896,893.8382
2128,826.5517,1008.6587
2129,790.8516,1074.8903
2130,777.8508,1082.3555
2131,778.24554,1063.2031
2132,775.3873,1046.8558
2133,767.9971,1040.3152
2134,765.5169,1036.5923
2135,772.0029,1029.7687
2136,779.35046,1020.8018
2137,777.9822,1014.8078
2138,769.8867,1017.25696
2139,764.25354,1029.4308
2140,764.8587,1045.503
2141,766.1739,1055.6381
2142,762.3768,1055.1777
2143,755.42706,1050.7335
2144,749.2328,1051.0264
2145,750.96106,1053.5803
2146,782.0709,1045.6611
2147,843.0139,1024.2448
2148,873.4187,1013.71497
2149,831.86066,1033.6073
2150,769.61224,1060.83
2151,743.4807,1065.4072
2152,748.8858,1050.6609
2153,765.9987,1034.057
2154,785.07025,1023.0075
2155,798.7046,1016.2825
2156,801.03265,1012.2549
2157,787.6097,1011.15546
2158,765.0273,1012.3399
2159,750.9868,1014.0999
2160,754.4892,1016.08844
2161,770.87384,1018.3916
2162,790.6259,1019.5714
2163,804.21674,1018.50586
2164,808.6827,1016.2041
2165,808.03687,1014.06116
2166,805.28125,1013.0763
2167,801.6035,1015.79694
2168,799.89514,1023.8651
2169,801.3773,1033.2083
2170,801.7362,1038.5762
2171,796.09,1040.4668
2172,787.2217,1041.2152
2173,783.2346,1040.775
2174,783.62994,1040.6868
2175,775.89154,1043.6814
2176,754.28064,1048.2817
2177,734.0357,1050.491
2178,737.9263,1047.7219
2179,769.2765,1039.378
2180,802.4435,1028.6841
2181,812.38934,1020.90045
2182,806.3075,1016.99
2183,803.8763,1013.54285
2184,802.97705,1008.17566
2185,790.72064,1001.8736
2186,775.4319,997.6531
2187,776.811,997.6909
2188,791.7541,1000.79254
2189,803.26056,1003.57056
2190,807.91724,1004.1857
2191,810.0583,1003.4193
2192,805.74347,1004.1268
2193,787.1623,1010.4759
2194,762.85443,1020.55
2195,769.9626,1016.78485
2196,842.03094,981.2406
2197,940.6706,935.6013
2198,972.56573,930.8765
2199,920.7899,972.0974
2200,876.0732,1007.0387
2201,893.7987,1006.3177
2202,916.0452,996.2609
2203,882.2246,1005.0061
2204,822.9299,1024.3046
2205,792.2254,1034.4241
2206,790.96027,1031.462
2207,792.7576,1022.12054
2208,790.1684,1013.0472
2209,791.8528,1007.54486
2210,799.11163,1005.32935
2211,806.64294,1004.4721
2212,813.4082,1003.556
2213,820.81946,1003.17346
2214,828.9645,1004.6575
2215,835.8818,1006.0081
2216,838.2819,1003.70795
2217,834.6318,998.1267
2218,827.2388,992.655
2219,820.0964,990.89484
2220,812.91766,992.94617
2221,802.26514,993.0432
2222,789.22687,987.148
2223,777.7765,979.58496
2224,771.1393,977.1495
2225,773.3228,980.5912
2226,786.4716,985.53284
2227,808.83563,989.74475
2228,835.9912,994.3715
2229,859.3038,999.03546
2230,868.6096,1001.8691
2231,862.6146,1003.1569
2232,851.7856,1004.12006
2233,847.5508,1005.93024
2234,855.42883,1012.5936
2235,875.25073,1024.6637
2236,891.678,1020.6691
2237,857.52563,963.71295
2238,730.35175,857.3068
2239,565.6465,762.1268
2240,480.1456,720.26697
2241,494.81442,715.7215
2242,539.456,722.5013
2243,571.52405,733.2416
2244,589.8465,745.7195
2245,597.88824,757.18353
2246,599.8532,767.36957
2247,600.43787,774.523
2248,600.1475,774.41547
2249,597.9923,767.98956
2250,595.3384,761.11456
2251,595.90753,756.06604
2252,602.16455,751.6624
2253,607.0328,750.43665
2254,596.6915,757.4547
2255,571.13354,771.36584
2256,547.89453,782.64813
2257,539.22327,780.9087
2258,544.3341,764.6456
2259,574.8177,751.3149
2260,670.02466,767.58044
2261,842.9502,817.85266
2262,1013.1062,883.5748
2263,1065.1235,949.85394
2264,984.1237,1003.4003
2265,867.3523,1028.9193
2266,801.72235,1027.7214
2267,791.7873,1016.0431
2268,802.0072,1007.2061
2269,809.9673,1005.03516
2270,813.58405,1006.73737
2271,817.94446,1009.7501
2272,823.4691,1013.05225
2273,824.6255,1013.7402
2274,819.3096,1009.76135
2275,812.4232,1003.4845
2276,807.5336,998.4943
2277,802.7637,995.63354
2278,795.64886,993.38135
2279,786.7107,990.4377
2280,778.7702,986.99615
2281,774.3793,983.84625
2282,773.50055,981.1961
2283,773.1745,979.07275
2284,770.5965,978.89185
2285,765.51215,982.1462
2286,759.713,987.0326
2287,756.9901,989.2825
2288,759.7792,987.2458
2289,766.23553,983.9886
2290,774.1635,982.6567
2291,781.5965,982.59985
2292,785.1604,981.6114
2293,785.08093,979.36035
2294,784.74445,977.53735
2295,783.32416,977.7474
2296,778.7068,979.6569
2297,774.5491,980.3117
2298,775.7438,977.13477
2299,781.04913,972.4584
2300,785.93866,971.33014
2301,789.2285,974.63873
2302,792.2512,978.47925
2303,795.40186,979.99304
2304,799.16046,979.40265
2305,804.1118,977.3386
2306,808.5713,974.1612
2307,808.87384,971.1729
2308,803.887,969.9764
2309,798.9103,970.14655
2310,798.17303,970.5219
2311,796.923,971.7913
2312,791.9303,973.5849
2313,786.882,973.56116
2314,781.71185,971.6024
2315,776.31885,969.7398
2316,780.3712,968.159
2317,806.70996,963.01263
2318,852.0503,952.7425
2319,883.43304,946.6093
2320,873.2728,952.3859
2321,840.2928,962.6809
2322,816.5682,968.5056
2323,808.5316,969.8036
2324,810.6125,968.4579
2325,817.9529,965.0109
2326,823.0077,959.8335
2327,819.7309,953.86005
2328,812.4101,948.99915
2329,811.91235,946.5102
2330,819.28326,946.1695
2331,822.29785,948.2424
2332,814.1306,953.2924
2333,804.7259,957.97235
2334,804.59924,957.2485
2335,808.53754,952.36615
2336,805.9544,948.8228
2337,798.0098,948.63007
2338,795.39,949.67017
2339,802.9833,948.8895
2340,813.04663,944.96246
2341,814.8535,939.8548
2342,807.9487,936.9392
2343,801.56586,937.0805
2344,802.2686,938.4637
2345,807.56464,940.43665
2346,810.67664,944.63586
2347,807.9916,950.92303
2348,801.8621,955.3881
2349,797.3909,954.88385
2350,797.3781,950.58276
2351,799.50195,946.9266
2352,798.9337,948.40155
2353,795.7979,953.92114
2354,796.38245,958.7324
2355,805.0469,964.2366
2356,822.53986,974.0201
2357,849.0152,983.88824
2358,878.69116,989.5869
2359,901.0264,996.0887
2360,911.97986,1006.2489
2361,912.91956,1000.2373
2362,907.7298,950.5324
2363,909.5307,875.2199
2364,929.2007,832.0442
2365,959.09094,845.0676
2366,984.2021,886.9326
2367,990.5949,923.2318
2368,966.063,941.405
2369,920.08746,950.7479
2370,881.2425,961.825
2371,862.32965,972.4028
2372,861.82904,985.2351
2373,880.0791,1011.50433
2374,903.7156,1041.2778
2375,916.3514,1051.1367
2376,919.63544,1041.5734
2377,897.1656,1024.4736
2378,812.3232,992.4849
2379,690.33307,938.8656
2380,617.50146,886.3874
2381,622.3342,870.32623
2382,649.39246,902.387
2383,651.9041,957.0855
2384,637.85834,995.30634
2385,653.5022,1003.46423
2386,737.58386,997.18396
2387,853.933,993.82886
2388,921.05707,997.60956
2389,922.77686,1002.9541
2390,902.24146,1004.7902
2391,881.0589,1004.5573
2392,858.8041,1006.66113
2393,841.9981,1013.6024
2394,833.5,1024.1553
2395,821.5524,1033.9833
2396,795.5292,1039.3997
2397,760.4723,1041.1099
2398,731.7778,1041.4884
2399,724.20734,1039.7914
2400,742.0686,1034.3469
2401,772.0832,1027.065
2402,792.20374,1022.8487
2403,792.327,1024.5956
2404,780.8749,1028.7528
2405,771.30066,1028.8258
2406,769.5575,1023.8142
2407,774.70795,1018.0837
2408,784.6269,1014.4295
2409,797.4751,1012.17737
2410,809.3922,1010.3406
2411,814.67694,1009.55164
2412,811.133,1010.11707
2413,803.0986,1010.7869
2414,795.4146,1011.29974
2415,788.67755,1012.5627
2416,782.8224,1014.2534
2417,777.7311,1015.7961
2418,772.629,1016.2112
2419,771.68445,1009.42267
2420,781.80725,989.18225
2421,800.53015,963.5477
2422,817.794,949.1102
2423,831.0788,949.8881
2424,844.5094,958.4718
2425,854.528,971.1886
2426,853.1003,988.2465
2427,844.39856,1005.37506
2428,840.2485,1016.1249
2429,839.8048,1019.9937
2430,835.7335,1019.06775
2431,839.314,1009.813
2432,863.3263,994.2041
2433,878.9937,991.0024
2434,850.1823,1006.7486
2435,797.79266,1019.95654
2436,763.98303,1018.5517
2437,753.87274,1012.6326
2438,753.55707,1010.0927
2439,758.7499,1009.9356
2440,769.33514,1008.2182
2441,780.63776,1001.57434
2442,787.18176,990.3036
2443,788.3939,978.5828
2444,787.2271,970.1197
2445,783.9096,963.72766
2446,775.53723,955.75757
2447,763.9006,946.52
2448,756.7526,940.37805
2449,758.0313,938.905
2450,762.97864,939.0119
2451,764.94385,938.6604
2452,763.8403,939.29517
2453,767.1875,942.5961
2454,782.985,946.5233
2455,805.6163,941.2474
2456,790.51483,914.71545
2457,682.4878,872.71405
2458,522.6222,838.5113
2459,425.94763,821.7475
2460,422.95355,811.3313
2461,453.23245,801.0993
2462,472.277,795.94806
2463,476.99295,797.4095
2464,481.70792,802.79877
2465,495.57214,810.77167
2466,512.3386,818.7361
2467,522.8962,823.4053
2468,524.27606,824.64636
2469,514.08105,823.1601
2470,499.8731,818.7935
2471,530.37915,815.46674
2472,661.85095,822.0729
2473,845.1697,848.4832
2474,948.7025,902.87067
2475,929.349,973.11053
2476,859.24023,1022.3846
2477,804.8515,1034.8088
2478,776.23865,1031.8246
2479,760.89734,1030.6206
2480,753.4219,1028.6055
2481,754.193,1023.1107
2482,760.87103,1017.1532
2483,771.0581,1012.0518
2484,784.14844,1006.73047
2485,797.2167,1001.2256
2486,806.8115,997.33215
2487,812.8282,995.41046
2488,816.0621,992.6006
2489,817.5388,987.65784
2490,818.8056,983.46045
2491,817.48846,982.2978
2492,809.4848,982.9537
2493,798.54254,982.6268
2494,794.3221,980.3287
2495,800.0855,977.37787
2496,810.0173,974.1743
2497,817.9859,970.3559
2498,823.259,967.2707
2499,827.5722,966.10754
2500,831.6253,966.1527
2501,835.1101,966.69354
2502,837.1361,967.88214
2503,837.77234,969.29004
2504,838.8515,969.87524
2505,841.95044,969.4625
2506,846.5216,968.8
2507,849.6725,968.6543
2508,850.43713,968.8996
2509,853.1057,968.58527
2510,859.5561,967.3596
2511,863.3624,965.2129
2512,859.76154,961.07684
2513,855.5653,956.62866
2514,859.9075,959.1883
2515,869.55566,969.9634
2516,874.72144,978.4027
2517,873.42163,979.09296
2518,869.3925,977.61957
2519,864.8734,977.39935
2520,861.39545,976.7737
2521,859.60077,975.5704
2522,858.64655,975.6649
2523,858.7961,977.63135
2524,860.1654,979.8355
2525,860.83014,980.2635
2526,858.86255,977.8029
2527,853.93335,972.5887
2528,848.3951,966.6023
2529,845.51154,962.2566
2530,844.6295,960.34863
2531,842.8629,960.15924
2532,840.6287,960.28827
2533,839.7338,960.00714
2534,839.6158,959.9669
2535,839.02625,960.0931
2536,837.43036,958.4669
2537,833.62256,953.9508
2538,827.26874,947.98926
2539,822.8658,943.53424
2540,825.39844,943.1235
2541,832.64606,946.5202
2542,838.42194,950.12384
2543,839.0029,950.69305
2544,834.4866,948.8334
2545,828.67505,947.00336
2546,825.7318,945.9582
2547,825.54803,945.1748
2548,823.7729,943.98914
2549,816.6628,941.21075
2550,807.562,937.2579
2551,804.25836,934.73364
2552,808.2127,934.82556
2553,814.3754,936.678
2554,819.05835,939.14307
2555,821.83545,941.1184
2556,822.57605,941.29047
2557,818.55,938.18665
2558,807.7257,931.6348
2559,795.34094,924.54376
2560,791.0121,922.0838
2561,798.5436,927.0206
2562,811.8417,935.38165
2563,821.492,939.671
2564,822.5091,937.0819
2565,815.3023,931.5863
2566,804.9764,928.46136
2567,799.8291,929.89374
2568,804.5501,934.54144
2569,816.93805,938.69275
2570,833.3246,938.7494
2571,847.71906,936.2962
2572,848.65576,938.61017
2573,833.6251,946.2597
2574,817.6278,950.23413
2575,813.67786,948.37476
2576,818.611,947.1782
2577,823.13416,949.0336
2578,824.7106,951.26135
2579,827.0087,951.3874
2580,831.1206,948.90375
2581,834.86066,945.91925
2582,836.70233,945.31116
2583,832.7123,946.03906
2584,819.1784,944.088
2585,803.4349,939.46014
2586,797.8816,936.203
2587,802.06793,935.62335
2588,805.0923,935.372
2589,802.58453,935.1778
2590,801.18933,938.0038
2591,807.13544,942.63776
2592,813.3137,941.44244
2593,801.3851,930.53436
2594,762.96265,917.81683
2595,725.2954,918.22754
2596,743.8177,938.2983
2597,832.44775,966.1811
2598,918.7787,985.6771
2599,932.5248,990.9126
2600,896.32404,982.1739
2601,865.9121,967.8839
2602,851.3109,965.24475
2603,837.82947,980.1048
2604,821.3572,996.93774
2605,805.16034,999.13055
2606,793.01404,990.63513
2607,786.3992,987.48645
2608,778.14844,995.5239
2609,758.80066,1009.5337
2610,733.6799,1024.871
2611,717.7373,1039.9232
2612,714.8627,1052.4568
2613,719.5054,1056.921
2614,731.39734,1044.4747
2615,753.19025,1012.2394
2616,775.5716,980.45874
2617,781.44916,977.85364
2618,772.1329,1000.151
2619,767.9938,1018.8935
2620,780.87244,1023.8338
2621,808.2397,1021.8069
2622,841.47614,1016.2279
2623,854.468,1011.019
2624,809.51733,1015.0749
2625,712.9347,1030.5135
2626,632.12494,1046.33
2627,629.8365,1046.6836
2628,710.5116,1024.3159
2629,818.22784,990.58466
2630,883.65393,963.1971
2631,889.7735,945.55023
2632,864.97736,939.0022
2633,832.06384,954.67737
2634,798.15625,990.1093
2635,768.0062,1024.1078
2636,747.1732,1042.332
2637,737.5846,1045.5155
2638,736.2689,1039.9965
2639,738.8544,1032.2164
2640,740.20044,1027.1545
2641,737.2429,1026.5236
2642,733.6666,1027.4681
2643,733.98846,1025.9629
2644,737.2671,1021.8359
2645,739.66315,1018.0123
2646,737.67126,1016.5387
2647,732.40796,1017.13104
2648,729.52,1018.02576
2649,729.7511,1018.15576
2650,729.327,1017.9356
2651,732.3701,1017.693
2652,749.54205,1018.2342
2653,779.4621,1019.63135
2654,802.3988,1017.9566
2655,804.64514,1011.20624
2656,795.93353,1004.7384
2657,789.21875,1003.46234
2658,784.4782,1006.0046
2659,779.4629,1008.22076
2660,776.048,1007.3926
2661,775.00494,1004.43567
2662,774.46173,1002.2102
2663,771.192,1002.0848
2664,762.7438,1003.5898
2665,750.8479,1004.9201
2666,739.6281,1003.7581
2667,732.0344,1000.1945
2668,730.8222,997.22943
2669,737.17395,996.77277
2670,746.992,997.5404
2671,753.7339,997.4623
2672,755.1104,995.79
2673,754.8406,992.68286
2674,757.35504,988.3692
2675,762.448,983.71906
2676,766.8049,980.9403
2677,767.6464,981.2658
2678,763.8557,982.877
2679,757.9122,983.1871
2680,755.4281,981.2566
2681,758.4587,978.26044
2682,763.237,976.7886
2683,766.8485,977.97675
2684,770.2269,980.23694
2685,774.6738,981.7495
2686,779.80664,981.7214
2687,783.99786,979.3085
2688,785.2832,974.5436
2689,781.292,970.2178
2690,771.9414,969.0804
2691,764.73065,969.7564
2692,768.27515,969.85736
2693,779.4236,970.3071
2694,787.494,972.6299
2695,789.06836,975.9438
2696,788.9872,977.7055
2697,789.52075,975.9655
2698,788.05396,971.9155
2699,783.99084,968.43884
2700,781.2981,967.03613
2701,782.9144,968.01434
2702,783.33795,970.82733
2703,774.2794,974.1127
2704,762.6933,974.7392
2705,775.1686,966.12006
2706,827.05853,948.69214
2707,881.8199,941.57623
2708,883.14197,958.94464
2709,836.79803,983.5761
2710,796.9342,992.9069
2711,785.44415,989.44324
2712,787.1182,986.52844
2713,791.41113,988.178
2714,797.50836,990.7414
2715,803.2677,991.2381
2716,807.56635,990.35266
2717,811.95123,990.208
2718,816.0672,991.6552
2719,817.3817,993.6767
2720,815.23175,994.11487
2721,812.58673,992.32764
2722,812.8721,990.6164
2723,814.8955,990.7334
2724,814.467,991.1332
2725,810.8685,989.3728
2726,805.97974,985.7925
2727,802.16724,983.2056
2728,804.11615,982.7853
2729,812.15,983.0285
2730,815.7694,982.8997
2731,804.44495,982.78894
2732,783.5464,982.44604
2733,770.40125,980.1131
2734,772.76636,974.80457
2735,781.94794,968.70404
2736,786.7379,965.9366
2737,783.9585,968.7854
2738,779.27295,974.25354
2739,782.20917,974.5196
2740,796.057,964.89557
2741,812.1491,951.95496
2742,817.7365,947.57825
2743,809.69714,954.74
2744,796.55023,965.3352
2745,788.79095,970.92816
2746,791.3239,970.9627
2747,801.1251,970.76385
2748,809.48083,974.2449
2749,809.8745,979.5311
2750,809.54846,980.4454
2751,834.45166,972.49677
2752,892.5068,961.62195
2753,931.1611,962.1279
2754,904.0423,975.0618
2755,851.2115,984.0182
2756,829.5693,981.71075
2757,834.607,976.69745
2758,837.9092,975.4063
2759,830.2431,976.7413
2760,813.18274,978.3599
2761,787.84033,979.3679
2762,762.1017,978.4576
2763,749.39716,973.0618
2764,753.10956,962.64984
2765,765.8558,951.5399
2766,780.2779,945.0134
2767,792.1107,943.444
2768,799.4092,943.2533
2769,802.5043,941.93085
2770,804.55133,939.8729
2771,809.56085,937.91565
2772,817.20966,935.67676
2773,823.06805,933.59796
2774,824.1599,933.6895
2775,821.1024,937.1758
2776,816.8302,943.2126
2777,815.5143,949.7991
2778,819.3328,955.4918
2779,823.62195,959.1399
2780,817.8488,956.24146
2781,795.0294,941.4789
2782,762.45306,919.4332
2783,738.8288,902.98364
2784,734.8152,898.2991
2785,743.31244,900.6657
2786,752.71234,904.1486
2787,758.832,908.1613
2788,762.9999,913.4269
2789,767.7448,917.5941
2790,774.0526,918.74005
2791,778.91656,918.0685
2792,778.25806,917.7232
2793,774.6218,920.01776
2794,773.92645,926.7544
2795,773.66815,936.2581
2796,769.8814,944.4091
2797,768.6475,948.61365
2798,774.92883,948.28516
2799,784.1009,945.7719
2800,789.741,946.5657
2801,789.00977,950.066
2802,784.7219,936.6123
2803,787.8202,882.03516
2804,809.60236,802.59735
2805,846.0085,750.0657
2806,878.7201,744.7639
2807,893.8478,759.75476
2808,894.37915,768.14154
2809,890.99884,768.0195
2810,873.763,775.2596
2811,817.40955,806.2529
2812,735.87463,854.4914
2813,680.50165,892.2506
2814,668.78796,904.41406
2815,673.45825,900.8683
2816,676.4038,894.052
2817,687.1994,883.65106
2818,716.3838,866.9254
2819,766.6078,857.32697
2820,842.1801,878.97534
2821,925.00586,932.8075
2822,972.48236,986.06494
2823,970.574,1009.68286
2824,938.1598,1008.5097
2825,888.9345,1005.45593
2826,835.8982,1010.15
2827,800.5123,1013.7581
2828,792.5897,1006.677
2829,803.55145,988.42596
2830,815.9114,968.571
2831,811.4283,964.69745
2832,785.72375,986.61475
2833,754.8465,1020.8518
2834,736.6718,1043.585
2835,733.55505,1046.9448
2836,739.4175,1039.8741
2837,749.5121,1031.0653
2838,759.25055,1023.41724
2839,765.6825,1017.30176
2840,769.9279,1011.7941
2841,773.9568,1006.26605
2842,778.20056,1002.6091
2843,781.9977,1002.40027
2844,784.85254,1003.5323
2845,787.6092,1003.6678
2846,790.2901,1002.56366
2847,790.5434,999.73315
2848,787.2271,995.11035
2849,782.5197,991.36926
2850,778.87726,991.05255
2851,777.0535,992.08704
2852,777.12195,991.6605
2853,777.4772,991.3435
2854,776.6423,992.4959
2855,777.8167,993.5399
2856,782.99854,994.13696
2857,786.977,995.32367
2858,785.3468,996.13165
2859,785.7692,992.4211
2860,813.2197,979.63025
2861,875.5656,964.0271
2862,917.3127,964.00543
2863,887.5327,981.22
2864,825.4453,992.92334
2865,789.5908,988.77985
2866,780.8978,980.8785
2867,778.42535,978.3864
2868,776.19684,979.4354
2869,777.47504,979.83575
2870,783.0149,978.0762
2871,789.6645,975.00183
2872,794.4162,971.39417
2873,794.8996,966.2169
2874,790.7917,959.03796
2875,785.10657,952.9075
2876,779.95245,950.3482
2877,773.5529,949.64355
2878,763.75244,949.2682
2879,752.41516,949.63293
2880,745.2367,949.8265
2881,746.72577,949.5177
2882,754.8399,949.4463
2883,762.8932,947.65094
2884,767.0882,942.4959
2885,767.97974,936.9795
2886,766.2477,934.7348
2887,763.60693,937.32336
2888,763.871,945.88635
2889,765.69147,956.5315
2890,759.4819,957.17554
2891,740.6296,940.0568
2892,720.7766,915.30206
2893,714.1734,900.6487
2894,720.3084,900.11145
2895,730.093,904.4683
2896,737.6361,906.5821
2897,741.1926,906.3173
2898,742.3563,906.4609
2899,744.6923,908.6204
2900,749.9508,910.869
2901,757.0155,910.29987
2902,762.6862,908.09814
2903,763.3596,907.8798
2904,759.66235,910.11456
2905,756.99774,912.608
2906,757.91235,913.39746
2907,758.9693,911.26404
2908,756.88916,907.3117
2909,751.84235,904.7522
2910,746.6481,904.8996
2911,745.4259,905.6019
2912,748.7833,903.78143
2913,752.1969,899.29266
2914,751.92694,895.6748
2915,749.29846,895.65405
2916,748.28235,898.2438
2917,750.41425,900.3645
2918,753.4987,898.9355
2919,755.2868,893.5844
2920,755.7137,888.39496
2921,755.36646,888.3935
2922,754.4286,893.95135
2923,753.0947,900.66095
2924,751.3697,904.6307
2925,749.1598,905.3955
2926,746.90314,904.2438
2927,744.8863,902.7999
2928,743.6218,902.5058
2929,744.6557,903.24347
2930,747.5535,902.88043
2931,748.7475,899.59106
2932,746.8992,895.53
2933,745.7704,896.2486
2934,748.5311,903.5148
2935,752.21924,911.48615
2936,751.7888,915.00757
2937,749.0475,917.1492
2938,755.211,920.78064
2939,775.66095,916.64703
2940,772.5967,891.8528
2941,684.66754,853.00507
2942,537.59796,822.9665
2943,437.49905,810.3832
2944,425.9515,804.5592
2945,466.91034,798.3427
2946,528.79175,796.19763
2947,592.96747,802.10504
2948,645.1195,813.44684
2949,682.03156,827.9959
2950,705.249,847.1871
2951,715.9638,870.5724
2952,716.92804,893.9655
2953,719.5558,915.52216
2954,746.4865,937.7398
2955,802.00037,960.42474
2956,853.36993,980.6217
2957,876.9856,998.4408
2958,882.9845,1006.6778
2959,867.9456,991.217
2960,807.74695,961.75616
2961,714.07715,943.5808
2962,637.6926,936.218
2963,605.2799,924.5567
2964,590.5728,904.9465
2965,566.4349,881.57404
2966,559.24207,874.215
2967,606.34406,909.7738
2968,687.9155,973.5154
2969,753.35223,1012.7563
2970,783.8669,1006.4149
2971,792.1153,980.49524
2972,789.97687,961.06134
2973,785.4308,953.7451
2974,792.2513,949.669
2975,824.8468,930.17725
2976,885.7886,890.0246
2977,954.0886,858.19727
2978,993.2703,864.8549
2979,989.15015,899.7792
2980,975.20593,933.80194
2981,995.7574,953.5792
2982,1025.3285,951.22644
2983,957.6867,915.89026
2984,744.27936,858.498
2985,513.71686,809.73987
2986,440.0752,782.0922
2987,530.848,769.72815
2988,658.8414,774.23193
2989,742.3153,803.4647
2990,797.76227,860.4588
2991,849.2864,928.9259
2992,875.9001,973.5882
2993,865.1223,978.8416
2994,842.2128,965.1109
2995,829.31396,954.9249
2996,822.21826,950.8737
2997,808.32196,947.68756
2998,787.2851,943.0164
2999,767.64905,934.43243
3000,751.8563,918.79205
3001,737.6435,897.6268
3002,728.06,877.91754
3003,726.86554,864.64984
3004,729.9867,855.40393
3005,731.7552,845.16895
3006,731.1374,833.2365
3007,726.8202,821.654
3008,715.0407,809.62524
3009,695.08484,794.8298
3010,674.335,778.75366
3011,664.0723,765.474
3012,667.702,756.4724
3013,677.37805,750.2916
3014,684.0359,746.23346
3015,685.6904,745.10504
3016,685.30035,746.58344
3017,685.90894,749.1836
3018,688.905,751.9807
3019,693.7918,753.7014
3020,698.86163,752.4086
3021,702.66376,748.1276
3022,704.13715,743.925
3023,704.1333,743.10114
3024,710.5936,745.8834
3025,733.92993,749.8428
3026,768.76,753.47534
3027,791.8326,757.2997
3028,789.3369,761.2387
3029,777.79724,764.5335
3030,782.0509,768.7161
3031,785.8341,776.0986
3032,732.6581,783.72723
3033,615.01825,783.20886
3034,519.7591,771.4385
3035,521.24567,760.5618
3036,588.4812,767.4552
3037,646.10657,790.1534
3038,658.3142,808.9114
3039,635.8115,813.29474
3040,610.7499,813.3727
3041,609.2844,822.36316
3042,635.02625,837.01605
3043,669.6878,844.1693
3044,684.22754,846.4601
3045,670.3356,857.38556
3046,653.32556,871.7028
3047,653.6,873.65106
3048,665.54346,866.8916
3049,678.3231,869.0254
3050,687.83057,883.1582
3051,692.33716,894.9372
3052,686.97626,890.8982
3053,667.394,866.2602
3054,644.284,831.6994
3055,639.1827,811.1103
3056,656.58936,815.83765
3057,672.8439,837.81134
3058,657.7127,867.92535
3059,610.44745,895.90155
3060,575.2299,898.7037
3061,602.3201,862.0815
3062,693.45654,821.0416
3063,803.6783,832.55396
3064,879.19794,892.95154
3065,890.23865,942.9597
3066,852.54694,952.63025
3067,804.5788,940.50665
3068,767.47894,928.3668
3069,745.13824,921.0428
3070,736.2414,915.43463
3071,734.1617,908.4755
3072,731.42664,900.82477
3073,722.9754,896.6593
3074,706.1406,899.29376
3075,688.0488,907.19135
3076,680.9279,913.5947
3077,684.36816,912.4774
3078,688.59015,904.55396
3079,690.9539,894.6485
3080,695.95233,886.65765
3081,702.61383,881.07855
3082,702.3232,873.1861
3083,694.38,856.8838
3084,691.3435,833.08734
3085,701.1803,814.1626
3086,722.92804,823.51074
3087,756.33344,878.7478
3088,790.54236,957.16034
3089,799.37396,995.9693
3090,769.1807,955.83167
3091,720.0047,872.8485
3092,685.76337,815.65576
3093,677.29816,805.63116
3094,681.33484,816.90204
3095,685.62103,826.8546
3096,685.09863,831.89124
3097,676.5895,836.28107
3098,666.7811,843.59247
3099,690.24445,854.21906
3100,781.57733,867.57764
3101,898.9493,884.6922
3102,950.59174,906.0124
3103,919.8842,926.38763
3104,873.77515,937.6298
3105,864.2554,936.0577
3106,878.9657,920.3489
3107,857.58234,892.846
3108,760.4633,871.9821
3109,635.885,875.6429
3110,570.3322,889.44385
3111,584.50726,886.5686
3112,637.1509,870.636
3113,693.96106,869.73914
3114,742.1138,894.77576
3115,771.2665,926.10657
3116,775.6329,944.6808
3117,760.2284,953.8973
3118,733.4001,961.2934
3119,703.8822,962.2514
3120,679.78674,951.44867
3121,664.75964,929.1518
3122,674.00525,893.0939
3123,737.73956,847.98346
3124,846.737,820.09875
3125,930.2864,831.80206
3126,941.0781,873.0639
3127,909.965,920.6932
3128,878.3929,960.7924
3129,846.8557,988.1201
3130,811.3455,1003.2906
3131,781.4314,1004.47485
3132,758.12756,986.66064
3133,741.42914,960.5943
3134,740.04785,950.97797
3135,751.3736,965.55835
3136,761.5049,989.337
3137,764.4654,1008.45154
3138,761.5054,1019.3331
3139,754.798,1022.1347
3140,749.97345,1019.4154
3141,751.8763,1015.75195
3142,756.8004,1013.51
3143,757.9318,1012.31464
3144,755.5582,1011.5316
3145,758.3928,1010.7253
3146,775.08545,1010.3933
3147,801.3704,1012.605
3148,822.88855,1018.0775
3149,833.0721,1024.1262
3150,837.80005,1027.631
3151,842.0122,1027.412
3152,840.24347,1023.7001
3153,828.134,1018.6585
3154,814.41327,1015.6633
3155,812.78,1016.20966
3156,829.2453,1019.31274
3157,853.2111,1023.2502
3158,865.6627,1026.3943
3159,863.8815,1027.3378
3160,860.58435,1025.6896
3161,862.14264,1022.9849
3162,865.91547,1020.8051
3163,870.6741,1017.83905
3164,878.52155,1012.19244
3165,888.79736,1004.8972
3166,893.966,997.04645
3167,885.9636,984.7314
3168,870.69916,961.36475
3169,865.1259,927.10693
3170,871.33496,890.7693
3171,876.82794,863.06836
3172,877.81305,853.0428
3173,872.54926,862.8256
3174,857.0562,883.54224
3175,848.7404,906.5602
3176,876.9399,933.53955
3177,933.7715,966.1408
3178,971.84784,997.28467
3179,965.25397,1019.391
3180,928.1126,1031.0469
3181,872.5421,1030.8707
3182,805.3402,1015.861
3183,754.088,996.28455
3184,740.46497,992.48987
3185,747.34924,1006.76886
3186,749.4431,1023.8342
3187,745.15875,1035.0557
3188,741.345,1042.068
3189,738.403,1046.9409
3190,739.477,1048.2937
3191,751.8575,1044.4874
3192,769.9382,1037.6375
3193,776.3046,1031.6849
3194,767.4503,1028.9774
3195,759.49194,1029.2543
3196,769.814,1029.7808
3197,801.97974,1028.6338
3198,838.1714,1027.3489
3199,856.42834,1027.9753
3200,861.94464,1028.9961
3201,877.93884,1023.51184
3202,903.7633,996.0402
3203,890.7483,930.9076
3204,787.80426,842.3528
3205,634.9693,774.6372
3206,534.51086,752.9292
3207,521.1937,768.2718
3208,554.8203,808.5745
3209,596.1067,862.8957
3210,630.83246,915.0222
3211,662.1602,955.5967
3212,695.022,974.9814
3213,722.3357,959.6563
3214,734.0923,925.17035
3215,735.90564,912.95984
3216,740.6464,934.9847
3217,748.32916,963.1439
3218,753.4422,973.0941
3219,757.0837,969.01447
3220,762.19836,968.30115
3221,767.7995,972.9456
3222,765.597,966.99896
3223,746.10376,944.4591
3224,719.11206,920.8903
3225,722.63666,912.8923
3226,787.8452,920.3323
3227,885.31793,932.09766
3228,949.6321,941.3025
3229,960.7777,948.067
3230,939.8908,951.5707
3231,896.143,948.99475
3232,842.70026,941.4428
3233,819.98065,934.3684
3234,854.04456,934.0004
3235,914.4692,943.0502
3236,931.14136,953.2938
3237,856.7931,952.6157
3238,729.29926,943.0844
3239,642.1196,935.1542
3240,634.40936,930.15906
3241,669.48987,923.9913
3242,707.26294,917.4899
3243,733.05383,912.11914
3244,743.5395,905.3757
3245,741.8698,897.23
3246,733.4491,891.669
3247,721.58563,889.4278
3248,712.38086,887.30084
3249,712.4016,883.9227
3250,717.851,880.7033
3251,719.40497,879.33264
3252,715.2903,880.2155
3253,709.2395,880.95105
3254,703.8673,878.337
3255,701.6398,873.3522
3256,703.617,869.54156
3257,708.2037,867.25323
3258,716.1638,864.0372
3259,729.078,857.8761
3260,741.41693,848.26105
3261,745.472,835.39233
3262,742.1996,822.62146
3263,740.6974,829.78436
3264,749.1917,883.225
3265,763.5207,966.6576
3266,769.4574,1026.306
3267,759.91534,1042.8435
3268,740.6604,1041.8362
3269,728.1747,1039.0828
3270,741.3794,1026.2659
3271,778.4147,1002.21423
3272,813.86053,981.4041
3273,821.01697,974.4499
3274,789.16064,981.51636
3275,737.6137,994.87134
3276,702.0721,1002.82654
3277,693.7414,1001.27405
3278,696.89136,996.4966
3279,699.42487,995.4654
3280,701.55237,999.1333
3281,704.89435,1004.94244
3282,708.5443,1013.2481
3283,716.51434,1023.5231
3284,740.424,1016.2115
3285,773.91016,959.8749
3286,775.7301,862.95953
3287,728.0386,783.0015
3288,677.0422,756.4283
3289,663.5864,763.91693
3290,675.40656,773.6425
3291,686.3423,774.6492
3292,685.6351,768.8612
3293,676.85956,763.733
3294,677.8025,781.5228
3295,704.31415,844.8292
3296,745.09454,928.5561
3297,790.5203,964.51013
3298,863.3125,918.9083
3299,954.9999,834.0114
3300,993.4527,784.586
3301,933.5111,808.83545
3302,821.38916,880.8135
3303,735.8465,945.00793
3304,701.2399,972.68536
3305,691.49774,974.23865
3306,688.2055,968.91425
3307,696.8944,965.29016
3308,725.42316,964.0402
3309,759.9929,965.63196
3310,772.10443,972.1124
3311,759.0552,981.7651
3312,747.0595,988.8299
3313,749.6118,991.01263
3314,758.3576,991.72064
3315,764.6889,994.24005
3316,764.7286,998.48804
3317,757.6273,1002.85065
3318,751.5819,1003.7676
3319,766.74036,994.1321
3320,812.42645,972.925
3321,849.8095,955.1921
3322,828.77344,954.3157
3323,770.4911,963.39703
3324,735.94196,969.27136
3325,736.53296,968.55066
3326,745.49725,965.23566
3327,750.404,962.8655
3328,753.9463,961.3143
3329,757.7815,959.60425
3330,760.67944,956.8226
3331,761.83655,952.1997
3332,761.8413,947.0499
3333,759.49475,942.78156
3334,752.12463,938.6431
3335,742.9895,935.39716
3336,740.63763,936.2538
3337,746.4606,940.54596
3338,753.3127,943.93005
3339,755.21027,945.74164
3340,750.19324,949.0034
3341,741.27356,954.3183
3342,735.37555,958.63824
3343,736.0249,959.5972
3344,740.8875,957.7955
3345,745.878,955.4171
3346,748.3498,954.3529
3347,748.4497,955.2393
3348,747.8121,956.96594
3349,746.9663,957.3324
3350,747.289,957.6341
3351,753.38904,963.1257
3352,766.07263,973.9035
3353,765.5038,977.38635
3354,711.24207,952.5918
3355,596.6933,892.3949
3356,495.59628,822.4147
3357,488.91873,779.17645
3358,562.9811,773.38135
3359,643.9566,787.791
3360,693.1386,799.7234
3361,721.87646,801.4732
3362,749.6477,804.9068
3363,777.71155,823.6354
3364,795.46686,855.6455
3365,796.6195,888.6807
3366,787.59875,914.57416
3367,783.7234,932.7051
3368,790.7798,945.01917
3369,798.47375,953.49976
3370,798.06195,960.7592
3371,792.50464,970.1625
3372,787.6909,983.4401
3373,784.4808,998.2176
3374,782.71954,1010.88153
3375,784.58276,1019.1074
3376,789.1787,1019.1744
3377,792.0131,1008.8634
3378,789.54,995.0622
3379,780.5341,988.78906
3380,770.5572,993.6479
3381,776.5759,1006.7778
3382,810.58215,1025.7623
3383,849.9675,1048.1306
3384,855.1167,1071.0634
3385,826.3964,1089.146
3386,808.0675,1075.7747
3387,841.21234,994.29816
3388,920.3819,862.47614
3389,984.568,755.83435
3390,979.1952,719.5488
3391,916.88885,732.9338
3392,848.5753,756.7786
3393,818.51556,768.6282
3394,850.72546,766.2456
3395,920.6643,761.80365
3396,966.9372,767.2339
3397,969.24713,779.76105
3398,958.60406,787.09515
3399,938.60266,784.1979
3400,873.652,774.83234
3401,771.19073,764.5346
3402,692.1374,758.57556
3403,669.06537,756.9793
3404,687.2567,754.86664
3405,725.25824,755.6015
3406,755.5225,776.5706
3407,740.53656,827.5365
3408,682.50867,886.82446
3409,637.41754,923.44434
3410,641.1536,935.3434
3411,672.4341,941.57446
3412,694.70776,952.9844
3413,691.232,966.1068
3414,672.8194,969.3516
3415,674.3797,947.1432
3416,721.4114,893.9758
3417,786.4933,833.0411
3418,816.26227,799.0539
3419,802.82275,797.10046
3420,781.01886,804.55756
3421,772.13086,806.0598
3422,770.1127,803.8478
3423,765.4335,804.4467
3424,757.8663,808.0814
3425,749.7199,810.27466
3426,741.09283,808.6595
3427,734.32355,805.3125
3428,736.6958,804.86975
3429,751.32404,806.12006
3430,762.3039,799.4517
3431,751.64886,783.75793
3432,732.9987,770.22766
3433,734.7724,762.8491
3434,759.02844,756.93335
3435,785.8235,751.97485
3436,801.2418,749.8793
3437,798.7714,750.8147
3438,774.0349,756.15717
3439,737.75,765.4158
3440,710.4052,772.382
3441,697.8756,772.6295
3442,693.2519,769.136
3443,691.8258,766.9674
3444,691.7807,768.30426
3445,692.21674,771.7246
3446,693.1605,774.0938
3447,694.0951,774.5159
3448,694.8315,774.4722
3449,697.4606,774.4955
3450,704.168,773.8241
3451,713.2424,772.2923
3452,721.1411,770.6783
3453,726.67584,769.28406
3454,729.6278,767.48376
3455,729.61633,765.3059
3456,726.9407,763.63947
3457,723.4549,762.9307
3458,723.91144,762.2792
3459,730.7503,759.99225
3460,740.2334,757.15424
3461,749.94257,756.6593
3462,760.3476,757.0996
3463,767.6816,756.0536
3464,767.07935,756.15674
3465,760.3948,758.87164
3466,754.8589,759.9434
3467,757.2021,757.24536
3468,768.7284,754.2203
3469,782.20715,752.8171
3470,781.7468,752.8404
3471,755.9589,756.5826
3472,718.67523,763.1372
3473,696.3624,766.0019
3474,694.7904,764.06744
3475,701.4718,762.95593
3476,706.69745,763.9084
3477,708.1175,762.63806
3478,710.3086,758.4163
3479,719.1395,755.59753
3480,731.94977,755.8128
3481,741.52875,756.0792
3482,745.83887,754.814
3483,746.58746,752.9327
3484,743.2224,750.7653
3485,735.99445,748.84454
3486,731.7905,748.20435
3487,737.55975,748.37054
3488,751.0667,747.8378
3489,764.2245,745.24664
3490,772.2073,740.5209
3491,777.764,736.2317
3492,785.76,735.55817
3493,796.17474,738.13806
3494,807.2771,739.803
3495,817.71173,738.094
3496,823.3073,735.76483
3497,818.51385,736.503
3498,798.27435,740.87994
3499,762.9552,747.06213
3500,724.4194,752.70526
3501,696.36255,757.7106
3502,684.0006,763.31433
3503,688.4958,767.80585
3504,705.0828,768.6798
3505,720.11206,766.96747
3506,725.4852,765.438
3507,725.68756,765.472
3508,726.7031,766.0541
3509,731.18823,764.17725
3510,741.87933,757.342
3511,757.9187,747.3048
3512,770.09436,739.783
3513,765.695,736.9978
3514,737.29395,736.37494
3515,698.1974,738.59875
3516,677.0341,745.3107
3517,678.8383,752.5238
3518,685.52264,755.92584
3519,691.3657,755.71875
3520,700.54156,754.87616
3521,707.4862,756.8916
3522,703.20496,762.2905
3523,692.25287,767.2574
3524,689.881,766.2849
3525,702.8772,756.406
3526,722.0112,745.982
3527,728.1792,764.1441
3528,709.2577,839.2708
3529,684.7988,948.3358
3530,682.68854,1028.9153
3531,691.3195,1053.9058
3532,692.51117,1044.1813
3533,704.36945,1024.8398
3534,741.9445,1006.56165
3535,787.34534,989.82324
3536,815.98157,973.8245
3537,822.2774,961.2233
3538,818.9437,954.4554
3539,820.3508,953.8903
3540,830.3745,958.3731
3541,840.51447,963.6428
3542,837.9051,964.4693
3543,822.5479,961.5075
3544,808.8939,960.2138
3545,806.91986,961.91956
3546,814.5045,963.1528
3547,825.1526,962.50867
3548,830.15607,961.54395
3549,820.946,961.27203
3550,802.315,961.4604
3551,791.51605,961.23114
3552,796.84644,960.0645
3553,812.79584,958.8202
3554,831.8827,958.559
3555,846.63696,959.18677
3556,850.7245,959.72107
3557,845.2134,957.5169
3558,837.0966,949.27155
3559,833.3974,936.39795
3560,835.7022,925.44867
3561,833.2106,921.3807
3562,817.1047,922.76843
3563,804.1356,924.0509
3564,806.03235,924.6319
3565,799.88525,930.6852
3566,773.822,941.92456
3567,749.1036,949.0187
3568,739.8317,948.172
3569,744.3562,943.4182
3570,766.0033,936.4564
3571,801.82526,926.4801
3572,824.8269,918.0371
3573,812.5417,918.8768
3574,782.9478,927.1929
3575,767.325,932.8217
3576,766.7748,933.03064
3577,768.6621,932.22675
3578,777.9661,928.26526
3579,805.3084,916.2064
3580,840.84314,903.30914
3581,857.6059,901.8274
3582,841.6875,910.3406
3583,807.1919,917.00696
3584,775.4987,915.1832
3585,757.16077,908.3984
3586,762.5164,902.9922
3587,801.594,900.846
3588,857.13544,901.46375
3589,886.79156,905.0571
3590,868.7888,910.08075
3591,826.4201,912.7582
3592,795.87775,911.15344
3593,786.06537,907.1794
3594,785.5723,904.9482
3595,787.7384,906.66595
3596,790.37854,909.7903
3597,790.6224,912.1876
3598,789.868,916.9396
3599,790.7421,923.40515
3600,784.1215,910.69257
3601,753.75226,851.5573
3602,709.17596,765.58716
3603,693.0818,722.985
3604,729.10095,769.14734
3605,784.2763,874.8049
3606,817.51685,966.08527
3607,851.0695,982.908
3608,934.79486,917.03656
3609,1043.9629,824.3429
3610,1102.2565,778.3753
3611,1072.8557,789.425
3612,957.1794,812.69073
3613,797.24475,822.63477
3614,675.4676,827.1353
3615,633.7837,836.2113
3616,666.2158,856.4685
3617,765.1674,893.2059
3618,867.80884,931.3422
3619,863.7436,940.61206
3620,745.6994,917.1415
3621,630.3821,888.82983
3622,598.91626,877.12494
3623,628.1097,880.387
3624,675.18365,885.0006
3625,727.9191,883.5076
3626,767.5709,886.87494
3627,771.71277,903.6148
3628,755.0885,922.6144
3629,747.839,936.3101
3630,754.3973,946.654
3631,759.4074,946.4936
3632,753.8471,927.44525
3633,745.7485,899.0182
3634,744.2363,880.57916
3635,746.8691,877.72797
3636,751.3584,880.55853
3637,759.4126,883.24677
3638,766.34827,889.0499
3639,764.54877,897.42084
3640,754.4287,902.6073
3641,742.06555,904.00745
3642,732.05853,906.1272
3643,728.41327,912.22534
3644,735.275,925.15137
3645,750.30493,944.86395
3646,761.95996,959.8782
3647,761.5246,958.17096
3648,758.71326,953.832
3649,772.4379,977.0826
3650,798.8907,1026.3905
3651,813.40857,1066.676
3652,810.42737,1079.1676
3653,804.81305,1065.5912
3654,797.1195,1015.9668
3655,776.6517,926.4074
3656,747.87537,831.056
3657,724.9032,770.8699
3658,714.7083,753.9989
3659,722.7857,780.8906
3660,754.4456,860.99615
3661,795.22015,967.98126
3662,815.98047,1043.8868
3663,809.4021,1069.6703
3664,793.8461,1070.7654
3665,781.7111,1068.263
3666,769.5169,1066.6812
3667,754.81586,1065.7585
3668,746.333,1064.5654
3669,756.94135,1060.3203
3670,786.7073,1051.1879
3671,811.03125,1043.2557
3672,803.2822,1045.9791
3673,773.6821,1054.4573
3674,760.4027,1044.8376
3675,784.02405,1005.34827
3676,830.77234,967.1169
3677,876.04565,966.4803
3678,904.08276,991.09247
3679,896.9333,1006.89075
3680,840.4029,1004.9028
3681,764.0924,995.8551
3682,726.1294,990.4761
3683,747.852,991.8725
3684,805.1733,995.47394
3685,858.3931,996.6672
3686,878.91425,996.6827
3687,877.15247,998.3054
3688,878.73444,1001.3423
3689,876.60315,1005.5684
3690,854.0184,1012.7067
3691,826.1028,1022.9731
3692,815.4809,1029.3789
3693,816.7321,1010.19916
3694,811.3207,944.90045
3695,798.50885,858.68396
3696,790.45953,808.6435
3697,786.94025,807.9032
3698,776.32495,819.6516
3699,756.90894,820.6936
3700,758.1526,822.5491
3701,830.37085,842.5524
3702,964.9901,880.24054
3703,1057.0724,919.71295
3704,1015.74945,950.62506
3705,869.47455,976.2317
3706,726.0464,997.41156
3707,660.7618,1009.0162
3708,661.80524,1009.89136
3709,679.1328,1002.8977
3710,690.3523,993.2506
3711,709.01953,988.0535
3712,754.1808,991.9086
3713,813.4567,1004.12134
3714,848.8407,1016.8527
3715,843.99896,1007.27814
3716,817.8472,951.2032
3717,796.07996,869.7651
3718,788.6414,819.5305
3719,788.7304,818.08453
3720,784.9153,833.66144
3721,771.859,838.8282
3722,755.2782,833.3744
3723,746.6756,828.19604
3724,748.70056,827.7056
3725,752.89984,829.63086
3726,751.7581,831.9679
3727,746.92914,833.93176
3728,744.86487,834.87054
3729,745.9647,834.3148
3730,744.44006,832.26263
3731,737.80554,829.82245
3732,730.69446,829.11395
3733,729.4539,831.61993
3734,734.0836,836.0015
3735,738.77606,838.9071
3736,738.6382,839.2556
3737,732.5896,838.9612
3738,723.8174,839.87164
3739,716.2956,844.11444
3740,709.4438,853.4763
3741,706.2624,861.19147
3742,728.02045,851.083
3743,787.3301,818.2542
3744,842.9731,781.4913
3745,845.36786,759.8016
3746,811.5401,751.4086
3747,786.15674,746.3362
3748,776.5587,741.66327
3749,771.7584,737.9777
3750,771.7718,734.4397
3751,774.1668,731.67017
3752,766.7985,730.90485
3753,748.76685,730.6753
3754,736.10706,729.30707
3755,736.20386,729.2906
3756,728.5226,744.53
3757,686.3849,793.23944
3758,623.63416,864.82886
3759,591.26624,917.6361
3760,625.6732,918.98413
3761,721.69257,868.0895
3762,826.22034,799.1947
3763,872.8316,756.6271
3764,855.1458,747.75464
3765,821.3087,749.1231
3766,804.23376,747.57275
3767,799.7642,745.29333
3768,791.1388,744.7468
3769,774.27795,744.1381
3770,759.5802,739.9853
3771,753.75604,732.4384
3772,751.1754,734.0353
3773,739.5918,767.5276
3774,704.07623,832.2212
3775,635.1084,887.2537
3776,555.1375,904.8887
3777,514.80115,906.9504
3778,530.8332,919.0716
3779,569.71,925.0905
3780,599.67786,891.52966
3781,616.09845,829.81604
3782,648.31726,791.23956
3783,747.36176,792.34674
3784,905.59534,803.8912
3785,1026.2054,806.07495
3786,1040.0009,803.87646
3787,978.51196,804.77704
3788,897.453,809.99426
3789,826.22797,816.65344
3790,781.76355,822.46893
3791,760.8368,830.81415
3792,744.25073,844.69086
3793,724.81805,859.75226
3794,712.05554,871.6936
3795,715.3981,882.7333
3796,734.4465,895.89886
3797,761.9611,911.76917
3798,788.73737,930.9813
3799,809.5139,952.84937
3800,826.7727,974.7917
3801,834.8381,998.21857
3802,815.1339,1026.9333
3803,774.188,1052.9064
3804,738.8343,1057.1464
3805,701.8601,1035.7848
3806,649.1592,1008.801
3807,617.8926,984.0045
3808,665.4263,940.9138
3809,796.672,882.547
3810,934.7352,850.469
3811,995.16504,857.8332
3812,984.88214,875.19604
3813,961.6813,889.7154
3814,944.99554,916.90015
3815,925.98047,960.3687
3816,899.23944,999.86755
3817,867.5734,1004.5866
3818,844.6173,951.4726
3819,838.1538,862.1674
3820,839.4131,793.37463
3821,835.96155,771.2096
3822,822.1063,779.70233
3823,800.3515,801.2486
3824,776.5986,834.3184
3825,759.2534,881.40466
3826,757.9501,933.9766
3827,771.0967,976.92914
3828,784.6871,1003.94775
3829,787.3966,1020.3659
3830,781.347,1031.4751
3831,779.5929,1034.9553
3832,789.28455,1028.3785
3833,803.83606,1015.5608
3834,817.7275,1001.8518
3835,827.60425,996.4993
3836,819.26483,1015.60284
3837,784.43915,1055.882
3838,743.475,1083.8041
3839,724.2302,1081.4658
3840,728.5727,1069.1185
3841,741.4982,1062.5675
3842,763.7155,1039.883
3843,781.8699,967.68054
3844,724.6633,856.55676
3845,575.3489,765.17206
3846,454.52542,730.69507
3847,447.71497,730.6119
3848,501.33734,730.2216
3849,548.551,725.74774
3850,580.00165,734.2103
3851,602.89417,766.38556
3852,624.1326,810.43146
3853,655.21313,846.87836
3854,696.571,873.6172
3855,734.82025,897.9942
3856,768.3339,920.9827
3857,810.1551,942.5464
3858,860.3463,965.0305
3859,897.4418,983.084
3860,901.4871,976.3747
3861,874.5449,928.0966
3862,837.6186,861.28235
3863,810.6534,821.7165
3864,795.6218,820.7707
3865,784.8226,849.50964
3866,779.1992,913.4958
3867,782.0983,994.18835
3868,787.91925,1043.8268
3869,793.84454,1051.3606
3870,807.33124,1045.6107
3871,832.0388,1043.3665
3872,856.00555,1043.5021
3873,861.7318,1046.7107
3874,847.5879,1052.0173
3875,830.83215,1041.4221
3876,829.25354,988.0735
3877,844.752,895.573
3878,863.8556,806.8656
3879,872.93536,756.09625
3880,868.9516,745.0448
3881,855.79944,775.8424
3882,839.97107,857.27954
3883,829.9107,962.9967
3884,830.1008,1037.7954
3885,838.6767,1051.1787
3886,853.93097,1003.27356
3887,873.3833,914.7544
3888,888.9139,830.8011
3889,892.4684,786.47577
3890,880.6028,781.51355
3891,859.53644,815.7245
3892,850.87756,896.9915
3893,858.6191,994.21967
3894,847.06744,1052.6642
3895,801.278,1063.1361
3896,758.7617,1056.1199
3897,750.08704,1052.0337
3898,766.4166,1051.3684
3899,788.60406,1037.1641
3900,807.07355,986.616
3901,813.2394,911.72394
3902,801.7742,857.7416
3903,784.19653,841.2526
3904,774.73553,835.9281
3905,772.1697,823.70654
3906,774.90393,826.54785
3907,791.4841,876.39
3908,819.00397,955.9972
3909,839.3228,1009.18555
3910,846.5691,1015.41266
3911,849.9108,1000.96747
3912,854.2955,989.9441
3913,858.8421,985.1237
3914,864.5196,981.1332
3915,871.11786,976.07947
3916,866.1405,970.3878
3917,834.647,964.2419
3918,789.45026,961.55774
3919,761.45374,965.50867
3920,759.3063,970.7244
3921,769.63477,971.6808
3922,783.2337,971.02625
3923,803.8338,971.9263
3924,837.22217,973.371
3925,869.74976,976.6214
3926,875.35266,985.7008
3927,853.88403,995.8171
3928,829.0424,982.3519
3929,810.5129,919.24603
3930,794.85205,825.18317
3931,786.5328,755.53894
3932,789.9335,733.5154
3933,794.5955,736.14233
3934,780.9524,738.51385
3935,744.02277,731.66565
3936,709.99854,717.40015
3937,712.17535,710.1894
3938,754.18524,738.8535
3939,813.37616,822.7317
3940,857.71643,929.9599
3941,859.1899,999.1838
3942,826.8269,1013.9252
3943,801.7923,1003.9496
3944,800.25146,991.80383
3945,803.7419,982.2547
3946,801.5261,977.30963
3947,803.6796,976.6245
3948,817.6249,974.85504
3949,830.1717,969.03625
3950,822.72144,964.4124
3951,800.58563,965.90656
3952,786.11957,969.9256
3953,788.5586,970.4739
3954,800.23,963.29395
3955,814.2099,947.2612
3956,831.9858,933.9538
3957,850.3738,937.36316
3958,854.59344,948.77814
3959,837.8544,949.85974
3960,815.39526,942.7813
3961,812.4105,941.33966
3962,839.95966,947.5744
3963,877.8908,954.7789
3964,891.41693,959.0087
3965,870.4387,958.7601
3966,835.9061,953.1329
3967,803.292,944.8755
3968,766.91174,940.4443
3969,730.0314,941.95154
3970,711.54114,943.78534
3971,715.8917,942.585
3972,733.618,941.44226
3973,761.82025,940.97925
3974,800.0058,938.44574
3975,840.60046,936.30804
3976,866.0518,938.0051
3977,856.5036,938.3301
3978,818.2797,932.0406
3979,787.97015,925.15936
3980,796.9711,928.0408
3981,844.51447,941.699
3982,898.49963,955.3602
3983,923.929,959.3333
3984,910.2864,955.0984
3985,869.0992,948.7687
3986,824.4658,942.72986
3987,797.5295,936.5155
3988,783.77576,930.6142
3989,763.8869,926.821
3990,736.1378,925.3297
3991,714.71277,924.3303
3992,704.7445,922.8874
3993,700.0531,921.2574
3994,696.12775,919.47327
3995,692.31573,918.21844
3996,688.8986,918.412
3997,687.9464,919.1916
3998,695.48987,919.864
3999,717.6929,921.9003
4000,748.1176,924.9559
4001,767.7474,924.6728
4002,767.5487,919.27124
4003,763.1395,913.53064
4004,786.7332,911.7515
4005,845.9626,913.2074
4006,886.65857,915.6943
4007,868.0031,917.0958
4008,836.0786,916.72534
4009,828.9476,916.0791
4010,814.2955,915.7172
4011,775.1725,916.9332
4012,742.3399,923.72845
4013,737.6977,934.30975
4014,752.59875,925.7651
4015,769.0734,866.19135
4016,777.154,769.0505
4017,778.58966,701.03436
4018,783.38495,715.0133
4019,801.55286,806.1043
4020,834.03986,917.9992
4021,871.32904,985.94037
4022,898.23816,983.7449
4023,902.1467,920.1114
4024,883.7283,827.6392
4025,856.36865,757.8365
4026,833.9633,751.7263
4027,825.1763,817.23645
4028,832.722,913.95233
4029,849.6342,976.23584
4030,862.4817,983.6776
4031,864.857,969.01917
4032,863.0604,961.5226
4033,865.0254,964.1641
4034,870.759,969.79065
4035,875.31934,973.66925
4036,873.99,972.693
4037,866.8851,966.22473
4038,860.83514,960.1379
4039,859.3173,959.55615
4040,857.47076,961.3655
4041,855.6933,961.1389
4042,862.2012,958.5461
4043,872.07446,955.0501
4044,851.6485,953.4495
4045,767.51624,957.2012
4046,649.18646,967.6552
4047,576.9596,978.10583
4048,593.2951,964.8797
4049,677.3476,906.05005
4050,775.4704,828.32697
4051,829.06934,791.79083
4052,822.4304,809.563
4053,806.01434,831.33014
4054,838.58936,811.0555
4055,900.9821,760.69977
4056,914.12396,726.01556
4057,855.2409,725.02386
4058,779.25385,740.28204
4059,729.8461,754.5063
4060,702.5344,764.7265
4061,676.4792,774.71063
4062,643.605,786.38513
4063,613.2183,796.7396
4064,594.9076,801.212
4065,584.78394,797.3427
4066,576.38116,789.6291
4067,581.7132,799.81274
4068,623.0328,853.14874
4069,691.9382,934.81946
4070,749.6749,996.9897
4071,771.98456,1017.5168
4072,760.11926,1007.55225
4073,743.23676,976.45087
4074,783.66846,929.7669
4075,899.39685,891.5181
4076,998.2713,887.8487
4077,996.4908,909.50793
4078,936.1282,930.00183
4079,894.5947,944.4907
4080,887.40784,963.6028
4081,896.58606,988.7113
4082,905.22687,1010.36304
4083,902.53076,1026.7009
4084,883.4882,1045.1566
4085,849.5305,1062.5829
4086,813.9672,1064.0713
4087,793.2309,1047.9225
4088,790.2552,1032.502
4089,795.7246,1031.6316
4090,801.02075,1038.895
4091,807.2656,1033.723
4092,821.77386,1001.5937
4093,840.9313,960.3718
4094,851.42395,942.7313
4095,859.1868,944.3864
4096,885.5331,934.26074
4097,926.1207,911.0796
4098,955.8447,901.4307
4099,972.04425,913.34015
4100,993.78174,929.7295
4101,1028.0212,935.70447
4102,1059.1412,931.8637
4103,1056.527,931.7231
4104,997.0375,949.14215
4105,911.0751,981.3844
4106,869.5711,1012.5151
4107,896.639,1033.0647
4108,951.12,1044.2338
4109,992.86194,1048.1364
4110,1012.9621,1045.149
4111,1009.2995,1036.663
4112,974.77234,1026.0757
4113,920.0989,1016.61206
4114,884.7848,996.24097
4115,898.98773,939.92194
4116,934.308,856.26666
4117,923.1405,790.3345
4118,839.93445,759.91675
4119,745.8033,750.0097
4120,745.3999,757.97485
4121,874.4262,787.30316
4122,1035.1514,824.9493
4123,1106.941,856.31177
4124,1075.4708,875.0726
4125,989.9759,872.70795
4126,867.01904,845.1218
4127,694.4624,804.98444
4128,514.0199,774.26996
4129,417.19357,767.74805
4130,428.00568,780.85956
4131,484.09415,797.7602
4132,532.8177,809.9711
4133,573.40375,817.89795
4134,618.3571,823.564
4135,658.4114,822.45013
4136,673.93506,804.40485
4137,661.2127,780.346
4138,634.1476,783.1355
4139,612.85596,819.5453
4140,635.6567,859.01935
4141,741.1919,878.30096
4142,886.124,883.3999
4143,956.64935,888.0951
4144,906.5897,893.0845
4145,801.7597,891.32764
4146,722.6298,885.9854
4147,690.20703,890.0458
4148,692.43866,896.2892
4149,726.47375,871.9597
4150,773.8113,812.50385
4151,791.61554,759.708
4152,771.2473,742.7341
4153,744.8643,748.7638
4154,727.4424,754.4037
4155,707.32697,751.13257
4156,680.6774,744.61926
4157,658.55975,742.06995
4158,649.9251,741.6568
4159,654.9433,742.09686
4160,672.5484,762.2576
4161,705.7091,821.264
4162,757.7066,886.20984
4163,828.20166,896.29865
4164,894.1962,858.515
4165,904.48755,843.4439
4166,842.8721,881.11316
4167,758.9346,924.83746
4168,706.6232,914.86847
4169,712.7834,851.1024
4170,783.2492,787.59955
4171,874.6643,762.90753
4172,885.7475,766.5315
4173,750.9687,771.03925
4174,557.1971,774.4567
4175,465.01764,791.27997
4176,506.60776,818.8185
4177,589.87964,842.4936
4178,652.7057,852.8535
4179,692.2292,850.6591
4180,713.27814,848.2278
4181,722.3444,859.69336
4182,731.8456,891.10547
4183,746.4307,935.6467
4184,758.388,974.63074
4185,757.86304,992.1352
4186,740.50745,989.8067
4187,703.07635,981.74786
4188,650.22034,974.93726
4189,625.79803,957.3948
4190,698.04626,908.9485
4191,854.7075,834.2692
4192,962.6034,774.502
4193,911.3177,761.2058
4194,741.75165,778.36255
4195,582.7915,790.2559
4196,517.0538,782.8908
4197,529.83453,765.62775
4198,557.3319,749.0984
4199,557.03064,735.68726
4200,538.593,726.4109
4201,558.7001,730.0103
4202,660.1,767.6363
4203,791.8969,851.6491
4204,862.9379,952.9231
4205,864.67725,1022.4622
4206,848.9788,1041.1763
4207,841.38855,1023.27136
4208,838.90466,995.0347
4209,835.716,977.6198
4210,828.8104,973.7176
4211,819.10925,974.55817
4212,810.1766,975.0196
4213,803.2926,976.1067
4214,798.19434,979.31433
4215,806.4018,978.6325
4216,841.6688,961.09656
4217,876.74677,919.5635
4218,861.1314,856.51263
4219,798.4335,782.22656
4220,732.5633,719.32574
4221,665.89215,694.86865
4222,576.5111,716.9255
4223,494.459,762.34705
4224,489.27448,807.6705
4225,590.84515,861.58746
4226,737.6184,928.69965
4227,822.32227,978.7651
4228,808.41187,991.31714
4229,755.0488,982.30676
4230,726.55634,971.91656
4231,726.3129,966.7249
4232,719.2259,966.8431
4233,692.15015,963.71533
4234,662.8987,943.9134
4235,643.0031,904.8812
4236,630.8196,853.00073
4237,628.7968,797.39667
4238,648.14197,755.97577
4239,692.778,737.0464
4240,740.184,725.24365
4241,763.8134,720.6844
4242,761.14465,745.41626
4243,739.72363,796.54645
4244,711.9105,851.5301
4245,696.69867,900.60187
4246,697.5535,940.7398
4247,706.9004,968.67267
4248,736.5367,987.1203
4249,799.87726,992.85065
4250,845.2996,960.79645
4251,782.499,879.6814
4252,638.45264,794.9352
4253,554.7546,755.04315
4254,581.3022,747.143
4255,638.257,740.5989
4256,653.2592,736.9911
4257,610.5518,748.02356
4258,535.7766,770.25684
4259,478.09448,789.5461
4260,459.528,796.2354
4261,461.88416,793.13745
4262,484.83514,785.9863
4263,552.42957,774.3736
4264,639.17236,758.7702
4265,690.2271,747.74927
4266,724.824,754.0071
4267,800.22015,788.48895
4268,899.9197,853.44696
4269,955.82184,930.6709
4270,949.4152,988.1328
4271,926.7859,1010.81915
4272,916.7542,1008.5977
4273,877.2406,988.53674
4274,750.3521,947.37695
4275,566.3073,899.14984
4276,435.46017,870.4165
4277,417.7229,862.2515
4278,477.18542,857.70685
4279,553.64667,850.7265
4280,601.1948,837.4362
4281,598.24335,809.9561
4282,572.929,777.8444
4283,571.65533,765.95636
4284,594.26,780.5374
4285,619.2328,802.24554
4286,667.1756,813.27203
4287,779.9344,812.03186
4288,953.7504,805.2678
4289,1114.0552,796.2876
4290,1173.9972,779.52734
4291,1124.8802,752.7682
4292,1031.0334,729.51044
4293,950.27344,720.689
4294,901.2518,718.93506
4295,886.64795,715.10626
4296,908.56665,720.23724
4297,939.44806,760.19354
4298,913.5672,835.49255
4299,812.8772,907.18665
4300,715.4079,946.26544
4301,693.2416,962.89655
4302,735.775,966.9212
4303,819.92444,942.45905
4304,957.7353,889.18243
4305,1119.6036,843.4668
4306,1209.692,833.7431
4307,1164.8055,864.10895
4308,1011.57367,932.17926
4309,839.7353,1011.3256
4310,739.18933,1055.7637
4311,726.4204,1053.6688
4312,751.9011,1032.478
4313,776.1583,1015.4892
4314,794.32733,1006.2255
4315,808.36584,1001.29865
4316,815.4075,998.29706
4317,815.09717,996.3657
4318,812.32983,996.048
4319,813.53796,997.59467
4320,819.86566,999.3927
4321,825.8677,999.6342
4322,827.05676,998.1863
4323,823.838,996.15436
4324,820.275,995.4241
4325,820.3712,997.06396
4326,822.25226,999.453
4327,821.4192,1000.4964
4328,818.90656,1000.09094
4329,818.678,999.0129
4330,820.7164,997.8358
4331,822.97797,997.2008
4332,825.4996,997.39575
4333,826.92975,997.91406
4334,824.78955,997.4471
4335,822.4372,994.56683
4336,824.8268,990.3642
4337,828.99945,987.89594
4338,829.90295,988.3597
4339,830.1319,991.4589
4340,834.2029,996.27826
4341,840.00507,1000.44244
4342,843.116,1002.4755
4343,843.4365,1003.282
4344,843.24805,1003.80884
4345,842.90375,1003.82196
4346,841.8298,1003.52527
4347,841.1367,1004.31537
4348,841.16895,1005.7734
4349,839.87537,1004.72864
4350,836.63995,1000.4446
4351,832.9076,997.03217
4352,828.8784,999.64856
4353,823.42914,1009.33484
4354,816.6885,1019.748
4355,810.0817,1023.09674
4356,803.97986,1020.44037
4357,800.45526,1020.49976
4358,807.78864,1029.7396
4359,835.5228,1042.0314
4360,875.9179,1030.0717
4361,873.2949,963.9527
4362,763.08435,860.378
4363,598.3383,777.94574
4364,514.36755,743.2067
4365,536.23706,733.1418
4366,582.6684,727.0652
4367,607.55,724.1683
4368,616.7153,726.1712
4369,621.03754,731.3306
4370,625.3306,736.23706
4371,630.9217,738.2312
4372,635.5602,737.4074
4373,635.8036,735.60675
4374,632.0718,734.9935
4375,627.83386,736.6663
4376,620.01886,738.4458
4377,598.4464,734.95715
4378,570.9755,725.5424
4379,588.865,727.13904
4380,699.0923,769.5592
4381,847.84564,858.38
4382,923.66925,953.662
4383,904.59564,1011.2314
4384,850.9871,1026.8566
4385,800.98,1023.51587
4386,765.585,1019.2646
4387,773.95306,1014.64636
4388,853.83636,1000.3281
4389,974.64087,976.04333
4390,1065.8582,955.419
4391,1073.829,952.7866
4392,975.9653,971.97894
4393,820.044,1000.05994
4394,715.59705,1018.80145
4395,712.15656,1023.1447
4396,755.9468,1005.36255
4397,759.9283,944.57764
4398,682.214,847.72015
4399,580.8456,762.23615
4400,548.29266,720.46576
4401,587.38245,711.0444
4402,634.0542,710.37396
4403,653.4177,708.9866
4404,651.90027,708.04956
4405,645.3717,709.65533
4406,641.8477,714.41125
4407,639.28015,721.33154
4408,634.382,727.96576
4409,628.73425,732.3382
4410,622.8601,733.69293
4411,612.43396,731.6913
4412,599.10657,727.6259
4413,610.2927,729.8253
4414,686.88617,752.5255
4415,815.616,800.1404
4416,917.97815,860.6876
4417,948.6877,916.6398
4418,937.76416,954.1715
4419,924.30524,973.1707
4420,918.699,988.14325
4421,920.23096,1006.3041
4422,927.57294,1018.4181
4423,935.9157,1018.2285
4424,938.19006,1011.8192
4425,929.8227,1007.04407
4426,909.98944,1006.1699
4427,887.2515,1006.5366
4428,893.29816,1003.59656
4429,958.0845,995.14325
4430,1042.7401,984.6856
4431,1053.3451,978.1785
4432,957.6885,978.27124
4433,828.98364,983.9722
4434,751.9329,993.1938
4435,747.2555,1006.35297
4436,793.5561,1023.0929
4437,853.44135,1033.4808
4438,885.8487,1025.1788
4439,873.692,999.92114
4440,831.0062,971.8337
4441,789.66003,949.87555
4442,772.6334,931.3705
4443,773.5662,913.34174
4444,775.35077,898.5151
4445,771.4583,889.67
4446,765.3236,886.3234
4447,763.59845,886.1867
4448,767.7018,886.4517
4449,772.0402,884.026
4450,773.60187,878.7495
4451,778.9189,875.48724
4452,790.8862,874.3118
4453,798.692,867.0362
4454,804.42535,856.76154
4455,829.5453,861.5175
4456,876.2068,887.73285
4457,924.8295,922.21466
4458,957.1013,952.38995
4459,949.16315,978.24054
4460,887.26764,1002.50385
4461,808.9395,1019.2435
4462,763.93445,1025.9269
4463,742.27563,1034.7831
4464,715.01227,1051.7982
4465,695.3844,1067.0264
4466,707.05774,1071.7535
4467,749.7391,1052.327
4468,784.7055,983.64954
4469,741.2087,870.82074
4470,618.6279,769.31805
4471,528.6914,721.6965
4472,541.81635,712.7868
4473,602.002,712.29425
4474,640.23883,712.1914
4475,652.42236,714.25543
4476,658.20734,717.32684
4477,664.0624,718.7877
4478,669.1963,717.5901
4479,672.73566,715.6674
4480,673.70276,715.51654
4481,672.17737,716.8925
4482,667.22815,717.2495
4483,655.1456,714.93854
4484,636.6523,711.6854
4485,621.1705,710.7095
4486,616.5595,712.6398
4487,620.6174,715.49097
4488,625.2185,717.815
4489,624.1216,719.67896
4490,617.86127,720.9406
4491,613.19293,721.1976
4492,622.43854,724.38885
4493,664.45605,739.7876
4494,730.8825,761.6377
4495,755.3474,754.0298
4496,697.6483,698.0464
4497,612.19006,635.3968
4498,551.63654,610.5552
4499,512.35504,613.5855
4500,519.68304,632.18195
4501,627.49,695.24255
4502,790.819,809.56854
4503,881.8173,919.58
4504,859.3888,974.74255
4505,792.19055,981.431
4506,744.67706,973.0647
4507,730.0418,969.07855
4508,735.1506,968.7636
4509,748.26166,967.50793
4510,763.1938,966.5174
4511,772.16406,967.14526
4512,771.0001,967.12634
4513,764.93536,965.3764
4514,759.0787,963.0047
4515,755.6999,960.9776
4516,761.9351,962.01697
4517,782.44006,968.0232
4518,807.9997,974.36566
4519,826.3504,976.24304
4520,838.39526,976.9131
4521,852.15063,981.6103
4522,870.4146,989.84717
4523,889.9139,996.93396
4524,903.7218,999.3281
4525,904.27655,997.9532
4526,888.55304,994.3498
4527,866.72687,984.40643
4528,861.5635,961.93445
4529,878.4945,925.672
4530,878.52405,874.95215
4531,814.5518,811.65576
4532,707.4787,751.94604
4533,645.5684,714.36456
4534,676.51935,698.88965
4535,748.441,693.92596
4536,790.7433,693.2888
4537,792.8216,696.96606
4538,779.4821,705.1795
4539,759.2229,715.2007
4540,711.16956,721.1701
4541,618.06885,719.917
4542,511.22748,714.38403
4543,450.63058,709.6801
4544,472.51892,711.9838
4545,577.9497,727.18536
4546,717.3347,751.4199
4547,806.883,771.28595
4548,815.2898,779.0623
4549,781.6119,777.6071
4550,747.73016,771.9939
4551,727.4761,765.68097
4552,719.4849,761.8548
4553,716.57837,761.8358
4554,710.31,763.5693
4555,697.47925,764.9306
4556,680.32996,766.1929
4557,662.6516,768.51843
4558,650.11066,772.0721
4559,647.4207,775.93695
4560,650.1534,779.8763
4561,645.4553,784.2032
4562,625.641,786.41486
4563,605.46545,782.81464
4564,633.0919,780.8322
4565,747.1609,802.6817
4566,888.16907,860.2036
4567,938.2561,933.6205
4568,884.7989,988.0077
4569,830.0261,1001.67755
4570,841.4202,978.4891
4571,890.1925,943.079
4572,922.0595,922.4384
4573,928.3246,928.5601
4574,932.64746,954.6585
4575,940.039,980.42035
4576,923.4806,990.5871
4577,857.62775,992.2681
4578,764.07025,997.51135
4579,688.4984,995.91705
4580,638.17474,963.1345
4581,605.46124,895.843
4582,615.40814,831.0489
4583,683.8167,815.3757
4584,766.5388,845.08203
4585,804.6438,865.66675
4586,796.2925,844.1006
4587,777.70874,800.26697
4588,770.0241,761.861
4589,773.7445,734.5091
4590,768.5236,726.3204
4591,730.2297,750.91174
4592,679.8484,788.0447
4593,664.0645,801.373
4594,682.24774,800.0215
4595,695.17554,820.55237
4596,695.6479,856.6851
4597,720.9139,854.26514
4598,789.00757,783.7912
4599,856.54144,693.35626
4600,873.46954,652.1169
4601,844.2458,668.2646
4602,803.4964,707.526
4603,779.1122,741.56964
4604,783.5585,751.33636
4605,800.9258,731.91656
4606,794.3441,713.56287
4607,749.69476,748.79376
4608,702.4542,844.4666
4609,694.18274,936.00366
4610,717.87225,965.7614
4611,744.46936,940.824
4612,767.80194,895.7039
4613,783.5294,849.1082
4614,771.2188,801.23236
4615,738.07446,754.3909
4616,729.9262,732.5491
4617,765.44226,753.98615
4618,811.2233,796.708
4619,832.9013,825.6427
4620,828.12524,828.6655
4621,812.7085,809.5012
4622,799.3541,777.9179
4623,791.4881,756.22845
4624,796.7834,768.09045
4625,838.86456,813.90314
4626,930.48785,868.48334
4627,1028.0779,899.40326
4628,1064.5272,892.7578
4629,1052.4568,868.4502
4630,1062.1593,859.86487
4631,1095.2013,881.17395
4632,1092.5001,918.7823
4633,1031.1776,938.2749
4634,937.52905,909.16864
4635,845.9248,845.5087
4636,781.7279,799.0065
4637,740.9557,795.11084
4638,685.7663,806.64996
4639,624.233,804.2157
4640,621.9383,794.8347
4641,680.67664,791.2004
4642,732.45123,785.87213
4643,744.18726,774.23236
4644,716.6887,767.27277
4645,641.5235,771.73834
4646,537.2479,777.83057
4647,466.96307,777.49066
4648,464.6968,777.5005
4649,493.0921,782.59546
4650,503.1327,787.66266
4651,491.1092,789.0364
4652,482.69888,787.13104
4653,491.96432,782.33704
4654,507.6962,775.9873
4655,510.69693,771.20953
4656,504.90814,769.94135
4657,528.1873,771.88654
4658,606.96246,774.2676
4659,705.1868,773.0214
4660,767.6311,770.2279
4661,802.28766,779.2632
4662,842.19867,806.26434
4663,856.61127,824.89215
4664,812.2103,808.19324
4665,755.45496,775.42993
4666,733.23474,759.1922
4667,730.0539,759.06305
4668,718.7043,759.5295
4669,693.36084,757.43304
4670,657.4404,756.819
4671,611.0948,755.88025
4672,562.68756,749.97955
4673,560.0069,748.1908
4674,654.7631,779.2857
4675,796.63965,856.96564
4676,866.7875,942.7744
4677,839.6546,987.66144
4678,788.9402,992.5938
4679,770.174,984.3832
4680,783.8471,973.333
4681,802.495,965.7378
4682,802.2499,973.0865
4683,778.31177,989.5774
4684,735.3622,993.97845
4685,688.5938,980.79724
4686,664.8846,966.0889
4687,676.6345,963.26483
4688,709.70874,967.79144
4689,742.2036,968.42316
4690,761.619,963.8819
4691,768.2429,960.26776
4692,772.55206,961.2274
4693,786.7404,967.3773
4694,810.1642,976.5989
4695,829.68463,983.57825
4696,838.17645,985.5604
4697,841.10077,985.6267
4698,844.22626,986.59033
4699,846.6986,986.97394
4700,846.95197,985.5739
4701,845.4139,984.30865
4702,842.0904,985.0384
4703,837.9593,987.39746
4704,835.74426,989.86487
4705,837.2708,991.4282
4706,841.9019,992.9141
4707,846.6303,996.1521
4708,848.05145,1000.7367
4709,845.89685,1004.30206
4710,843.4369,1005.93585
4711,843.75446,1006.1375
4712,847.87823,1005.5811
4713,853.8871,1005.48303
4714,855.59686,1006.8107
4715,849.0647,1008.8811
4716,838.3635,1009.8752
4717,827.9156,1009.62
4718,820.08356,1009.6572
4719,830.4586,1007.599
4720,871.888,999.3891
4721,907.0016,990.48126
4722,889.99194,989.55896
4723,846.8713,994.03375
4724,826.87665,996.9967
4725,831.0355,997.6111
4726,839.1137,997.83594
4727,843.67236,998.93964
4728,846.6581,1001.17444
4729,850.7886,1003.8659
4730,854.7078,1006.3611
4731,854.9906,1007.9711
4732,852.1329,1008.1624
4733,849.5993,1007.8697
4734,848.2058,1008.901
4735,845.8299,1011.7082
4736,841.7954,1014.85046
4737,838.456,1016.5669
4738,837.60815,1016.78046
4739,837.4523,1017.13666
4740,834.99854,1017.7021
4741,830.8521,1015.8967
4742,828.90137,1011.5022
4743,830.5972,1008.698
4744,834.8209,1009.76825
4745,842.3306,1011.27295
4746,852.5576,1009.8313
4747,860.12,1006.9082
4748,860.164,1005.00616
4749,853.40436,1004.24915
4750,844.75525,1004.71405
4751,839.05945,1007.7926
4752,837.4952,1013.5387
4753,835.6372,1019.6498
4754,827.85675,1024.5779
4755,816.3092,1029.3656
4756,808.5065,1035.1411
4757,804.77167,1040.8201
4758,796.4002,1044.8595
4759,781.9107,1044.9315
4760,789.57587,1030.9746
4761,861.71484,992.74475
4762,987.8682,944.57404
4763,1096.8076,915.70575
4764,1145.1396,912.0509
4765,1154.9237,917.746
4766,1143.0492,926.1496
4767,1075.6157,947.8547
4768,940.7217,988.1044
4769,809.6911,1028.0568
4770,752.3305,1046.9507
4771,750.7151,1048.9608
4772,748.155,1048.17
4773,726.54095,1046.7078
4774,713.521,1037.3848
4775,739.30054,1015.1532
4776,791.6586,984.30457
4777,825.47174,956.9381
4778,821.9655,943.4511
4779,803.82794,943.9615
4780,781.96295,952.5821
4781,735.42773,968.477
4782,667.762,993.98456
4783,633.87854,1024.0306
4784,681.7653,1035.9302
4785,785.2045,996.4454
4786,833.0655,905.6048
4787,739.2977,815.826
4788,577.0607,778.20703
4789,489.82266,790.65326
4790,507.6302,811.6981
4791,558.8502,814.954
4792,578.8444,814.78577
4793,548.92126,829.9726
4794,492.78214,850.22437
4795,447.7585,855.73706
4796,434.64423,843.6479
4797,484.2875,825.3561
4798,633.8112,814.31415
4799,832.17694,820.843
4800,962.6063,854.6178
4801,990.8883,919.2909
4802,963.2615,993.5961
4803,913.26984,1042.7657
4804,861.886,1058.2515
4805,828.9057,1057.218
4806,816.2113,1052.2603
4807,814.86127,1046.172
4808,816.8729,1040.648
4809,816.0683,1034.5033
4810,811.4367,1022.2508
4811,808.69354,1003.74066
4812,812.4144,987.6511
4813,818.98224,979.9873
4814,821.26807,978.65326
4815,816.9524,977.4065
4816,809.68066,968.9911
4817,802.7733,953.84973
4818,785.1924,943.8841
4819,737.89484,946.7922
4820,678.2205,954.78613
4821,655.55475,957.0912
4822,676.46735,953.6785
4823,698.0701,950.99365
4824,702.96893,951.91846
4825,719.15936,946.744
4826,757.50397,920.6267
4827,777.8579,886.27826
4828,742.04065,874.28564
4829,662.8916,881.9344
4830,595.4697,884.41895
4831,592.678,879.0294
4832,650.32996,877.46344
4833,717.74194,883.3259
4834,762.4063,894.99445
4835,786.90906,913.22394
4836,798.48785,938.95654
4837,797.17694,967.30524
4838,788.79407,987.14343
4839,780.0004,984.9256
4840,765.4346,953.39044
4841,742.9253,907.9756
4842,725.29987,879.2179
4843,721.2215,877.38934
4844,724.3488,887.52026
4845,729.12866,896.8235
4846,738.04517,904.65704
4847,750.42426,913.26263
4848,761.31415,921.6913
4849,770.2567,926.60504
4850,776.88605,928.6426
4851,775.27155,934.8193
4852,762.8013,947.1038
4853,743.7772,956.4079
4854,722.93665,955.20667
4855,706.52014,946.4903
4856,701.0846,937.18536
4857,704.76245,930.08203
4858,710.4184,924.00195
4859,714.0583,918.2249
4860,715.2705,915.21216
4861,716.7966,917.9932
4862,720.93463,923.824
4863,725.88007,926.5639
4864,730.7325,926.71533
4865,739.1947,931.63336
4866,753.99426,944.168
4867,767.80334,955.95703
4868,770.1405,958.98175
4869,764.1999,955.0635
4870,758.8753,945.7055
4871,752.9909,930.3803
4872,741.80646,914.16925
4873,725.5417,901.8355
4874,706.86584,893.15784
4875,688.43036,887.76526
4876,670.61993,886.78296
4877,647.63934,891.0228
4878,611.43604,898.2177
4879,572.2119,899.53284
4880,574.5218,885.24585
4881,650.95483,865.57153
4882,748.7637,872.1555
4883,776.7053,914.75714
4884,724.97894,961.5497
4885,657.4896,981.8297
4886,618.60004,976.38495
4887,609.27893,962.7324
4888,613.4792,953.62854
4889,613.60706,950.9274
4890,603.81165,950.77814
4891,610.19885,946.3109
4892,675.6937,930.7765
4893,792.0929,910.12994
4894,890.88196,904.98615
4895,929.9462,924.99805
4896,922.2651,946.12256
4897,888.8831,932.1449
4898,847.20825,881.85944
4899,818.33057,835.20984
4900,825.6837,832.50415
4901,880.967,880.9489
4902,945.96106,949.3158
4903,942.4381,994.524
4904,837.29364,1000.757
4905,699.45074,985.25824
4906,641.68634,976.87494
4907,702.2277,992.6863
4908,810.6406,1018.4407
4909,875.6753,1023.5198
4910,876.516,1001.8654
4911,857.35077,968.66895
4912,860.2659,931.11926
4913,881.7172,897.63385
4914,893.94073,883.6204
4915,892.25903,890.02435
4916,892.2781,909.21594
4917,899.65,940.121
4918,911.27234,973.1032
4919,907.0043,982.2999
4920,839.0593,952.22943
4921,704.8653,903.9159
4922,590.51605,878.7612
4923,564.50836,896.47327
4924,605.9048,939.5872
4925,664.46576,976.68744
4926,709.55475,991.6599
4927,729.40393,990.92566
4928,730.6735,989.0182
4929,736.4343,988.0042
4930,769.5342,977.9087
4931,827.0084,957.8838
4932,874.6046,932.3717
4933,853.53705,895.1329
4934,717.8492,850.14984
4935,524.9636,821.9627
4936,408.14365,819.13947
4937,440.21454,819.0759
4938,602.9244,805.42053
4939,799.5109,803.77
4940,908.2636,851.94415
4941,907.177,934.11505
4942,866.7385,993.7579
4943,839.6255,1008.61255
4944,829.49146,1001.29535
4945,825.12286,994.5709
4946,823.8096,993.62714
4947,827.5371,996.7158
4948,834.81494,1003.4403
4949,842.0073,1013.3747
4950,848.71747,1022.0421
4951,857.27234,1023.76074
4952,866.8578,1019.7259
4953,873.85657,1018.49506
4954,877.0006,1024.204
4955,877.1538,1028.8203
4956,872.2786,1023.23816
4957,859.82776,1009.72473
4958,847.51587,997.45953
4959,850.4025,992.61194
4960,872.8017,995.4023
4961,906.07947,1003.7856
4962,939.1724,1012.6056
4963,945.3556,1001.15686
4964,875.1254,945.61475
4965,721.2597,864.582
4966,571.87573,807.94666
4967,518.9117,791.89795
4968,550.02844,796.5806
4969,599.1866,805.9193
4970,643.1878,811.57043
4971,697.4408,806.99475
4972,762.6826,795.80756
4973,815.7305,789.9629
4974,838.7088,797.70593
4975,832.97034,819.1711
4976,812.25323,844.3109
4977,791.50977,858.4889
4978,777.2418,859.10486
4979,770.33594,856.5695
4980,771.292,858.7024
4981,775.1188,863.6289
4982,773.25726,866.4811
4983,764.80896,866.23303
4984,755.5705,864.4849
4985,748.00134,863.0827
4986,739.028,863.99384
4987,726.5055,867.7677
4988,711.5264,873.2739
4989,690.85236,879.60876
4990,661.4673,884.3051
4991,647.56537,885.01465
4992,692.77026,889.5427
4993,788.4314,910.5718
4994,861.8376,944.531
4995,874.5174,973.6942
4996,861.23035,989.0753
4997,863.19354,992.7875
4998,882.34045,981.8586
4999,878.4754,952.62305
5000,804.6176,923.8482
5001,685.0312,924.7718
5002,604.57855,953.4684
5003,599.31445,980.4877
5004,636.4994,990.65436
5005,682.2523,992.47107
5006,727.9348,995.63324
5007,773.37885,999.6441
5008,809.7002,1001.35876
5009,822.08014,1001.2444
5010,809.54425,999.22754
5011,788.41266,993.8706
5012,772.7727,988.2201
5013,765.74646,987.4789
5014,765.41315,991.6535
5015,767.04724,997.0718
5016,766.7649,1001.7137
5017,766.0092,1004.89557
5018,767.62933,1005.58966
5019,771.3432,1003.20526
5020,776.1221,998.53723
5021,782.06885,994.28076
5022,787.4622,994.04047
5023,787.70654,998.6835
5024,780.2475,998.81366
5025,770.7954,973.4493
5026,769.3106,914.15967
5027,776.2805,847.31085
5028,782.5246,805.76605
5029,785.52313,789.24536
5030,792.81604,777.9527
5031,805.3929,767.45807
5032,808.31635,777.9616
5033,787.3972,833.0969
5034,752.9456,918.2208
5035,731.3168,984.38586
5036,732.5501,1008.1542
5037,744.238,1007.1763
5038,752.03235,1003.0607
5039,752.22577,1001.7959
5040,749.77826,1000.9361
5041,749.02,1000.2214
5042,749.0752,1002.40625
5043,752.4025,1008.0229
5044,765.9188,1013.9823
5045,782.4245,1017.4781
5046,780.8011,1018.91785
5047,758.5226,1019.1819
5048,737.3103,1018.3995
5049,729.90295,1017.7888
5050,730.06,1017.21967
5051,730.7482,1014.4126
5052,729.52026,1009.3427
5053,725.41125,1004.5758
5054,720.71497,1001.44556
5055,719.42993,998.6822
5056,722.5343,994.8797
5057,725.87036,990.2846
5058,724.9116,985.31665
5059,721.6856,979.5236
5060,721.0302,972.0508
5061,723.1208,963.929
5062,724.8879,959.52826
5063,723.83386,961.44556
5064,719.0885,965.55194
5065,711.3341,964.94995
5066,701.9762,957.0418
5067,693.22534,946.12164
5068,686.7732,939.3011
5069,683.5093,938.57306
5070,685.8395,939.7087
5071,692.9068,939.9827
5072,696.25134,941.1204
5073,689.20306,943.43646
5074,676.30164,944.0622
5075,668.0683,943.19727
5076,669.3206,944.4949
5077,674.775,950.46716
5078,675.69354,963.46436
5079,670.34937,981.6023
5080,664.4956,994.94977
5081,661.64716,996.2121
5082,660.3781,988.6817
5083,659.1481,980.24585
5084,656.99426,973.4333
5085,654.8522,958.3762
5086,655.1636,923.5613
5087,651.81586,885.2047
5088,628.13965,875.3664
5089,580.92413,888.56934
5090,562.922,886.4585
5091,661.491,855.9504
5092,859.18854,828.9468
5093,1002.29504,843.92773
5094,1002.53284,896.3113
5095,928.80096,941.37476
5096,855.17957,941.7803
5097,782.6141,893.29865
5098,717.48395,825.0481
5099,692.9357,779.3914
5100,693.2734,766.9255
5101,655.5466,756.43933
5102,583.5236,724.294
5103,553.3396,687.9702
5104,588.7648,676.098
5105,646.21844,689.87024
5106,694.4916,710.29626
5107,731.7376,725.1061
5108,761.19415,735.00494
5109,782.9694,744.0083
5110,796.37573,754.0873
5111,798.592,763.16956
5112,786.9737,764.7457
5113,762.5084,756.70416
5114,724.55493,746.20154
5115,688.31903,744.7983
5116,701.81305,768.94244
5117,780.7266,827.5023
5118,862.3956,894.82654
5119,891.3174,928.3907
5120,879.2239,921.4303
5121,860.92413,903.6967
5122,858.1244,897.057
5123,871.28546,900.7629
5124,880.29205,905.56696
5125,866.9928,901.4801
5126,840.032,881.2744
5127,835.0915,846.73175
5128,877.2631,816.4997
5129,931.19666,820.0812
5130,930.2018,860.5791
5131,867.9832,898.9704
5132,795.4809,901.0537
5133,742.99884,869.585
5134,706.27026,822.8297
5135,678.32776,774.6115
5136,668.713,728.9821
5137,691.1413,683.98413
5138,735.5248,647.3922
5139,778.748,635.35046
5140,812.19604,650.6555
5141,838.3365,676.3088
5142,856.13354,689.8058
5143,862.1535,681.24133
5144,859.68945,663.13403
5145,856.8405,654.7262
5146,858.65314,656.9708
5147,865.51697,658.4294
5148,874.46155,657.43854
5149,882.2492,663.1369
5150,885.4795,680.7992
5151,880.6239,708.6714
5152,876.01184,751.04834
5153,885.4943,813.0373
5154,903.01276,876.44214
5155,911.50836,910.76917
5156,907.60785,910.1069
5157,900.76434,901.91925
5158,898.4827,915.86884
5159,899.3523,945.98535
5160,899.51056,964.1268
5161,892.2438,963.3706
5162,867.1596,958.2451
5163,831.61566,960.86633
5164,813.5766,974.3443
5165,827.60864,989.4474
5166,867.7231,988.06995
5167,918.2665,970.901
5168,941.0522,966.4143
5169,909.0623,986.4662
5170,856.81165,1004.5661
5171,831.3238,1000.3471
5172,827.3956,985.41144
5173,813.6145,976.2867
5174,787.6681,973.6817
5175,774.6408,972.0767
5176,782.1705,971.0038
5177,791.1114,972.1903
5178,787.8795,975.6668
5179,780.48553,979.65924
5180,783.51624,981.96277
5181,801.48883,983.2669
5182,827.75854,985.0752
5183,850.54315,985.5079
5184,861.5203,983.1705
5185,863.4027,980.8016
5186,864.8509,981.24176
5187,868.3902,984.1371
5188,870.1057,988.2655
5189,868.4363,993.451
5190,866.4152,998.5908
5191,866.93304,1001.4295
5192,869.7466,1001.13745
5193,872.99225,998.6356
5194,874.5625,995.61475
5195,872.4353,993.8322
5196,866.89124,993.8931
5197,860.9845,995.1963
5198,859.2116,997.85675
5199,868.6182,1004.456
5200,892.33923,1014.9587
5201,915.2435,1014.7064
5202,915.4273,983.9155
5203,896.1274,932.4348
5204,881.21954,895.8177
5205,883.9203,888.10944
5206,899.0203,893.04047
5207,913.10675,895.5049
5208,915.63104,893.65015
5209,905.5401,895.2527
5210,880.113,917.81396
5211,827.37396,970.69836
5212,754.3727,1031.2366
5213,701.82416,1066.9141
5214,700.53754,1072.933
5215,734.1812,1056.81
5216,762.4484,1012.3608
5217,768.0212,945.3913
5218,765.3645,894.5985
5219,771.1573,888.6441
5220,791.5248,911.8081
5221,828.7829,935.9558
5222,874.36597,952.0708
5223,904.4474,962.5074
5224,899.8327,969.479
5225,868.0493,973.6668
5226,836.79956,975.0208
5227,825.72327,974.37714
5228,835.77386,975.0632
5229,858.13763,980.33563
5230,876.91907,986.90686
5231,877.7604,987.3633
5232,864.5343,981.32245
5233,852.91345,975.0584
5234,849.96155,972.92084
5235,848.0078,976.22046
5236,832.36554,981.6599
5237,801.20856,980.9131
5238,775.452,971.5373
5239,773.9197,961.299
5240,791.33,956.95764
5241,811.3456,957.0224
5242,824.35815,956.329
5243,827.2192,953.0103
5244,820.4859,949.2667
5245,810.98206,947.10846
5246,809.3883,947.8523
5247,822.23413,953.87177
5248,844.5244,964.3439
5249,862.57404,973.51556
5250,868.7368,977.9362
5251,866.8726,979.2888
5252,863.2076,979.816
5253,859.83655,980.13635
5254,855.9536,980.56805
5255,851.07446,981.72565
5256,848.5849,981.7462
5257,862.10364,974.802
5258,900.7714,960.8836
5259,934.68146,952.58154
5260,920.5497,956.91034
5261,864.5132,962.6781
5262,808.1645,959.6152
5263,777.53625,951.4561
5264,771.6433,945.5701
5265,772.3119,947.04553
5266,762.59717,959.73395
5267,741.72205,977.98315
5268,716.17145,984.87
5269,686.1902,971.82947
5270,654.32855,946.9869
5271,637.5404,913.10394
5272,652.8806,861.5148
5273,693.73193,801.68005
5274,735.849,764.0152
5275,762.01117,762.8524
5276,769.98083,784.24554
5277,769.8666,805.80835
5278,776.13654,813.5788
5279,792.36945,809.188
5280,809.3511,802.7958
5281,818.4469,799.078
5282,818.6568,797.9386
5283,813.09644,807.3054
5284,805.47675,839.2256
5285,798.2335,882.7073
5286,792.687,907.6719
5287,789.06146,907.6162
5288,783.00653,902.83453
5289,771.07385,904.7089
5290,763.16797,908.54016
5291,782.0434,912.3946
5292,835.58026,922.46484
5293,884.6278,938.494
5294,881.50916,944.83875
5295,839.4792,930.5145
5296,805.19354,908.91797
5297,789.2512,900.44165
5298,771.1756,907.455
5299,744.40344,915.0443
5300,725.5909,908.0284
5301,726.6548,885.03265
5302,739.3152,857.7535
5303,751.2446,838.849
5304,761.9797,831.4268
5305,775.27606,830.03986
5306,786.77814,829.81635
5307,790.6966,830.64996
5308,790.664,831.6827
5309,792.69867,823.00305
5310,795.4494,793.9247
5311,798.2992,756.10144
5312,806.7856,735.2985
5313,819.94415,736.4168
5314,827.2932,743.5577
5315,821.6336,744.56195
5316,802.87085,736.90393
5317,777.4511,723.6748
5318,759.5399,710.90814
5319,759.0913,703.7269
5320,774.9273,702.1534
5321,800.0827,698.5336
5322,818.94415,684.177
5323,817.92975,661.1709
5324,803.7593,640.9617
5325,789.5704,631.3555
5326,778.7327,631.1486
5327,776.8403,637.12146
5328,794.58307,650.7777
5329,828.4056,674.2467
5330,858.544,703.9373
5331,871.47424,732.3241
5332,871.46497,752.4273
5333,871.093,763.3731
5334,878.37897,771.9486
5335,889.67725,781.8137
5336,895.1925,787.1019
5337,889.14185,782.35034
5338,870.7585,769.86505
5339,852.61115,756.21936
5340,856.31,748.8585
5341,875.2895,749.6204
5342,878.6613,750.3565
5343,861.416,744.9232
5344,847.79407,738.52966
5345,859.23615,742.20593
5346,901.8325,767.07135
5347,953.1881,808.3119
5348,954.05145,833.42267
5349,863.7708,822.20703
5350,734.8251,794.2323
5351,666.6175,764.53955
5352,685.65845,729.13416
5353,737.2244,698.91296
5354,771.022,690.6134
5355,772.13837,702.53564
5356,737.0913,723.96564
5357,680.16174,745.2358
5358,638.76025,758.69196
5359,637.996,764.8126
5360,671.00806,771.7703
5361,711.28613,781.01776
5362,734.9498,779.80396
5363,742.51514,759.5334
5364,751.27856,733.1665
5365,766.9005,721.5988
5366,781.6913,734.89777
5367,791.9527,774.3107
5368,801.0623,832.3321
5369,817.7743,885.56244
5370,849.0763,912.8089
5371,880.53973,915.5896
5372,883.3909,905.1161
5373,852.127,889.9172
5374,813.54974,878.01276
5375,799.0661,876.8885
5376,818.1509,889.57465
5377,847.3339,905.14667
5378,849.76373,905.95355
5379,821.2363,892.369
5380,802.02277,883.69
5381,829.75653,890.6601
5382,898.42236,898.0601
5383,970.31274,888.8781
5384,1011.8342,873.6058
5385,1005.5694,871.7131
5386,947.4638,883.66565
5387,871.40283,893.59326
5388,841.7142,886.9663
5389,874.7447,872.02405
5390,925.91815,872.69885
5391,963.92975,891.7723
5392,990.3448,911.07184
5393,1009.55554,922.60657
5394,1021.54443,928.6562
5395,1025.388,925.90063
5396,1022.62524,908.8796
5397,1017.83905,879.8972
5398,1014.9689,850.3387
5399,1020.1909,832.6811
5400,1035.5406,829.6292
5401,1046.9352,833.9553
5402,1040.371,838.50574
5403,1024.3773,843.56696
5404,1017.9318,852.1211
5405,1028.1917,861.83484
5406,1048.616,869.1519
5407,1060.0703,871.2268
5408,1034.0126,864.87274
5409,959.7952,855.1214
5410,875.57715,850.04626
5411,840.45135,851.83215
5412,870.2298,864.6451
5413,933.0202,889.8253
5414,987.47046,919.37976
5415,1010.29144,942.90485
5416,998.9283,947.0565
5417,945.0437,923.3573
5418,845.3755,883.0974
5419,738.7595,853.76624
5420,674.947,853.2022
5421,663.8104,868.5725
5422,683.739,878.12384
5423,711.1708,878.80914
5424,735.1898,880.78503
5425,759.3061,895.43286
5426,792.71454,922.5771
5427,842.40015,935.37164
5428,899.6075,899.0483
5429,934.1201,822.6975
5430,931.8848,762.45074
5431,924.25525,766.64935
5432,943.8579,841.6416
5433,971.7643,945.18976
5434,968.03564,1014.42096
5435,933.8067,1027.2717
5436,903.2204,1012.5006
5437,896.86816,1004.18774
5438,910.42816,1012.4322
5439,928.8728,1026.45
5440,936.9895,1032.0068
5441,927.45996,1018.2125
5442,909.5101,976.2889
5443,904.2059,911.4505
5444,922.07715,848.80005
5445,948.3271,822.5705
5446,958.2239,853.0751
5447,944.20776,915.3388
5448,919.67224,958.072
5449,901.5841,966.8012
5450,895.01434,966.99384
5451,891.31006,974.1934
5452,882.2619,979.6259
5453,870.4127,975.0095
5454,864.0393,970.2378
5455,870.6219,981.3901
5456,889.99005,1006.28174
5457,915.96747,1028.1578
5458,945.2701,1041.8899
5459,974.4985,1055.7913
5460,1000.94836,1071.3188
5461,1018.09717,1077.7789
5462,1002.09705,1066.003
5463,943.3003,1042.8579
5464,881.45856,1028.2039
5465,862.4919,1031.646
5466,880.6569,1037.6017
5467,896.6333,1024.2905
5468,896.5481,996.3347
5469,906.3002,975.50714
5470,936.6749,956.79694
5471,935.6338,915.1335
5472,846.2542,857.35223
5473,700.31573,818.12317
5474,592.0062,808.32935
5475,574.55005,808.30725
5476,625.39,801.194
5477,689.71545,788.55396
5478,729.48926,779.5721
5479,743.3302,777.9554
5480,759.30804,789.1632
5481,804.56757,825.3659
5482,864.5861,878.05176
5483,887.4866,910.7923
5484,853.7009,905.0077
5485,811.8122,880.69226
5486,816.1325,861.80237
5487,860.4519,853.32745
5488,905.1956,851.476
5489,933.91394,851.8306
5490,947.0329,847.9011
5491,943.2618,836.2975
5492,932.0588,823.4901
5493,927.8069,817.5378
5494,929.0394,816.311
5495,926.2273,815.3258
5496,918.1902,820.77515
5497,907.4816,840.66394
5498,897.72894,871.17615
5499,898.12494,902.8529
5500,915.3432,930.26263
5501,946.81165,952.09564
5502,981.8106,969.12146
5503,1007.8681,981.4405
5504,1024.2687,986.1322
5505,1040.2552,977.9355
5506,1052.6068,955.2181
5507,1037.953,927.21027
5508,988.4183,906.01227
5509,945.62305,893.88727
5510,959.2975,888.8635
5511,1012.0538,886.8643
5512,1028.6704,871.31805
5513,955.7433,824.2808
5514,811.5,756.465
5515,681.61786,704.4522
5516,639.9345,686.561
5517,667.9719,686.1223
5518,706.8115,686.9472
5519,736.9911,691.59814
5520,763.94025,700.87933
5521,787.0163,707.4972
5522,803.5158,707.79846
5523,814.81104,703.2589
5524,822.24414,697.0207
5525,824.85547,692.9042
5526,822.1523,693.12177
5527,814.83374,695.24274
5528,805.6156,693.162
5529,809.57074,687.46124
5530,858.5045,694.12787
5531,952.9693,729.9056
5532,1018.1995,784.4833
5533,994.2326,824.3459
5534,932.62006,837.3535
5535,911.2579,846.9937
5536,933.8549,868.65045
5537,960.53564,890.7182
5538,959.5841,905.09467
5539,931.923,917.3031
5540,911.4059,925.87695
5541,920.20996,924.79535
5542,936.83887,912.9248
5543,923.65784,876.9564
5544,877.21844,811.5063
5545,842.90936,760.4828
5546,865.0302,776.63446
5547,932.6613,854.5034
5548,997.603,942.22363
5549,1025.6002,997.3674
5550,1018.36487,1015.9683
5551,1003.23267,1022.7511
5552,999.43207,1036.327
5553,992.5993,1039.2957
5554,948.6848,991.88385
5555,861.5164,888.8761
5556,776.6244,784.60254
5557,738.3692,731.2772
5558,738.37024,723.9356
5559,745.2395,736.38617
5560,745.8875,766.17
5561,742.78,814.48926
5562,762.5145,861.4128
5563,846.9014,885.60077
5564,966.7541,885.36694
5565,1025.484,874.90216
5566,1002.9819,867.96454
5567,983.8958,865.6082
5568,1023.0858,872.0974
5569,1074.3542,906.4943
5570,1072.936,969.08405
5571,1019.7855,1017.06226
5572,955.213,1007.425
5573,917.68945,958.296
5574,932.34973,930.1955
5575,978.43384,947.7928
5576,1002.4289,983.1778
5577,988.0107,1003.68695
5578,959.8293,999.201
5579,935.29535,977.7678
5580,914.12335,955.27875
5581,895.1582,942.65216
5582,885.2455,940.07654
5583,887.8157,944.4383
5584,892.0154,952.33514
5585,889.97394,959.9566
5586,890.3877,967.90393
5587,901.31396,974.923
5588,918.8863,972.4388
5589,935.55084,963.3355
5590,941.3754,966.38873
5591,927.94006,981.3451
5592,904.40924,986.23145
5593,889.467,977.17816
5594,883.6007,967.3168
5595,876.07245,961.65814
5596,869.1047,958.57263
5597,868.9432,955.9372
5598,871.2013,952.2157
5599,870.985,946.5815
5600,871.05914,936.8022
5601,875.2623,921.6044
5602,881.96094,902.2525
5603,884.66095,879.8172
5604,880.10583,857.9663
5605,873.11017,844.14526
5606,870.5535,842.0291
5607,874.75977,848.67725
5608,882.9416,857.9023
5609,888.9047,864.6493
5610,884.7792,868.79266
5611,866.8676,873.51215
5612,843.08405,880.47046
5613,828.4437,886.6409
5614,825.90796,886.1985
5615,822.3309,879.5471
5616,812.3969,881.74854
5617,805.337,908.61755
5618,804.3796,947.2298
5619,804.68274,965.85394
5620,807.3345,957.0458
5621,815.56,941.1804
5622,825.62054,934.874
5623,832.8613,938.5711
5624,835.69214,945.77234
5625,832.50854,949.7348
5626,826.63715,942.8491
5627,825.68427,921.977
5628,830.9552,900.00446
5629,838.79504,898.6996
5630,845.34283,921.5701
5631,847.38495,948.8539
5632,846.5621,963.00916
5633,843.8808,962.281
5634,833.1289,950.7353
5635,813.7304,931.4779
5636,802.4099,912.3731
5637,814.1891,906.0977
5638,839.8115,915.6209
5639,859.02576,919.5693
5640,844.2586,882.6422
5641,759.4689,799.7626
5642,626.8598,713.18774
5643,537.7218,661.04694
5644,532.9577,642.17883
5645,578.5334,648.1949
5646,666.0894,686.7768
5647,804.1882,759.95667
5648,935.493,849.1407
5649,983.4311,926.9396
5650,953.03326,972.96893
5651,903.85394,983.27295
5652,866.9234,969.4155
5653,842.8875,949.09717
5654,830.4667,934.80176
5655,828.2931,928.3487
5656,837.582,927.3124
5657,859.89606,931.1942
5658,890.6729,940.3592
5659,922.93915,952.98804
5660,946.09265,963.0503
5661,949.06976,965.4347
5662,934.83386,962.2537
5663,918.6286,959.0534
5664,911.6337,958.7564
5665,913.9757,960.7756
5666,918.7481,962.3517
5667,920.14197,961.5361
5668,918.94916,959.721
5669,918.39777,959.57086
5670,917.4692,961.10535
5671,913.9007,962.27637
5672,910.25104,962.50305
5673,909.37384,962.34143
5674,908.7054,961.05756
5675,906.5863,958.5739
5676,904.6583,957.1313
5677,897.8927,957.0882
5678,876.73944,954.92096
5679,845.8712,948.7559
5680,826.41565,943.6989
5681,834.98694,948.2046
5682,870.5287,961.56134
5683,908.97015,961.5437
5684,896.8624,913.30396
5685,799.1031,812.054
5686,678.0195,705.14734
5687,638.4258,641.0248
5688,681.88416,619.4937
5689,712.14,616.6418
5690,670.9587,622.4311
5691,595.1576,636.2387
5692,550.0511,656.96716
5693,553.013,685.614
5694,572.3153,718.38104
5695,581.55457,742.3843
5696,603.4062,746.30585
5697,676.81726,728.46265
5698,779.18304,701.5492
5699,842.6074,685.4446
5700,846.5544,684.9964
5701,825.39343,689.7683
5702,807.98035,693.2151
5703,801.0008,695.761
5704,803.4653,697.6411
5705,808.11444,698.2715
5706,804.34973,698.0115
5707,793.6897,697.6979
5708,787.2104,698.08923
5709,787.18854,699.72864
5710,789.5686,702.24817
5711,793.6804,704.201
5712,797.99677,703.98785
5713,798.1892,701.1358
5714,792.9517,696.8906
5715,788.044,693.21967
5716,790.72815,691.34143
5717,798.8216,691.3172
5718,802.3647,692.3442
5719,797.1206,693.37726
5720,789.59717,694.00104
5721,785.8003,694.5316
5722,782.94727,695.1634
5723,778.5609,695.581
5724,776.02985,695.9422
5725,776.5331,696.83875
5726,774.95416,696.5246
5727,766.8165,691.83
5728,765.19446,687.89246
5729,803.055,704.57635
5730,881.28076,766.03015
5731,931.9122,872.3398
5732,900.91327,977.5039
5733,828.3326,1028.3838
5734,782.0591,1026.9725
5735,774.5441,1012.3506
5736,779.52075,1006.48236
5737,774.76355,1007.69714
5738,756.06445,1006.50726
5739,734.88983,998.25494
5740,725.6261,988.42053
5741,733.997,984.0774
5742,756.9051,986.7104
5743,784.14087,993.2421
5744,802.89484,998.31256
5745,808.9976,999.16675
5746,808.0539,998.02454
5747,806.1014,997.3382
5748,807.0952,997.3931
5749,812.1793,997.70715
5750,817.58215,997.1871
5751,819.60895,995.334
5752,818.8485,993.6262
5753,816.7748,993.3984
5754,814.0513,993.89886
5755,813.1061,994.4136
5756,816.0465,995.7466
5757,820.89417,998.33264
5758,824.1584,1001.60944
5759,825.57916,1004.6819
5760,828.8019,1006.3887
5761,837.3355,1006.56177
5762,849.9835,1006.05164
5763,858.33624,1003.5289
5764,852.59314,995.72797
5765,837.25165,984.08246
5766,829.0258,976.75885
5767,832.48535,980.9257
5768,834.31586,993.9044
5769,821.50214,1001.8378
5770,795.83344,996.4815
5771,777.44135,995.2729
5772,785.45056,1020.13
5773,802.066,1057.5146
5774,789.477,1076.0399
5775,754.509,1070.3619
5776,747.4028,1051.3966
5777,788.4563,1022.61896
5778,828.79913,991.9108
5779,809.1592,975.4996
5780,748.3109,978.076
5781,716.18524,987.9523
5782,735.63104,991.899
5783,773.68445,984.71985
5784,798.08136,968.055
5785,803.1604,948.0899
5786,801.43066,933.2713
5787,805.3339,928.25305
5788,814.3607,929.21356
5789,820.3351,928.51666
5790,821.11646,924.5892
5791,818.0812,922.58875
5792,809.8664,925.6971
5793,798.48224,931.55164
5794,789.90295,936.9683
5795,787.40466,941.59937
5796,790.21655,946.0548
5797,796.04254,950.69995
5798,802.90924,957.8052
5799,808.68665,966.5914
5800,811.6862,959.75793
5801,814.8049,914.31854
5802,824.07947,843.30756
5803,837.9956,799.81805
5804,845.77734,822.0973
5805,844.27435,892.4063
5806,842.8972,957.53735
5807,845.15497,984.2977
5808,845.8894,982.3474
5809,843.6235,974.9122
5810,839.4759,972.61017
5811,835.8424,977.4924
5812,838.14606,988.78503
5813,845.56134,999.68494
5814,848.21643,1002.9115
5815,843.9924,998.97003
5816,847.75604,986.06274
5817,869.32733,955.84326
5818,883.2077,920.33527
5819,846.14404,913.4959
5820,762.3363,943.42236
5821,693.6565,980.76685
5822,686.8762,1003.07025
5823,732.7157,1014.3351
5824,795.1634,1022.7917
5825,845.4682,1027.2561
5826,872.08154,1025.2454
5827,877.9361,1019.7868
5828,873.82715,1016.246
5829,868.9029,1016.6564
5830,866.4154,1018.4264
5831,867.9361,1018.0693
5832,876.7624,1014.734
5833,893.6665,1008.54224
5834,907.84796,998.7896
5835,903.1202,987.6472
5836,880.24524,980.6087
5837,860.56104,979.12744
5838,863.7154,975.0095
5839,880.7881,950.36115
5840,855.39606,891.1639
5841,731.53973,818.6703
5842,556.0877,782.16614
5843,447.21957,793.7304
5844,445.71252,813.6295
5845,500.46738,812.75385
5846,562.69916,802.24384
5847,615.0801,803.00653
5848,656.80554,816.82074
5849,693.5184,832.4605
5850,725.89606,845.5112
5851,750.1988,858.06525
5852,767.6001,870.06354
5853,785.1973,883.85266
5854,810.2012,904.221
5855,847.3492,920.48376
5856,912.52,910.05304
5857,1028.581,877.0111
5858,1163.9491,849.3247
5859,1225.2822,834.4791
5860,1166.8115,823.06934
5861,1042.9932,816.6663
5862,937.8712,823.06757
5863,891.53625,842.32227
5864,882.00867,862.7698
5865,866.5842,871.97107
5866,831.0399,872.82764
5867,780.13434,877.0776
5868,714.13464,888.7471
5869,633.5841,902.9585
5870,554.8778,911.7585
5871,532.4576,907.41077
5872,629.52167,886.0736
5873,809.75073,856.43463
5874,934.18536,844.49475
5875,927.5328,870.2899
5876,846.62067,917.1157
5877,774.39154,951.8398
5878,744.9235,969.47797
5879,752.0295,984.5969
5880,772.0389,998.3061
5881,784.806,1004.4589
5882,785.553,1006.5689
5883,779.1697,1011.1272
5884,772.12067,1018.00354
5885,770.8944,1021.96136
5886,778.206,1019.34344
5887,789.69135,1012.13696
5888,799.72534,1004.4586
5889,806.9727,998.0209
5890,811.68585,992.4533
5891,813.56024,987.48737
5892,813.70355,984.12854
5893,813.0673,982.93634
5894,811.02246,982.4473
5895,809.432,981.73065
5896,810.5764,981.13947
5897,811.8646,979.79193
5898,810.94354,977.3374
5899,808.65753,976.4142
5900,804.2519,978.77075
5901,798.1566,981.7467
5902,795.0023,982.22906
5903,796.38226,981.32886
5904,798.3808,981.7208
5905,797.619,983.0351
5906,794.53595,983.5026
5907,793.36755,984.0627
5908,799.2728,987.07574
5909,810.8914,991.63525
5910,816.41656,992.461
5911,804.76056,984.86957
5912,783.0165,971.9474
5913,770.6415,963.24786
5914,774.9065,963.4201
5915,786.51245,967.6472
5916,795.2597,970.05634
5917,798.76556,970.30005
5918,800.08746,970.9874
5919,801.2813,972.7896
5920,800.80695,973.6759
5921,797.9179,972.32336
5922,797.7188,970.2963
5923,812.7478,968.14307
5924,845.7553,965.26355
5925,868.6493,967.686
5926,856.4418,979.07086
5927,828.5029,988.4173
5928,814.2525,987.0155
5929,813.916,980.2802
5930,814.897,974.9951
5931,812.68353,972.6695
5932,809.72815,973.9425
5933,809.25385,979.81836
5934,812.5238,988.2073
5935,817.644,994.78766
5936,821.48004,998.1298
5937,821.9376,999.2416
5938,815.5024,996.7188
5939,803.7381,985.59406
5940,799.68604,958.8927
5941,794.60223,911.4555
5942,744.3463,853.646
5943,642.9887,807.68445
5944,553.98254,773.73303
5945,531.2357,734.4096
5946,566.49243,694.03516
5947,615.2963,669.9115
5948,644.6227,663.41046
5949,655.5594,667.2583
5950,664.4943,677.99176
5951,675.6186,691.3425
5952,680.87024,701.10876
5953,677.76056,704.9986
5954,672.47296,704.99695
5955,667.8696,704.0079
5956,661.7478,704.583
5957,653.0833,706.6933
5958,639.6714,704.8717
5959,621.7692,694.36633
5960,629.57935,688.99646
5961,708.9112,723.7035
5962,831.44055,812.4177
5963,902.69183,912.17944
5964,899.31415,966.4106
5965,880.8675,967.47595
5966,876.67,947.48016
5967,867.82245,934.79517
5968,844.1545,936.09155
5969,815.66907,938.34015
5970,792.37537,925.77954
5971,778.9792,903.98456
5972,776.9704,893.3981
5973,781.7395,899.24884
5974,785.3309,908.37445
5975,787.69617,910.7235
5976,798.04987,907.4861
5977,818.68384,901.72577
5978,837.5203,893.1227
5979,845.3181,883.0038
5980,846.8307,875.2538
5981,848.1538,870.15015
5982,847.40656,864.0128
5983,841.18445,855.84235
5984,830.76355,848.93964
5985,820.06885,845.4445
5986,813.1897,844.5373
5987,819.0732,846.156
5988,849.00586,851.1422
5989,888.41693,855.3789
5990,878.551,846.9949
5991,779.7104,816.9374
5992,653.6438,772.4633
5993,597.10016,731.1251
5994,615.36816,703.39026
5995,649.29376,688.48834
5996,666.0203,681.2407
5997,666.6493,677.14087
5998,660.88983,674.1005
5999,656.4527,671.6207
6000,652.3324,669.4757
6001,641.5221,666.7931
6002,625.74963,661.11426
6003,627.60474,654.40564
6004,681.3162,667.3962
6005,788.29535,731.0585
6006,892.01996,838.65814
6007,936.5398,932.96893
6008,929.0574,969.943
6009,909.4644,960.4305
6010,885.4038,939.7807
6011,838.9002,930.6996
6012,785.5482,933.7833
6013,768.9223,935.93475
6014,796.08984,926.53
6015,832.9382,906.50073
6016,851.7564,885.0156
6017,854.41693,872.72675
6018,871.59674,879.4331
6019,927.2787,909.22614
6020,981.2167,949.3442
6021,969.00494,980.36884
6022,895.74316,999.2153
6023,802.5061,1005.8262
6024,703.1068,986.73285
6025,627.4656,940.7431
6026,623.534,892.3654
6027,681.54004,862.71686
6028,745.33417,849.8743
6029,784.1135,842.02014
6030,802.2101,833.63367
6031,812.21954,826.0307
6032,820.7477,821.47363
6033,824.5014,822.71405
6034,817.85205,832.4158
6035,805.11365,846.2953
6036,795.7157,855.5684
6037,792.74176,858.25354
6038,795.64386,858.2479
6039,804.3918,857.31024
6040,817.71405,854.33844
6041,831.1433,850.018
6042,839.04224,847.9044
6043,841.9668,849.4628
6044,844.2876,852.9875
6045,843.12823,856.78094
6046,833.0499,858.97473
6047,819.08154,858.63806
6048,811.3816,857.71
6049,811.86694,857.373
6050,813.95807,856.62604
6051,805.57434,857.00446
6052,776.9466,862.4458
6053,747.661,871.5878
6054,759.1627,876.10767
6055,808.228,871.11206
6056,841.4321,860.9843
6057,835.2413,852.4255
6058,816.32983,848.6296
6059,807.67615,849.27905
6060,807.0473,851.6067
6061,807.52,852.8826
6062,807.0492,852.7813
6063,796.76385,854.0323
6064,765.6095,860.0059
6065,727.73694,869.6667
6066,712.89325,878.2145
6067,724.3643,881.11096
6068,739.7035,872.37024
6069,743.5301,848.58636
6070,740.5093,819.5687
6071,755.03705,803.4872
6072,809.6207,813.42584
6073,876.0306,849.03455
6074,896.5531,890.3426
6075,880.40204,913.9816
6076,892.867,918.4979
6077,944.50867,913.7209
6078,985.79034,900.44824
6079,989.18756,871.1499
6080,970.7455,819.9872
6081,955.7167,765.4712
6082,943.25995,756.3551
6083,910.26904,819.8983
6084,856.2239,912.35535
6085,805.09534,963.5494
6086,765.96045,958.7765
6087,735.4078,933.5353
6088,714.2874,914.6379
6089,699.2272,903.22974
6090,683.79517,891.01715
6091,668.85345,872.43933
6092,658.6334,849.87915
6093,653.1834,834.80365
6094,652.0469,837.5584
6095,658.4269,846.76166
6096,675.8637,830.5127
6097,704.7611,777.5495
6098,736.9612,720.1201
6099,759.67896,689.8626
6100,771.2815,679.1837
6101,779.6988,670.907
6102,785.94135,668.2675
6103,786.4465,677.297
6104,790.7312,693.0014
6105,816.46625,714.1783
6106,867.2649,751.0599
6107,932.03674,809.9431
6108,990.58795,878.0021
6109,1013.10815,931.67755
6110,989.2265,960.5399
6111,951.5447,974.28284
6112,938.60254,986.1406
6113,951.6069,997.8176
6114,962.07886,996.9452
6115,944.8504,968.6648
6116,900.62634,920.8137
6117,857.2321,885.70355
6118,853.6235,885.14246
6119,906.1241,912.34204
6120,973.5873,947.0718
6121,995.6476,973.80286
6122,974.4944,990.61444
6123,957.57965,1003.97485
6124,957.6121,1017.6252
6125,951.54663,1030.008
6126,933.88586,1037.1261
6127,926.5537,1036.443
6128,952.39996,1031.1134
6129,1014.4986,1025.4609
6130,1072.9368,1006.97345
6131,1035.0227,947.50214
6132,837.25214,855.3506
6133,570.3981,793.0182
6134,404.77615,791.7161
6135,378.27524,810.40936
6136,406.7394,811.8178
6137,454.52515,807.28534
6138,560.94226,826.3736
6139,724.76044,878.91583
6140,855.8017,940.8805
6141,887.9759,981.215
6142,864.2741,997.675
6143,854.7515,1008.6843
6144,866.1722,1021.632
6145,860.33844,1031.6497
6146,810.32025,1037.4299
6147,721.69836,1028.5948
6148,623.15436,983.60095
6149,548.8277,912.70483
6150,514.68536,860.3096
6151,516.6138,847.6972
6152,550.54987,857.29156
6153,603.66437,865.3277
6154,636.0297,857.7451
6155,614.4732,829.025
6156,562.9106,793.2667
6157,533.9111,787.4652
6158,545.3993,832.60486
6159,586.7178,894.48553
6160,640.0011,916.4755
6161,670.3445,890.03217
6162,650.3122,851.9062
6163,611.1062,825.4611
6164,630.01996,817.4068
6165,735.4475,842.92267
6166,851.5503,902.3945
6167,886.7592,966.7056
6168,837.4479,1013.3797
6169,766.2728,1038.6906
6170,741.6013,1031.1575
6171,795.1364,978.2239
6172,885.1677,901.2965
6173,940.0358,848.2524
6174,939.07275,853.41406
6175,909.84564,916.4124
6176,889.2915,994.10736
6177,895.0976,1020.50006
6178,878.74115,964.5898
6179,754.3596,866.8823
6180,547.47577,802.42554
6181,401.035,800.25934
6182,380.08286,827.5277
6183,451.37265,849.38464
6184,609.0331,859.9449
6185,814.34204,870.1409
6186,947.99493,894.92786
6187,958.1808,935.4164
6188,909.2681,973.6614
6189,865.4593,997.28125
6190,837.2212,1009.41376
6191,815.3488,1015.80084
6192,798.804,1020.8148
6193,792.8771,1025.6691
6194,797.47626,1027.981
6195,808.6169,1027.8792
6196,823.0605,1027.7479
6197,833.3741,1027.9078
6198,833.1876,1026.1896
6199,829.66815,1020.9366
6200,835.37244,1013.20135
6201,848.4435,1003.34314
6202,856.36237,990.1453
6203,861.08765,977.5898
6204,882.94226,973.3583
6205,930.54486,974.4622
6206,968.12225,961.7096
6207,918.5947,918.07196
6208,747.2798,854.54047
6209,553.3055,803.8978
6210,477.18762,784.1492
6211,529.36444,785.92804
6212,619.3767,793.91644
6213,684.179,803.54346
6214,713.6952,816.5101
6215,724.05774,830.21484
6216,736.8341,840.5737
6217,760.08405,849.8932
6218,782.906,862.5985
6219,787.5783,878.13104
6220,774.4322,892.8431
6221,767.1906,904.72943
6222,780.0489,913.3865
6223,799.5986,917.87573
6224,808.6858,918.3818
6225,808.362,918.7324
6226,811.81476,923.03064
6227,824.1629,930.3951
6228,836.1567,936.38196
6229,838.98615,938.34216
6230,833.1819,937.7512
6231,822.5681,939.22046
6232,809.491,945.3407
6233,795.25964,951.478
6234,783.51245,953.21344
6235,779.6271,955.76447
6236,778.78015,962.882
6237,766.3926,965.5255
6238,739.49756,954.3067
6239,708.51086,934.0893
6240,681.21344,918.3818
6241,674.6188,908.4387
6242,719.1781,886.4433
6243,808.59625,845.2517
6244,891.28687,818.45874
6245,935.6208,850.70764
6246,936.9432,930.20605
6247,875.26196,989.37244
6248,746.8524,984.82635
6249,618.7922,938.0992
6250,571.17316,894.2002
6251,599.6188,874.54156
6252,641.7947,874.7505
6253,663.7832,882.7433
6254,672.38995,891.7207
6255,683.25757,908.9304
6256,704.8456,951.6697
6257,735.7796,1016.49927
6258,768.7871,1052.7654
6259,795.9718,1012.7313
6260,810.5181,931.06287
6261,812.67395,885.9197
6262,808.9347,895.22754
6263,800.37805,919.043
6264,785.379,929.4187
6265,769.12054,928.7097
6266,760.5257,927.955
6267,765.36975,935.05865
6268,780.13165,951.9998
6269,793.6904,971.71606
6270,798.8456,984.0467
6271,793.71265,984.4914
6272,778.6015,974.5353
6273,761.1742,960.8716
6274,750.79114,951.88226
6275,746.8637,950.631
6276,744.31616,954.64355
6277,741.87836,959.1191
6278,738.93604,958.9579
6279,734.31445,951.6665
6280,728.7471,937.2928
6281,723.4497,917.1108
6282,719.40924,895.51984
6283,716.8738,879.0339
6284,716.0233,872.33124
6285,722.83966,878.1858
6286,743.82904,895.85516
6287,771.0768,916.185
6288,790.3783,927.3167
6289,801.80865,928.5996
6290,813.70013,930.05347
6291,823.1584,935.9147
6292,817.94934,937.6745
6293,796.32965,927.95905
6294,772.4534,912.5049
6295,759.0542,902.2819
6296,757.6371,901.2097
6297,766.57825,906.30035
6298,783.8066,914.12256
6299,799.9624,921.7945
6300,802.68243,924.1397
6301,789.16077,916.6606
6302,768.53564,903.211
6303,752.5219,893.17896
6304,743.5432,889.65375
6305,739.02905,887.0689
6306,743.4504,877.3375
6307,755.7648,861.7748
6308,758.3614,857.7167
6309,736.41986,876.12787
6310,688.87634,905.2706
6311,627.0909,929.9593
6312,582.3423,944.7132
6313,593.44977,949.74915
6314,667.4942,948.4234
6315,757.1911,943.4562
6316,801.98676,935.5742
6317,794.35297,929.2873
6318,774.4815,938.3054
6319,772.0892,973.15784
6320,781.69696,1016.2261
6321,786.9636,1032.5039
6322,792.4832,1013.03564
6323,821.7233,980.29535
6324,878.876,953.32806
6325,925.4381,934.6791
6326,922.5725,924.2052
6327,872.2672,924.9476
6328,790.116,936.729
6329,694.01886,948.5211
6330,640.06854,939.63776
6331,697.85614,902.9879
6332,846.4056,868.27
6333,963.3869,871.0615
6334,969.4961,905.83215
6335,904.1387,946.08185
6336,842.33203,980.5472
6337,823.29083,999.54913
6338,844.82404,985.09894
6339,860.1417,934.4923
6340,818.6329,868.7639
6341,755.1979,823.59906
6342,760.72925,833.1884
6343,838.3198,891.20404
6344,895.08026,953.69653
6345,873.6494,998.4949
6346,805.4471,1026.6193
6347,753.5314,1021.7147
6348,743.4072,978.34204
6349,749.44995,930.28217
6350,742.82764,901.53796
6351,724.28143,882.33246
6352,702.91675,865.18787
6353,684.8786,857.2234
6354,700.8313,861.6281
6355,786.8108,873.9506
6356,909.7606,891.9586
6357,989.9883,914.118
6358,995.8125,928.146
6359,934.9775,917.7957
6360,813.77936,888.8436
6361,675.00165,866.76697
6362,592.15326,864.5004
6363,585.09863,875.02936
6364,612.3471,889.16907
6365,639.89667,901.6494
6366,661.6983,907.80536
6367,679.8907,907.2798
6368,699.9015,906.0791
6369,731.24615,906.43274
6370,772.95435,896.34143
6371,789.3937,854.7991
6372,740.39215,774.81714
6373,659.64954,685.85565
6374,622.56085,633.18524
6375,640.7776,627.2951
6376,663.7855,645.3305
6377,641.62317,671.4503
6378,574.6558,698.52356
6379,521.002,713.95
6380,538.2134,712.21075
6381,629.0343,703.06757
6382,735.2084,696.44366
6383,791.9928,692.28375
6384,793.0426,688.14514
6385,773.1338,685.6681
6386,757.75604,685.0735
6387,753.6619,681.9477
6388,756.4482,674.4093
6389,756.61145,666.2431
6390,748.8908,660.5052
6391,736.0783,656.0205
6392,723.0289,651.33
6393,710.1375,648.3289
6394,694.02405,650.28735
6395,673.4109,656.9769
6396,648.7093,663.6525
6397,621.43,666.48193
6398,615.2826,670.328
6399,674.09094,689.1991
6400,796.7062,733.03644
6401,911.72363,794.6143
6402,950.91754,853.2767
6403,917.0271,891.9182
6404,865.638,908.45306
6405,838.2287,910.446
6406,834.99994,905.7358
6407,840.7589,899.4425
6408,846.8544,894.14465
6409,852.1551,891.3297
6410,856.4792,891.24133
6411,857.698,892.16205
6412,856.1192,892.2472
6413,856.5714,890.65643
6414,861.82526,887.3425
6415,867.6958,883.5752
6416,868.51886,880.6793
6417,863.2499,878.4689
6418,855.7947,876.74994
6419,851.961,876.33417
6420,853.00946,877.73834
6421,853.0561,880.1852
6422,848.2965,882.2718
6423,844.4555,883.32117
6424,847.1747,883.6681
6425,852.71967,883.85516
6426,855.93665,884.06775
6427,857.84375,884.4495
6428,860.9614,885.17566
6429,864.34827,886.02625
6430,864.791,886.6943
6431,861.0382,887.1055
6432,856.6517,887.1292
6433,856.1995,886.90845
6434,859.15216,887.1431
6435,862.5672,888.2368
6436,866.5274,890.1446
6437,871.3643,892.868
6438,876.1403,895.6739
6439,881.92615,897.2364
6440,889.46155,897.552
6441,896.3633,897.4942
6442,899.5653,897.0482
6443,897.4068,896.67633
6444,890.54333,898.09436
6445,883.1513,900.2953
6446,889.8549,895.5749
6447,930.111,876.7251
6448,992.60736,852.2209
6449,1035.9409,841.1625
6450,1042.3575,852.42334
6451,1026.3,881.917
6452,1002.66833,919.63916
6453,983.6356,952.0431
6454,979.4005,969.6966
6455,990.14734,975.4018
6456,1011.3041,979.11664
6457,1032.1173,981.959
6458,1020.32025,966.74255
6459,927.6617,911.71185
6460,748.76855,819.0884
6461,576.7832,721.46643
6462,518.4797,654.6764
6463,561.03174,632.0853
6464,615.5303,642.7878
6465,636.1039,665.1318
6466,633.0628,683.1979
6467,626.0396,694.3334
6468,615.677,701.0616
6469,600.084,703.3246
6470,615.1894,710.11224
6471,713.4358,747.8263
6472,866.4475,830.7779
6473,959.32947,929.5188
6474,931.8115,997.8659
6475,838.9593,1023.2476
6476,760.1575,1025.5187
6477,727.1447,1023.14404
6478,724.47406,1021.9156
6479,724.2126,1021.2351
6480,726.82996,1018.45105
6481,752.0645,1012.41534
6482,794.1859,1006.58374
6483,825.5239,1004.88556
6484,834.3755,1003.63763
6485,827.7053,995.8792
6486,815.0647,981.7816
6487,806.18976,967.1156
6488,805.8036,955.9235
6489,806.23553,947.87366
6490,798.24176,941.38824
6491,785.5411,938.97375
6492,776.6794,941.46045
6493,770.2691,932.69507
6494,759.68256,891.44714
6495,747.014,832.70557
6496,745.8273,808.24426
6497,767.1307,846.8201
6498,802.1318,916.24835
6499,831.1069,963.74817
6500,848.004,975.36993
6501,856.31854,970.90155
6502,851.06885,964.85266
6503,827.9986,959.71356
6504,800.2047,957.52057
6505,783.6766,961.7243
6506,774.67395,972.2986
6507,763.01434,983.3332
6508,752.3758,988.6864
6509,749.5657,988.5704
6510,752.4498,987.0938
6511,756.28815,986.6925
6512,759.1088,987.1966
6513,760.4046,987.4485
6514,760.84454,986.98254
6515,761.8972,985.8149
6516,764.73206,983.95996
6517,770.5651,982.51514
6518,778.9052,981.8157
6519,786.41956,980.0296
6520,790.32404,977.1541
6521,788.7706,975.4988
6522,779.56604,975.11774
6523,765.75397,974.35693
6524,761.5025,974.2418
6525,788.54553,979.5939
6526,853.5794,995.25275
6527,922.20996,1019.3278
6528,948.9861,1043.8275
6529,935.51306,1064.0226
6530,911.831,1077.2045
6531,882.7052,1069.9562
6532,839.13544,1025.9105
6533,792.3128,957.17694
6534,761.84143,902.60345
6535,750.45135,883.073
6536,749.12476,886.3149
6537,751.5171,894.42944
6538,755.16205,901.1285
6539,757.7171,906.55505
6540,756.8542,910.0866
6541,754.8667,910.2404
6542,756.21246,907.6807
6543,758.0925,906.5578
6544,753.84485,911.49097
6545,746.1806,920.9924
6546,745.14636,927.97485
6547,753.84436,928.59326
6548,766.46814,925.19696
6549,775.895,921.6281
6550,778.3147,919.5318
6551,775.93396,918.3325
6552,774.1808,917.1174
6553,775.20905,915.12585
6554,777.44,911.673
6555,778.11926,907.0851
6556,774.33954,902.7471
6557,766.5622,900.35626
6558,759.8753,901.01556
6559,757.2503,904.6178
6560,757.0942,909.7387
6561,757.5031,914.16864
6562,756.14307,916.10834
6563,751.13226,915.241
6564,744.322,913.73346
6565,739.61523,913.514
6566,740.0503,912.63385
6567,744.79865,909.4527
6568,748.25616,906.74677
6569,747.07855,908.12463
6570,745.0733,913.79266
6571,746.4072,919.4755
6572,750.22235,920.3367
6573,756.4674,917.3903
6574,768.4708,916.5621
6575,784.9926,921.3594
6576,799.34546,929.5391
6577,809.4139,937.2264
6578,818.7783,943.8341
6579,827.38684,951.76746
6580,826.6629,962.4721
6581,812.48865,972.3784
6582,811.0573,969.7655
6583,848.7261,940.81805
6584,884.2116,891.3734
6585,862.03546,852.08466
6586,811.0484,851.1056
6587,790.8825,890.6785
6588,805.8663,939.7979
6589,821.207,953.70605
6590,806.7186,921.0613
6591,767.18207,872.21893
6592,743.9003,837.12726
6593,774.5824,826.01556
6594,857.0004,840.34955
6595,952.90173,872.94885
6596,1032.4628,906.9675
6597,1089.9043,926.2806
6598,1097.5964,926.75586
6599,1019.05634,920.20557
6600,894.725,920.3274
6601,832.36017,930.1298
6602,882.5999,948.9626
6603,971.21826,975.4901
6604,990.57227,1003.6769
6605,931.96405,1022.82056
6606,859.4609,1014.8277
6607,797.0978,966.53955
6608,740.54425,899.9053
6609,727.0073,861.2348
6610,799.1325,868.9539
6611,920.55005,900.75916
6612,1007.62646,929.41327
6613,1038.4725,947.3886
6614,1053.8772,960.2026
6615,1075.2504,970.12994
6616,1079.3285,966.9843
6617,1049.6298,937.0353
6618,1021.74243,887.6343
6619,1017.7024,842.9024
6620,983.9502,812.1446
6621,893.8029,793.8631
6622,820.8129,791.6483
6623,820.8734,798.9013
6624,820.7248,797.09705
6625,716.0758,779.36865
6626,551.1875,757.76086
6627,460.93985,745.02856
6628,472.01807,738.3604
6629,514.88275,730.1737
6630,546.9044,723.862
6631,567.47614,725.6498
6632,585.3009,734.23956
6633,604.0344,746.08374
6634,620.9645,760.7342
6635,634.26465,778.4076
6636,646.0329,796.6903
6637,658.9943,812.1036
6638,671.7562,823.4461
6639,677.9783,830.9483
6640,675.9446,834.0368
6641,681.30176,829.8608
6642,712.58826,812.51886
6643,749.79236,780.0355
6644,749.2572,742.52277
6645,711.3026,712.5187
6646,678.32196,692.2337
6647,676.2624,682.02496
6648,694.0975,684.6505
6649,705.3246,692.898
6650,697.90247,695.6428
6651,683.4452,693.88074
6652,678.4167,693.9157
6653,683.0912,694.397
6654,684.4374,690.07745
6655,679.61163,683.53485
6656,683.39294,683.15216
6657,705.16174,689.13934
6658,733.36633,693.9925
6659,749.1158,693.5065
6660,739.4884,686.2736
6661,693.7258,669.69556
6662,617.4166,652.1445
6663,570.4376,663.1413
6664,631.08777,718.7119
6665,776.45184,787.82764
6666,886.60443,832.1616
6667,898.16986,846.1488
6668,851.76733,836.4395
6669,805.80347,805.53455
6670,785.6673,760.4552
6671,790.87585,716.7515
6672,813.05023,689.73486
6673,842.33545,678.7625
6674,865.03577,671.5835
6675,872.74524,665.4828
6676,870.8773,665.43713
6677,870.213,668.2569
6678,875.1014,667.14685
6679,882.3954,664.4205
6680,886.55133,667.3506
6681,881.77325,675.7227
6682,865.60486,680.7122
6683,848.0871,674.707
6684,847.1183,660.07855
6685,862.8435,648.3135
6686,878.2412,650.2911
6687,891.25574,668.72424
6688,912.08466,696.8315
6689,938.5461,724.664
6690,960.46094,751.9141
6691,967.69745,789.12756
6692,951.71204,838.5287
6693,919.3357,883.67596
6694,890.2335,911.6118
6695,871.48303,927.9464
6696,857.2738,940.1628
6697,847.9787,948.87994
6698,847.427,956.24365
6699,852.41583,965.89435
6700,858.9683,976.28534
6701,874.2009,980.3083
6702,904.6616,972.60156
6703,931.4728,958.33636
6704,931.08295,948.9984
6705,913.2116,946.49335
6706,900.4872,942.9524
6707,894.132,935.5229
6708,883.77905,928.089
6709,870.04083,923.40216
6710,862.108,921.90106
6711,862.06616,922.59753
6712,865.39594,923.06256
6713,869.17456,921.56586
6714,872.28046,918.30707
6715,875.50116,914.24066
6716,881.1701,910.10315
6717,888.4729,906.28766
6718,891.65436,902.5098
6719,886.58276,898.54004
6720,879.46875,896.4106
6721,884.7629,898.17505
6722,902.85297,894.45276
6723,884.74695,860.6831
6724,766.0166,786.1939
6725,594.52374,703.19904
6726,514.31647,655.48737
6727,562.93726,647.3995
6728,632.32385,654.37213
6729,633.54315,661.1916
6730,588.0461,666.9935
6731,576.01465,683.3026
6732,638.5176,730.44415
6733,734.4943,804.4555
6734,793.9179,866.6075
6735,782.38715,881.36273
6736,706.95386,845.7189
6737,611.87756,795.6477
6738,554.81635,778.3619
6739,554.39343,803.17035
6740,596.6708,849.312
6741,667.65106,904.4255
6742,738.7589,958.2154
6743,771.36957,991.3535
6744,760.62836,996.47156
6745,735.73395,986.3083
6746,719.4484,975.5336
6747,714.27637,971.66876
6748,716.0827,978.18414
6749,724.8264,990.95306
6750,755.1107,992.26337
6751,828.7438,961.5539
6752,929.87256,906.106
6753,1005.82855,865.2803
6754,1033.3955,862.8249
6755,1033.6846,880.4063
6756,1028.748,892.013
6757,1023.83527,895.75085
6758,1017.3451,904.66376
6759,1005.7933,923.2105
6760,983.74725,944.1876
6761,942.93097,964.814
6762,882.50806,988.126
6763,827.00903,1009.0283
6764,806.6875,1017.79596
6765,817.8777,1015.4316
6766,832.11743,1011.8087
6767,836.0803,1012.76404
6768,845.0485,1014.13837
6769,884.552,1001.7865
6770,941.37164,961.5808
6771,926.65576,900.87616
6772,772.72174,847.75024
6773,570.307,818.73895
6774,467.15536,806.3768
6775,473.12305,800.48755
6776,505.18338,801.29956
6777,525.8523,810.2665
6778,546.5517,820.3576
6779,575.56464,821.96533
6780,605.1905,816.3477
6781,627.72565,815.358
6782,643.7881,827.16077
6783,655.1569,849.94086
6784,667.1126,877.77295
6785,688.1161,904.2674
6786,716.039,922.5361
6787,741.5656,928.9458
6788,761.02325,926.88403
6789,773.73413,923.36115
6790,778.52325,922.3147
6791,776.4887,922.65936
6792,771.4426,922.4164
6793,771.34564,923.27094
6794,784.9584,928.52045
6795,807.6836,936.5543
6796,822.2743,941.9897
6797,820.76984,942.6707
6798,810.4909,939.3836
6799,801.40393,932.2512
6800,800.33545,922.98627
6801,805.3032,919.37775
6802,802.2637,929.68396
6803,787.39307,946.4065
6804,795.70105,947.0149
6805,868.0855,923.59424
6806,967.07263,903.6581
6807,1003.61426,922.0473
6808,966.821,971.5823
6809,910.67,999.6381
6810,838.2226,964.66156
6811,727.93884,893.22766
6812,625.187,849.93463
6813,595.985,853.8367
6814,632.18634,876.50775
6815,676.71295,898.7204
6816,700.25543,921.311
6817,714.9884,945.84576
6818,741.10297,968.1144
6819,777.639,982.6077
6820,807.4464,986.5666
6821,823.65594,980.4446
6822,837.3102,970.774
6823,858.17334,968.4645
6824,880.6893,975.9721
6825,892.0867,985.229
6826,885.7284,991.14856
6827,866.70074,994.8936
6828,847.07904,997.43726
6829,833.63226,998.0659
6830,822.752,995.3403
6831,808.7796,989.82605
6832,792.15436,984.9148
6833,777.6998,980.63025
6834,768.6381,971.29083
6835,765.1759,953.3052
6836,769.2733,932.58777
6837,786.686,919.155
6838,816.76935,914.6908
6839,840.3252,914.7259
6840,833.73816,919.04926
6841,802.07654,927.79614
6842,775.81396,935.63074
6843,772.655,938.396
6844,787.1362,937.763
6845,806.4058,937.4056
6846,815.00684,942.60187
6847,800.58,959.84174
6848,771.5104,985.23596
6849,753.0313,1002.6698
6850,757.17316,999.65106
6851,772.3668,975.69965
6852,778.6282,943.627
6853,771.7468,923.5781
6854,773.4847,924.5107
6855,798.11395,936.98584
6856,827.0848,946.17993
6857,828.6728,944.59924
6858,784.88116,932.35016
6859,718.6471,916.3658
6860,687.4221,912.1028
6861,718.25653,929.9957
6862,775.4868,958.2883
6863,810.94495,976.023
6864,814.11725,978.3466
6865,801.62866,972.7326
6866,787.8784,961.78687
6867,779.11694,943.9789
6868,776.0039,922.56445
6869,773.9016,905.29767
6870,769.462,897.92786
6871,764.6056,902.2781
6872,759.80597,916.23413
6873,753.10767,931.14813
6874,748.56665,936.97656
6875,752.99725,931.8962
6876,761.217,921.6067
6877,757.77106,911.8752
6878,735.8951,903.91583
6879,700.33484,897.12445
6880,660.1965,893.31793
6881,645.33624,887.62634
6882,700.7506,865.9849
6883,816.279,833.4644
6884,905.9054,821.0834
6885,898.5038,844.10284
6886,797.3607,882.6826
6887,656.89484,906.8388
6888,550.51514,900.9914
6889,524.1194,873.1392
6890,558.4335,846.494
6891,598.76636,837.70557
6892,610.4709,845.22125
6893,600.2319,857.44336
6894,596.70557,868.64606
6895,617.0734,884.71246
6896,653.85065,910.2213
6897,686.8843,936.3204
6898,696.2364,949.07794
6899,665.3056,944.31506
6900,600.2281,927.0517
6901,559.6892,898.85394
6902,621.23083,858.7804
6903,777.44495,823.58105
6904,917.2625,825.11566
6905,953.7194,871.36523
6906,908.3374,932.0248
6907,856.3906,970.45575
6908,844.4508,974.20514
6909,857.0869,959.7986
6910,856.6788,951.8394
6911,856.514,955.3182
6912,900.8056,956.9563
6913,975.56177,948.3883
6914,1021.5381,933.90076
6915,1007.9578,923.27875
6916,933.318,927.0633
6917,826.1476,944.1778
6918,748.12195,958.1853
6919,729.73834,958.77325
6920,748.72943,944.9425
6921,765.5025,911.2536
6922,741.09735,859.7164
6923,685.1457,808.2623
6924,664.78455,775.3986
6925,690.8382,773.242
6926,679.6124,795.0613
6927,602.79553,802.9961
6928,544.8262,767.895
6929,557.01276,710.907
6930,600.8678,670.30005
6931,634.35785,651.15967
6932,650.2098,636.0633
6933,657.3015,620.19885
6934,665.32416,612.1146
6935,675.222,614.49884
6936,676.685,618.01904
6937,660.4196,611.55536
6938,633.0258,598.55414
6939,626.9132,607.8614
6940,687.7993,673.3218
6941,813.1391,780.0146
6942,927.84644,861.0393
6943,961.31006,880.8888
6944,913.3951,875.22736
6945,830.0068,881.1661
6946,749.13306,890.1732
6947,693.0923,887.0092
6948,684.942,873.79834
6949,731.0957,852.9102
6950,800.5711,828.03577
6951,852.3063,809.79517
6952,875.21716,803.3341
6953,881.8741,806.1106
6954,881.43726,815.5376
6955,877.3894,828.1593
6956,874.4777,839.7276
6957,875.67737,849.0692
6958,876.91345,856.9809
6959,871.1519,863.1021
6960,858.9744,864.6913
6961,848.44464,859.2853
6962,843.8702,849.47565
6963,842.63306,839.979
6964,842.6505,831.4739
6965,845.4353,823.2592
6966,850.12836,817.5629
6967,851.69824,816.3463
6968,851.1285,816.3727
6969,855.83984,811.6968
6970,863.6944,801.3433
6971,864.3321,789.79443
6972,856.91724,780.5845
6973,848.9278,774.1633
6974,843.42975,769.75903
6975,839.6974,766.4619
6976,837.6472,764.25073
6977,835.44745,764.3706
6978,830.22754,766.0283
6979,824.0815,760.5391
6980,823.6342,738.3795
6981,829.9749,710.25287
6982,836.157,700.9971
6983,837.44434,715.7598
6984,834.3565,736.393
6985,828.98895,748.1956
6986,822.9159,751.8466
6987,810.4697,756.31024
6988,780.8235,770.09076
6989,738.0144,789.9316
6990,710.36884,798.51807
6991,733.7281,795.8637
6992,820.60095,810.5948
6993,930.3519,850.2691
6994,990.6625,890.8487
6995,962.8534,928.4134
6996,866.6251,977.754
6997,762.86646,1027.8912
6998,707.53375,1050.3469
6999,696.4854,1028.122
7000,689.1309,960.2783
7001,676.99884,879.368
7002,677.6035,838.19104
7003,689.7827,846.8268
7004,703.1627,871.5275
7005,722.9272,889.5862
7006,756.65515,902.8147
7007,792.4381,916.63776
7008,807.1588,929.72565
7009,798.5446,938.00354
7010,788.95514,940.1445
7011,792.6845,938.96674
7012,803.0548,938.14404
7013,810.90485,938.26666
7014,817.20435,938.3795
7015,826.7004,939.3823
7016,836.98193,942.7535
7017,839.6531,946.72516
7018,832.35406,946.4837
7019,822.19403,939.8082
7020,816.7519,931.3012
7021,816.91595,927.1529
7022,817.58075,927.0484
7023,814.1772,926.5782
7024,809.33527,924.18915
7025,810.74896,921.1323
7026,819.22253,918.4077
7027,825.20325,916.5672
7028,823.5163,916.40393
7029,819.5524,917.7877
7030,818.7779,918.5696
7031,824.2698,915.5131
7032,837.40753,907.6431
7033,850.1712,900.9206
7034,850.10535,902.61584
7035,839.9194,905.809
7036,835.6233,894.7824
7037,842.3023,871.4465
7038,851.6727,856.6376
7039,860.86005,864.813
7040,873.33435,893.63904
7041,886.6533,931.5286
7042,894.743,965.3887
7043,898.36365,986.55066
7044,902.4893,994.2067
7045,906.7564,993.0048
7046,907.76276,986.6118
7047,906.711,974.6678
7048,908.40674,956.285
7049,915.34937,938.5176
7050,923.4631,936.3968
7051,923.2784,951.86743
7052,907.5451,965.1702
7053,881.40906,960.15924
7054,862.8761,939.6483
7055,860.49664,912.7654
7056,859.5478,885.3837
7057,847.6583,862.21045
7058,833.84424,846.39667
7059,829.461,837.19
7060,833.7032,830.78326
7061,841.924,823.24066
7062,849.14996,816.63525
7063,848.89465,818.19037
7064,841.01135,828.7779
7065,832.24615,840.53577
7066,827.6742,845.8767
7067,834.9518,843.45264
7068,866.9583,841.744
7069,902.57916,861.2824
7070,874.57776,918.5487
7071,774.5162,994.5526
7072,686.62836,1039.8362
7073,656.74084,1028.9453
7074,659.086,989.3313
7075,672.12134,960.2059
7076,687.2263,947.7546
7077,699.83295,940.49817
7078,715.50446,937.7811
7079,736.8153,942.1619
7080,758.1208,948.54364
7081,776.52136,951.42206
7082,795.40436,950.44446
7083,816.1268,947.59174
7084,832.3751,944.6641
7085,837.699,943.51245
7086,835.25085,945.63007
7087,833.3513,950.55396
7088,835.1326,955.4688
7089,836.7558,958.0754
7090,833.5319,959.879
7091,826.2984,963.8709
7092,820.04224,970.4796
7093,818.2406,978.3066
7094,819.39764,986.1193
7095,816.1312,993.6792
7096,802.1736,1001.84875
7097,781.72656,1010.2266
7098,765.19434,1014.84485
7099,757.3428,1011.9246
7100,755.3932,1004.57294
7101,754.65137,1000.6678
7102,750.5647,1003.7467
7103,740.7516,1010.4315
7104,735.45233,1013.7363
7105,764.17615,1004.2668
7106,832.2322,981.22064
7107,872.69507,966.29913
7108,832.1756,977.9449
7109,764.8282,1000.4906
7110,741.7155,1010.14435
7111,757.9187,1005.1058
7112,777.3262,994.9288
7113,783.46,986.2621
7114,779.0174,981.99255
7115,773.0692,982.2425
7116,771.2692,984.4668
7117,772.9055,985.78864
7118,774.9997,985.8282
7119,775.99493,985.8507
7120,775.76886,986.1182
7121,774.9795,986.12756
7122,774.09576,986.27466
7123,773.878,986.6982
7124,776.2958,986.8881
7125,782.17926,988.01373
7126,789.2571,991.5861
7127,794.40625,996.60077
7128,796.8173,1000.94006
7129,797.5182,1003.02356
7130,797.4499,1002.6764
7131,797.8625,1002.1718
7132,799.60693,1004.5745
7133,801.95416,1010.4317
7134,804.19543,1016.61334
7135,805.39343,1020.1138
7136,802.6455,1021.63434
7137,794.0815,1022.8976
7138,783.7226,1023.9292
7139,778.17114,1024.1746
7140,777.9337,1023.7027
7141,778.8109,1023.9823
7142,779.5317,1027.2062
7143,780.0128,1030.7942
7144,774.313,1019.4311
7145,754.59625,976.20593
7146,727.4873,916.15094
7147,716.0552,886.05457
7148,734.85596,912.9392
7149,769.8912,971.1447
7150,793.6621,1014.7959
7151,795.657,1029.1199
7152,784.37286,1029.1033
7153,768.9786,1026.452
7154,755.70844,1023.22125
7155,750.046,1021.0323
7156,752.61945,1021.2068
7157,763.03595,1021.3646
7158,784.8812,1017.3343
7159,815.2385,1009.291
7160,839.1642,1000.8845
7161,843.0765,995.203
7162,826.36115,996.92896
7163,802.32574,1007.29425
7164,788.07294,1017.5843
7165,788.1771,1019.03046
7166,793.129,1013.09686
7167,793.4707,1007.3861
7168,792.9498,1004.2413
7169,813.60864,994.6554
7170,869.2628,973.21564
7171,919.7639,958.09406
7172,906.69116,969.7791
7173,841.0692,996.9363
7174,783.66547,1014.09393
7175,764.259,1013.66187
7176,774.24164,1002.5219
7177,795.43274,989.82446
7178,809.67847,984.2832
7179,808.2824,989.6665
7180,798.31683,1000.848
7181,790.4249,1010.2482
7182,788.7033,1015.8264
7183,800.11206,1017.45447
7184,833.80536,1012.13257
7185,877.59174,1000.94244
7186,905.0903,993.0092
7187,911.4464,994.76196
7188,911.69354,1003.65564
7189,916.322,1013.7081
7190,926.5345,1018.0294
7191,938.3045,1011.2908
7192,943.9046,995.61395
7193,936.5883,979.32947
7194,919.4455,970.18176
7195,904.886,970.81165
7196,899.7605,978.59924
7197,894.6674,987.6812
7198,874.0432,992.667
7199,841.54926,994.20013
7200,819.0333,997.0356
7201,811.4438,1003.0745
7202,804.0562,1011.665
7203,794.46655,1022.4799
7204,796.23254,1035.394
7205,818.8132,1048.781
7206,857.9375,1057.7122
7207,896.6167,1057.7213
7208,916.8515,1052.4308
7209,915.1478,1049.9359
7210,888.61224,1042.7605
7211,808.33356,1002.1742
7212,666.4042,915.626
7213,542.92346,815.91833
7214,524.2589,746.12634
7215,585.37933,719.17285
7216,647.10333,723.7511
7217,681.67285,739.31445
7218,704.88367,747.1233
7219,726.6012,746.3686
7220,743.631,754.0358
7221,755.5028,781.5979
7222,769.64886,823.04333
7223,796.7468,869.38934
7224,842.1642,915.8694
7225,893.3728,955.4349
7226,919.46545,975.51715
7227,907.1817,964.2989
7228,885.9793,932.38074
7229,885.24835,908.6692
7230,899.42706,903.8512
7231,919.0748,909.38885
7232,946.4151,919.30206
7233,970.66473,928.541
7234,975.5345,931.5524
7235,968.03894,930.05566
7236,967.3287,930.31946
7237,978.4313,934.7728
7238,992.3358,940.77374
7239,993.8255,944.81903
7240,972.0864,944.8609
7241,937.10583,941.038
7242,909.36237,938.55414
7243,891.2295,946.20026
7244,870.57104,964.197
7245,847.28766,978.3886
7246,837.4625,978.5984
7247,861.39856,974.8375
7248,924.0889,978.56995
7249,992.2133,974.74866
7250,1029.3962,938.5695
7251,1039.3975,884.41626
7252,1021.73627,856.8019
7253,958.8407,865.805
7254,869.65674,881.0381
7255,796.171,882.42975
7256,758.9459,877.3226
7257,756.801,878.92175
7258,775.7492,889.08435
7259,795.59644,899.7836
7260,803.1975,903.53723
7261,799.4592,902.9281
7262,791.9637,912.0826
7263,782.11786,941.58875
7264,768.786,980.69165
7265,761.89,1006.7041
7266,769.4372,1010.67175
7267,780.3557,1001.75635
7268,783.3968,992.231
7269,783.59625,987.5524
7270,789.187,986.7213
7271,801.0719,985.8615
7272,813.62885,982.4074
7273,818.5164,977.9789
7274,813.3239,975.33875
7275,802.8374,974.7232
7276,791.8565,975.07794
7277,784.3438,975.21606
7278,782.105,974.51074
7279,782.0026,973.7033
7280,781.40656,972.99396
7281,780.52545,971.50574
7282,779.64746,969.16187
7283,780.6797,966.7308
7284,784.5231,964.8532
7285,785.9657,963.45056
7286,781.1534,961.77344
7287,775.24384,959.40894
7288,774.0223,957.2302
7289,776.56903,956.387
7290,780.89386,956.47815
7291,788.06976,957.9996
7292,799.19855,963.80365
7293,812.5924,972.9811
7294,823.4718,979.7894
7295,829.5842,981.4982
7296,835.85516,979.50867
7297,844.67584,974.0622
7298,850.21155,964.9788
7299,852.3395,954.8959
7300,865.0871,945.317
7301,897.7162,931.5248
7302,919.5018,906.6618
7303,862.8086,871.17444
7304,711.3832,836.9136
7305,563.4248,816.95416
7306,523.94446,812.7207
7307,576.1267,819.427
7308,638.28937,835.3142
7309,675.9063,859.1991
7310,701.89545,888.3228
7311,724.44183,917.3296
7312,730.89526,937.90753
7313,729.3658,945.14935
7314,774.76263,941.2674
7315,884.5283,933.26605
7316,970.40125,935.5802
7317,946.30505,962.92316
7318,841.4061,1002.26526
7319,728.67664,1014.5224
7320,633.09216,982.918
7321,566.9832,935.8797
7322,553.21295,909.802
7323,580.7935,908.5182
7324,612.13306,913.77783
7325,629.32404,916.8901
7326,635.03076,920.7724
7327,633.48206,925.60266
7328,629.2379,926.2268
7329,627.2313,920.0564
7330,631.5293,917.4258
7331,647.8878,937.349
7332,673.9985,978.1238
7333,688.04877,1004.46185
7334,666.06494,987.94446
7335,618.6441,947.0545
7336,606.51154,917.25714
7337,695.67395,898.5317
7338,874.82416,868.7971
7339,1045.3988,828.20856
7340,1117.0344,799.0758
7341,1093.5673,797.1851
7342,1047.0479,819.54083
7343,1021.90106,853.24365
7344,1002.62744,888.043
7345,960.59686,922.07025
7346,895.4368,957.1344
7347,836.0982,989.0319
7348,805.9115,1008.6911
7349,797.9552,1013.3682
7350,796.10254,1009.8287
7351,797.2725,1006.64233
7352,802.1552,1007.0091
7353,805.6777,1008.6705
7354,805.22516,1009.54
7355,804.72205,1011.1437
7356,808.52124,1015.51074
7357,818.8179,1021.3571
7358,833.72,1024.45
7359,845.28265,1021.03467
7360,845.62885,1013.22644
7361,836.0531,1010.62415
7362,831.33954,1019.7013
7363,852.77356,1028.1102
7364,895.9286,1007.1128
7365,892.2453,940.89465
7366,770.14514,852.21405
7367,589.44586,787.9274
7368,491.4059,773.0129
7369,512.18,788.565
7370,579.98413,803.198
7371,636.0802,808.0121
7372,667.92975,814.29974
7373,684.05066,833.5055
7374,698.1113,863.2794
7375,722.6124,891.4929
7376,762.35205,910.7068
7377,808.8831,923.384
7378,846.2494,935.3742
7379,867.16187,947.8614
7380,879.5679,957.9
7381,893.7321,963.82
7382,911.8649,965.8552
7383,927.3537,965.2314
7384,928.61395,964.0891
7385,912.32367,963.9701
7386,890.43243,965.1746
7387,880.12115,967.4652
7388,884.91516,968.93774
7389,889.2932,966.3577
7390,883.0558,960.4801
7391,875.5406,956.2071
7392,875.2117,953.7282
7393,876.6412,949.2025
7394,874.4883,947.4821
7395,883.6798,955.49493
7396,933.0693,963.47906
7397,1016.1201,961.9094
7398,1075.0458,964.63684
7399,1066.1018,983.36584
7400,1004.7735,1005.3316
7401,940.6389,1015.6601
7402,924.8647,1011.6125
7403,977.2321,999.2352
7404,1047.5175,994.9373
7405,1051.162,1001.7458
7406,959.5273,991.6536
7407,825.17535,949.60547
7408,733.0052,903.90784
7409,727.95416,894.2801
7410,787.8816,937.24884
7411,868.8905,1009.247
7412,928.623,1051.1777
7413,905.23553,1007.68243
7414,771.20764,881.2383
7415,608.8236,747.9861
7416,525.4081,681.5132
7417,532.45776,673.98645
7418,573.4756,677.4206
7419,600.5648,674.6207
7420,602.85486,672.51324
7421,598.44104,672.197
7422,607.1212,669.40485
7423,631.9413,666.1739
7424,659.8909,667.9287
7425,675.6124,672.99646
7426,677.2362,675.6888
7427,674.31964,675.9032
7428,672.9127,677.95184
7429,672.4303,683.38116
7430,671.70557,688.87445
7431,669.4324,690.5574
7432,663.27875,688.64014
7433,651.7421,686.495
7434,635.3006,685.7454
7435,618.37,684.8103
7436,608.2842,682.44293
7437,605.3605,678.6343
7438,597.2643,672.2259
7439,580.5468,666.16327
7440,598.90875,679.06384
7441,716.1623,730.65076
7442,909.3196,801.13477
7443,1061.4447,845.0392
7444,1100.1521,855.4211
7445,1072.5919,865.4645
7446,1072.7448,899.19525
7447,1119.9292,951.1607
7448,1143.3875,996.9125
7449,1104.628,1020.48785
7450,1043.524,1029.9819
7451,994.8748,1039.241
7452,960.33276,1048.226
7453,941.446,1050.0452
7454,940.5191,1046.4431
7455,951.2704,1044.7468
7456,963.70984,1045.413
7457,965.67456,1034.3895
7458,946.2547,988.7708
7459,912.37646,910.1451
7460,888.4118,839.1516
7461,883.0844,808.9152
7462,877.66595,809.1158
7463,859.1163,812.1725
7464,841.736,811.17236
7465,848.7963,828.9263
7466,879.7743,887.49316
7467,902.9393,965.9958
7468,900.2278,1022.86255
7469,896.3025,1048.9524
7470,915.54724,1057.0438
7471,946.04865,1049.5222
7472,950.0291,1015.7109
7473,899.52563,947.76483
7474,820.9222,869.5963
7475,772.93744,822.4329
7476,775.8388,809.83875
7477,807.7346,803.24115
7478,845.2544,791.7187
7479,879.0743,788.5535
7480,911.133,802.9724
7481,938.26605,828.0229
7482,942.5248,856.7509
7483,915.1096,893.5661
7484,883.70074,936.83136
7485,890.3882,969.95905
7486,935.71344,981.8972
7487,978.9634,977.8783
7488,994.07544,972.352
7489,981.6252,978.95984
7490,948.09076,995.7326
7491,919.54297,1004.7784
7492,929.2283,1000.4828
7493,953.26746,1005.1269
7494,929.94855,1032.0869
7495,856.1186,1057.7024
7496,790.1895,1060.1102
7497,773.5907,1050.8661
7498,795.88385,1046.4728
7499,820.96173,1037.9542
7500,823.6012,1003.2125
7501,804.25134,940.9235
7502,784.2103,878.7878
7503,786.1589,844.9418
7504,809.7332,841.837
7505,825.4343,846.91766
7506,805.9419,835.10675
7507,767.55096,809.2288
7508,755.0303,810.4972
7509,780.7397,880.38336
7510,805.5643,993.6461
7511,804.9653,1057.6025
7512,824.01416,1009.4318
7513,897.8588,891.946
7514,978.1044,801.4633
7515,1018.3281,777.751
7516,1028.5208,790.642
7517,1007.0483,811.78973
7518,937.02765,841.08215
7519,843.737,878.5461
7520,773.02167,913.79236
7521,741.693,939.8467
7522,747.59186,957.55255
7523,783.06726,967.8734
7524,815.4017,958.4094
7525,807.41907,907.4436
7526,765.72406,835.28876
7527,726.42535,810.10614
7528,709.9324,854.8141
7529,719.63226,921.84503
7530,765.1772,970.81323
7531,844.57196,986.1966
7532,885.9793,947.2902
7533,791.53436,858.51324
7534,600.5993,777.46643
7535,470.00452,751.8189
7536,464.28622,765.3028
7537,527.5109,785.6468
7538,603.9352,809.9569
7539,668.698,838.69507
7540,709.9062,858.9327
7541,725.58386,863.8457
7542,720.9795,858.46606
7543,709.6518,851.92993
7544,705.854,850.3448
7545,709.39667,849.1542
7546,712.7067,841.0779
7547,718.23376,829.9042
7548,735.691,827.2148
7549,764.738,838.31146
7550,782.73834,853.9415
7551,766.43713,861.6852
7552,731.39526,863.01227
7553,714.3718,867.4629
7554,720.8842,874.9148
7555,727.9661,874.80975
7556,721.2168,862.68207
7557,703.20886,850.0466
7558,684.91754,851.9234
7559,684.89264,869.5656
7560,716.0853,892.9845
7561,761.31506,913.07465
7562,790.27313,926.5482
7563,798.62463,936.0766
7564,799.15704,945.70325
7565,798.17755,958.4381
7566,797.1015,976.05396
7567,787.2579,991.07733
7568,749.53925,988.44794
7569,685.35724,961.5853
7570,640.3196,916.24384
7571,674.10895,867.8854
7572,783.0819,843.479
7573,878.0785,858.9722
7574,895.08484,898.43365
7575,869.8007,937.9041
7576,840.7775,961.4649
7577,785.72235,957.7431
7578,701.853,937.0385
7579,638.34076,926.8393
7580,628.17316,937.37805
7581,658.6851,959.5354
7582,701.09033,984.30035
7583,733.3263,1004.82275
7584,747.19684,1015.258
7585,748.923,1016.01587
7586,751.23413,1011.6073
7587,762.0461,1004.24023
7588,778.7683,995.8279
7589,792.65216,989.9818
7590,797.87946,987.29126
7591,797.04517,985.73724
7592,797.90533,985.01135
7593,803.3999,985.5601
7594,808.5228,986.71173
7595,809.3539,987.5395
7596,808.5762,987.3884
7597,809.26324,986.21136
7598,810.52606,986.24225
7599,811.11835,990.7001
7600,811.5164,998.6775
7601,812.01215,1005.2743
7602,811.43866,1008.1367
7603,808.9459,1009.1773
7604,805.8078,1009.58057
7605,805.04236,1007.4453
7606,810.2411,1001.17426
7607,820.3272,993.53345
7608,827.36615,989.65936
7609,825.9293,990.8769
7610,819.7834,994.0427
7611,815.848,996.081
7612,815.6948,996.80444
7613,815.5247,998.5454
7614,812.79926,1002.9698
7615,809.95465,1008.431
7616,811.9189,1011.24115
7617,820.60614,1008.45905
7618,830.4596,1000.4721
7619,832.3412,991.3782
7620,825.0439,986.0635
7621,816.0044,987.77136
7622,807.3235,996.1977
7623,793.9162,1007.08527
7624,778.01294,1016.32104
7625,768.727,1022.90796
7626,767.97375,1027.3663
7627,769.7974,1029.721
7628,769.16943,1029.4133
7629,766.6599,1027.4075
7630,766.7741,1026.7128
7631,772.15424,1028.4016
7632,780.44305,1030.3533
7633,786.9162,1030.9191
7634,789.165,1030.1777
7635,787.13696,1029.1057
7636,781.03687,1029.3301
7637,778.46893,1031.236
7638,804.7262,1031.4703
7639,872.23047,1024.4844
7640,927.5832,1011.7167
7641,905.52954,1006.5491
7642,832.447,1017.2714
7643,781.1183,1032.3716
7644,773.56573,1037.9128
7645,791.3448,1035.6412
7646,813.6272,1033.4908
7647,827.55853,1033.64
7648,836.75104,1036.263
7649,852.6923,1043.5835
7650,871.84845,1055.5719
7651,880.10443,1068.0673
7652,881.4544,1075.6357
7653,893.93445,1073.5662
7654,916.7925,1061.1412
7655,933.018,1043.4701
7656,937.37897,1026.4635
7657,936.02124,1012.1432
7658,929.58276,999.47723
7659,917.7213,984.4136
7660,903.2833,956.7567
7661,861.6052,905.9919
7662,753.10535,843.22125
7663,615.05444,802.6443
7664,545.6752,801.4287
7665,567.5066,818.802
7666,617.93634,827.3795
7667,651.3284,824.56793
7668,668.2522,826.18207
7669,678.8538,842.0252
7670,682.72766,866.67645
7671,678.4305,889.9181
7672,671.3755,907.4961
7673,669.6574,921.44507
7674,680.6679,934.4674
7675,705.82355,946.02356
7676,736.98,956.8647
7677,767.2263,973.145
7678,794.73505,995.4432
7679,816.0753,998.44495
7680,835.9243,930.79565
7681,863.9899,775.1421
7682,892.8037,609.9344
7683,919.1519,555.9808
7684,960.08624,658.16895
7685,995.79675,840.66516
7686,977.9985,981.478
7687,926.007,1028.196
7688,910.66626,1010.1757
7689,945.40265,965.94073
7690,952.611,919.57477
7691,852.806,894.46063
7692,688.57855,900.44806
7693,587.6509,922.2555
7694,599.87537,941.36707
7695,670.3215,956.9319
7696,738.1172,973.72406
7697,784.80945,988.18427
7698,818.5335,996.3078
7699,847.08234,999.29095
7700,867.9262,998.3452
7701,876.24976,994.56573
7702,871.1159,991.45715
7703,856.6297,990.21643
7704,842.6448,987.75684
7705,838.1635,983.14124
7706,841.9151,978.2341
7707,845.8404,972.4898
7708,846.4549,965.10565
7709,846.68005,958.45575
7710,848.6122,954.5496
7711,850.1636,952.95917
7712,848.7635,952.94763
7713,845.4658,954.01025
7714,843.3075,954.2001
7715,841.6205,950.3696
7716,837.92505,942.6388
7717,835.5336,935.6637
7718,840.0586,932.6145
7719,849.4147,931.6653
7720,854.7849,928.87787
7721,851.2242,922.72
7722,844.051,916.31696
7723,841.43036,914.06006
7724,842.27686,915.62225
7725,841.1088,915.69714
7726,840.988,910.9429
7727,847.6726,904.49713
7728,856.5862,901.25726
7729,856.4497,901.2321
7730,842.2394,900.6408
7731,821.275,898.0649
7732,806.5116,895.0543
7733,801.7364,888.91235
7734,797.74005,872.3717
7735,787.4598,847.1155
7736,776.78284,827.272
7737,773.414,827.1893
7738,773.16455,851.30237
7739,766.72235,885.4306
7740,753.5995,907.7919
7741,741.6185,916.2338
7742,737.9268,922.4941
7743,743.80457,930.0232
7744,754.9382,936.4911
7745,765.6736,942.98145
7746,772.95526,951.338
7747,774.4161,956.5275
7748,765.4124,946.84924
7749,746.264,918.8105
7750,728.0563,886.6856
7751,722.4164,866.60767
7752,733.4359,857.7729
7753,754.19086,850.0652
7754,763.9192,843.5301
7755,753.5891,846.1981
7756,743.92615,856.6229
7757,749.25464,864.2433
7758,756.43195,864.01074
7759,754.1142,860.1676
7760,748.9941,858.1094
7761,750.5654,857.86884
7762,757.9416,857.6188
7763,763.6193,861.7115
7764,763.2543,876.8828
7765,759.42975,898.869
7766,759.8115,916.2392
7767,770.5653,923.36786
7768,783.9663,912.37537
7769,762.7005,871.6698
7770,672.7668,809.7352
7771,567.7285,757.0919
7772,541.93414,737.54034
7773,590.68726,751.77203
7774,663.0218,788.12286
7775,763.8054,839.5144
7776,867.9781,899.3914
7777,896.52545,948.7025
7778,845.8526,969.21936
7779,788.45184,963.8422
7780,757.6755,948.9551
7781,731.6459,936.30975
7782,695.9895,928.71967
7783,665.0791,924.1729
7784,651.3255,919.304
7785,650.5869,910.10803
7786,668.1471,891.3321
7787,724.6479,867.5625
7788,797.07996,863.3561
7789,810.00476,893.4921
7790,741.6829,934.3824
7791,652.80554,955.5157
7792,595.9517,952.551
7793,600.4491,929.5717
7794,697.79865,884.66907
7795,854.02155,830.36475
7796,965.28546,788.0926
7797,988.2627,756.9615
7798,961.6557,732.14026
7799,907.83496,731.3269
7800,828.0803,760.45795
7801,755.09845,781.7021
7802,736.1942,756.23145
7803,776.7498,712.2855
7804,810.3839,715.8966
7805,753.697,773.64954
7806,628.62085,836.6657
7807,549.6954,877.3733
7808,561.11774,898.6955
7809,610.1765,905.3863
7810,654.89655,901.10864
7811,690.4463,893.3346
7812,717.1354,889.0336
7813,729.5176,889.326
7814,722.8264,891.271
7815,707.4694,892.3805
7816,702.66437,892.67175
7817,713.4774,894.3655
7818,731.3326,899.61865
7819,745.6757,907.0315
7820,747.30927,911.456
7821,735.2511,909.7051
7822,719.8921,904.1021
7823,716.582,898.6605
7824,735.5194,895.3633
7825,769.35126,894.5559
7826,798.3365,895.5762
7827,812.64355,897.74567
7828,815.3455,901.0955
7829,807.6074,903.75366
7830,789.07684,902.6013
7831,771.8079,898.33984
7832,770.04034,886.08514
7833,763.86365,841.12244
7834,716.2319,748.9862
7835,650.2777,649.9257
7836,631.11346,601.7653
7837,661.7115,606.8565
7838,691.4774,624.8398
7839,698.60535,633.097
7840,699.4648,639.13403
7841,710.83124,654.88416
7842,723.72375,676.8503
7843,713.03033,689.4951
7844,675.0619,685.08014
7845,638.0124,672.18805
7846,625.624,662.9703
7847,629.14795,660.3262
7848,628.0009,659.70294
7849,618.3967,657.51776
7850,612.4621,656.85785
7851,624.1385,664.3846
7852,652.3508,678.2067
7853,673.06696,683.47284
7854,668.9877,667.2402
7855,679.29297,647.04285
7856,762.3845,669.3266
7857,881.3223,747.23883
7858,944.6309,836.7228
7859,946.7237,896.4529
7860,918.94684,916.2632
7861,848.0806,902.68134
7862,754.69037,877.9982
7863,706.7584,858.91846
7864,721.18646,839.3612
7865,759.82776,818.6688
7866,795.1172,807.5015
7867,826.1022,803.42834
7868,866.30804,794.26917
7869,925.4661,780.8584
7870,982.62494,786.2647
7871,1000.07886,820.83185
7872,979.14606,849.3083
7873,956.0391,834.91034
7874,941.7227,786.72046
7875,927.2937,742.26196
7876,926.34595,732.2708
7877,952.2486,758.34375
7878,981.90125,795.96606
7879,980.5706,822.51715
7880,951.34406,837.4262
7881,935.27826,853.4324
7882,949.13,872.03125
7883,955.60754,879.37
7884,923.8264,871.0953
7885,878.94653,865.7895
7886,860.3019,885.0491
7887,870.28485,928.80524
7888,888.77637,975.2153
7889,903.0967,1003.6934
7890,912.4702,1012.4064
7891,921.23456,1009.43054
7892,930.05286,1000.7137
7893,934.4011,994.06726
7894,934.09326,997.3315
7895,934.5238,1006.18604
7896,935.212,1008.87366
7897,931.3056,1004.40845
7898,925.1118,1001.93976
7899,920.3865,1002.95514
7900,913.8119,997.9306
7901,903.7397,982.37805
7902,893.955,963.5288
7903,887.32324,948.09515
7904,885.01263,937.1769
7905,884.64606,932.19104
7906,881.33765,933.54663
7907,874.901,937.03986
7908,867.09375,937.1695
7909,858.7924,932.9472
7910,855.1593,928.6547
7911,859.52576,928.7339
7912,864.144,933.9103
7913,860.30237,940.2605
7914,850.8295,942.80457
7915,842.9402,942.12585
7916,839.64624,941.82556
7917,845.53815,941.3288
7918,871.40186,939.8455
7919,917.78357,942.4806
7920,950.9786,950.0484
7921,934.95105,951.25604
7922,890.4043,941.4458
7923,864.5592,934.24866
7924,866.3785,941.1934
7925,877.8558,957.13776
7926,888.40894,971.5324
7927,894.87115,980.74585
7928,893.10956,986.3673
7929,880.99817,989.5479
7930,862.7949,990.7927
7931,845.16785,990.3871
7932,833.3887,988.1962
7933,833.7075,985.0272
7934,848.1696,981.0547
7935,864.9852,975.8602
7936,868.92175,972.00354
7937,859.51044,972.9531
7938,848.34827,979.57745
7939,843.3015,990.4481
7940,842.3719,1001.28625
7941,840.8204,1006.46643
7942,836.4328,1004.61115
7943,829.3332,1000.8872
7944,822.6231,1001.60895
7945,820.35657,1006.6432
7946,824.7146,1010.389
7947,834.6838,1009.78394
7948,843.8389,1005.5756
7949,845.1453,998.2644
7950,838.903,989.9795
7951,828.8312,986.47186
7952,817.8221,990.1257
7953,810.86456,993.5946
7954,809.884,986.76013
7955,809.7692,970.53314
7956,807.3088,956.7344
7957,805.74835,952.16223
7958,809.46466,952.1678
7959,819.3333,951.0748
7960,831.0173,949.4043
7961,837.35675,949.5464
7962,835.5427,950.2053
7963,830.4256,948.31323
7964,828.05347,943.88184
7965,829.34827,939.41614
7966,832.2736,936.6648
7967,836.6925,937.16266
7968,846.04865,942.2938
7969,861.69885,949.592
7970,876.41205,954.4921
7971,880.87256,957.2001
7972,873.64453,961.93756
7973,861.8359,970.503
7974,859.6504,979.4953
7975,876.5126,976.751
7976,873.17773,942.24664
7977,776.5686,874.4391
7978,609.2734,808.9931
7979,489.85025,778.3649
7980,463.03098,774.4262
7981,476.7742,777.02545
7982,484.3984,780.5679
7983,468.77673,782.8446
7984,439.34985,780.56586
7985,458.3665,776.8339
7986,596.1617,782.5243
7987,806.1058,812.6584
7988,952.38354,875.92737
7989,983.0249,956.2155
7990,947.80054,1017.4721
7991,896.2823,1039.7557
7992,853.1495,1033.7292
7993,832.9061,1019.8392
7994,835.92676,1009.5755
7995,851.0071,1003.80286
7996,865.4919,1000.28705
7997,871.5715,998.3457
7998,870.3933,996.83746
7999,867.3419,994.7581
8000,863.86774,994.20544
8001,858.82056,996.493
8002,853.32214,998.2553
8003,850.25195,995.46277
8004,849.9519,988.1747
8005,849.1546,980.5431
8006,843.7121,976.44354
8007,833.67645,975.6904
8008,825.6879,976.0885
8009,824.3405,977.46063
8010,825.0126,981.01013
8011,822.1351,984.9748
8012,818.4652,985.0642
8013,819.899,980.7393
8014,825.381,976.47235
8015,829.1188,975.2725
8016,830.42236,975.2201
8017,832.49316,973.8666
8018,834.832,971.7464
8019,834.2914,970.288
8020,828.9932,969.8913
8021,819.3824,970.2577
8022,810.2031,970.5292
8023,808.64087,969.6297
8024,815.5824,967.41125
8025,822.2185,965.4316
8026,819.17474,966.8138
8027,808.0641,973.77966
8028,800.10724,983.7728
8029,801.89325,990.5191
8030,809.6787,990.1158
8031,816.9219,984.13965
8032,819.63074,977.53613
8033,818.07104,974.57465
8034,815.8044,975.6732
8035,814.6124,978.1429
8036,813.6316,979.46326
8037,813.8445,978.85
8038,816.4461,976.8093
8039,815.0198,971.56445
8040,799.23486,957.78906
8041,775.0624,936.2686
8042,774.88574,917.6648
8043,818.1547,909.15424
8044,862.8794,907.7694
8045,854.8042,910.13635
8046,807.38135,918.6683
8047,770.3692,931.9571
8048,761.67346,940.0815
8049,767.3875,939.5258
8050,774.2068,937.9826
8051,784.8883,940.5144
8052,806.6761,945.28766
8053,831.45276,950.2238
8054,842.6262,955.0863
8055,840.42633,958.3653
8056,837.8741,957.6
8057,835.3595,955.12915
8058,823.10223,957.12537
8059,803.7981,964.4944
8060,790.02704,973.32825
8061,784.9766,982.3102
8062,785.15424,989.37366
8063,789.8673,989.576
8064,796.0261,984.5889
8065,799.8021,981.7284
8066,804.24084,982.3862
8067,811.9426,983.5068
8068,818.49677,984.47925
8069,820.2954,985.4629
8070,819.34985,985.8292
8071,819.0602,984.4339
8072,819.3902,980.5199
8073,817.56903,976.6248
8074,813.36975,977.03467
8075,808.7256,981.6861
8076,804.7015,984.73975
8077,802.9439,984.3631
8078,805.7223,987.193
8079,812.43726,994.34863
8080,818.5197,995.8632
8081,819.629,986.3536
8082,812.7686,975.6164
8083,797.7674,976.64813
8084,783.18933,987.3026
8085,777.3554,994.94714
8086,778.39264,995.9482
8087,784.9639,996.5737
8088,797.7604,998.7327
8089,807.787,997.77454
8090,804.39825,993.46936
8091,790.42914,991.90936
8092,776.78357,995.2852
8093,771.136,998.8612
8094,774.60376,998.413
8095,781.2799,995.1661
8096,784.8882,992.9296
8097,785.54865,992.22003
8098,785.89777,989.1772
8099,786.79565,982.40247
8100,787.38385,977.16034
8101,786.8466,977.568
8102,786.83093,979.9826
8103,789.69836,979.44745
8104,794.8066,977.6226
8105,798.6309,978.9815
8106,798.58496,982.4222
8107,797.43945,983.2388
8108,800.3752,981.309
8109,806.59753,981.70233
8110,812.0884,986.516
8111,817.8185,987.8495
8112,828.84753,973.3269
8113,846.39746,948.4952
8114,862.7095,942.0736
8115,877.62115,954.8016
8116,889.9127,938.8969
8117,849.1473,876.913
8118,713.25275,814.60767
8119,552.5566,784.9474
8120,470.1947,771.837
8121,474.2012,752.957
8122,511.23807,731.05664
8123,544.3177,725.491
8124,568.7588,745.5518
8125,601.861,776.4836
8126,655.4116,797.31805
8127,710.60016,805.9352
8128,740.03204,821.15356
8129,750.20294,860.4601
8130,770.36285,916.26154
8131,804.13074,960.608
8132,828.9235,977.60815
8133,835.13855,977.89166
8134,834.57697,975.38715
8135,839.02527,968.6817
8136,848.9607,951.6663
8137,856.3127,928.00385
8138,849.9077,904.5799
8139,828.5466,881.0618
8140,808.7121,859.1203
8141,804.7365,846.16724
8142,810.75653,841.3003
8143,813.2106,835.6584
8144,810.54504,827.7498
8145,817.9779,826.81165
8146,851.3937,842.4171
8147,893.8059,868.85114
8148,897.7619,881.3466
8149,851.6932,866.30176
8150,801.991,841.95886
8151,782.8599,829.69037
8152,782.31757,834.20233
8153,785.1211,853.95306
8154,797.266,881.63416
8155,822.37024,904.062
8156,847.34314,913.71204
8157,860.4153,913.53815
8158,862.1726,911.5332
8159,861.58405,912.08624
8160,873.07404,912.42523
8161,897.86426,911.57837
8162,908.42065,913.91644
8163,884.2082,914.0204
8164,845.2688,901.663
8165,819.9202,888.8954
8166,814.02374,900.56915
8167,819.90906,938.7277
8168,825.033,977.49005
8169,823.12994,991.99274
8170,822.1587,982.1814
8171,829.2044,963.88947
8172,839.4038,947.008
8173,843.6151,932.98083
8174,836.9306,925.12537
8175,824.7066,929.61414
8176,819.95074,948.1422
8177,824.77155,971.1524
8178,827.27924,983.9923
8179,823.144,985.0898
8180,819.5679,984.9328
8181,819.7248,988.2349
8182,820.8188,991.3768
8183,821.4288,991.7488
8184,817.37897,990.27216
8185,796.88727,987.2837
8186,762.2349,980.7002
8187,761.0497,967.5964
8188,842.8642,948.3703
8189,956.345,932.386
8190,976.30133,928.28204
8191,859.06836,926.6643
8192,695.4358,915.4437
8193,604.4151,903.13727
8194,613.5372,902.2407
8195,662.3033,909.1045
8196,693.32153,912.5677
8197,695.8492,907.1225
8198,687.626,898.6209
8199,693.30133,901.0814
8200,727.1213,920.8466
8201,775.8194,944.45386
8202,810.7938,953.09503
8203,820.46875,947.37463
8204,811.9102,944.1023
8205,793.2168,952.5676
8206,771.49554,965.96246
8207,753.91644,973.1409
8208,741.5551,969.5163
8209,729.19037,956.36993
8210,713.6251,937.85205
8211,698.3168,920.05865
8212,688.5325,906.61145
8213,684.834,896.06464
8214,684.793,887.6383
8215,688.5942,884.4754
8216,697.1103,887.9774
8217,707.82275,894.14923
8218,718.43384,898.14
8219,729.3062,899.46783
8220,738.6935,899.7842
8221,742.97394,898.7233
8222,742.24896,897.0981
8223,740.2625,898.5879
8224,739.17596,902.62445
8225,734.52344,902.5092
8226,720.9163,894.82605
8227,703.194,884.23846
8228,689.27905,876.5171
8229,676.7792,871.884
8230,660.4248,866.7333
8231,645.4197,859.7747
8232,642.2426,854.916
8233,654.74677,858.8295
8234,678.25305,875.221
8235,701.5203,898.02
8236,710.83545,915.03253
8237,696.62836,920.9386
8238,666.1273,919.3942
8239,662.22473,913.7287
8240,730.26166,901.8384
8241,836.1357,887.1689
8242,891.47266,886.1703
8243,893.45514,897.34595
8244,924.1128,885.84216
8245,986.2087,838.11444
8246,1014.5023,788.7221
8247,1027.0378,765.83527
8248,1074.479,762.69116
8249,1128.4154,767.8424
8250,1115.4309,782.0548
8251,995.22906,807.6886
8252,826.18933,840.28485
8253,716.225,871.7603
8254,689.1368,893.90955
8255,690.2965,895.0386
8256,667.6535,868.25726
8257,607.3682,828.9991
8258,563.3858,801.0005
8259,599.03357,787.5972
8260,677.4295,784.6444
8261,706.73456,798.212
8262,673.3046,823.64105
8263,642.88214,842.20416
8264,654.923,849.6667
8265,687.9721,860.89813
8266,714.3834,888.05225
8267,735.15717,929.5135
8268,765.07184,972.5129
8269,821.8964,988.8883
8270,915.5801,953.8861
8271,1010.03314,892.7039
8272,1049.1619,857.75226
8273,1031.2698,859.3479
8274,992.6024,875.4498
8275,957.1655,895.3268
8276,933.7114,915.90717
8277,920.3515,932.0007
8278,910.6245,943.5118
8279,901.4492,953.96564
8280,894.22766,962.094
8281,896.1147,964.46106
8282,913.1599,962.12286
8283,939.5395,957.38007
8284,964.59247,950.68976
8285,981.5771,943.065
8286,979.85,933.9463
8287,952.00464,921.0026
8288,914.7184,906.91547
8289,905.81537,898.9849
8290,956.7852,898.66986
8291,1044.7614,899.65405
8292,1090.7146,902.80475
8293,1054.8198,917.52936
8294,967.1763,938.6669
8295,849.3046,946.05457
8296,716.8536,933.4006
8297,622.4235,915.2923
8298,614.5596,907.2046
8299,692.40564,918.2116
8300,798.8391,954.1098
8301,863.4211,1002.04456
8302,882.221,1021.8356
8303,910.32184,982.76697
8304,965.6833,908.5449
8305,1010.1586,851.87726
8306,1021.1883,826.1734
8307,1002.3197,811.57947
8308,961.4026,807.8891
8309,928.86566,828.68243
8310,926.89386,872.55676
8311,928.52057,925.44885
8312,902.73615,971.61365
8313,859.7246,1001.131
8314,825.04724,1013.9606
8315,807.84326,1015.5031
8316,805.7955,1011.6817
8317,813.295,1009.2107
8318,822.4087,1012.8836
8319,831.30786,1021.6533
8320,844.8603,1030.166
8321,862.6951,1033.4978
8322,881.9494,1032.1105
8323,902.20514,1032.0789
8324,899.1133,1037.2
8325,822.7895,1037.3174
8326,677.75696,1014.2082
8327,555.86383,971.08954
8328,524.8371,936.33215
8329,559.8834,926.6395
8330,618.5559,926.1491
8331,663.92773,904.98987
8332,634.8178,855.70905
8333,537.3186,806.6311
8334,479.31958,788.21216
8335,515.4315,801.3089
8336,589.77423,827.621
8337,647.26465,853.683
8338,688.1048,877.6347
8339,730.58014,899.7917
8340,779.8414,915.8697
8341,828.92755,923.50165
8342,868.6173,927.89124
8343,892.8795,934.88165
8344,897.78613,943.9897
8345,880.918,951.19183
8346,849.7642,953.5068
8347,822.91187,950.8561
8348,812.45404,945.37573
8349,810.5625,937.89526
8350,800.6073,928.6295
8351,778.2291,922.22815
8352,755.691,926.2503
8353,747.01434,940.5008
8354,752.3556,951.0868
8355,759.1288,946.23645
8356,758.9806,935.3449
8357,756.53796,936.5163
8358,759.67834,951.44073
8359,767.68646,968.6081
8360,770.56696,982.6118
8361,763.64703,995.2473
8362,759.9068,1005.70886
8363,773.206,1011.4118
8364,800.3245,1010.7721
8365,844.3111,995.3339
8366,918.16473,954.8237
8367,993.017,912.05347
8368,1015.99994,917.8025
8369,991.302,972.9035
8370,958.1813,1006.7235
8371,905.88715,967.06
8372,794.78406,887.7539
8373,659.98816,841.4654
8374,593.73236,850.0814
8375,616.7243,879.7781
8376,671.21796,902.5256
8377,711.57294,913.90814
8378,727.70044,913.36743
8379,725.715,902.78253
8380,720.06415,891.2893
8381,722.42523,886.0572
8382,732.1312,885.89185
8383,740.8252,886.6784
8384,740.87415,885.5521
8385,731.556,882.62604
8386,720.65405,881.9212
8387,715.6093,884.9367
8388,716.28156,886.1132
8389,719.532,882.04144
8390,723.34906,881.5233
8391,726.73975,896.4613
8392,730.5401,922.0485
8393,732.3109,939.4215
8394,723.78784,938.80023
8395,704.8902,927.6208
8396,689.08856,918.86005
8397,684.93585,917.2046
8398,686.58344,917.4026
8399,687.3273,915.6078
8400,689.62213,914.66223
8401,700.34937,918.33276
8402,721.82465,926.2759
8403,745.1976,933.4242
8404,759.4578,935.3266
8405,768.53296,933.6895
8406,784.1368,931.5143
8407,804.5507,926.99634
8408,814.36725,917.29016
8409,803.83875,903.98157
8410,781.2922,892.442
8411,762.5772,886.5393
8412,754.4904,885.11523
8413,754.74945,885.06476
8414,757.75006,885.15796
8415,755.86365,885.0854
8416,743.9172,884.5022
8417,726.16077,884.7955
8418,715.80566,887.9952
8419,721.29254,892.777
8420,736.24854,895.36835
8421,750.2513,894.69885
8422,760.2797,893.3369
8423,765.61926,892.88184
8424,764.64923,891.8726
8425,760.55206,890.41864
8426,760.8292,895.4059
8427,769.41504,914.122
8428,781.3484,939.5348
8429,790.0584,957.942
8430,798.3192,970.31085
8431,810.6049,983.52625
8432,821.5722,994.3422
8433,823.41034,998.62506
8434,815.26685,998.0878
8435,800.11505,992.72656
8436,779.18726,978.5323
8437,752.90326,954.9562
8438,725.5553,929.48
8439,704.53436,911.0234
8440,694.8499,902.17755
8441,696.7788,900.2611
8442,705.1759,901.3371
8443,712.7303,901.7474
8444,717.3212,899.4678
8445,721.6985,894.9971
8446,726.6645,889.72144
8447,728.28174,884.6469
8448,720.87445,882.7692
8449,701.1461,889.28625
8450,671.68207,903.2437
8451,643.2111,912.472
8452,627.3165,906.1447
8453,628.7105,889.26904
8454,646.61224,875.9686
8455,665.4813,871.57764
8456,653.0573,868.59454
8457,602.17584,859.172
8458,569.8415,844.4091
8459,624.99713,831.4032
8460,742.35895,829.7752
8461,827.0988,847.2236
8462,852.8147,876.4433
8463,850.37244,894.1097
8464,800.05786,885.99066
8465,691.0353,859.8966
8466,601.1371,829.048
8467,591.51495,805.83685
8468,625.831,803.496
8469,645.5542,822.3746
8470,642.70105,847.16345
8471,663.2428,860.90704
8472,765.33954,857.5882
8473,923.5362,850.3877
8474,1009.79004,858.9883
8475,954.1386,883.19464
8476,835.8192,904.99365
8477,754.45966,912.98505
8478,726.03253,911.3979
8479,721.3595,910.7094
8480,720.5451,916.5889
8481,721.3684,927.1227
8482,724.96497,935.6379
8483,730.9553,937.366
8484,743.3297,939.29254
8485,761.56396,952.8127
8486,773.3577,974.903
8487,772.5954,994.55273
8488,769.1869,1008.75586
8489,772.58923,1017.7096
8490,780.3809,1020.7696
8491,785.04175,1021.5761
8492,783.63965,1024.1025
8493,780.0597,1027.536
8494,778.95166,1029.2571
8495,779.04266,1027.8507
8496,775.57385,1024.7517
8497,767.526,1024.0579
8498,758.4408,1027.9354
8499,753.0268,1033.6562
8500,754.1286,1037.3275
8501,760.0533,1037.486
8502,768.3607,1033.7893
8503,779.15186,1027.04
8504,788.7547,1020.7899
8505,790.9513,1018.3543
8506,789.3707,1018.38135
8507,795.4563,1016.84973
8508,810.13947,1012.64496
8509,821.6806,1007.01306
8510,823.5025,1000.4106
8511,820.4055,993.5514
8512,819.3308,987.5515
8513,821.4206,983.11316
8514,823.0238,981.1082
8515,822.4351,981.33704
8516,821.1515,982.1044
8517,821.46173,982.40094
8518,824.30237,982.4177
8519,827.2087,982.5615
8520,827.21124,982.69324
8521,823.5938,981.6665
8522,817.6524,979.0817
8523,813.5835,978.56903
8524,815.07446,986.04675
8525,818.73505,1000.4848
8526,817.2278,1012.4793
8527,809.8839,1016.36035
8528,802.89276,1015.4716
8529,799.4843,1014.85474
8530,797.37036,1015.5784
8531,793.5675,1016.81396
8532,788.9811,1018.479
8533,792.7811,1017.8521
8534,820.4254,1007.6864
8535,866.9775,989.4675
8536,890.1347,983.69293
8537,869.96155,999.0526
8538,836.65497,999.9156
8539,778.0975,948.9008
8540,647.55237,871.7713
8541,496.141,824.84326
8542,429.3437,814.40326
8543,461.041,807.9395
8544,532.31775,796.03345
8545,592.0414,792.2522
8546,622.1627,798.577
8547,663.0111,806.0886
8548,771.95026,818.4346
8549,903.9193,851.93243
8550,945.96747,911.3645
8551,885.18286,976.1141
8552,803.4637,1019.42224
8553,752.807,1035.7104
8554,732.14655,1036.7167
8555,726.8875,1032.5194
8556,730.6273,1028.0817
8557,744.88104,1027.1732
8558,767.82684,1030.8596
8559,787.4067,1034.3678
8560,780.79456,1026.7384
8561,732.9388,998.7967
8562,668.8726,958.9625
8563,632.88635,928.7282
8564,629.9783,916.5787
8565,636.4721,915.37756
8566,651.53436,922.8587
8567,690.1129,943.6669
8568,742.9847,971.9388
8569,781.9095,992.454
8570,798.5014,1001.95984
8571,806.48535,1009.0414
8572,813.3706,1016.10834
8573,817.92346,1018.08435
8574,822.2611,1013.4793
8575,828.3617,1008.21924
8576,832.1234,1006.8956
8577,823.7414,1001.25385
8578,797.8636,974.7929
8579,768.48663,924.81494
8580,753.4251,872.2115
8581,748.8024,839.23505
8582,744.8069,830.20374
8583,750.5929,848.71436
8584,779.06604,905.6686
8585,815.1715,983.88916
8586,829.23553,1037.3927
8587,818.1613,1048.5839
8588,800.5146,1039.8677
8589,787.40564,1032.9823
8590,781.2692,1035.9663
8591,787.6472,1047.1334
8592,807.26385,1039.9125
8593,799.4309,974.459
8594,707.7164,860.58734
8595,569.3014,764.7611
8596,493.7615,724.44934
8597,515.25586,713.6154
8598,579.3469,701.7403
8599,636.59467,692.4136
8600,676.20013,699.1453
8601,705.7201,717.2559
8602,728.69415,733.7136
8603,739.35956,746.2106
8604,732.6439,758.5625
8605,716.4081,771.6998
8606,711.398,785.0
8607,731.93384,796.4523
8608,769.85376,803.4669
8609,803.6625,807.0181
8610,814.6577,809.7622
8611,791.25885,811.189
8612,725.9636,808.6242
8613,628.50415,804.52734
8614,556.2075,819.555
8615,574.63763,877.91565
8616,670.44775,954.4559
8617,791.82825,986.09625
8618,924.0998,961.16925
8619,1037.3506,932.04364
8620,1076.5474,926.71924
8621,1013.9293,907.7768
8622,848.24493,846.4402
8623,647.8107,784.81647
8624,533.68286,770.4153
8625,531.17633,788.3473
8626,563.8902,805.92816
8627,581.47595,818.4553
8628,583.4269,829.9632
8629,578.92816,837.7734
8630,586.659,847.2365
8631,632.3491,877.4267
8632,710.08563,930.78186
8633,760.7409,967.47235
8634,726.87134,946.1013
8635,628.49786,887.0942
8636,543.5158,845.9824
8637,545.0003,837.3536
8638,677.3772,842.3806
8639,895.1307,857.9013
8640,1056.7631,890.06354
8641,1081.1393,928.96375
8642,1022.2969,960.00214
8643,961.97546,983.8208
8644,936.366,1005.28217
8645,941.3903,1016.1535
8646,923.738,993.7355
8647,823.0107,923.0268
8648,676.75775,835.71564
8649,594.02997,786.32855
8650,611.3354,784.2883
8651,672.83466,799.716
8652,721.0882,812.45667
8653,741.12775,826.12427
8654,750.5988,850.5732
8655,771.87836,879.591
8656,807.7474,896.40344
8657,843.6805,895.9725
8658,868.2811,887.55396
8659,881.7669,883.36536
8660,886.28674,890.2155
8661,879.64545,904.31024
8662,861.3657,913.31213
8663,838.5184,909.9473
8664,817.0479,899.9516
8665,795.86993,891.761
8666,780.2506,885.60443
8667,781.6299,876.4905
8668,795.7065,864.8901
8669,805.1262,858.5509
8670,812.3475,858.73315
8671,824.7255,847.29193
8672,811.2627,801.4128
8673,759.16376,731.5716
8674,721.66675,678.1266
8675,732.48193,659.39435
8676,766.9946,660.3495
8677,807.47064,670.2582
8678,858.5259,691.81824
8679,904.37445,715.9365
8680,916.32965,724.3741
8681,901.5095,717.26526
8682,888.84576,707.91864
8683,879.82996,700.5469
8684,859.7625,693.39844
8685,837.5011,695.1189
8686,838.6234,723.46564
8687,872.9292,777.5173
8688,930.5297,831.2985
8689,991.2616,868.88104
8690,1026.0004,896.7223
8691,1007.3498,921.14856
8692,937.11835,934.2158
8693,863.5336,926.90027
8694,838.9435,914.8585
8695,859.05347,924.4001
8696,881.98486,952.784
8697,884.9373,975.25183
8698,868.7916,980.0913
8699,842.991,974.88464
8700,829.93604,970.93994
8701,852.1877,972.73206
8702,902.21564,979.53406
8703,949.1082,989.20215
8704,971.77264,994.6075
8705,964.6351,985.3786
8706,932.8234,962.1631
8707,899.75366,940.9783
8708,893.25323,937.2558
8709,917.168,952.437
8710,949.4875,973.4753
8711,965.43085,981.3882
8712,958.0888,969.0545
8713,938.86597,949.1756
8714,923.60626,939.1672
8715,919.51416,944.7622
8716,923.14465,960.0323
8717,926.5349,976.21356
8718,922.7903,988.974
8719,911.38354,998.7789
8720,897.6751,1005.1958
8721,886.91046,1005.323
8722,880.664,997.7962
8723,875.47034,982.9669
8724,868.01404,961.91095
8725,859.7747,940.9324
8726,849.49146,930.7209
8727,832.2621,934.3697
8728,812.18304,943.9903
8729,799.9206,951.9555
8730,797.06586,956.89484
8731,798.513,959.8959
8732,802.7599,960.64966
8733,808.0166,958.35077
8734,811.74176,956.0519
8735,817.22595,958.635
8736,825.5435,964.7556
8737,830.7315,969.73236
8738,833.4914,974.6833
8739,842.1841,983.44855
8740,857.1011,995.08026
8741,866.4727,1003.47174
8742,859.9076,1004.5163
8743,842.7463,1003.57764
8744,832.5556,1009.2656
8745,838.60126,1021.67725
8746,848.7542,1033.3488
8747,843.1954,1039.9408
8748,819.7368,1044.5139
8749,795.0999,1048.4426
8750,782.81055,1048.3237
8751,781.2016,1046.1178
8752,779.59216,1047.3705
8753,775.06256,1047.2872
8754,790.19995,1030.749
8755,841.7079,998.8332
8756,884.8761,983.9887
8757,869.5503,1005.51434
8758,825.12695,1037.0747
8759,801.39606,1050.6163
8760,798.7501,1048.5419
8761,802.0779,1043.9287
8762,809.41254,1044.4814
8763,817.5262,1050.4799
8764,818.16016,1056.331
8765,810.85126,1057.9895
8766,803.35065,1057.6565
8767,800.16223,1059.3832
8768,800.5103,1062.5316
8769,803.9594,1063.0996
8770,809.809,1060.1469
8771,814.87885,1056.4741
8772,817.5421,1054.7657
8773,819.07227,1055.5295
8774,818.8086,1057.3086
8775,813.86584,1058.3037
8776,804.92017,1057.3396
8777,796.6563,1054.3225
8778,791.2387,1051.233
8779,786.7614,1050.7874
8780,783.15424,1053.648
8781,783.9865,1058.1849
8782,789.4424,1061.3458
8783,791.4769,1059.1666
8784,780.04144,1049.9564
8785,753.47943,1038.0325
8786,722.8235,1030.4434
8787,702.86475,1028.1357
8788,693.9689,1023.3866
8789,683.1208,1009.5767
8790,670.31647,991.54626
8791,674.8269,980.4666
8792,708.89404,979.53186
8793,761.20764,976.4925
8794,796.7564,947.15753
8795,772.8497,876.67035
8796,693.8342,784.6386
8797,628.5323,711.66895
8798,629.25653,680.9193
8799,679.8412,687.0991
8800,744.9448,703.8968
8801,807.61224,695.08215
8802,850.15735,652.165
8803,857.5913,613.1657
8804,842.4332,609.6434
8805,826.8081,626.9636
8806,816.1935,639.38586
8807,812.7872,645.86176
8808,833.5596,668.4291
8809,881.6769,723.4789
8810,903.79486,781.9624
8811,848.0626,796.00525
8812,759.3466,771.855
8813,720.86285,752.5915
8814,738.9038,749.196
8815,765.54504,749.3929
8816,777.128,758.43506
8817,781.322,791.7259
8818,787.466,847.08704
8819,794.8148,902.30725
8820,801.1034,941.3576
8821,818.5531,960.6208
8822,869.8221,943.3696
8823,947.8886,879.8676
8824,996.57587,814.5757
8825,961.7956,804.9709
8826,856.0658,845.82904
8827,754.5232,891.508
8828,719.49,920.59015
8829,742.07324,939.7719
8830,774.3254,957.1756
8831,789.962,975.46497
8832,790.1275,992.0374
8833,778.9704,989.0184
8834,755.73987,943.6814
8835,725.1531,874.42554
8836,700.9623,837.66266
8837,693.2754,853.71857
8838,701.1723,886.7164
8839,714.3459,901.5042
8840,715.8257,899.53186
8841,692.2834,907.7038
8842,654.98584,941.94196
8843,651.64374,973.60614
8844,720.7248,960.0496
8845,819.938,913.62225
8846,869.2356,885.4618
8847,862.91266,890.49896
8848,857.5013,903.72736
8849,880.8561,904.61584
8850,910.1175,891.6878
8851,901.20966,879.51697
8852,823.5782,887.1359
8853,706.53033,909.9072
8854,631.0016,923.6246
8855,634.4023,925.01965
8856,674.3762,935.7448
8857,704.6104,970.3639
8858,722.3809,1017.3781
8859,739.8083,1044.1946
8860,760.60205,1027.974
8861,786.77466,987.88885
8862,816.3017,964.606
8863,836.61084,970.1528
8864,838.95166,987.21344
8865,830.4603,1000.6386
8866,822.02466,1004.24994
8867,812.93866,996.5388
8868,786.4761,984.60565
8869,725.02,979.71246
8870,651.7405,981.5858
8871,640.19653,975.47
8872,733.7192,950.6697
8873,863.67505,919.7603
8874,918.5534,909.6887
8875,881.2956,929.4469
8876,812.4981,958.25446
8877,749.261,972.1504
8878,702.26184,973.4173
8879,684.17395,981.4497
8880,692.1283,1001.1237
8881,705.03845,1019.3451
8882,706.6513,1026.7749
8883,694.43463,1025.7427
8884,676.2695,1021.1324
8885,665.18335,1013.9858
8886,673.6309,1005.37805
8887,707.67865,1001.68823
8888,755.1111,1006.375
8889,788.216,1011.9261
8890,788.9333,1011.5625
8891,760.65045,1007.12195
8892,722.67426,1000.62317
8893,698.4489,993.1317
8894,699.57947,989.90497
8895,722.3554,994.45575
8896,752.8904,1002.06305
8897,774.86304,1006.6321
8898,782.12006,1007.51495
8899,779.619,1005.9256
8900,772.86194,1003.4826
8901,762.62366,1003.69214
8902,749.0577,1006.84143
8903,738.9351,1009.04236
8904,741.3558,1009.8358
8905,753.89966,1011.94507
8906,765.0657,1014.42535
8907,769.32043,1014.1719
8908,768.3781,1011.1679
8909,765.1358,1007.5188
8910,762.4305,1004.5759
8911,759.52924,1002.7013
8912,743.9784,999.20135
8913,692.43066,984.4933
8914,608.4103,951.5258
8915,554.5728,913.96246
8916,599.07837,893.498
8917,733.7438,888.0952
8918,867.03784,887.0956
8919,912.33435,904.9037
8920,880.4716,952.25854
8921,839.7965,1000.5362
8922,820.97266,1019.18365
8923,815.484,1012.7611
8924,818.23926,999.3431
8925,832.7032,989.9568
8926,853.57855,991.2013
8927,866.34784,1003.2429
8928,863.8659,1017.4441
8929,853.9471,1025.4778
8930,850.0815,1029.4136
8931,855.54443,1032.6666
8932,846.79724,1017.0456
8933,781.4194,955.8754
8934,661.6513,869.3582
8935,564.73364,820.41516
8936,551.774,834.0016
8937,596.11346,872.05493
8938,637.8364,888.91345
8939,647.7657,874.53326
8940,634.7441,852.77057
8941,626.3367,851.2449
8942,642.28217,875.0773
8943,685.04047,913.1506
8944,739.71783,954.7544
8945,782.08673,989.44604
8946,815.7696,998.83777
8947,875.92786,963.0971
8948,960.97144,894.7257
8949,1013.2397,842.85175
8950,989.14734,830.6652
8951,896.03894,830.2698
8952,780.5177,822.02814
8953,708.0661,824.575
8954,711.6598,852.5721
8955,761.13403,888.315
8956,802.47144,910.6769
8957,807.86945,923.4921
8958,787.5399,939.7651
8959,769.3528,960.7594
8960,768.1228,979.7811
8961,778.4214,994.19977
8962,791.74994,1009.01086
8963,803.7611,1024.9596
8964,815.05774,1029.1609
8965,829.5156,1011.95844
8966,840.83795,986.4526
8967,843.8892,974.793
8968,854.9935,981.6968
8969,881.7634,991.76587
8970,904.3105,989.1504
8971,912.3773,973.0242
8972,900.23627,944.28876
8973,840.3709,897.06354
8974,740.9435,844.83997
8975,656.40826,818.3714
8976,598.0496,826.84674
8977,548.4161,853.75916
8978,526.80524,880.8216
8979,545.657,899.12775
8980,580.3214,909.7629
8981,611.6148,920.17255
8982,641.4797,935.1379
8983,676.3323,952.1837
8984,718.42426,967.53925
8985,760.9845,979.4582
8986,782.70013,983.8163
8987,763.43256,974.41626
8988,718.485,954.198
8989,690.21484,939.0312
8990,692.70624,938.54785
8991,696.8776,943.2073
8992,678.98083,939.8027
8993,667.7547,924.7208
8994,721.1767,895.8668
8995,833.5222,851.0563
8996,913.2353,803.05524
8997,899.04016,774.0972
8998,831.2307,768.65936
8999,779.4419,771.3358
9000,767.4376,769.5889
9001,773.73785,765.9231
9002,769.03754,767.91785
9003,752.0607,771.47504
9004,741.3856,765.9486
9005,740.12964,753.12164
9006,737.60547,743.9295
9007,732.3438,742.29504
9008,731.69104,744.13257
9009,736.2769,744.46594
9010,736.0006,740.76074
9011,725.1725,734.06433
9012,712.5635,727.2168
9013,712.1771,722.47296
9014,728.7356,721.9098
9015,751.9365,725.95
9016,768.38855,730.944
9017,774.62976,732.1811
9018,775.16205,729.3685
9019,776.3824,727.07324
9020,778.8459,729.7283
9021,773.7943,737.2855
9022,756.02936,745.1756
9023,735.5753,747.9929
9024,723.68756,744.7163
9025,715.62976,740.1133
9026,703.8762,739.23724
9027,693.19653,742.05
9028,690.0595,745.46344
9029,694.55963,747.9068
9030,704.41034,749.48517
9031,714.34503,750.2826
9032,718.70966,750.16064
9033,723.59845,748.6003
9034,742.1419,745.37836
9035,768.9632,742.51385
9036,784.3854,742.5868
9037,788.3616,744.4684
9038,796.78235,744.9959
9039,808.344,744.53064
9040,806.5168,747.35376
9041,788.1916,757.17584
9042,771.52124,769.715
9043,775.4381,772.90564
9044,794.93506,765.76013
9045,807.13214,762.4628
9046,803.9696,767.32025
9047,800.9596,770.9623
9048,808.3016,769.56976
9049,811.4868,766.11304
9050,799.71124,762.7208
9051,789.29956,761.6065
9052,796.45807,765.34076
9053,816.8146,773.10956
9054,837.2501,779.8357
9055,848.9434,780.7795
9056,850.9865,776.95856
9057,847.4755,773.879
9058,846.36615,774.31116
9059,856.13196,775.37976
9060,872.4743,774.2378
9061,869.1878,778.032
9062,821.23425,805.1433
9063,748.1732,862.48303
9064,700.17645,924.4124
9065,693.20544,951.48004
9066,701.8752,928.98096
9067,705.2047,883.23926
9068,706.60126,853.0188
9069,718.241,847.314
9070,737.44116,851.49097
9071,750.24756,856.8079
9072,754.154,862.9033
9073,757.33026,872.3669
9074,763.51434,889.57513
9075,769.75696,912.95135
9076,774.5041,933.5678
9077,781.8639,943.1119
9078,799.43933,931.06433
9079,836.63135,889.60236
9080,889.2517,837.1284
9081,928.10724,807.01385
9082,929.3504,810.3891
9083,892.7445,839.0833
9084,825.9097,883.9495
9085,754.6896,927.14105
9086,716.03375,943.91504
9087,711.73,930.03796
9088,718.5847,915.9812
9089,732.735,937.2629
9090,761.9203,985.1966
9091,802.5756,1017.70306
9092,842.24976,1020.6816
9093,861.09314,1013.66113
9094,846.69446,1010.06274
9095,822.4946,1007.9852
9096,820.6463,1003.09265
9097,831.0154,994.6487
9098,824.09906,985.10944
9099,803.63885,977.91943
9100,797.8051,974.0065
9101,817.0142,971.7267
9102,848.9261,970.3299
9103,881.46893,969.0143
9104,907.0403,965.81354
9105,913.75653,959.91016
9106,892.2228,950.86707
9107,850.4473,937.96295
9108,809.10736,924.5804
9109,784.53564,920.1776
9110,785.509,931.7001
9111,806.9481,953.2282
9112,824.66223,971.5682
9113,820.6238,980.4139
9114,800.4273,982.088
9115,777.19073,980.33307
9116,757.5647,976.74646
9117,743.1394,972.6574
9118,734.1055,970.82886
9119,728.8322,971.0405
9120,724.7143,967.2571
9121,722.35126,955.28467
9122,725.65497,940.3749
9123,734.5634,931.28455
9124,742.2132,929.1349
9125,748.4645,927.78815
9126,757.5967,922.76794
9127,757.4977,916.2263
9128,741.3777,913.9882
9129,730.3903,919.05066
9130,736.0498,929.3693
9131,743.22723,941.13275
9132,743.4203,952.3462
9133,745.6019,961.1588
9134,756.0574,957.7996
9135,767.71106,928.54626
9136,771.6465,880.11584
9137,768.69617,839.4646
9138,762.67206,820.2641
9139,754.3375,815.60016
9140,744.0899,817.013
9141,730.649,820.526
9142,714.31793,823.62994
9143,699.5857,824.2677
9144,688.76764,821.8943
9145,694.167,820.156
9146,745.5368,826.2468
9147,847.7958,846.0065
9148,959.85834,877.73413
9149,1034.8949,906.33484
9150,1051.1597,913.4323
9151,1019.4991,901.9064
9152,972.4409,894.9445
9153,939.26263,906.473
9154,947.445,925.20447
9155,1006.84955,929.7386
9156,1064.4359,914.05133
9157,1055.979,893.3684
9158,1000.24835,884.97345
9159,947.66864,890.6394
9160,896.26196,900.6324
9161,833.5672,906.592
9162,779.7793,909.0654
9163,753.9444,916.54144
9164,750.3865,933.3948
9165,754.79346,952.9478
9166,762.08215,969.0744
9167,775.5591,985.43384
9168,792.918,1005.7719
9169,806.63983,1022.7374
9170,829.36847,1021.95776
9171,882.2866,995.4751
9172,942.37463,952.43835
9173,981.30286,914.3896
9174,1028.177,899.2427
9175,1082.6222,905.41833
9176,1053.2964,901.3656
9177,876.67,857.2493
9178,633.0682,796.8865
9179,481.7817,768.22327
9180,492.3312,775.0058
9181,598.041,790.229
9182,689.83984,802.20514
9183,701.868,812.27985
9184,648.8696,820.8179
9185,597.8489,829.85876
9186,585.1644,840.26636
9187,583.4018,845.2675
9188,554.99603,838.673
9189,516.85803,828.7579
9190,515.8277,830.981
9191,541.02747,844.01624
9192,535.5658,851.4402
9193,500.16144,849.34607
9194,519.4034,851.75037
9195,663.8273,867.8628
9196,872.7973,891.68823
9197,1000.4892,917.9977
9198,1002.0312,949.8871
9199,960.6531,984.59235
9200,938.9799,1008.3793
9201,929.14154,1004.60016
9202,922.48193,969.0885
9203,939.72974,928.2696
9204,987.8607,915.5682
9205,1036.4979,928.3569
9206,1059.5546,941.8122
9207,1060.9554,945.7787
9208,1053.1244,945.9784
9209,1032.6957,946.851
9210,964.7999,940.4291
9211,821.255,916.9268
9212,669.56757,890.59094
9213,634.6505,890.6312
9214,733.52356,919.27954
9215,850.94434,949.1981
9216,871.30597,952.8641
9217,776.5857,915.9113
9218,654.7842,851.5048
9219,603.72174,796.6381
9220,626.6487,772.61914
9221,669.1986,770.92584
9222,701.2734,774.18616
9223,721.55237,772.24133
9224,734.43616,766.3903
9225,739.9943,762.6518
9226,735.7745,762.4201
9227,726.37463,763.29553
9228,721.15497,764.19104
9229,721.5213,765.5746
9230,720.4001,767.3481
9231,713.8764,768.8229
9232,706.5777,769.1577
9233,704.6049,767.43787
9234,708.56256,764.34534
9235,716.6468,762.1771
9236,727.8587,760.9471
9237,739.3569,757.9943
9238,746.6853,753.1162
9239,748.4638,749.6835
9240,748.46204,749.7327
9241,752.5002,750.95404
9242,762.1904,750.024
9243,770.0529,747.58405
9244,768.0492,746.69617
9245,763.07855,747.69183
9246,768.58826,748.4357
9247,777.31586,748.8778
9248,764.5461,751.4904
9249,727.94214,756.101
9250,696.89667,758.9233
9251,691.0016,758.4658
9252,698.7807,757.34045
9253,702.9483,757.61566
9254,701.3982,758.57697
9255,702.04016,758.9155
9256,709.2139,758.32446
9257,717.76965,756.8907
9258,721.4085,754.86365
9259,721.3867,753.0806
9260,723.03467,752.4383
9261,730.0139,752.8193
9262,741.73987,752.9654
9263,752.5101,752.5304
9264,759.254,752.9899
9265,766.50366,754.87494
9266,771.9915,756.9623
9267,768.78564,758.6002
9268,768.3146,760.40497
9269,777.3295,763.72687
9270,772.03217,768.87634
9271,742.6815,773.0297
9272,717.1955,773.0309
9273,716.5308,769.4651
9274,733.30493,765.4325
9275,753.83234,763.0599
9276,770.81915,762.1351
9277,783.6124,761.2741
9278,800.2193,759.26135
9279,822.58325,757.0798
9280,821.0907,762.7869
9281,760.8256,786.60675
9282,670.4199,824.02386
9283,620.0744,858.4076
9284,624.0391,882.25616
9285,646.7391,897.01044
9286,685.6012,895.96216
9287,762.6443,869.6284
9288,852.0391,831.02264
9289,899.7152,809.2936
9290,907.3469,812.05884
9291,919.0928,823.21893
9292,945.42126,833.60126
9293,962.72266,844.97144
9294,957.2557,852.22076
9295,933.11536,845.3565
9296,906.8311,825.4742
9297,900.7092,802.38367
9298,921.2076,782.1513
9299,950.6373,771.16583
9300,953.77216,786.65356
9301,898.39355,842.51556
9302,800.872,917.0407
9303,722.4825,964.1818
9304,696.3325,967.6916
9305,703.22577,951.53046
9306,717.212,941.766
9307,729.36017,944.2685
9308,738.2408,951.22473
9309,744.35596,955.7514
9310,749.1823,957.7971
9311,752.9955,959.174
9312,755.4624,959.5462
9313,757.8118,959.3108
9314,761.10864,960.9786
9315,763.27795,964.7714
9316,763.13135,968.24554
9317,763.7282,970.35187
9318,766.1278,970.8072
9319,767.40216,968.6423
9320,767.2238,964.5719
9321,769.1143,962.0535
9322,775.34973,964.1477
9323,782.85004,970.0023
9324,783.8125,977.1964
9325,770.4527,984.8521
9326,744.4041,988.5349
9327,729.2667,977.2171
9328,752.37573,952.4861
9329,796.43805,944.1038
9330,818.4951,970.2133
9331,822.1279,1002.5812
9332,838.2377,1010.10815
9333,865.9678,994.34814
9334,900.3715,963.85864
9335,952.4771,922.9647
9336,1006.32153,885.9957
9337,1028.1724,866.8409
9338,1011.4686,864.7747
9339,968.79016,875.24725
9340,919.1453,897.0037
9341,887.4986,925.67615
9342,873.7647,952.832
9343,853.1873,972.43774
9344,827.10394,983.96515
9345,818.32635,988.8646
9346,825.62225,989.47375
9347,831.2076,990.7224
9348,829.64404,995.8485
9349,826.52966,1002.3751
9350,824.64233,1005.2998
9351,820.9604,1001.4371
9352,816.3307,992.7631
9353,819.73303,985.7427
9354,835.9884,983.09686
9355,855.029,980.7872
9356,860.80096,976.63135
9357,849.3162,974.8749
9358,833.8872,978.67725
9359,829.5233,983.5241
9360,836.525,983.3651
9361,845.7904,979.9367
9362,844.6807,979.35114
9363,816.2761,981.2251
9364,763.8198,979.73413
9365,723.57214,975.1903
9366,721.19934,972.5259
9367,742.948,970.5261
9368,767.46857,965.8698
9369,790.4518,960.0232
9370,814.0987,952.5929
9371,831.9763,935.74915
9372,806.18036,902.14984
9373,695.38434,859.7135
9374,550.7596,828.9765
9375,475.89603,820.65045
9376,484.5922,827.06146
9377,545.4226,837.83655
9378,665.35583,857.48285
9379,799.6686,897.0871
9380,854.0904,948.54846
9381,827.63983,988.24884
9382,794.14575,1004.19806
9383,785.9784,1002.40704
9384,790.42957,994.4349
9385,794.93445,987.79834
9386,796.82416,985.2129
9387,795.0397,985.6919
9388,787.0657,984.88275
9389,772.42224,982.14795
9390,755.4779,982.53613
9391,742.2192,987.59033
9392,733.2749,993.6786
9393,726.3095,997.2939
9394,723.49225,995.5528
9395,729.64417,986.7236
9396,744.8103,974.05206
9397,762.0538,963.9888
9398,773.1673,959.06854
9399,775.7346,956.2762
9400,774.2435,950.93384
9401,774.40015,941.899
9402,775.48834,934.3751
9403,769.86774,933.816
9404,760.23364,937.76263
9405,769.6459,939.11346
9406,804.4425,935.3036
9407,830.7335,929.70087
9408,818.4695,927.13416
9409,773.6275,930.4092
9410,724.631,938.4945
9411,698.1952,948.69324
9412,696.1877,958.83124
9413,700.2351,963.2493
9414,697.9523,955.53107
9415,692.7472,941.1518
9416,695.8338,932.80396
9417,712.13324,931.752
9418,732.3162,931.2654
9419,743.63055,932.10345
9420,743.86414,938.7196
9421,736.0066,947.621
9422,721.08136,950.9145
9423,706.55896,948.1754
9424,707.3977,945.10486
9425,729.5866,943.16064
9426,760.52234,940.2555
9427,781.16174,937.38025
9428,780.9232,938.8173
9429,759.4248,948.6169
9430,728.9288,965.4279
9431,710.34607,980.52423
9432,712.0932,985.45074
9433,722.4351,980.77997
9434,727.5575,974.432
9435,730.2208,971.2161
9436,743.98505,968.48956
9437,768.193,963.90656
9438,786.6263,959.4483
9439,792.4439,957.35205
9440,792.64795,958.0284
9441,794.32947,961.8039
9442,800.87085,969.9895
9443,810.8285,980.2672
9444,817.72894,986.1889
9445,819.52313,987.14166
9446,820.6801,989.1045
9447,820.8187,993.73114
9448,814.88116,996.7539
9449,803.14404,995.00995
9450,791.33716,989.5059
9451,786.0317,984.0466
9452,788.7284,981.23553
9453,792.56116,980.111
9454,792.6314,979.36755
9455,793.89795,979.7256
9456,799.40894,982.2279
9457,802.09033,987.2094
9458,800.57996,992.44574
9459,811.9792,986.92346
9460,849.45905,957.1123
9461,896.285,912.304
9462,937.6621,881.77985
9463,991.65906,878.5593
9464,1054.3539,894.3049
9465,1081.7479,917.1729
9466,1065.6799,935.0661
9467,1033.2733,946.8399
9468,992.79675,969.07776
9469,960.2635,1008.7728
9470,960.5537,1037.4202
9471,946.92426,1010.46295
9472,822.75903,926.47565
9473,606.7427,849.613
9474,450.9581,834.1535
9475,437.4386,860.5362
9476,505.08005,885.10583
9477,580.7213,898.70544
9478,646.3141,914.1346
9479,702.272,937.4823
9480,747.39276,962.24866
9481,780.7462,981.38873
9482,795.3748,995.4783
9483,784.7178,1005.4357
9484,762.9864,1007.80176
9485,757.43835,1002.2214
9486,774.7186,996.77924
9487,799.02545,999.1343
9488,820.6072,1004.52924
9489,842.97437,997.16626
9490,867.7566,966.7133
9491,884.4131,927.3979
9492,880.73047,907.0021
9493,860.63947,910.68396
9494,837.15564,917.5675
9495,816.6129,911.932
9496,802.9317,898.7089
9497,801.52094,892.00244
9498,810.2514,898.3692
9499,818.6859,911.63873
9500,820.7687,920.822
9501,821.3694,917.9545
9502,825.4216,900.7265
9503,826.4519,879.16956
9504,812.7799,877.01166
9505,784.0083,908.75793
9506,758.6334,955.14233
9507,756.36615,984.7092
9508,775.6744,994.2019
9509,803.27325,999.8941
9510,832.14624,1008.52344
9511,856.6547,1016.7591
9512,871.0278,1018.8531
9513,883.6546,1006.52344
9514,900.4891,975.2297
9515,893.99274,937.4125
9516,847.3071,913.7062
9517,800.50757,908.586
9518,790.5401,911.5987
9519,803.46423,914.6117
9520,814.79675,916.9642
9521,820.30054,920.7073
9522,824.0335,926.42395
9523,826.8346,933.34436
9524,825.83923,939.3984
9525,818.8619,941.9331
9526,809.63934,939.52203
9527,804.5992,929.6349
9528,807.70917,910.34863
9529,818.39734,887.1347
9530,826.7443,870.82245
9531,820.36456,874.548
9532,802.78546,907.3687
9533,791.1479,954.17737
9534,792.42114,984.0291
9535,796.5451,989.7746
9536,794.59827,990.10394
9537,789.86804,995.50635
9538,790.8436,994.88336
9539,800.0503,974.10297
9540,807.51764,938.8086
9541,797.686,907.0507
9542,768.79034,886.1709
9543,742.75183,876.73364
9544,744.25775,881.96234
9545,767.0312,897.38586
9546,781.53546,910.5863
9547,777.99567,914.8261
9548,770.83203,911.6751
9549,767.3838,905.4578
9550,764.67664,900.5922
9551,765.0909,899.1154
9552,773.57623,899.2317
9553,786.73755,899.1637
9554,793.47266,898.97076
9555,787.6324,897.7277
9556,776.56616,894.4861
9557,771.37537,889.93463
9558,772.27325,884.24677
9559,770.2656,877.2378
9560,762.181,873.00323
9561,755.0544,879.62854
9562,755.317,897.4017
9563,772.72534,913.66223
9564,823.3612,917.43506
9565,897.5102,911.62213
9566,953.20496,906.69525
9567,952.94366,912.2685
9568,886.2324,933.8265
9569,790.59235,963.7452
9570,732.566,983.1436
9571,730.3449,983.74097
9572,746.2052,975.20026
9573,751.667,969.94604
9574,749.3175,971.4846
9575,750.3213,974.70953
9576,757.39044,975.29926
9577,764.3132,976.72284
9578,765.9731,982.349
9579,764.45746,987.712
9580,764.3992,988.5461
9581,766.18494,987.4981
9582,766.40436,987.70276
9583,765.4408,989.0636
9584,768.1128,991.1683
9585,773.07654,993.5025
9586,772.75604,995.1983
9587,766.7514,995.1103
9588,762.8906,992.05457
9589,764.44727,986.8807
9590,766.07153,981.93475
9591,763.9073,978.3497
9592,759.79376,973.8913
9593,750.56165,963.3244
9594,730.13776,944.1114
9595,705.08514,920.8138
9596,689.2489,900.8456
9597,686.83734,888.02203
9598,690.22766,883.8065
9599,690.06647,888.89764
9600,685.9543,896.8571
9601,685.03253,898.5785
9602,692.80664,901.6316
9603,710.2477,924.45703
9604,729.91895,961.8851
9605,737.95905,985.0339
9606,735.07794,980.77344
9607,743.4521,962.5332
9608,777.6487,947.41644
9609,818.098,942.3723
9610,832.7501,945.85913
9611,817.5982,953.5975
9612,788.07007,960.63495
9613,751.1401,961.83167
9614,712.66034,957.00214
9615,683.682,951.87415
9616,668.4952,950.11566
9617,664.47516,950.1799
9618,668.2493,950.3264
9619,675.1099,951.0566
9620,679.6445,952.9058
9621,679.49493,954.3836
9622,677.22314,953.53485
9623,677.2283,951.7626
9624,681.0521,952.9906
9625,687.70135,958.0284
9626,696.3641,963.40295
9627,705.7295,965.5533
9628,712.07336,963.2082
9629,712.58575,958.36066
9630,710.26135,955.3545
9631,709.86334,956.20496
9632,711.977,958.7266
9633,714.7381,959.6203
9634,715.51196,958.0022
9635,711.80096,956.5869
9636,705.833,959.0682
9637,702.35144,963.16095
9638,698.9259,952.7798
9639,686.6153,909.8872
9640,663.89905,846.90533
9641,644.6163,802.845
9642,646.2425,801.2755
9643,668.8249,836.65594
9644,691.2288,885.8268
9645,696.9197,923.5648
9646,693.1106,941.7455
9647,693.55817,947.28595
9648,701.1726,947.7954
9649,712.45465,948.30383
9650,722.2086,951.2853
9651,726.97186,955.92084
9652,729.1624,960.7754
9653,732.09906,965.7108
9654,733.50494,967.0363
9655,728.5336,950.9292
9656,718.39905,905.06433
9657,712.1781,846.1299
9658,713.22644,808.8007
9659,710.8167,800.9797
9660,696.95483,804.698
9661,680.1351,808.35406
9662,676.6227,811.36304
9663,695.72876,816.7095
9664,727.90906,828.54205
9665,748.1539,845.49567
9666,741.61365,858.849
9667,724.8507,861.94904
9668,730.00134,854.9869
9669,764.71173,844.3226
9670,807.30194,841.98584
9671,845.08307,854.2141
9672,889.5513,873.297
9673,945.72394,889.9126
9674,993.60583,901.59314
9675,1011.1594,908.43933
9676,993.6797,913.0795
9677,955.0322,917.3817
9678,928.34155,915.36523
9679,943.6278,902.70734
9680,988.5317,888.4092
9681,1007.75165,887.0247
9682,967.3195,898.51807
9683,906.604,898.00323
9684,875.2087,867.51855
9685,860.7224,827.2012
9686,839.46277,804.7687
9687,824.4141,804.79706
9688,833.3151,822.3019
9689,871.4269,849.89594
9690,927.1446,867.09985
9691,964.0681,851.6065
9692,962.0066,808.51373
9693,948.5481,768.4101
9694,953.1737,758.8569
9695,968.4597,788.11914
9696,974.0606,831.7876
9697,963.4897,843.3643
9698,950.2035,813.5983
9699,960.87823,784.9862
9700,994.15875,789.3323
9701,1005.3457,819.5441
9702,971.287,858.2245
9703,924.61285,894.8405
9704,898.08105,921.79987
9705,885.5914,934.04834
9706,886.36926,930.707
9707,934.1719,915.19366
9708,1023.9972,902.21606
9709,1072.402,904.9166
9710,1012.4602,905.2866
9711,872.0832,877.6349
9712,733.90375,834.1577
9713,656.1816,807.1884
9714,641.05536,808.30225
9715,664.3628,823.70233
9716,713.6476,834.3984
9717,783.6423,839.4395
9718,851.03687,856.6697
9719,881.0113,893.9745
9720,868.7553,932.1314
9721,848.8802,948.3738
9722,845.3642,943.539
9723,844.4424,934.05206
9724,831.75903,928.6423
9725,822.6934,921.4818
9726,842.34784,907.73987
9727,894.71484,896.2901
9728,962.20605,892.8957
9729,1021.03503,887.4228
9730,1042.5887,876.2338
9731,1006.5734,872.6953
9732,933.3258,885.6033
9733,868.24915,907.298
9734,818.50586,916.46454
9735,748.2495,891.6163
9736,667.3297,837.19653
9737,649.91974,781.27637
9738,711.7602,746.0345
9739,777.31445,735.5499
9740,794.0145,739.4903
9741,779.6306,745.6982
9742,770.69385,751.3713
9743,779.5281,756.75745
9744,793.40045,759.39746
9745,798.6869,758.4036
9746,796.3214,755.8299
9747,793.3259,752.6716
9748,792.5474,748.53864
9749,795.848,746.4733
9750,806.41394,751.0692
9751,821.0027,759.2309
9752,829.7764,762.0407
9753,831.80945,758.941
9754,835.516,758.32947
9755,838.5487,763.60626
9756,830.22534,770.5604
9757,813.9441,775.8726
9758,805.6106,780.4253
9759,813.0003,786.4157
9760,829.68866,794.7175
9761,846.8065,804.87177
9762,861.4254,815.09985
9763,872.16473,822.6737
9764,877.49426,826.90155
9765,880.5611,829.79486
9766,884.62665,832.82477
9767,885.91766,835.8852
9768,883.43536,839.01294
9769,889.5894,845.23596
9770,898.9075,858.98785
9771,862.00195,876.10046
9772,762.94855,885.79816
9773,673.17505,886.11633
9774,648.60693,885.40234
9775,663.50903,892.44055
9776,679.8061,907.3427
9777,687.68176,920.12463
9778,683.49713,922.2362
9779,673.65063,913.31256
9780,687.6845,895.24615
9781,740.21436,867.9009
9782,793.59235,833.3083
9783,805.84406,801.526
9784,788.42847,783.5927
9785,773.49176,777.19366
9786,769.753,771.59564
9787,773.97375,763.0922
9788,783.23,754.4102
9789,793.2079,749.6249
9790,802.71906,752.97784
9791,811.8319,762.1417
9792,818.1135,769.3068
9793,823.66376,773.2794
9794,834.6544,778.3226
9795,849.2575,782.93225
9796,856.04254,782.9598
9797,848.1635,780.68274
9798,832.6706,780.1567
9799,819.9079,780.59174
9800,812.2662,780.7643
9801,807.5942,782.27277
9802,803.2153,785.7313
9803,797.15796,789.6255
9804,791.3183,793.07227
9805,789.1313,796.3735
9806,789.9246,799.1939
9807,790.16327,800.5489
9808,787.6131,800.80664
9809,781.6484,801.2801
9810,771.3999,801.3455
9811,755.06683,798.4345
9812,733.0955,791.23914
9813,711.0699,780.42865
9814,694.147,767.1773
9815,684.5105,758.0714
9816,697.6886,775.9994
9817,749.5699,844.95746
9818,806.6246,945.0129
9819,820.2927,1019.94904
9820,802.4215,1044.1368
9821,788.9356,1037.721
9822,784.0065,1025.3259
9823,779.1233,1016.5577
9824,771.7099,1012.10785
9825,760.89233,1010.2133
9826,748.56085,1010.75726
9827,740.295,1014.1467
9828,738.87317,1017.338
9829,741.57996,1015.51715
9830,745.9357,1005.2678
9831,752.30133,987.1581
9832,759.7167,968.558
9833,764.5427,957.1999
9834,766.4223,953.4921
9835,774.4555,955.2426
9836,799.64734,961.52466
9837,834.5855,968.7574
9838,854.92896,971.7693
9839,850.6081,968.6592
9840,835.68506,959.65796
9841,822.39844,946.3084
9842,808.4611,933.9761
9843,795.38043,929.14343
9844,796.7064,935.70654
9845,815.2275,952.4937
9846,831.4151,969.8681
9847,829.21545,977.867
9848,818.2748,980.29407
9849,819.98004,990.134
9850,841.26654,1011.685
9851,870.1116,1036.7427
9852,894.98944,1057.0094
9853,918.951,1067.1376
9854,943.5817,1052.0061
9855,943.66327,991.71466
9856,884.20435,895.9839
9857,783.2554,813.0536
9858,712.27826,781.0145
9859,704.72906,787.9452
9860,727.04175,799.0238
9861,741.4238,800.7185
9862,741.55164,800.0198
9863,739.2018,802.1606
9864,742.9865,806.5782
9865,752.0431,812.3749
9866,761.4638,817.66486
9867,765.24854,819.0293
9868,761.2283,816.2571
9869,755.29626,813.3195
9870,752.39136,811.7239
9871,747.411,808.75525
9872,736.1423,803.72784
9873,725.784,799.47833
9874,722.1621,797.8477
9875,718.8583,798.0857
9876,707.81274,799.5231
9877,692.91187,802.9735
9878,687.1519,807.4993
9879,695.6711,809.0912
9880,708.98157,806.4752
9881,717.37006,803.6379
9882,721.12854,802.9519
9883,723.53046,802.2559
9884,727.22675,799.7961
9885,735.71466,796.23254
9886,744.87665,794.48096
9887,743.0582,798.26276
9888,727.8658,805.82196
9889,709.5728,809.62067
9890,700.08057,805.59906
9891,705.61224,797.049
9892,721.6758,789.60114
9893,735.81696,786.5657
9894,739.0387,788.45917
9895,731.0364,793.5667
9896,717.2531,797.321
9897,704.3115,795.64435
9898,695.5843,790.6732
9899,690.9906,787.8237
9900,690.28925,787.57
9901,691.20294,785.84424
9902,688.74884,781.7732
9903,681.68964,778.75256
9904,673.8516,777.99207
9905,670.24133,776.49133
9906,677.1741,772.8153
9907,708.08276,777.84454
9908,777.4468,815.0235
9909,863.8443,889.02856
9910,906.88,963.0238
9911,886.83844,998.9871
9912,862.05707,1002.4424
9913,881.91235,1002.28973
9914,913.2774,1011.0142
9915,887.70197,1017.2632
9916,787.9985,1006.81934
9917,672.781,984.4635
9918,615.79565,967.38745
9919,624.44055,961.7024
9920,645.62134,953.09576
9921,642.2093,924.6125
9922,623.66235,885.73773
9923,602.30536,862.77136
9924,567.66907,859.9847
9925,523.4783,861.2864
9926,508.90668,858.9557
9927,560.5474,853.57745
9928,663.6528,842.3476
9929,751.2041,823.95795
9930,765.42413,801.725
9931,724.74646,781.08026
9932,705.5339,772.1922
9933,749.90344,786.2267
9934,822.7917,823.8497
9935,868.93195,868.26807
9936,873.52893,894.01294
9937,850.9933,889.74384
9938,821.1942,868.4039
9939,802.821,851.3565
9940,786.1292,846.33844
9941,738.8028,844.60065
9942,671.02246,838.18854
9943,639.3146,832.78345
9944,668.0838,840.6569
9945,727.28546,863.3661
9946,784.34534,888.12244
9947,827.736,905.122
9948,851.9561,917.2251
9949,853.88983,929.2971
9950,839.5044,941.99567
9951,822.5883,959.0531
9952,814.2331,985.3511
9953,813.68494,1012.44196
9954,817.2754,1024.2505
9955,827.15485,1020.3279
9956,836.0194,1018.3838
9957,825.1809,1032.1855
9958,792.86224,1052.1686
9959,759.8827,1058.6866
9960,745.114,1048.9427
9961,756.80835,1021.47906
9962,803.1688,959.08203
9963,876.39844,872.53766
9964,925.72504,811.45764
9965,907.9107,798.86334
9966,850.9619,813.307
9967,804.6704,832.52594
9968,778.7313,848.6215
9969,770.1991,853.89624
9970,787.5122,842.4399
9971,824.48303,829.9196
9972,856.2756,846.73065
9973,868.3212,899.17957
9974,867.58215,960.102
9975,869.30554,1001.51556
9976,874.8812,1017.1519
9977,856.19653,1015.9123
9978,785.1519,1008.5461
9979,697.32074,1001.80975
9980,668.13116,1001.01636
9981,711.41077,1007.14905
9982,761.9373,1002.4356
9983,743.73676,964.28156
9984,651.0015,908.1843
9985,561.9581,875.0222
9986,540.37103,873.59515
9987,585.9634,887.0925
9988,673.22034,911.43164
9989,749.8168,939.901
9990,763.3999,950.4424
9991,728.5378,935.2509
9992,694.0428,912.8228
9993,677.04333,906.47876
9994,687.19995,917.7918
9995,768.7532,922.4448
9996,929.7388,903.0698
9997,1056.335,873.55566
9998,1040.3711,857.17615
9999,935.27155,858.83746
10000,856.4713,869.36206
10001,841.98346,882.6941
10002,868.8449,898.1606
10003,901.0193,911.9613
10004,916.9295,916.291
10005,932.952,907.3601
10006,977.7917,890.4016
10007,1034.6725,875.1982
10008,1028.7583,866.6397
10009,904.31573,862.4411
10010,724.5392,861.6414
10011,614.938,869.14966
10012,605.0735,886.5928
10013,628.54504,904.9825
10014,637.3983,913.38696
10015,634.60266,910.17883
10016,637.34985,901.3211
10017,650.3025,892.3245
10018,664.14874,884.2892
10019,670.1459,875.21136
10020,672.291,864.6769
10021,679.00476,856.3843
10022,688.6064,853.36304
10023,695.6342,853.4399
10024,702.4341,853.75055
10025,712.1026,854.1273
10026,719.8357,853.28973
10027,720.95715,850.17505
10028,720.2706,848.33075
10029,724.737,850.84503
10030,731.50366,854.5495
10031,734.9387,855.5064
10032,738.49915,855.4373
10033,746.0835,857.7023
10034,753.1565,861.02454
10035,754.20667,862.1661
10036,750.28503,861.1513
10037,746.7285,858.76044
10038,745.7371,856.4885
10039,743.1383,865.2108
10040,730.21277,897.93427
10041,705.0149,943.02765
10042,700.9389,964.60455
10043,776.0099,938.98376
10044,911.7545,879.88184
10045,989.9548,825.67566
10046,968.49304,800.21106
10047,943.046,796.5602
10048,957.6289,802.8814
10049,949.357,813.56824
10050,891.6836,818.4629
10051,825.0127,817.53485
10052,777.7334,828.1661
10053,746.01373,852.7887
10054,727.03955,872.3206
10055,726.68695,880.5245
10056,738.3563,892.4192
10057,747.0197,920.5306
10058,751.162,961.2241
10059,760.3078,999.79486
10060,779.05695,1021.90814
10061,803.41077,1023.82007
10062,828.55756,1013.9282
10063,853.42114,1004.02814
10064,871.02374,999.08746
10065,866.7751,994.2556
10066,841.28534,979.4635
10067,796.1,946.2495
10068,700.81165,900.46405
10069,559.1238,865.27374
10070,454.0352,852.7551
10071,460.90378,850.68427
10072,588.3053,855.0448
10073,766.54407,881.24664
10074,878.89856,927.9326
10075,887.2553,968.36676
10076,862.0997,987.51953
10077,862.2268,992.55133
10078,880.00336,990.79175
10079,893.0746,984.7949
10080,898.18964,977.9176
10081,899.3146,971.7619
10082,897.3232,966.3754
10083,893.29706,964.28375
10084,891.8454,967.9438
10085,899.1602,974.95404
10086,915.9913,978.70886
10087,918.8937,966.64575
10088,854.88873,927.82855
10089,708.0648,877.3598
10090,559.71094,847.2677
10091,505.02698,846.6992
10092,548.2819,860.69543
10093,635.1363,875.8554
10094,710.4596,884.55347
10095,718.64233,877.00275
10096,640.36633,848.8173
10097,542.1051,814.7976
10098,510.28082,799.2582
10099,555.716,818.5082
10100,635.4461,872.8462
10101,709.17975,935.0069
10102,750.73676,967.3325
10103,755.0655,964.2732
10104,739.1584,949.5964
10105,725.2955,943.63324
10106,721.3567,950.23
10107,717.7145,958.2961
10108,708.37537,956.08093
10109,702.8281,948.1319
10110,711.87354,949.80035
10111,732.0593,966.2194
10112,748.57996,986.2643
10113,752.6661,997.9084
10114,748.13007,998.1381
10115,741.5333,988.0612
10116,738.3458,972.1729
10117,741.7163,957.9589
10118,745.8958,947.77386
10119,743.7988,939.1544
10120,739.89636,931.47784
10121,740.9069,925.32465
10122,743.0352,919.85364
10123,740.53436,914.15216
10124,734.7093,909.8113
10125,729.56226,913.8895
10126,729.0497,935.1899
10127,735.7601,968.53674
10128,747.4078,993.62775
10129,755.8773,995.0637
10130,752.28735,972.12146
10131,738.5875,939.0963
10132,726.0277,917.0852
10133,719.38153,912.6796
10134,716.2772,915.6064
10135,715.46857,916.94806
10136,714.6291,916.15106
10137,711.19635,913.78455
10138,708.5472,906.9481
10139,709.0014,895.53644
10140,704.6824,886.0869
10141,690.2601,884.6105
10142,677.0828,892.0625
10143,679.07965,905.21375
10144,692.50336,917.55115
10145,701.87115,925.0708
10146,701.0064,930.6454
10147,696.51465,937.3024
10148,694.0938,942.3164
10149,693.37054,942.5128
10150,690.6887,940.39514
10151,682.655,941.47
10152,675.2697,948.45557
10153,687.4156,959.613
10154,735.75885,967.7249
10155,801.14056,965.52606
10156,819.56464,957.98395
10157,757.6803,955.13635
10158,679.66626,953.49945
10159,691.3017,930.02344
10160,823.86273,860.776
10161,973.98987,769.67664
10162,1013.36804,719.4563
10163,949.3965,726.05304
10164,876.3391,749.50055
10165,839.4917,763.37384
10166,829.1423,769.34296
10167,832.32526,770.8646
10168,846.9797,769.2995
10169,867.5942,767.5535
10170,880.1566,766.3625
10171,879.9839,763.7373
10172,876.95807,759.71844
10173,875.0371,758.9553
10174,867.11084,765.5175
10175,853.89703,775.441
10176,844.92035,780.3289
10177,842.6041,778.21716
10178,843.0761,773.956
10179,843.06067,771.3638
10180,840.4802,771.5637
10181,833.9008,775.26526
10182,817.95654,781.2254
10183,794.7724,785.26575
10184,798.2223,783.9206
10185,859.1083,781.2087
10186,936.3734,789.9051
10187,963.76807,816.2075
10188,949.76306,849.5319
10189,939.6495,878.9409
10190,936.393,908.30145
10191,924.02057,945.2545
10192,903.9331,982.67645
10193,886.8821,1004.1986
10194,886.4555,1004.1277
10195,906.247,986.68994
10196,907.4366,959.2146
10197,839.97955,937.322
10198,743.8216,929.7956
10199,712.2125,917.53827
10200,725.83514,880.95746
10201,685.8503,839.9139
10202,601.02295,828.2435
10203,562.90356,843.42804
10204,589.3416,860.3924
10205,635.0101,870.87274
10206,678.5011,884.9749
10207,719.0085,913.11523
10208,749.4172,950.6552
10209,766.0297,981.6558
10210,775.04364,1000.14075
10211,780.8039,1014.0215
10212,782.65894,1028.4554
10213,778.09424,1038.7229
10214,766.2313,1039.8402
10215,756.234,1035.5562
10216,757.84863,1033.4506
10217,764.9421,1034.6383
10218,767.74225,1035.2308
10219,766.0824,1033.8243
10220,761.38416,1031.3063
10221,754.18054,1027.8485
10222,748.9881,1024.4435
10223,754.0688,1023.45776
10224,771.94824,1023.7596
10225,789.85986,1020.3768
10226,789.47534,1010.16125
10227,765.649,993.64886
10228,733.6709,976.16895
10229,714.92365,965.1808
10230,714.64484,961.5368
10231,722.8362,960.3639
10232,729.76324,959.2869
10233,732.8363,959.4492
10234,735.44196,961.47186
10235,740.2903,963.9273
10236,743.8697,965.5723
10237,741.24365,966.6235
10238,734.73724,967.3968
10239,732.1008,967.7036
10240,733.38,967.0316
10241,729.0856,964.8819
10242,717.47546,962.21625
10243,706.5777,961.18036
10244,699.81464,961.93823
10245,699.6672,962.918
10246,708.6667,964.6027
10247,719.0909,970.745
10248,724.52386,984.27563
10249,730.72644,999.75165
10250,742.1202,1006.29584
10251,749.68884,999.5269
10252,739.33435,982.5329
10253,714.43414,962.4234
10254,697.8102,949.0886
10255,702.49915,947.47864
10256,716.0723,953.85016
10257,720.0451,962.35504
10258,714.2207,969.13464
10259,713.5536,970.0803
10260,729.31067,961.46277
10261,768.98975,949.9344
10262,837.37964,956.5769
10263,918.18427,990.5657
10264,981.4383,1024.883
10265,1017.9901,1028.9711
10266,1041.2758,1010.1058
10267,1060.7427,992.05963
10268,1073.7251,980.3487
10269,1075.8875,971.0912
10270,1067.8701,966.48645
10271,1063.9043,964.4486
10272,1080.2096,952.1643
10273,1098.77,925.8088
10274,1090.122,901.8295
10275,1070.3656,900.2564
10276,1070.4703,927.047
10277,1075.7029,962.83124
10278,1057.5133,966.04956
10279,1030.5122,915.80493
10280,1030.3899,846.14374
10281,1052.1053,804.31165
10282,1050.8649,798.08966
10283,1010.1319,810.13995
10284,959.3374,826.96545
10285,924.4388,841.6921
10286,905.587,859.8711
10287,890.42773,894.87823
10288,874.14374,943.42755
10289,872.9247,981.49774
10290,891.48804,974.9119
10291,887.0319,904.02124
10292,827.73676,808.62885
10293,744.45636,761.88544
10294,676.6551,782.0602
10295,641.8718,827.85626
10296,660.20465,855.314
10297,752.25806,840.29364
10298,898.8961,794.2238
10299,1023.4203,765.47296
10300,1068.4598,787.24365
10301,1063.0865,837.5207
10302,1059.1439,870.65875
10303,1043.6,867.4467
10304,966.1845,840.8028
10305,836.5752,813.1276
10306,733.137,800.897
10307,705.2075,809.0843
10308,726.9211,829.333
10309,757.8811,845.9567
10310,789.36237,851.7068
10311,818.54175,856.3766
10312,830.2384,871.61194
10313,820.99,897.4726
10314,804.9082,927.88055
10315,788.8529,952.13464
10316,768.17865,959.795
10317,745.51,954.4939
10318,733.2731,948.9956
10319,738.4724,950.1911
10320,755.8916,958.24304
10321,774.0957,969.0712
10322,784.638,975.0837
10323,786.5827,973.3326
10324,781.4719,969.5348
10325,769.9096,969.48145
10326,755.8257,972.1886
10327,745.3697,973.1212
10328,742.35394,972.50073
10329,748.0053,977.18567
10330,759.0115,988.1991
10331,768.7723,995.7292
10332,775.49994,995.0205
10333,780.8787,991.8021
10334,778.2081,985.59204
10335,755.64044,965.25354
10336,716.9657,929.7514
10337,682.92804,896.2422
10338,666.23517,879.9213
10339,661.56964,880.1572
10340,660.16895,886.09735
10341,659.3434,886.38885
10342,660.077,878.43207
10343,667.6691,875.0702
10344,689.06744,891.6482
10345,716.2168,919.7997
10346,728.52716,936.5786
10347,722.91705,939.4298
10348,717.8847,941.3962
10349,726.1931,938.18396
10350,742.64844,911.7718
10351,756.3596,866.8522
10352,762.6495,830.90784
10353,763.53204,818.0462
10354,762.83746,827.3566
10355,760.42145,858.7683
10356,753.08435,899.7053
10357,740.2171,925.13403
10358,724.32825,927.4158
10359,713.0413,927.28094
10360,717.37537,947.9753
10361,735.8303,982.8974
10362,751.63605,1007.66003
10363,756.2794,1014.1109
10364,768.081,998.0918
10365,820.29645,950.7292
10366,909.8036,895.846
10367,969.3933,876.8614
10368,944.5353,893.9326
10369,867.76733,912.6222
10370,817.29144,917.7543
10371,848.7339,917.3803
10372,950.3344,920.0557
10373,1042.8372,928.76337
10374,1071.64,940.50085
10375,1045.4861,945.93994
10376,963.25146,940.3831
10377,824.0101,934.9083
10378,692.38043,941.36505
10379,644.1236,950.86505
10380,683.4365,943.1267
10381,737.47894,910.0121
10382,707.8098,867.7602
10383,587.6038,844.07886
10384,485.30136,847.7154
10385,473.17532,864.99927
10386,522.6335,882.8779
10387,583.8854,901.1431
10388,634.33215,926.5289
10389,677.82745,959.6393
10390,728.26154,992.44257
10391,782.07935,1019.1162
10392,815.107,1039.1904
10393,817.18915,1049.9491
10394,813.47955,1046.9768
10395,832.4523,1033.0073
10396,867.2313,1018.04803
10397,891.2277,1010.5439
10398,896.3865,1011.23254
10399,891.4995,1013.6181
10400,881.54193,1012.1953
10401,867.33203,1010.77325
10402,850.206,1015.46735
10403,832.4929,1021.1785
10404,820.91296,1017.72253
10405,821.98486,1006.3043
10406,830.99854,995.8447
10407,837.38184,989.9747
10408,840.0878,987.79047
10409,844.8913,986.3066
10410,851.16974,978.9127
10411,851.7276,963.813
10412,843.28784,951.5869
10413,831.787,952.37537
10414,824.2853,959.71094
10415,820.73505,957.98645
10416,821.0525,943.1375
10417,829.4455,925.7455
10418,841.7593,915.2582
10419,843.66003,911.56024
10420,830.0044,910.34143
10421,813.12134,907.81573
10422,806.0922,901.01605
10423,807.04034,890.5496
10424,806.52026,883.38275
10425,803.6966,885.98846
10426,808.9447,898.5651
10427,827.4411,917.0953
10428,844.10077,933.3914
10429,844.6053,942.01666
10430,840.4919,946.76776
10431,847.07166,949.006
10432,857.26294,941.85455
10433,854.14685,921.6076
10434,833.44324,893.2147
10435,806.5247,868.10474
10436,785.95435,855.8784
10437,774.8393,850.8714
10438,768.7198,839.02106
10439,761.1966,817.3099
10440,752.20337,796.01764
10441,751.6596,787.4273
10442,770.3694,793.76764
10443,806.6048,805.7833
10444,843.0519,814.2602
10445,863.9069,819.0405
10446,870.2332,826.3022
10447,871.6871,840.78827
10448,874.0153,861.4128
10449,876.79553,882.242
10450,877.7199,896.933
10451,877.2454,904.2804
10452,876.1149,909.6485
10453,873.28577,917.33606
10454,858.88605,926.2195
10455,808.2389,933.4037
10456,723.64996,933.6358
10457,672.76416,924.11743
10458,720.2304,915.3493
10459,834.3357,921.19104
10460,922.1757,936.6434
10461,939.36206,942.6439
10462,915.8625,933.2002
10463,895.90576,921.52454
10464,891.985,919.021
10465,891.4699,922.7973
10466,885.7743,925.93164
10467,883.17975,929.1672
10468,894.71234,938.92615
10469,914.71106,957.7514
10470,927.67566,978.4306
10471,929.47015,992.0166
10472,925.9652,999.16223
10473,919.16034,1002.9612
10474,908.37476,1000.2585
10475,898.26935,990.8695
10476,897.07745,982.0425
10477,908.5075,978.5707
10478,926.7779,977.9986
10479,942.14667,975.9704
10480,951.7947,972.1049
10481,958.28516,970.1661
10482,962.10126,972.1131
10483,960.9383,974.02844
10484,950.41516,970.20544
10485,931.54236,958.9315
10486,914.9709,945.8694
10487,905.24664,943.5902
10488,894.0404,960.1325
10489,872.558,987.1076
10490,828.6858,1006.6364
10491,753.6978,1009.64026
10492,679.4286,1002.88794
10493,670.54376,997.4494
10494,751.0322,997.15186
10495,859.48254,1000.8984
10496,913.5686,1007.03326
10497,904.25653,1013.7149
10498,880.9827,1018.3484
10499,886.428,1016.89746
10500,925.2692,1012.73065
10501,950.6262,1022.4366
10502,919.91974,1050.882
10503,863.3783,1078.303
10504,831.7505,1091.445
10505,829.6037,1094.2598
10506,839.44196,1087.4861
10507,850.0332,1066.1396
10508,849.7262,1025.2672
10509,824.5945,962.60913
10510,776.29767,891.4381
10511,730.1898,838.24005
10512,707.5501,815.9277
10513,703.4549,816.50793
10514,702.1748,827.63074
10515,696.53674,842.31366
10516,688.42944,856.9625
10517,682.8664,866.6749
10518,683.7541,868.93445
10519,693.17114,873.7356
10520,713.18933,895.7817
10521,739.486,928.1645
10522,760.98035,947.36365
10523,773.83105,949.7966
10524,780.3323,951.6243
10525,780.25775,959.3337
10526,775.85706,967.07654
10527,772.28754,970.0612
10528,771.17017,966.9463
10529,772.85645,957.9379
10530,777.9926,945.552
10531,780.74005,933.06604
10532,772.1886,921.7458
10533,754.37134,912.05066
10534,739.106,904.5773
10535,733.28394,899.41675
10536,732.2429,898.2248
10537,725.82477,902.13885
10538,710.01935,906.1296
10539,692.66895,903.54877
10540,686.08746,895.67065
10541,693.04285,890.078
10542,703.4118,889.97687
10543,707.3356,890.5891
10544,702.9392,887.7234
10545,693.42883,883.8127
10546,690.77344,883.0594
10547,710.1536,885.1203
10548,748.7775,885.7939
10549,790.4956,883.9327
10550,829.2348,884.0467
10551,861.7531,888.80615
10552,867.67523,894.43634
10553,828.2352,895.35065
10554,765.4761,889.09595
10555,726.061,878.4708
10556,725.8836,869.8
10557,749.0695,868.82794
10558,780.6012,876.83606
10559,807.4072,881.77203
10560,812.61975,861.78986
10561,790.2885,816.2968
10562,756.95605,775.1953
10563,737.1876,760.9981
10564,738.377,767.71796
10565,745.735,781.7051
10566,740.9589,796.31036
10567,723.05774,807.7187
10568,708.5091,814.7356
10569,712.3074,821.665
10570,738.46954,834.69183
10571,785.3562,856.59424
10572,838.87366,883.0956
10573,872.5048,902.8008
10574,878.5514,907.6071
10575,873.5261,901.7662
10576,865.66614,893.9219
10577,851.8563,886.14
10578,839.5056,877.6456
10579,841.24097,872.5063
10580,852.0392,874.08435
10581,853.5949,878.967
10582,841.775,883.4727
10583,831.10516,888.48267
10584,832.7088,896.0255
10585,843.7868,903.04285
10586,854.71954,900.68115
10587,853.8607,882.9627
10588,834.5556,853.20654
10589,804.50824,822.797
10590,779.32733,803.8938
10591,774.83453,803.3123
10592,805.4657,822.0213
10593,865.8032,850.3362
10594,927.07965,872.8248
10595,974.59454,887.7263
10596,1014.82635,903.2717
10597,1036.621,919.7793
10598,1013.9961,934.67755
10599,953.8827,951.65375
10600,901.61835,974.0693
10601,890.4912,997.06
10602,912.01404,1008.46326
10603,936.41736,997.06525
10604,943.46216,967.80615
10605,938.45483,946.87823
10606,940.952,952.54913
10607,959.26495,973.8113
10608,985.5829,994.7346
10609,1006.6609,1009.79297
10610,1010.53516,1011.8174
10611,979.70233,990.65173
10612,893.5025,943.5057
10613,770.8813,885.9494
10614,675.0106,842.1351
10615,640.4818,820.389
10616,645.4431,815.99115
10617,657.9085,823.1481
10618,668.2596,832.79614
10619,685.033,836.6437
10620,712.1604,836.2528
10621,736.2764,840.59
10622,745.91876,853.5043
10623,748.1245,868.2257
10624,753.76447,876.9967
10625,763.3795,879.54846
10626,771.9532,878.7534
10627,773.43787,875.5167
10628,765.24896,871.26996
10629,754.6103,869.46014
10630,750.8165,870.89484
10631,754.80817,871.1511
10632,762.981,867.4752
10633,772.33154,869.0848
10634,782.08435,895.6993
10635,793.08777,952.3024
10636,800.8387,1009.09894
10637,797.1777,1033.2252
10638,782.62646,1029.7645
10639,765.0684,1025.5754
10640,744.9931,1034.2599
10641,721.278,1049.765
10642,732.54474,1049.206
10643,841.7613,1004.841
10644,1008.4957,921.98816
10645,1079.1371,848.04913
10646,995.4704,817.3771
10647,871.085,819.4311
10648,816.64734,831.9553
10649,825.45575,847.165
10650,834.9693,864.565
10651,811.57245,881.4134
10652,764.9891,893.6707
10653,721.6996,903.3398
10654,701.88617,919.3273
10655,710.572,946.50336
10656,736.3971,980.379
10657,759.826,1014.28326
10658,782.6041,1041.0785
10659,830.8564,1045.5964
10660,883.7279,1012.72974
10661,860.94086,956.05646
10662,757.8301,913.724
10663,670.2009,903.29034
10664,640.3401,911.23785
10665,635.05707,922.40894
10666,642.3792,928.8051
10667,672.3448,921.77985
10668,712.6932,901.81134
10669,735.9635,885.0385
10670,738.6502,884.8535
10671,746.82794,901.7305
10672,773.97754,930.34393
10673,801.8841,961.2754
10674,811.57684,987.23883
10675,806.25525,1011.06195
10676,798.8678,1034.0717
10677,794.8917,1049.1898
10678,793.61005,1053.3729
10679,796.2933,1050.1708
10680,802.5225,1042.2202
10681,806.09863,1031.7015
10682,802.1781,1022.23236
10683,794.5683,1015.1539
10684,793.3084,1007.07574
10685,803.7455,992.52637
10686,821.03314,970.7338
10687,832.78046,952.9408
10688,824.9799,955.0595
10689,796.84454,978.00354
10690,768.2164,1001.86145
10691,757.2891,997.55695
10692,759.8634,950.11975
10693,763.91394,884.76465
10694,766.8092,851.1518
10695,769.07544,865.9258
10696,766.20306,896.0859
10697,754.39594,907.7185
10698,740.89075,904.5905
10699,737.6239,910.17786
10700,745.1088,933.57263
10701,753.9992,962.4925
10702,757.9284,980.0547
10703,756.2092,982.16754
10704,750.2616,975.7431
10705,743.3342,967.0472
10706,737.226,959.3294
10707,730.83936,954.63983
10708,727.9636,952.5422
10709,733.38916,949.93976
10710,741.07874,944.99554
10711,739.0902,940.7242
10712,722.07275,941.6778
10713,699.0028,947.36255
10714,685.28375,952.8367
10715,683.0591,956.1328
10716,681.4675,959.1172
10717,672.1096,960.65247
10718,655.56854,957.6345
10719,640.9952,951.35004
10720,642.0818,946.09436
10721,663.94763,944.32587
10722,691.0454,944.3712
10723,705.68005,943.7901
10724,714.0819,944.7704
10725,729.0949,949.3871
10726,747.097,954.1372
10727,763.13574,956.3129
10728,782.6383,958.8861
10729,803.9956,963.32385
10730,806.2451,957.47723
10731,771.3919,922.53406
10732,717.24725,864.5315
10733,680.1651,815.7134
10734,665.81635,794.16315
10735,653.41376,792.56573
10736,638.5208,801.22516
10737,638.23975,818.47906
10738,661.0703,844.2567
10739,689.21826,867.81744
10740,699.38684,874.8315
10741,695.8449,874.0484
10742,700.5947,889.72723
10743,716.5615,922.98615
10744,731.27264,952.3631
10745,745.0687,967.84106
10746,762.9814,973.97003
10747,777.91516,974.4376
10748,784.6314,974.02014
10749,790.49603,979.4723
10750,803.7622,991.5856
10751,822.1276,1006.5269
10752,835.0278,1022.3967
10753,831.4269,1036.2555
10754,807.8461,1039.5734
10755,786.8046,1016.1225
10756,813.3046,948.4132
10757,886.7739,852.4496
10758,924.6038,788.5002
10759,861.8567,796.8819
10760,743.06525,850.3246
10761,649.2141,897.1061
10762,605.40906,916.48645
10763,604.2447,918.249
10764,638.6075,919.13025
10765,694.0851,928.22125
10766,750.79694,942.5577
10767,789.8078,953.71814
10768,801.6553,958.885
10769,800.7336,967.0766
10770,812.60974,988.2024
10771,841.48553,1013.62646
10772,870.3547,1026.0441
10773,885.27576,1025.1602
10774,887.26935,1021.145
10775,888.8813,1011.898
10776,891.81085,984.32965
10777,875.3235,933.7446
10778,832.91095,872.56476
10779,804.4512,824.41003
10780,842.94073,811.527
10781,951.40784,831.9748
10782,1065.1569,864.31647
10783,1105.7632,902.8709
10784,1056.1791,946.3237
10785,970.0832,975.3904
10786,904.3177,982.59937
10787,871.6921,982.0789
10788,856.489,984.30194
10789,839.5785,992.7189
10790,812.64014,1008.98334
10791,783.4542,1028.5598
10792,766.88007,1044.0856
10793,770.16815,1054.0525
10794,779.31195,1058.6663
10795,767.87946,1054.0997
10796,734.99457,1040.4583
10797,722.7072,1023.10205
10798,769.3283,1002.9983
10799,843.21265,977.41235
10800,877.91266,945.043
10801,867.33777,908.0703
10802,852.0421,868.72876
10803,847.91895,823.0691
10804,836.68695,776.40045
10805,798.00055,749.4391
10806,740.52966,749.0447
10807,699.30664,761.9829
10808,705.188,780.5462
10809,757.4483,812.4768
10810,816.0699,862.0548
10811,840.4524,910.0875
10812,833.6874,931.0299
10813,824.501,920.6838
10814,831.5356,889.41174
10815,853.7351,844.7411
10816,867.6089,791.7562
10817,852.17065,738.8288
10818,826.77905,697.2456
10819,829.06165,678.1077
10820,863.5531,682.26605
10821,900.0665,692.3467
10822,908.25275,690.3392
10823,884.489,679.36475
10824,854.4198,676.2615
10825,846.0287,691.07263
10826,863.08386,720.2653
10827,897.04724,756.2318
10828,943.3743,792.7387
10829,984.8323,812.1709
10830,989.36725,791.0678
10831,948.53186,736.74225
10832,891.014,687.3601
10833,845.9267,665.89276
10834,821.68665,663.5536
10835,817.4339,667.3538
10836,831.64545,682.23566
10837,859.3219,717.547
10838,883.9411,761.8307
10839,891.2163,793.89874
10840,891.01385,807.7724
10841,898.0294,805.00433
10842,905.0315,785.72577
10843,895.1858,759.13983
10844,863.4672,738.4442
10845,825.4534,724.26483
10846,811.7261,707.9716
10847,832.43396,687.2146
10848,856.9509,670.26276
10849,856.65216,664.15454
10850,841.2834,665.68134
10851,834.8864,668.4539
10852,849.10126,669.5504
10853,876.9579,669.1195
10854,890.4412,671.92706
10855,873.67303,686.4653
10856,859.7564,716.276
10857,899.7095,757.06067
10858,998.14154,808.8122
10859,1089.6285,874.4832
10860,1107.8104,932.0295
10861,1059.7421,938.1945
10862,959.994,884.05664
10863,798.74756,812.9926
10864,647.68604,774.19165
10865,613.6185,788.74927
10866,681.6735,847.00946
10867,752.0299,915.00073
10868,762.28345,957.6285
10869,722.36633,969.72687
10870,691.8767,975.3329
10871,711.9211,988.17084
10872,761.82623,995.5104
10873,804.8113,989.9572
10874,832.2664,981.46967
10875,851.5604,978.23157
10876,869.4733,988.35333
10877,889.916,1019.9123
10878,913.03064,1059.7667
10879,934.66266,1083.5288
10880,944.9484,1087.3403
10881,938.16724,1083.1506
10882,927.20605,1075.921
10883,927.54254,1058.4827
10884,924.42584,1025.977
10885,888.62787,995.71173
10886,833.18774,988.71686
10887,802.61346,997.339
10888,805.01227,1002.5171
10889,812.9037,1001.0089
10890,813.20526,1002.99963
10891,815.335,1018.483
10892,822.8332,1041.8123
10893,823.47235,1056.3667
10894,811.9407,1056.3964
10895,803.02716,1049.8903
10896,812.2203,1045.8197
10897,831.53156,1045.8892
10898,841.76324,1046.3773
10899,844.1964,1046.2134
10900,852.78424,1046.6992
10901,865.8006,1045.1915
10902,869.87756,1037.978
10903,860.74274,1027.0676
10904,845.6567,1018.0418
10905,831.1962,1012.65314
10906,819.3396,1007.6621
10907,811.2969,1001.06866
10908,806.7119,995.64
10909,804.70764,993.83905
10910,805.94073,993.2858
10911,809.1012,991.2085
10912,813.23846,989.1608
10913,822.75635,989.7897
10914,839.94226,993.0626
10915,858.77203,998.007
10916,868.36176,1003.85614
10917,860.9982,1007.8163
10918,847.735,1006.6754
10919,850.1615,1002.2181
10920,867.5859,1000.65204
10921,880.4103,1004.3596
10922,880.5133,1008.7592
10923,876.91254,1010.7129
10924,879.0206,1012.85516
10925,884.3961,1016.31726
10926,881.68097,1015.61414
10927,863.28326,1004.2438
10928,839.1636,984.9478
10929,828.4663,968.6867
10930,832.6814,961.5293
10931,836.4515,960.752
10932,831.604,962.2638
10933,825.2607,964.6634
10934,827.12317,968.38367
10935,834.4153,972.417
10936,838.0737,972.5476
10937,837.66547,966.96844
10938,837.1201,960.8172
10939,836.8774,959.014
10940,836.69977,960.32446
10941,836.036,963.299
10942,832.5865,968.7216
10943,827.40186,974.37463
10944,826.18787,975.7043
10945,831.3409,971.31445
10946,837.4926,963.9206
10947,840.34827,956.71014
10948,853.3105,949.6765
10949,887.30096,942.8641
10950,908.1414,942.1547
10951,881.81744,948.78046
10952,837.39026,951.5177
10953,813.65686,944.403
10954,810.0015,936.57074
10955,816.51086,942.7634
10956,828.88574,970.102
10957,836.7141,1001.4671
10958,827.09125,1006.578
10959,803.2984,982.8199
10960,785.47986,957.1249
10961,784.412,946.3725
10962,790.6314,945.36975
10963,792.5234,945.7083
10964,791.3607,946.87744
10965,796.6976,957.1677
10966,812.054,982.9214
10967,828.183,1009.47314
10968,833.91223,1014.0415
10969,829.5384,1000.1429
10970,822.305,990.86066
10971,816.29504,995.05365
10972,812.60986,1002.6182
10973,811.85504,1004.0955
10974,814.0649,1000.15155
10975,818.18384,994.7985
10976,822.00867,989.78296
10977,826.5158,986.2506
10978,837.6351,984.09436
10979,854.1942,980.6498
10980,862.29675,975.41113
10981,854.65393,972.12134
10982,842.13367,973.82855
10983,836.55743,979.65546
10984,837.53827,985.8192
10985,840.3154,988.7736
10986,845.0946,988.45465
10987,856.0625,987.2599
10988,873.4904,986.5128
10989,889.55835,986.1614
10990,895.2568,986.502
10991,887.2119,987.7874
10992,868.20886,989.0759
10993,850.60297,989.3732
10994,848.5449,989.1585
10995,854.92303,987.60754
10996,848.2521,980.61945
10997,828.19354,967.4489
10998,815.0826,954.6695
10999,815.9976,948.8742
11000,818.79535,950.5023
11001,816.2215,956.69293
11002,813.6442,965.83923
11003,814.77136,977.0978
11004,816.6099,987.6921
11005,815.99426,993.1548
11006,812.41376,992.1233
11007,807.40753,989.2441
11008,801.54285,988.91547
11009,797.82025,986.94324
11010,819.56604,974.3518
11011,887.7532,961.7975
11012,953.6033,982.3043
11013,941.02966,1034.991
11014,869.6408,1072.4951
11015,829.99524,1072.5735
11016,861.7663,1055.0299
11017,922.3376,1036.1964
11018,951.4962,1020.9728
11019,940.5753,1013.51746
11020,921.2486,1010.7671
11021,911.9761,1003.521
11022,910.1447,990.5383
11023,909.1993,979.66833
11024,906.7648,975.33826
11025,909.20404,976.21
11026,919.9808,980.12476
11027,914.3824,980.7856
11028,856.4755,969.42896
11029,763.44556,947.3482
11030,698.8864,924.97906
11031,685.906,910.3471
11032,695.78033,907.2635
11033,708.6253,914.48645
11034,724.5366,923.8033
11035,739.7899,927.0704
11036,749.7964,926.4529
11037,766.52014,938.0197
11038,807.4347,975.0396
11039,861.3733,1022.6749
11040,895.2105,1052.4369
11041,897.5276,1060.8618
11042,886.1591,1064.7238
11043,881.55707,1069.4756
11044,888.02325,1067.6844
11045,894.0595,1056.9956
11046,890.0821,1043.0045
11047,882.0314,1031.102
11048,882.5531,1025.9209
11049,891.7245,1031.2468
11050,895.4419,1042.7468
11051,889.8161,1048.642
11052,892.2265,1036.1353
11053,906.97815,999.78046
11054,904.66833,956.4372
11055,871.6146,930.89105
11056,833.77045,924.85046
11057,806.288,926.40485
11058,781.74176,928.31036
11059,761.3264,926.31323
11060,754.7309,921.44403
11061,764.86346,920.177
11062,779.75824,924.4972
11063,780.8481,928.623
11064,765.38257,927.45435
11065,746.4715,921.12036
11066,732.0244,911.8871
11067,721.97235,904.6923
11068,721.74744,910.08575
11069,738.97797,935.4801
11070,765.1916,969.8848
11071,779.1714,992.722
11072,773.07635,997.88403
11073,760.6271,994.1897
11074,757.06396,990.4491
11075,761.59955,988.9954
11076,764.8024,988.16675
11077,765.6982,988.1995
11078,770.7429,990.7717
11079,780.9189,993.5774
11080,791.7063,992.91785
11081,801.90265,989.7046
11082,813.4659,987.55035
11083,825.57587,987.6929
11084,834.6898,990.0669
11085,840.10046,996.1824
11086,844.0239,1004.41254
11087,846.72925,1009.18774
11088,847.65076,1010.15247
11089,848.3887,1012.3961
11090,850.8301,1017.9421
11091,855.9773,1022.868
11092,864.8722,1022.52765
11093,874.01874,1019.0542
11094,874.30347,1017.9539
11095,864.2212,1019.41174
11096,853.9093,1020.9453
11097,849.89465,1022.9611
11098,847.2107,1027.16
11099,838.4001,1032.513
11100,824.86066,1034.7561
11101,814.5826,1031.2018
11102,809.2233,1025.0435
11103,803.6761,1023.0978
11104,793.56006,1028.3396
11105,777.0731,1035.8492
11106,770.17145,1032.6919
11107,812.35474,999.17035
11108,915.8525,930.0811
11109,1029.6862,856.2448
11110,1091.1846,812.4076
11111,1070.7075,803.7712
11112,974.3994,831.4679
11113,865.04315,896.33777
11114,815.4223,968.1377
11115,815.1309,1009.969
11116,817.089,1014.927
11117,806.42474,983.3941
11118,769.1969,907.2147
11119,728.8588,807.5152
11120,756.11053,742.921
11121,848.3235,741.81647
11122,925.0817,766.8943
11123,939.517,770.2463
11124,909.11456,743.484
11125,876.9094,708.7722
11126,870.2912,688.7407
11127,883.5115,690.1686
11128,892.24304,704.1719
11129,879.3991,710.9029
11130,844.5599,695.968
11131,806.15393,676.2135
11132,795.9453,687.1295
11133,826.0602,730.93054
11134,877.3801,772.39655
11135,928.4549,798.3103
11136,965.53125,834.7815
11137,977.2029,887.2258
11138,971.7987,916.0122
11139,970.8186,897.4755
11140,966.1424,860.47754
11141,946.9404,847.0126
11142,950.9792,867.59235
11143,1000.7105,901.45917
11144,1042.7705,923.7406
11145,1021.2576,918.93616
11146,953.9607,883.1808
11147,897.16614,832.6855
11148,872.4665,792.0825
11149,861.4587,765.8043
11150,853.3496,744.4353
11151,852.43097,725.0649
