frame,x,y
0,760.34894,805.8725
1,759.45044,804.68713
2,758.3062,803.0905
3,757.26556,801.4646
4,757.19946,800.7451
5,758.46204,801.3033
6,759.6034,802.22217
7,758.2218,802.032
8,755.1123,800.381
9,758.2934,798.10535
10,775.5693,795.588
11,799.2889,793.32
12,809.4244,794.4556
13,791.5091,800.4561
14,766.07904,798.54144
15,800.99805,767.8401
16,918.61163,713.76215
17,1026.6373,672.37305
18,1044.1594,665.13226
19,998.68634,681.891
20,947.9578,712.9168
21,920.09973,772.2743
22,920.7666,875.81885
23,929.56824,990.3877
24,917.36725,1051.3794
25,884.9973,1045.7505
26,854.95715,1016.3291
27,835.19714,999.61
28,820.1144,1003.896
29,810.90625,1018.25323
30,812.0849,1025.9711
31,817.596,1020.3959
32,814.4645,1003.7396
33,795.9893,980.21
34,768.26965,956.35425
35,744.9096,931.1014
36,733.5595,882.1142
37,730.90015,789.4066
38,729.1932,687.3267
39,722.41675,640.2401
40,712.20526,659.6109
41,707.67566,708.0237
42,710.6227,752.7391
43,711.6044,775.90717
44,707.68066,770.7225
45,704.9469,734.63617
46,703.337,668.0511
47,699.7227,593.4656
48,698.7215,545.97656
49,703.4149,533.8886
50,702.6565,538.87427
51,683.117,545.03326
52,654.45215,547.2634
53,641.7359,547.95496
54,651.36456,551.27527
55,668.8907,556.04974
56,682.13763,558.7398
57,687.5816,558.87335
58,687.23804,556.46075
59,688.28345,550.756
60,699.8915,545.7749
61,727.5733,547.887
62,767.91437,554.96545
63,809.841,557.0538
64,842.0646,547.62146
65,856.6876,532.71814
66,850.93475,533.05865
67,828.7825,564.0186
68,797.23517,604.6625
69,764.3592,617.02246
70,742.2436,610.687
71,743.99774,653.12885
72,768.51575,785.3193
73,792.8571,949.90155
74,799.6114,1053.023
75,802.2061,1068.538
76,816.2605,1036.8186
77,829.2829,1007.64496
78,824.8366,1006.202
79,807.97437,1026.7443
80,793.69257,1049.2302
81,790.1148,1058.9657
82,794.74713,1055.326
83,801.33466,1047.7168
84,807.83905,1044.9751
85,815.791,1049.3297
86,825.6731,1055.4382
87,835.6609,1055.5116
88,844.25574,1047.5186
89,850.8646,1036.7211
90,852.8435,1033.0696
91,847.13446,1045.3833
92,835.3678,1068.8927
93,821.5859,1084.5272
94,806.69434,1078.0049
95,791.0997,1054.0201
96,778.3269,1031.2007
97,772.59216,1025.7219
98,777.2844,1039.5602
99,791.9736,1062.6455
100,807.8917,1082.6029
101,814.6788,1093.4166
102,811.2842,1095.895
103,804.04095,1092.8579
104,798.4653,1089.1534
105,797.51715,1090.3517
106,805.1161,1089.0564
107,822.17,1056.5858
108,835.1267,973.5646
109,826.3609,863.3905
110,803.5087,766.3447
111,799.88135,704.69354
112,834.60284,685.57184
113,882.5254,701.977
114,906.712,730.1841
115,903.7592,737.8242
116,887.7297,703.71045
117,861.87476,645.48926
118,824.8396,605.85455
119,782.6447,608.86566
120,747.489,653.57025
121,728.221,721.8214
122,724.9014,787.16736
123,730.2795,838.6934
124,738.7397,877.6703
125,752.60583,914.7185
126,767.81165,976.70844
127,768.12427,1061.4775
128,752.2161,1120.642
129,740.5888,1128.2339
130,743.50635,1110.0636
131,751.8111,1094.0619
132,758.7965,1081.3546
133,766.43195,1064.8806
134,773.9682,1044.5447
135,776.19543,1024.2849
136,773.20306,1006.7377
137,772.2306,992.904
138,778.1942,984.29816
139,788.5336,982.1415
140,796.7989,985.5739
141,799.0261,993.3861
142,800.05615,1009.4353
143,808.31415,1039.8722
144,823.83545,1079.1211
145,843.6341,1112.1206
146,866.1046,1132.7612
147,883.5848,1147.0221
148,887.1971,1154.9688
149,865.4358,1128.3234
150,807.3022,1033.5281
151,734.78143,898.5143
152,689.71136,799.14
153,678.7511,766.247
154,681.3335,770.9869
155,689.3093,783.94104
156,702.814,797.99023
157,712.57214,814.1193
158,709.04877,833.4567
159,700.0189,859.5425
160,700.7296,893.8327
161,711.0665,928.903
162,719.28735,955.20966
163,720.4085,969.38446
164,717.4298,972.0751
165,713.78235,966.9982
166,715.07056,964.126
167,727.38257,973.2256
168,746.1088,990.07733
169,764.05273,1000.5434
170,787.1196,999.9807
171,818.78284,995.448
172,848.83844,992.6228
173,868.6938,991.8749
174,876.1889,993.506
175,873.9144,999.0949
176,869.6958,1007.0804
177,868.3523,1013.48773
178,866.8835,1018.08093
179,860.29767,1024.0836
180,849.9098,1033.5477
181,842.90424,1045.5724
182,842.2566,1055.8276
183,843.5512,1059.248
184,842.6538,1055.6414
185,840.0651,1049.8773
186,837.5903,1046.4758
187,835.87573,1046.3605
188,835.98193,1047.9235
189,837.22107,1049.2635
190,829.83026,1050.102
191,802.31335,1052.2102
192,763.27997,1056.4564
193,731.0592,1059.5333
194,703.6241,1056.1093
195,674.0875,1045.9805
196,654.439,1036.1919
197,654.6751,1033.4674
198,667.1706,1036.3726
199,683.037,1035.0525
200,701.76337,1020.8434
201,723.38434,996.60284
202,743.76935,972.64935
203,757.57214,955.93243
204,761.62897,946.77563
205,757.4203,941.5585
206,751.74835,937.32245
207,751.75464,934.08264
208,757.5336,932.4621
209,763.7633,932.0931
210,766.13635,931.6524
211,760.3079,927.8823
212,745.056,920.7045
213,735.5508,924.87726
214,754.6115,959.35284
215,799.1066,1016.1948
216,836.86945,1065.7698
217,841.0412,1088.5717
218,815.441,1085.3062
219,786.5461,1071.6215
220,767.00665,1062.1356
221,745.1441,1058.1588
222,719.17236,1055.0786
223,705.4984,1050.0225
224,710.89825,1043.9897
225,725.7347,1040.7948
226,738.43524,1042.3884
227,744.00684,1047.5405
228,744.64264,1053.3898
229,744.89844,1057.0342
230,746.13544,1056.6124
231,746.9796,1051.4032
232,747.88904,1040.61
233,751.0949,1023.59515
234,755.381,1006.39386
235,759.0894,999.9723
236,765.6017,1005.1772
237,774.5985,1013.8148
238,777.3273,1026.5312
239,767.9277,1051.5746
240,750.419,1084.2645
241,734.7901,1108.0602
242,728.16986,1116.8807
243,728.1763,1116.4587
244,728.25836,1111.5361
245,727.39453,1105.7976
246,729.49567,1103.7566
247,737.2519,1106.2427
248,749.6873,1108.3153
249,760.95386,1105.4629
250,762.44824,1099.287
251,754.3964,1092.8496
252,753.0138,1087.1306
253,772.49396,1083.8003
254,800.8021,1082.3347
255,814.0855,1076.0807
256,812.2052,1059.1743
257,812.38885,1034.793
258,818.56415,1012.24524
259,822.9248,997.54456
260,823.3121,989.49133
261,824.87366,986.78845
262,831.76794,992.1603
263,840.7483,1000.60065
264,841.44446,987.5273
265,822.5126,929.3637
266,782.1115,847.31604
267,733.051,793.9008
268,696.69385,788.5214
269,700.42303,814.66925
270,760.68854,858.39856
271,843.519,906.36597
272,889.44086,947.18567
273,889.16473,987.137
274,874.24567,1022.09625
275,860.32184,1024.4473
276,845.72394,991.2429
277,828.43976,953.7908
278,808.23883,931.2598
279,787.95135,920.3263
280,762.65717,915.65356
281,719.09766,913.9334
282,675.8345,917.0471
283,680.7253,932.55914
284,737.40906,959.6589
285,797.4296,989.0402
286,825.55475,1014.2059
287,821.2487,1031.5593
288,800.43243,1039.5001
289,780.6125,1040.0192
290,770.0237,1037.4979
291,766.9764,1036.468
292,766.67365,1038.4021
293,765.17224,1041.425
294,762.39185,1043.2665
295,765.43915,1042.7262
296,781.502,1039.75
297,803.5583,1035.5966
298,816.28766,1031.8987
299,814.9297,1029.3922
300,800.42285,1030.4615
301,770.7781,1039.988
302,736.09674,1059.0245
303,716.79407,1081.9641
304,718.9694,1099.2968
305,732.01263,1103.9537
306,742.4407,1099.5717
307,744.2085,1095.161
308,744.545,1094.4196
309,754.25024,1096.6312
310,771.7401,1099.2964
311,789.7974,1099.7665
312,813.217,1098.7504
313,848.73444,1098.6761
314,887.3346,1099.5818
315,915.6241,1099.8281
316,929.5464,1098.8339
317,933.64014,1097.2731
318,938.4649,1095.0303
319,939.6972,1088.0653
320,901.0076,1067.7125
321,801.15466,1030.1085
322,686.8946,986.9409
323,625.4512,956.3062
324,629.2521,945.3323
325,663.65216,952.4231
326,693.5714,974.5423
327,711.7972,997.9677
328,733.8808,1003.6267
329,765.1054,994.4196
330,792.262,991.11285
331,806.13257,1001.963
332,809.75824,1018.8429
333,809.93726,1032.2871
334,810.7181,1038.6055
335,812.48956,1040.6299
336,814.288,1043.6344
337,815.926,1048.9827
338,817.8687,1053.9637
339,819.52997,1056.7616
340,819.0015,1058.7921
341,815.41046,1062.1794
342,810.3168,1065.9297
343,805.05084,1066.6643
344,798.8095,1063.7065
345,791.884,1059.669
346,786.98987,1056.5575
347,785.1515,1055.4069
348,784.27435,1057.3975
349,783.71295,1062.1526
350,788.2116,1067.7336
351,803.1938,1073.376
352,823.7555,1078.626
353,836.98267,1081.0571
354,839.27234,1078.8186
355,839.0988,1073.3093
356,842.174,1067.6338
357,845.50574,1063.8499
358,845.3101,1061.4613
359,843.5334,1058.3833
360,844.3958,1053.9103
361,847.98663,1050.5906
362,850.6352,1051.6313
363,849.86993,1056.3136
364,847.13416,1060.7467
365,845.6987,1062.596
366,847.75995,1062.0454
367,854.1131,1060.255
368,862.53613,1059.3281
369,868.0271,1060.4115
370,868.5867,1061.4281
371,866.755,1060.4512
372,864.50415,1059.1266
373,860.98254,1059.4274
374,856.02106,1060.266
375,853.07043,1060.131
376,855.5423,1059.572
377,861.01874,1058.605
378,863.4382,1055.9628
379,860.96326,1052.5074
380,857.3574,1051.18
381,855.3661,1053.1204
382,853.31525,1056.3982
383,850.0259,1058.4261
384,847.52155,1058.274
385,846.629,1056.6193
386,846.52136,1054.4888
387,848.57404,1052.7008
388,853.3695,1051.7815
389,856.44446,1052.1018
390,853.74695,1054.0361
391,848.0522,1056.7747
392,845.4262,1058.1726
393,847.4132,1057.4528
394,849.96576,1057.0697
395,850.1039,1059.7314
396,848.94977,1062.7554
397,847.27637,1060.4276
398,844.6116,1053.1245
399,842.2096,1047.5898
400,841.79877,1049.6962
401,843.3572,1059.7141
402,845.5609,1070.733
403,846.90857,1074.6675
404,846.49786,1071.706
405,845.148,1068.1442
406,846.3208,1067.9142
407,852.9117,1070.769
408,862.00775,1074.5438
409,866.8261,1077.1997
410,863.38885,1077.8068
411,853.05444,1076.1544
412,841.88403,1072.9447
413,836.089,1070.0067
414,836.6891,1068.93
415,841.4804,1069.4847
416,847.717,1069.8673
417,852.03204,1069.3307
418,851.96515,1069.5763
419,847.4482,1071.9769
420,842.482,1075.0087
421,842.13916,1076.5431
422,842.1368,1078.0243
423,831.3945,1082.8394
424,812.80505,1089.2987
425,805.07806,1091.0142
426,816.7645,1086.0406
427,835.4933,1078.9008
428,846.96216,1073.5444
429,850.81415,1070.789
430,852.96326,1070.5629
431,854.39526,1070.9199
432,855.278,1069.1332
433,858.17645,1067.4786
434,862.6676,1074.6003
435,865.647,1095.7303
436,864.1373,1120.507
437,857.7736,1133.8741
438,850.53424,1137.3492
439,843.6139,1139.7123
440,835.9972,1134.4098
441,834.9509,1110.8363
442,847.48175,1080.2612
443,864.2545,1063.319
444,870.9955,1062.1394
445,868.7805,1065.0588
446,867.9382,1067.9728
447,873.0833,1078.8287
448,882.62524,1100.4255
449,891.86884,1119.6956
450,896.708,1124.8378
451,900.33813,1123.3682
452,907.3182,1129.827
453,904.2562,1132.2396
454,857.9847,1078.5865
455,759.8239,937.04456
456,664.16394,774.861
457,631.7185,694.355
458,653.9288,700.6271
459,685.1927,726.23627
460,704.58887,736.2409
461,713.08435,738.36633
462,714.74023,742.42017
463,714.76044,749.00116
464,717.2285,757.1533
465,722.7432,766.9387
466,730.15814,777.6752
467,737.7621,788.19763
468,743.0566,797.5175
469,744.17255,804.1507
470,742.4892,807.7953
471,743.51746,813.1344
472,752.80817,826.51624
473,768.522,846.6577
474,782.51074,866.48944
475,789.05347,884.9081
476,785.07294,908.2638
477,769.297,940.2573
478,751.3696,974.091
479,747.87976,995.6458
480,761.6825,996.7721
481,779.9118,986.3763
482,792.5258,985.01556
483,799.4189,1004.34186
484,802.0748,1034.0555
485,800.77747,1057.1471
486,801.08203,1072.5759
487,810.6379,1087.4425
488,823.5779,1098.2659
489,826.74994,1095.7413
490,828.1947,1078.3232
491,843.54626,1057.3605
492,857.5324,1046.1357
493,845.2123,1042.9673
494,813.29895,1038.6267
495,786.1652,1032.5825
496,773.69727,1029.0797
497,769.85767,1029.0399
498,767.33563,1031.1465
499,764.4933,1033.7725
500,763.4993,1033.5496
501,765.93085,1026.4014
502,769.7744,1014.8377
503,770.922,1007.5185
504,767.83844,1007.69275
505,764.3164,1010.981
506,766.4002,1012.5678
507,775.1963,1010.3104
508,785.2823,1005.37805
509,791.16003,1001.22705
510,790.64453,1000.3647
511,783.94086,1002.94824
512,775.36804,1007.062
513,770.8994,1009.9958
514,770.68286,1010.5753
515,770.7005,1010.2052
516,770.0949,1012.3018
517,770.3567,1019.58417
518,771.17267,1029.9795
519,771.5105,1038.152
520,771.4825,1041.7849
521,771.5072,1042.5219
522,771.6478,1042.5309
523,771.80273,1043.1948
524,773.5617,1044.9084
525,780.2069,1046.5013
526,790.18445,1046.0464
527,797.00385,1043.4132
528,798.6195,1040.6539
529,798.1271,1038.9548
530,798.11646,1037.4664
531,800.0771,1035.5217
532,804.0808,1034.1062
533,805.6596,1034.719
534,798.8066,1036.1031
535,785.302,1033.1564
536,773.03894,1023.4234
537,765.6636,1011.8118
538,762.5877,1004.5927
539,765.3686,1003.99664
540,776.2434,1008.78796
541,790.62946,1015.27704
542,799.15063,1019.9537
543,799.2726,1022.303
544,796.68677,1023.2822
545,796.28564,1022.83875
546,798.0992,1021.1128
547,799.7596,1021.13
548,799.5528,1027.1517
549,797.856,1038.2356
550,796.44336,1047.675
551,796.3574,1051.8129
552,797.00287,1053.3663
553,797.15784,1055.3931
554,796.7472,1058.2523
555,796.9502,1060.9829
556,798.7573,1062.0415
557,802.7311,1060.5577
558,807.7538,1058.2319
559,808.2502,1059.4476
560,798.02637,1067.3607
561,780.3534,1078.1833
562,765.3962,1084.3556
563,756.7538,1084.5455
564,752.5075,1083.0128
565,754.9477,1081.1741
566,767.2866,1077.1481
567,784.1439,1071.5651
568,794.7688,1067.4794
569,794.26044,1064.1312
570,785.93506,1058.4305
571,777.0049,1052.32
572,772.8361,1049.9517
573,773.17523,1050.52
574,775.2785,1050.3004
575,777.54,1048.3691
576,779.8626,1047.374
577,782.3736,1049.9932
578,783.9608,1055.4348
579,784.4003,1059.7527
580,787.34485,1059.3707
581,796.96875,1054.2554
582,810.3166,1047.9614
583,819.22894,1044.2059
584,821.28296,1043.755
585,820.8707,1044.9066
586,821.20404,1045.9558
587,821.985,1046.1116
588,822.37024,1044.5879
589,821.80664,1041.473
590,816.98083,1039.9406
591,803.21625,1044.2985
592,784.6136,1053.6401
593,776.4127,1060.1124
594,789.5685,1057.6678
595,815.3287,1049.7472
596,833.49023,1043.3104
597,835.96313,1040.044
598,831.1426,1037.5668
599,828.60645,1033.7413
600,830.5564,1028.4584
601,834.0431,1023.9061
602,836.0724,1022.26733
603,836.362,1023.8774
604,835.0079,1027.8204
605,830.8539,1032.3857
606,823.394,1036.8442
607,814.41724,1043.0266
608,808.36584,1050.5316
609,807.92993,1054.3206
610,810.03973,1052.5968
611,811.9215,1049.6604
612,815.2403,1048.3438
613,820.6557,1047.4836
614,825.0219,1046.1907
615,824.29456,1045.3441
616,817.3172,1046.5823
617,808.0334,1050.3662
618,800.91034,1054.7616
619,794.76434,1058.9872
620,786.7264,1064.8098
621,778.6223,1071.664
622,774.2375,1076.6268
623,773.5947,1079.5527
624,774.14557,1081.1152
625,775.08765,1076.9008
626,775.1083,1062.3912
627,770.41016,1044.3318
628,760.999,1034.9573
629,752.79254,1034.712
630,749.5177,1034.212
631,748.2559,1029.4258
632,744.9774,1023.6849
633,741.7231,1020.54596
634,744.8102,1021.5335
635,754.29645,1026.0225
636,762.6939,1030.8092
637,766.6241,1032.3347
638,769.90454,1029.5082
639,774.92505,1025.201
640,780.2537,1024.4718
641,784.9984,1029.4071
642,790.2758,1037.3629
643,798.5559,1044.7673
644,810.67645,1050.3798
645,823.2673,1054.2549
646,832.2812,1055.6166
647,836.75037,1053.347
648,838.58746,1047.7047
649,841.1836,1040.8905
650,845.85913,1035.8126
651,848.7326,1034.5035
652,844.8835,1037.5148
653,835.67926,1042.9817
654,827.34784,1047.5483
655,823.0384,1049.5709
656,821.80774,1048.9131
657,823.64996,1044.7446
658,829.20074,1036.5941
659,835.7492,1026.6401
660,839.47174,1018.86816
661,840.48553,1015.9797
662,841.5341,1017.9137
663,843.4541,1022.66797
664,843.19727,1027.9655
665,835.5833,1032.7754
666,819.48584,1037.7297
667,803.146,1043.4634
668,796.0009,1049.7399
669,794.4887,1056.9021
670,787.65533,1064.0083
671,773.26184,1067.0964
672,759.4262,1064.4432
673,758.10913,1059.1251
674,774.8813,1054.9
675,795.02124,1055.3529
676,793.80664,1063.2482
677,770.5207,1074.7965
678,750.7138,1081.6261
679,750.23096,1081.7815
680,759.2168,1080.544
681,762.64923,1081.1239
682,760.5014,1081.7858
683,765.8474,1078.862
684,788.393,1069.3351
685,819.9483,1055.5544
686,842.22217,1045.1353
687,847.41113,1042.1149
688,840.85,1044.1122
689,831.6237,1047.4355
690,826.8223,1049.8025
691,828.31805,1050.3843
692,833.91046,1049.5764
693,841.4383,1049.8141
694,850.039,1054.2933
695,856.3557,1060.3801
696,854.03046,1058.7716
697,842.45276,1045.088
698,830.2059,1027.2062
699,825.6057,1015.59064
700,827.4415,1012.61694
701,826.92285,1016.21564
702,819.02826,1025.1216
703,808.9919,1036.2854
704,804.75916,1044.696
705,807.4625,1048.125
706,811.98193,1048.7598
707,812.8622,1049.9681
708,809.20624,1052.4954
709,805.24554,1054.1173
710,804.9577,1053.1998
711,808.00604,1050.9393
712,811.5885,1048.9526
713,813.74146,1047.0812
714,815.8702,1044.4865
715,821.56323,1041.0476
716,830.4169,1037.5565
717,836.91547,1034.5093
718,837.8354,1031.0476
719,836.0062,1027.341
720,836.5322,1027.3041
721,842.1538,1034.8259
722,850.21735,1045.9061
723,854.1363,1050.4501
724,850.4648,1045.9265
725,843.1,1041.7365
726,837.91644,1044.7666
727,836.2418,1049.7767
728,836.87897,1049.6376
729,838.8239,1045.106
730,840.3911,1040.3616
731,840.6394,1036.2922
732,840.1782,1032.3038
733,840.7328,1030.7421
734,844.3033,1032.6372
735,849.68286,1033.7972
736,853.0589,1031.766
737,853.48535,1029.5566
738,852.8742,1029.8523
739,852.2469,1032.1813
740,852.1805,1035.7458
741,853.3125,1040.4353
742,854.55365,1045.3372
743,854.24536,1048.8313
744,852.1693,1050.0677
745,848.59875,1049.4585
746,844.0022,1047.9303
747,839.9244,1046.2701
748,837.7927,1044.7449
749,837.78534,1042.5038
750,839.6242,1038.677
751,842.7536,1034.5593
752,845.4804,1033.18
753,845.38904,1036.1089
754,840.6564,1040.2251
755,829.49744,1040.1744
756,811.3369,1036.6189
757,791.68054,1036.5698
758,779.53235,1043.9303
759,776.1027,1055.5194
760,772.9082,1061.7284
761,764.0465,1051.0721
762,756.1544,1026.6722
763,768.96967,1011.40326
764,818.95685,1023.6747
765,886.58496,1054.8943
766,926.21606,1081.2637
767,923.52655,1091.5752
768,901.925,1090.6152
769,880.5524,1086.5411
770,864.5563,1083.6483
771,855.2718,1077.5657
772,850.7649,1063.3073
773,847.6955,1046.9196
774,843.6717,1038.0043
775,836.81116,1038.6672
776,827.89465,1043.783
777,820.3524,1046.9338
778,813.88354,1046.7622
779,803.9723,1046.9318
780,791.6398,1048.639
781,786.73315,1047.662
782,795.5425,1041.814
783,810.6651,1035.5563
784,821.5346,1033.6981
785,827.05927,1035.9579
786,829.917,1039.6704
787,830.5815,1043.5515
788,830.6079,1047.315
789,831.8837,1049.914
790,834.1478,1050.2034
791,836.2264,1048.4498
792,835.44824,1045.1863
793,826.27435,1038.8097
794,805.3256,1027.0568
795,779.85284,1012.5586
796,763.50354,1002.5574
797,760.1928,1000.8169
798,761.86523,1004.3132
799,762.006,1007.6173
800,761.82477,1008.4353
801,766.09485,1010.707
802,777.2212,1019.7818
803,790.1599,1033.0594
804,796.6777,1042.3774
805,796.54663,1045.1162
806,796.80707,1044.8124
807,801.0289,1044.4501
808,806.58636,1044.6903
809,810.55756,1044.5168
810,812.6373,1039.8169
811,812.91425,1025.9346
812,811.70825,1007.76685
813,812.7614,1000.45026
814,820.83026,1012.9064
815,833.35034,1036.085
816,842.3709,1052.5667
817,845.31,1055.2561
818,846.00366,1050.4436
819,850.09644,1045.9172
820,861.07404,1043.5902
821,865.71606,1039.6437
822,824.33246,1029.9374
823,712.9177,1016.6041
824,586.83136,1004.67346
825,551.4273,1000.31036
826,647.1899,1013.0188
827,796.57605,1040.8546
828,887.0332,1066.7246
829,888.4227,1081.7562
830,854.4148,1088.1957
831,832.3786,1085.6448
832,819.9342,1075.7909
833,798.08264,1065.8628
834,766.7419,1059.8435
835,739.61774,1057.0098
836,725.34033,1054.302
837,721.6812,1047.3195
838,721.22546,1037.7112
839,719.2374,1033.9854
840,714.1636,1039.0219
841,707.23145,1046.014
842,712.7807,1048.2007
843,751.11566,1045.5483
844,813.48627,1042.5616
845,863.0703,1041.4902
846,871.87683,1034.9088
847,837.917,1011.77325
848,791.7118,978.15985
849,775.8662,954.4575
850,800.3664,947.77856
851,841.57684,950.38293
852,866.452,957.4996
853,838.0907,968.75885
854,745.2335,982.1945
855,644.3792,994.069
856,610.07874,1001.56134
857,648.1167,1000.95935
858,713.1106,987.883
859,766.5217,967.3555
860,791.1964,951.8738
861,792.2538,946.5621
862,785.8367,948.1798
863,781.967,952.7427
864,782.9471,957.0652
865,786.27606,958.69684
866,788.18036,957.2584
867,789.9554,954.9792
868,793.84296,955.2931
869,789.07086,961.21063
870,757.53894,974.76794
871,706.918,993.83795
872,674.4284,1009.9502
873,679.4293,1016.5359
874,704.96985,1018.12024
875,733.7329,1023.6805
876,765.98474,1034.1592
877,802.38043,1044.2645
878,831.6166,1052.0153
879,843.8793,1057.8715
880,857.22516,1054.7031
881,898.445,1030.4144
882,945.24805,988.97614
883,947.82916,952.3075
884,907.1789,934.122
885,864.95074,930.09015
886,843.3399,930.6934
887,837.72015,930.42664
888,834.6492,927.90247
889,822.5141,922.8446
890,803.84235,917.9536
891,802.96967,923.28564
892,840.6801,946.5078
893,888.0031,975.6996
894,890.71655,990.9768
895,847.914,994.1115
896,804.0642,1002.2881
897,781.6333,1018.7029
898,773.08734,1032.774
899,768.8656,1038.5071
900,765.4096,1034.2289
901,761.89264,1017.78613
902,758.398,995.41504
903,755.08295,980.2308
904,752.2602,975.99176
905,750.79364,976.3477
906,754.867,977.4464
907,771.6291,979.8978
908,799.6648,982.8103
909,825.33203,983.57404
910,837.8002,982.61523
911,835.4369,985.4313
912,819.04486,998.1425
913,794.78143,1019.4346
914,776.49304,1039.0706
915,773.59796,1045.8695
916,782.44653,1037.2888
917,793.41626,1023.6525
918,805.9516,1019.07227
919,825.8317,1026.0717
920,843.63245,1034.5173
921,841.6589,1035.3969
922,822.58453,1030.326
923,804.75336,1024.2516
924,798.0427,1016.84247
925,799.78253,1008.6121
926,803.4405,1003.8153
927,804.5331,1002.5203
928,802.6009,1000.8493
929,799.87396,998.24945
930,798.4827,997.48035
931,798.2198,1000.04596
932,793.85394,1006.459
933,778.80334,1017.581
934,758.9607,1030.0687
935,750.5531,1037.6057
936,759.5068,1041.6575
937,780.0855,1049.5165
938,805.22705,1060.1932
939,825.87604,1065.4597
940,835.2754,1063.8878
941,834.51514,1061.9648
942,825.7201,1062.4119
943,811.46533,1061.4557
944,801.8534,1057.5272
945,803.1096,1053.6803
946,805.1337,1053.6274
947,800.20874,1062.021
948,797.38403,1074.3267
949,798.26917,1054.2349
950,783.4068,959.9343
951,745.9088,824.13495
952,709.76245,738.72534
953,696.16693,730.5159
954,700.9013,730.92957
955,709.8576,674.0505
956,715.22235,580.99384
957,715.49084,529.19385
958,709.8836,544.0826
959,700.8048,579.84753
960,697.7304,597.0657
961,707.43274,593.7808
962,722.61273,582.0883
963,729.8716,572.3292
964,726.81866,568.63794
965,722.04736,568.26324
966,722.8151,566.45795
967,730.3131,564.203
968,742.3963,568.1918
969,757.1446,581.3098
970,773.0602,599.3906
971,788.5532,615.10675
972,803.8044,618.99524
973,815.16016,608.43774
974,805.9744,612.5963
975,764.47565,691.8461
976,716.7048,868.1074
977,705.7988,1063.7307
978,735.0095,1168.6602
979,766.96454,1164.8555
980,772.7839,1123.128
981,754.23883,1094.3927
982,724.62854,1074.8495
983,693.65936,1052.9386
984,668.71576,1030.012
985,655.08966,1009.0949
986,654.995,990.2493
987,664.09296,975.00934
988,672.7906,967.25464
989,677.087,967.76135
990,681.1208,974.2992
991,688.96936,987.0492
992,701.1731,1006.84753
993,717.0915,1029.7822
994,734.28906,1048.3503
995,746.83923,1056.9254
996,748.3478,1056.1451
997,742.2163,1052.7345
998,752.25287,1053.835
999,798.16046,1060.7494
1000,849.14624,1067.9258
1001,853.43896,1070.2067
1002,814.1819,1070.5475
1003,774.9083,1075.0969
1004,755.55414,1083.5964
1005,748.29254,1091.2688
1006,744.5205,1095.2426
1007,742.7214,1095.6145
1008,749.96606,1092.2567
1009,777.32184,1077.5533
1010,816.26984,1041.4181
1011,839.56824,994.2803
1012,842.268,964.63043
1013,843.3701,964.0929
1014,846.84607,976.1847
1015,865.9194,971.2966
1016,949.2194,921.54767
1017,1082.3888,832.18634
1018,1148.683,751.2818
1019,1088.1742,712.7694
1020,972.67236,698.8219
1021,878.04944,679.98755
1022,811.4686,655.4317
1023,759.9051,640.85565
1024,720.50134,643.5143
1025,692.43945,659.6491
1026,673.8471,680.84
1027,664.12134,698.1183
1028,662.04016,707.152
1029,662.87164,709.08685
1030,661.7378,706.7971
1031,660.16754,703.8527
1032,663.5858,706.15497
1033,672.1277,719.60834
1034,680.9025,743.0104
1035,688.55255,764.1918
1036,698.2886,768.1746
1037,710.54755,753.556
1038,721.2017,736.69604
1039,730.0205,735.91925
1040,741.3947,754.3652
1041,751.034,779.8726
1042,749.12213,801.2545
1043,743.45685,819.5262
1044,753.6341,838.7713
1045,771.28534,853.5269
1046,763.0283,855.11523
1047,725.3484,846.67267
1048,690.7977,839.1227
1049,679.244,835.4018
1050,684.04034,830.619
1051,693.2257,823.0992
1052,696.0755,817.421
1053,683.716,817.9832
1054,659.8425,822.71063
1055,638.5101,826.3482
1056,629.33026,827.73474
1057,632.61615,828.1675
1058,640.0304,825.46216
1059,642.0277,815.8399
1060,651.2097,804.92053
1061,715.6489,817.0146
1062,863.6946,875.7503
1063,1021.98065,962.1622
1064,1074.9847,1027.4553
1065,1020.6429,1055.2412
1066,956.4665,1059.4082
1067,928.2744,1041.628
1068,908.8947,1001.19995
1069,884.50964,953.44867
1070,860.7187,918.29755
1071,814.04443,909.2267
1072,715.2777,923.1128
1073,601.12634,938.2547
1074,536.2043,942.3122
1075,504.63586,949.53973
1076,460.96994,969.5731
1077,438.93695,985.1623
1078,487.64783,978.0848
1079,580.4801,955.6563
1080,660.8455,940.1595
1081,713.5983,941.7716
1082,754.3104,953.4018
1083,785.7516,964.19653
1084,798.94147,967.1147
1085,797.1526,961.0395
1086,789.1799,951.2123
1087,776.0408,944.3247
1088,759.4695,942.44684
1089,745.84875,943.3007
1090,737.5341,944.4082
1091,728.5322,945.5591
1092,711.37396,948.7464
1093,698.9183,950.28955
1094,737.5038,929.97614
1095,868.80896,866.55005
1096,1059.3179,776.0068
1097,1191.0079,709.1649
1098,1171.6438,696.3845
1099,1038.0653,719.25275
1100,894.4464,744.14856
1101,794.2785,759.0988
1102,732.4771,776.8037
1103,702.6889,820.2097
1104,713.5251,890.51404
1105,750.6502,937.01105
1106,771.89954,903.8739
1107,761.9528,817.9371
1108,742.13055,759.7015
1109,727.4227,757.04596
1110,716.72375,778.5012
1111,709.4767,794.4215
1112,708.3222,797.62177
1113,712.385,795.2745
1114,718.6543,801.5641
1115,727.0612,824.7434
1116,734.541,851.60645
1117,735.1857,863.54803
1118,734.78986,878.3543
1119,747.05115,932.5429
1120,771.0244,1008.9161
1121,792.816,1050.3314
1122,809.87463,1045.1207
1123,831.2028,1026.3
1124,851.5614,1013.2872
1125,852.02893,1005.9507
1126,835.79755,1006.55695
1127,828.1577,1019.1461
1128,834.8929,1040.2424
1129,842.01685,1063.9763
1130,846.3134,1084.433
1131,851.5837,1095.48
1132,853.9221,1102.2408
1133,850.6733,1113.7524
1134,850.6822,1121.0149
1135,864.67,1107.8307
1136,884.49817,1082.6877
1137,883.3334,1077.329
1138,848.8126,1108.1831
1139,803.55273,1149.5428
1140,768.9904,1145.9601
1141,731.72565,1062.53
1142,686.4528,938.8801
1143,663.24945,857.6834
1144,673.9581,846.7815
1145,692.80707,867.4292
1146,700.5004,886.3515
1147,700.2258,902.0222
1148,697.77814,919.1929
1149,693.2589,936.3336
1150,688.1211,953.854
1151,688.36835,980.5512
1152,699.89294,1022.7855
1153,725.50226,1066.2893
1154,763.1937,1089.5881
1155,800.94336,1093.8783
1156,824.2438,1093.6096
1157,832.134,1092.5997
1158,833.7378,1088.7975
1159,835.52716,1083.4534
1160,837.3779,1077.3665
1161,834.56415,1070.8225
1162,825.66815,1067.3783
1163,816.5954,1068.8048
1164,812.8116,1071.445
1165,813.8947,1073.3993
1166,815.63184,1074.6831
1167,811.8744,1072.232
1168,797.63116,1066.5646
1169,772.62305,1064.4138
1170,743.1965,1069.5903
1171,719.6614,1080.1704
1172,708.57117,1090.8114
1173,717.21515,1091.4369
1174,754.307,1075.6559
1175,806.14197,1054.989
1176,840.3868,1044.549
1177,846.28046,1039.9384
1178,840.72406,1031.0795
1179,837.9662,1019.9955
1180,837.1729,1011.5184
1181,835.5085,1006.77924
1182,835.0115,1006.3538
1183,835.60626,1007.8711
1184,833.8072,1005.72974
1185,827.30676,998.83307
1186,815.6022,992.7552
1187,800.9825,990.3542
1188,797.00934,985.6278
1189,835.8027,975.4687
1190,933.56445,971.04034
1191,1035.9486,979.0624
1192,1063.6403,987.45386
1193,1008.12756,986.7072
1194,910.07916,983.738
1195,800.46173,995.3251
1196,711.4054,1032.9565
1197,671.5666,1082.2732
1198,675.08704,1115.4551
1199,698.3988,1123.1897
1200,737.0663,1112.833
1201,794.4268,1093.0125
1202,846.23254,1074.5168
1203,854.64185,1071.4031
1204,818.25287,1092.5485
1205,774.38794,1130.9604
1206,763.0343,1152.9592
1207,813.93085,1103.054
1208,929.824,957.7277
1209,1059.3826,779.3067
1210,1123.6359,663.94763
1211,1092.481,638.62897
1212,1012.15436,660.0223
1213,937.57355,690.1665
1214,880.1611,721.16583
1215,836.66876,748.89606
1216,809.1989,766.03174
1217,792.7068,773.5679
1218,780.0031,780.4395
1219,770.4485,796.767
1220,765.5736,828.09406
1221,766.51196,861.64087
1222,769.9479,858.5395
1223,763.0814,792.62134
1224,739.0977,701.73346
1225,709.99146,653.13727
1226,685.9478,666.0294
1227,665.1917,710.5999
1228,651.2367,753.55865
1229,653.32495,779.39233
1230,670.8249,788.72455
1231,691.0999,786.9944
1232,705.0932,781.1195
1233,717.60657,780.31586
1234,736.4966,786.94476
1235,761.84766,795.7082
1236,784.0833,803.5217
1237,789.42975,811.6166
1238,775.6537,821.2461
1239,754.75256,830.8019
1240,737.29114,836.221
1241,724.43713,835.1773
1242,714.11414,830.07214
1243,706.60187,825.2978
1244,702.97363,823.5674
1245,703.0851,824.77264
1246,705.33887,826.30475
1247,708.2415,825.76447
1248,714.31573,823.395
1249,729.51886,820.2286
1250,755.31256,815.02136
1251,780.28033,804.82745
1252,784.4036,790.3737
1253,759.05206,782.0047
1254,722.38837,791.0388
1255,711.2671,809.4079
1256,746.6287,816.6093
1257,799.7362,808.4516
1258,806.3697,797.4967
1259,731.32996,796.50616
1260,616.7441,813.62897
1261,540.2429,846.7827
1262,532.1528,879.62036
1263,564.67126,895.4182
1264,598.1108,895.50275
1265,616.0802,893.0961
1266,626.6808,893.4672
1267,635.66455,892.3965
1268,642.23755,887.72156
1269,660.07355,885.5604
1270,702.4029,893.10205
1271,755.314,907.8159
1272,794.4325,921.75226
1273,803.43835,931.12634
1274,774.6178,936.7895
1275,724.9698,940.47046
1276,688.12726,941.9515
1277,673.07446,941.0714
1278,662.9237,944.10046
1279,644.82806,959.17426
1280,619.953,979.70953
1281,598.1835,987.47327
1282,589.6712,977.1748
1283,598.6765,960.7301
1284,620.80963,947.77704
1285,645.92664,939.8485
1286,671.88354,940.84686
1287,706.0607,955.98694
1288,744.48254,981.55237
1289,769.32,1009.74084
1290,773.27875,1039.4547
1291,768.28595,1069.3817
1292,767.4661,1091.3956
1293,768.6201,1100.3787
1294,762.0078,1098.7262
1295,748.8526,1092.3257
1296,739.85144,1089.5437
1297,738.9134,1095.925
1298,739.9184,1107.376
1299,737.5448,1115.947
1300,734.11206,1118.9951
1301,737.4438,1117.4497
1302,754.49854,1112.3297
1303,783.93964,1105.2502
1304,814.3283,1097.41
1305,833.36993,1089.7584
1306,839.0261,1084.283
1307,838.4028,1082.1777
1308,837.71625,1082.1425
1309,838.1921,1081.949
1310,840.3437,1080.9253
1311,847.1023,1079.897
1312,860.3227,1079.0323
1313,875.6601,1077.1669
1314,885.4186,1074.1227
1315,886.41693,1072.5824
1316,881.5109,1074.6166
1317,875.13544,1078.466
1318,868.3897,1081.8658
1319,859.50085,1083.9553
1320,851.427,1083.6901
1321,851.28253,1081.0847
1322,859.0253,1078.1503
1323,867.0337,1076.6704
1324,871.03534,1076.3239
1325,873.371,1075.661
1326,876.7485,1074.4376
1327,879.9897,1073.3099
1328,880.6682,1072.1084
1329,878.4923,1069.7684
1330,874.41644,1065.4406
1331,869.36395,1060.3174
1332,865.51447,1057.2513
1333,866.38403,1057.294
1334,872.5052,1058.521
1335,878.6663,1058.7773
1336,879.3363,1058.6763
1337,874.8724,1060.9249
1338,868.6281,1066.4398
1339,861.7352,1073.2697
1340,855.0573,1079.4801
1341,850.98474,1084.8046
1342,850.3088,1089.8163
1343,851.4363,1095.4729
1344,852.2648,1102.4108
1345,851.07184,1108.5884
1346,847.3841,1110.5118
1347,842.8904,1108.1691
1348,839.8264,1104.749
1349,838.4094,1102.3325
1350,838.0149,1100.9763
1351,839.2129,1099.7766
1352,842.4987,1097.4742
1353,846.9887,1093.955
1354,851.239,1090.7227
1355,854.00446,1089.0059
1356,854.39014,1088.4567
1357,852.59753,1087.8458
1358,850.2449,1086.7399
1359,848.9327,1085.6704
1360,848.912,1084.914
1361,849.5724,1084.473
1362,850.1421,1083.8451
1363,850.4887,1081.9741
1364,852.6733,1079.1204
1365,858.3073,1077.1594
1366,862.8615,1077.7231
1367,859.2823,1080.7998
1368,849.01575,1084.1923
1369,840.9583,1085.4911
1370,839.0587,1084.7831
1371,840.4135,1082.6007
1372,843.8544,1077.8458
1373,850.689,1071.4661
1374,858.38367,1067.214
1375,860.2509,1067.8193
1376,852.48413,1073.976
1377,840.8601,1083.0157
1378,835.32947,1089.4698
1379,836.83453,1090.969
1380,838.67584,1089.7157
1381,837.5394,1088.3478
1382,834.3758,1087.7936
1383,829.7585,1088.4285
1384,823.7373,1091.1445
1385,818.5703,1095.3151
1386,817.7749,1097.9735
1387,821.2016,1097.7587
1388,825.31464,1096.604
1389,828.50226,1095.9287
1390,831.4982,1094.8496
1391,833.43317,1092.564
1392,829.80725,1088.8025
1393,817.48566,1083.8938
1394,804.0595,1080.7489
1395,801.0739,1081.7926
1396,806.16315,1085.1268
1397,808.37354,1088.5912
1398,805.6754,1092.2231
1399,804.8073,1094.3176
1400,811.5478,1091.8918
1401,823.3908,1086.5249
1402,831.17017,1083.3872
1403,830.5609,1083.873
1404,825.7166,1085.3617
1405,821.4406,1086.9961
1406,818.86365,1090.1996
1407,817.2362,1094.5986
1408,815.2609,1098.1577
1409,812.20215,1099.7214
1410,811.2327,1096.3777
1411,818.30835,1084.872
1412,833.4665,1070.631
1413,848.4023,1065.7983
1414,855.6793,1074.0709
1415,852.6364,1078.3597
1416,836.6277,1048.1366
1417,807.78314,975.9533
1418,774.9779,899.60205
1419,749.8306,862.2751
1420,737.16364,865.47687
1421,734.58136,881.65765
1422,737.21747,891.538
1423,741.26086,894.3365
1424,745.3688,896.35565
1425,750.8124,899.76685
1426,760.69525,901.1739
1427,777.193,902.073
1428,794.68256,921.2151
1429,805.32495,976.23395
1430,819.0575,1042.8461
1431,846.93756,1075.9875
1432,865.9416,1070.2943
1433,843.4898,1044.5425
1434,787.12555,1002.4414
1435,737.9935,955.213
1436,721.6363,937.3349
1437,726.6621,970.27344
1438,730.501,1030.8137
1439,727.953,1075.1771
1440,731.03723,1088.6315
1441,748.33435,1088.7614
1442,772.099,1085.4237
1443,788.7081,1068.4589
1444,794.39716,1040.2445
1445,795.53577,1023.2448
1446,800.00116,1025.3235
1447,811.7439,1032.3574
1448,825.76666,1031.6508
1449,829.5921,1021.6976
1450,815.9228,1009.9527
1451,790.1589,1006.29443
1452,769.7753,1014.00696
1453,771.9301,1028.8169
1454,790.83997,1042.9569
1455,805.12946,1049.9447
1456,807.3011,1050.4619
1457,800.3544,1049.6194
1458,780.0154,1049.7339
1459,748.2772,1050.357
1460,730.5546,1048.668
1461,750.27264,1041.2074
1462,796.4349,1030.4246
1463,848.2007,1013.1254
1464,900.90955,970.8563
1465,942.202,902.19464
1466,959.5941,834.4677
1467,963.69556,786.7023
1468,959.6682,760.3209
1469,934.55444,754.74976
1470,884.9383,764.1901
1471,829.1137,777.5037
1472,789.4616,793.7651
1473,771.4392,822.7749
1474,767.45276,865.4863
1475,772.89575,910.3178
1476,787.70966,947.91406
1477,809.2647,976.17883
1478,831.23956,994.3686
1479,848.31696,999.6662
1480,859.57544,991.4516
1481,866.2718,977.4545
1482,869.4006,968.7323
1483,872.09393,967.2502
1484,879.088,965.10834
1485,890.21735,956.11224
1486,897.77374,946.0104
1487,893.75726,948.4693
1488,881.14417,965.722
1489,872.67596,984.1302
1490,873.8232,994.655
1491,876.7534,1000.65356
1492,875.7644,1005.439
1493,874.79315,1007.4942
1494,876.1802,1005.3997
1495,875.10596,1000.21826
1496,867.42053,996.6402
1497,855.8451,1001.8571
1498,847.0444,1018.7681
1499,843.6406,1043.028
1500,841.04895,1066.63
1501,832.70264,1081.2766
1502,816.40753,1083.1251
1503,796.9498,1076.4015
1504,782.4951,1068.9807
1505,777.2528,1065.0139
1506,779.77765,1063.2504
1507,784.9247,1057.454
1508,786.1423,1040.033
1509,783.09155,1012.5941
1510,782.46686,985.6935
1511,786.5351,967.5877
1512,790.9552,960.888
1513,793.0933,962.32074
1514,793.8308,964.74756
1515,794.5545,965.15826
1516,796.9945,965.8258
1517,802.31506,967.87646
1518,807.2962,969.0303
1519,806.97424,967.35254
1520,801.99243,964.1408
1521,796.9085,961.95544
1522,794.099,961.5231
1523,793.3082,961.735
1524,793.6692,961.46295
1525,795.1499,959.8449
1526,798.4125,955.6689
1527,801.7078,950.1858
1528,796.161,954.2898
1529,770.13043,984.723
1530,731.99896,1036.557
1531,716.28656,1075.1735
1532,741.2521,1080.1523
1533,777.65875,1071.1711
1534,784.9875,1072.9579
1535,761.0202,1084.0659
1536,736.1164,1091.672
1537,732.9012,1093.4818
1538,750.4344,1093.039
1539,779.1135,1091.2373
1540,811.5893,1088.1221
1541,842.8967,1082.5616
1542,870.9484,1073.2504
1543,890.49963,1061.61
1544,892.3863,1050.187
1545,879.71356,1041.3385
1546,871.1525,1037.8109
1547,880.42957,1040.6908
1548,900.1631,1047.566
1549,912.21716,1054.7767
1550,910.479,1060.0735
1551,903.277,1062.8987
1552,898.44653,1063.8842
1553,897.07745,1064.6903
1554,898.52454,1067.2069
1555,902.6332,1070.9431
1556,908.70874,1072.2943
1557,917.2877,1068.7377
1558,925.5909,1061.9567
1559,916.0453,1054.323
1560,869.7758,1046.4236
1561,805.8874,1041.0756
1562,771.7364,1041.5253
1563,780.58105,1045.2786
1564,798.06696,1048.3074
1565,790.5642,1050.8364
1566,761.3847,1053.8584
1567,736.7333,1053.2916
1568,730.7293,1041.739
1569,745.3775,1015.981
1570,783.907,979.86224
1571,834.23737,946.06805
1572,869.01105,929.9194
1573,878.97406,931.25793
1574,877.03174,935.62036
1575,873.7972,933.43646
1576,870.6639,928.3653
1577,864.8595,936.9409
1578,852.23254,974.5182
1579,833.75085,1027.498
1580,818.0193,1061.7313
1581,811.04767,1065.7692
1582,809.91327,1056.6721
1583,811.1489,1051.64
1584,816.43286,1056.4056
1585,825.43646,1064.846
1586,830.80444,1052.7966
1587,827.2072,993.9416
1588,819.88385,904.71014
1589,816.66644,838.64716
1590,823.07904,822.503
1591,845.1827,839.913
1592,878.22437,865.841
1593,906.11066,886.0966
1594,920.85364,897.9336
1595,924.69293,903.7535
1596,921.4084,906.8858
1597,915.53516,911.00684
1598,911.5622,916.45374
1599,910.5685,920.06836
1600,909.25195,920.42096
1601,904.3723,919.13525
1602,896.4374,918.4353
1603,888.00946,919.82336
1604,881.8658,923.14984
1605,880.287,926.6716
1606,883.38727,928.924
1607,888.85675,929.64386
1608,894.0184,929.33356
1609,896.5708,928.35297
1610,894.0199,925.3423
1611,884.3061,916.2864
1612,867.23267,898.07227
1613,847.5669,877.3953
1614,834.91876,871.07263
1615,834.80164,888.0782
1616,843.27405,915.83655
1617,854.41437,934.76184
1618,866.15265,940.4084
1619,876.45087,940.38824
1620,882.8874,939.5479
1621,887.27386,937.78357
1622,893.93585,933.896
1623,903.75476,927.8273
1624,913.44116,921.4686
1625,919.66,917.0106
1626,921.21094,915.547
1627,917.86475,917.94995
1628,910.2195,924.70886
1629,901.4864,933.0578
1630,894.2223,938.5695
1631,886.058,941.08386
1632,875.87225,943.26184
1633,868.21497,945.3934
1634,867.5852,947.4654
1635,874.43604,951.32214
1636,884.6138,955.95984
1637,891.1903,958.1608
1638,886.04297,962.9466
1639,861.1727,983.49646
1640,820.0494,1022.00183
1641,779.4634,1061.3488
1642,750.49677,1085.4845
1643,734.1778,1094.4299
1644,729.9137,1094.6367
1645,731.76013,1090.3818
1646,732.107,1084.7565
1647,739.3997,1079.1826
1648,772.0877,1073.1395
1649,822.61304,1066.7814
1650,858.11536,1062.1703
1651,865.9857,1061.0496
1652,860.4525,1062.215
1653,853.18756,1062.7095
1654,846.75037,1061.5299
1655,841.0584,1059.9678
1656,834.6121,1058.2399
1657,826.71783,1054.6604
1658,821.0558,1048.904
1659,824.2349,1043.2308
1660,837.3979,1039.3538
1661,851.92426,1036.8811
1662,855.8932,1036.7676
1663,842.731,1042.2207
1664,816.34705,1052.6384
1665,790.0335,1062.5383
1666,775.56335,1068.5231
1667,773.7506,1071.1449
1668,778.7292,1071.8582
1669,786.39294,1072.2404
1670,795.59845,1073.4321
1671,804.2209,1075.2047
1672,809.15594,1076.8325
1673,812.2375,1077.8087
1674,818.7293,1076.8793
1675,828.16235,1072.8914
1676,834.80426,1067.6003
1677,836.13275,1064.491
1678,834.7917,1064.0837
1679,834.1152,1063.5532
1680,834.50244,1061.4319
1681,834.3479,1059.4703
1682,833.4071,1059.5382
1683,832.47327,1061.3729
1684,831.8619,1063.319
1685,831.73035,1063.948
1686,831.5068,1063.3337
1687,830.961,1062.6006
1688,831.05865,1062.3077
1689,831.9482,1062.4266
1690,833.1187,1063.0756
1691,834.4331,1064.0441
1692,835.044,1064.5006
1693,833.5019,1063.8247
1694,829.9367,1062.0948
1695,826.7448,1060.6118
1696,828.81055,1062.6545
1697,842.9938,1070.1486
1698,870.04346,1079.3215
1699,897.14685,1085.9891
1700,901.261,1093.5634
1701,862.35333,1103.8331
1702,781.33746,1097.8113
1703,683.808,1051.5156
1704,611.2023,982.3155
1705,597.13074,938.5929
1706,630.39966,937.8531
1707,670.5364,956.5016
1708,710.5324,969.1079
1709,787.9679,971.49945
1710,916.2318,972.346
1711,1033.9507,973.6531
1712,1074.6256,970.4528
1713,1037.8314,964.188
1714,939.67096,963.6874
1715,796.1657,973.457
1716,672.91486,983.36865
1717,631.2721,980.7386
1718,652.50214,971.0602
1719,689.34937,966.50134
1720,726.5219,966.56586
1721,761.17847,966.62646
1722,785.3407,967.1757
1723,795.60956,970.01984
1724,793.9803,977.0975
1725,784.9001,990.31195
1726,775.14874,1009.977
1727,767.9051,1032.4573
1728,764.31366,1051.2554
1729,775.4045,1068.8756
1730,812.12427,1093.0789
1731,857.2403,1114.6433
1732,879.4983,1117.1318
1733,876.54474,1104.2552
1734,869.62103,1091.661
1735,871.27576,1085.3019
1736,880.9571,1082.4779
1737,887.1402,1083.6179
1738,861.224,1094.395
1739,784.80035,1113.0205
1740,695.23114,1120.4244
1741,651.53705,1099.908
1742,656.2861,1061.5792
1743,668.89215,1028.0503
1744,667.36554,1009.0113
1745,658.1415,1002.2257
1746,667.08417,1004.7876
1747,723.3871,1015.1788
1748,812.86444,1028.6779
1749,882.5818,1039.6792
1750,910.7009,1048.677
1751,917.89325,1056.7051
1752,925.38245,1055.1268
1753,939.027,1033.1934
1754,946.5735,997.4016
1755,930.8893,968.52704
1756,897.561,956.4974
1757,867.5431,954.6237
1758,850.5646,955.4725
1759,842.7977,958.25854
1760,836.1247,963.7231
1761,824.43756,969.6344
1762,809.0134,971.8588
1763,796.7443,968.06146
1764,793.2558,960.4044
1765,799.9745,952.9153
1766,814.23535,946.97565
1767,828.43774,942.0679
1768,834.01,937.78033
1769,831.0637,934.16956
1770,827.52655,932.18286
1771,827.3591,932.2151
1772,828.30493,933.35
1773,828.86,935.19037
1774,828.3829,938.87744
1775,824.35657,946.2224
1776,816.1938,956.8824
1777,807.8888,967.67236
1778,804.3323,976.3441
1779,806.23956,983.2233
1780,808.7824,989.12885
1781,807.6203,993.48737
1782,805.77045,993.6653
1783,805.1984,986.57855
1784,783.8954,973.9112
1785,707.3396,971.0012
1786,595.91797,997.95526
1787,531.2116,1041.2716
1788,553.58496,1056.765
1789,627.0649,1037.7626
1790,712.4845,1026.9957
1791,789.6479,1045.5295
1792,837.0854,1070.5664
1793,849.05786,1081.7108
1794,835.7064,1077.9138
1795,804.06714,1062.0892
1796,770.29047,1039.1387
1797,757.4567,1014.97125
1798,761.89526,994.92505
1799,757.81696,988.9178
1800,743.66754,1001.57355
1801,764.8139,1016.6629
1802,862.4304,1005.01117
1803,983.04987,955.45184
1804,1013.1884,895.1493
1805,930.9692,861.9056
1806,822.1622,863.2035
1807,755.2393,880.7393
1808,729.2579,898.52924
1809,718.00464,912.50665
1810,707.59973,924.1039
1811,695.79095,934.50415
1812,682.0506,944.765
1813,668.0071,954.7817
1814,658.511,961.35956
1815,655.0834,962.9869
1816,653.1031,963.46387
1817,648.683,966.3979
1818,642.11804,970.4918
1819,634.7331,972.4701
1820,628.77325,971.93304
1821,626.41614,971.5492
1822,625.2149,972.9511
1823,622.5512,974.17584
1824,624.3666,970.5011
1825,636.7601,958.5832
1826,645.06604,944.8589
1827,618.7388,948.49005
1828,555.4359,982.31537
1829,493.99948,1029.8451
1830,463.15427,1060.0614
1831,468.8787,1059.1908
1832,543.1671,1034.3575
1833,716.9715,1007.84546
1834,920.2203,1006.3722
1835,1016.4405,1025.1506
1836,970.6162,1022.74603
1837,874.47504,977.6474
1838,809.54736,920.1886
1839,795.03204,895.36017
1840,825.28284,916.6608
1841,862.3738,962.3101
1842,852.9148,1007.05804
1843,798.8704,1041.4014
1844,748.2743,1059.6024
1845,726.0518,1056.2637
1846,723.48474,1036.6693
1847,727.4316,1013.1307
1848,732.82434,995.8592
1849,738.8625,989.8816
1850,744.0747,996.3846
1851,744.7866,1016.02405
1852,737.6615,1043.8423
1853,728.0821,1064.1637
1854,729.6117,1062.6948
1855,746.66144,1043.1761
1856,766.36884,1024.557
1857,774.33514,1020.4215
1858,770.6213,1027.5944
1859,765.87396,1035.2524
1860,769.6605,1038.0983
1861,785.3591,1040.697
1862,806.32556,1047.6339
1863,809.17163,1045.3853
1864,766.4595,1009.55566
1865,689.35596,946.22864
1866,631.7458,902.14954
1867,625.3026,906.7374
1868,648.90356,923.77374
1869,671.37427,896.3136
1870,682.93823,830.36554
1871,687.32965,786.1674
1872,688.41595,802.50714
1873,686.4324,872.93243
1874,684.8532,960.43964
1875,691.5218,1023.4187
1876,707.51666,1051.4058
1877,726.1824,1060.6748
1878,742.379,1065.2191
1879,755.0412,1069.6738
1880,764.0321,1073.8053
1881,768.8372,1075.594
1882,770.30695,1074.112
1883,770.062,1070.7794
1884,768.5049,1067.9725
1885,766.001,1066.9437
1886,763.09216,1067.899
1887,759.4055,1072.1558
1888,755.97595,1081.0573
1889,756.5566,1091.4557
1890,762.9558,1097.9792
1891,771.93243,1099.5876
1892,779.3929,1098.3657
1893,784.89185,1095.9003
1894,789.922,1094.1382
1895,794.09595,1093.6562
1896,798.32074,1083.246
1897,807.98126,1037.3302
1898,821.67035,949.261
1899,823.885,860.68445
1900,803.5428,820.08234
1901,772.158,826.5458
1902,750.3941,844.49786
1903,743.6508,849.108
1904,743.454,844.24255
1905,744.8462,863.41736
1906,748.81976,939.65405
1907,754.0005,1046.4485
1908,758.22217,1117.0316
1909,765.15173,1131.7596
1910,780.52844,1120.2377
1911,803.24084,1103.4574
1912,825.8159,1086.3254
1913,842.3473,1073.3588
1914,851.08813,1067.0972
1915,852.3728,1065.4064
1916,848.3718,1066.2058
1917,841.9849,1069.943
1918,835.19037,1075.5631
1919,829.2942,1079.5902
1920,824.84296,1080.6742
1921,821.491,1079.8752
1922,819.0613,1078.1024
1923,817.37885,1076.2914
1924,815.7568,1075.3029
1925,815.1539,1075.3549
1926,817.2983,1076.5458
1927,820.3289,1078.4513
1928,820.7789,1079.5259
1929,818.5892,1079.0173
1930,817.05096,1078.5295
1931,818.9905,1079.6876
1932,822.7587,1081.9042
1933,824.3611,1083.6158
1934,823.2967,1083.8817
1935,821.9177,1082.8318
1936,821.83246,1081.2336
1937,822.90765,1079.5531
1938,823.5966,1078.7668
1939,823.1329,1080.3755
1940,822.3332,1083.541
1941,821.75287,1084.7142
1942,820.6158,1080.7976
1943,817.2056,1072.7101
1944,811.58374,1065.075
1945,805.3789,1056.7917
1946,798.0597,1039.2927
1947,790.40845,1014.5937
1948,787.6752,999.47473
1949,791.2713,1003.3829
1950,794.00195,1017.6917
1951,790.24634,1029.974
1952,783.2809,1037.2239
1953,777.4816,1042.0422
1954,773.01447,1046.0931
1955,769.6929,1050.3251
1956,767.54535,1055.028
1957,765.2748,1059.7083
1958,761.6234,1063.8882
1959,755.9491,1066.9453
1960,749.2657,1068.3846
1961,749.6281,1068.3711
1962,768.27374,1067.2731
1963,800.30347,1065.408
1964,824.7582,1063.5681
1965,831.7317,1062.7151
1966,829.82416,1062.6849
1967,828.4422,1062.2758
1968,829.1631,1061.223
1969,830.26044,1059.8573
1970,830.628,1057.5665
1971,829.19556,1054.8317
1972,825.7328,1053.5292
1973,822.7361,1054.1986
1974,822.03534,1055.8458
1975,822.46185,1057.0748
1976,822.0158,1057.0077
1977,819.6067,1055.9487
1978,817.41376,1055.0619
1979,819.0603,1054.9417
1980,823.0604,1055.1198
1981,823.5534,1055.3011
1982,817.5894,1055.5625
1983,808.1985,1055.8585
1984,801.0495,1056.1294
1985,799.0444,1056.5417
1986,800.395,1056.9746
1987,801.9374,1056.792
1988,802.36,1056.0266
1989,802.66974,1055.101
1990,803.26044,1053.7373
1991,801.2184,1051.7466
1992,795.69934,1050.0822
1993,790.83545,1050.0009
1994,789.0121,1051.0275
1995,788.6394,1051.7188
1996,787.81665,1052.2627
1997,786.2217,1053.2769
1998,785.25214,1053.8345
1999,785.6444,1053.1799
2000,785.7795,1051.9458
2001,784.41583,1051.0991
2002,782.21716,1050.9595
2003,779.1637,1050.9961
2004,773.37823,1051.6809
2005,764.0239,1054.9126
2006,754.40125,1060.3082
2007,749.4528,1064.9465
2008,749.4801,1067.004
2009,750.4881,1066.5923
2010,750.296,1065.4329
2011,749.8614,1066.0674
2012,749.45776,1068.906
2013,748.9751,1071.0771
2014,754.9463,1069.857
2015,775.60406,1066.6268
2016,802.5118,1065.4443
2017,817.8163,1067.4531
2018,820.2516,1069.972
2019,820.4277,1071.0507
2020,821.9901,1071.0453
2021,823.47986,1070.578
2022,825.0245,1070.1915
2023,827.21545,1071.0095
2024,828.8419,1073.1051
2025,828.0566,1074.5287
2026,825.3614,1073.735
2027,822.6718,1071.5087
2028,820.89594,1069.7646
2029,820.5661,1069.3143
2030,821.67175,1069.5194
2031,822.47614,1069.7639
2032,821.2047,1070.0446
2033,818.5625,1070.5114
2034,817.64124,1071.0522
2035,820.4658,1070.9817
2036,824.5679,1069.7837
2037,826.1869,1068.1951
2038,825.8251,1067.5199
2039,825.91376,1067.9153
2040,827.0914,1068.3466
2041,829.2629,1067.6671
2042,831.185,1065.1829
2043,830.9586,1061.6865
2044,828.67944,1059.3402
2045,825.5638,1059.3322
2046,822.7369,1060.6445
2047,821.6912,1061.5962
2048,824.2438,1061.9418
2049,830.7769,1062.1923
2050,837.77094,1062.0715
2051,841.6704,1061.1389
2052,842.9872,1060.4462
2053,841.12994,1064.6394
2054,833.37244,1078.0538
2055,822.862,1095.3033
2056,816.92566,1104.8181
2057,816.93445,1103.2009
2058,818.75385,1097.0237
2059,819.33606,1092.8203
2060,818.68054,1092.0286
2061,818.45233,1093.2332
2062,818.6986,1094.9395
2063,817.97375,1096.2472
2064,817.0523,1096.6609
2065,818.2991,1095.9357
2066,821.45074,1094.105
2067,822.9249,1091.7307
2068,820.8197,1089.951
2069,817.89056,1089.4574
2070,816.938,1089.3038
2071,816.753,1087.9393
2072,815.72754,1085.4723
2073,815.8331,1083.3231
2074,818.79675,1082.0278
2075,821.9289,1081.1239
2076,821.82623,1079.9825
2077,819.3074,1078.2979
2078,817.6682,1076.84
2079,818.14435,1076.5239
2080,819.9452,1076.8827
2081,822.84845,1076.6337
2082,826.5476,1075.4884
2083,828.59906,1074.644
2084,826.87933,1074.7771
2085,822.9875,1074.8193
2086,820.19037,1073.8577
2087,819.931,1072.7286
2088,820.7934,1072.6506
2089,820.3617,1073.3195
2090,818.76227,1073.4641
2091,818.4166,1072.7073
2092,820.0092,1071.7745
2093,821.9103,1071.2628
2094,823.6201,1070.7659
2095,825.952,1069.3173
2096,828.09076,1066.9418
2097,828.53015,1064.9054
2098,828.255,1064.1364
2099,829.8257,1064.2808
2100,833.5489,1064.669
2101,835.69104,1066.1749
2102,831.761,1070.3292
2103,821.62085,1075.7288
2104,809.7774,1078.8691
2105,802.0904,1079.3646
2106,801.0233,1080.122
2107,800.9095,1082.662
2108,793.5225,1085.7434
2109,779.5921,1088.2501
2110,769.6673,1092.1938
2111,780.74225,1102.5214
2112,823.4053,1121.8218
2113,877.5311,1146.1287
2114,907.6489,1168.6012
2115,904.60065,1180.8176
2116,883.9435,1173.6096
2117,860.8894,1148.6445
2118,837.0243,1120.8988
2119,801.2351,1099.4447
2120,754.9244,1074.4359
2121,724.17145,1038.1713
2122,723.91565,1009.21466
2123,736.5629,1010.66675
2124,743.179,1037.1117
2125,744.11523,1061.375
2126,744.71136,1062.8206
2127,744.5349,1047.1138
2128,742.67017,1038.0404
2129,746.4154,1044.661
2130,764.583,1051.9271
2131,789.3653,1049.8359
2132,803.65814,1048.5964
2133,804.7308,1057.4255
2134,802.46906,1070.19
2135,806.77576,1078.4801
2136,820.08673,1079.6478
2137,826.5308,1063.9202
2138,805.5153,1014.7106
2139,766.0634,939.36835
2140,737.76105,876.786
2141,728.9195,854.0647
2142,724.43036,859.7001
2143,714.72504,869.25995
2144,703.9461,872.18665
2145,698.28815,870.3022
2146,698.8165,867.9159
2147,701.7099,867.0308
2148,702.2403,866.72046
2149,700.1833,865.73663
2150,698.3247,864.51746
2151,696.80383,864.0445
2152,694.1021,864.57416
2153,691.0601,864.96576
2154,689.5601,863.4697
2155,689.75494,860.1374
2156,690.4977,856.3599
2157,689.48944,852.6434
2158,684.80115,849.0951
2159,678.49445,846.0607
2160,674.87854,843.56415
2161,675.94354,841.7254
2162,680.6504,840.37695
2163,685.40875,838.10443
2164,686.59406,833.74915
2165,685.313,828.51587
2166,685.2544,824.96936
2167,686.8027,823.9616
2168,688.3933,824.2233
2169,689.581,824.8493
2170,690.2948,825.67694
2171,690.0998,824.75964
2172,687.86017,818.3665
2173,685.2092,810.8213
2174,695.30096,830.0906
2175,732.9487,906.4091
2176,784.46906,1012.2142
2177,819.0846,1078.5045
2178,834.44354,1084.9392
2179,847.953,1063.0482
2180,860.4603,1035.9645
2181,865.83295,1012.73773
2182,868.2993,1001.5673
2183,871.7051,1002.3805
2184,874.8181,1007.8852
2185,878.87555,1013.0608
2186,884.6807,1015.81104
2187,888.45886,1014.7028
2188,888.4771,1010.62366
2189,888.5056,1006.403
2190,891.82697,1003.7142
2191,897.25275,1002.1737
2192,902.4512,1001.4349
2193,907.3337,1002.2779
2194,912.9861,1004.3424
2195,919.90967,1005.4709
2196,925.4565,1005.4941
2197,918.87823,1009.3905
2198,889.0781,1021.5617
2199,846.87317,1035.6791
2200,819.40326,1041.2451
2201,816.68756,1039.2408
2202,826.56573,1038.4844
2203,835.0385,1042.8127
2204,838.14453,1048.4463
2205,841.7096,1049.7767
2206,849.85803,1046.5262
2207,858.5258,1042.0653
2208,864.3438,1037.5931
2209,869.0933,1032.938
2210,874.0212,1028.2241
2211,877.44104,1023.1753
2212,878.1591,1017.5343
2213,877.97876,1011.83203
2214,878.97345,1007.3717
2215,879.5589,1005.8059
2216,876.5574,1008.5166
2217,871.1872,1013.77844
2218,869.9473,1011.4397
2219,876.95886,988.6168
2220,886.08545,954.7732
2221,885.8161,945.93475
2222,871.9271,980.5143
2223,850.2578,1033.0492
2224,831.76276,1068.0562
2225,825.8991,1075.4321
2226,831.96643,1067.2495
2227,841.23706,1055.5773
2228,848.31256,1041.0803
2229,852.65344,1022.394
2230,853.9965,1004.6605
2231,854.1839,993.7474
2232,857.82336,990.6216
2233,865.69946,992.1315
2234,872.9947,993.4603
2235,876.5057,991.82965
2236,877.75464,988.32275
2237,878.62695,985.77893
2238,878.8875,986.8649
2239,877.77203,992.5275
2240,877.2771,996.33997
2241,882.79865,981.1637
2242,894.9757,938.8887
2243,903.9929,895.5512
2244,902.07153,887.09
2245,895.44336,914.6928
2246,893.4591,951.7744
2247,895.5588,978.2142
2248,895.87866,992.7489
2249,890.664,1004.4587
2250,878.24915,1017.69635
2251,858.46893,1028.0675
2252,835.6073,1032.7141
2253,820.1888,1036.8973
2254,821.80756,1049.1904
2255,838.0212,1071.3339
2256,855.39996,1092.1195
2257,863.7556,1099.0302
2258,864.53357,1094.6542
2259,864.4121,1088.8478
2260,864.8828,1081.6996
2261,859.9398,1066.802
2262,847.1963,1046.0353
2263,834.9071,1030.6367
2264,830.5437,1027.0885
2265,833.7478,1030.7417
2266,841.95245,1034.4509
2267,851.97516,1036.2971
2268,859.45966,1038.2218
2269,862.59515,1041.1191
2270,864.7824,1043.3
2271,870.73315,1043.2222
2272,879.66046,1041.9219
2273,886.514,1041.9575
2274,888.7259,1044.1533
2275,887.1415,1046.4924
2276,883.90857,1047.956
2277,881.6944,1053.1128
2278,881.52606,1068.1732
2279,881.0637,1091.418
2280,877.8,1112.8296
2281,872.6774,1117.6278
2282,866.6245,1093.6423
2283,858.6876,1052.1958
2284,851.2403,1022.83417
2285,848.9796,1016.32495
2286,852.71185,1020.2516
2287,859.8277,1024.2777
2288,866.37573,1027.8544
2289,868.1638,1033.7887
2290,866.0926,1043.4552
2291,866.71234,1054.3009
2292,873.7431,1062.0276
2293,884.17487,1064.9003
2294,892.8882,1063.599
2295,897.0885,1060.1895
2296,897.2282,1057.9165
2297,895.8817,1058.4165
2298,895.6299,1060.6838
2299,897.53394,1063.7142
2300,901.34344,1067.4618
2301,906.56573,1071.342
2302,913.5993,1075.6138
2303,922.3584,1082.5776
2304,929.8129,1092.0935
2305,933.0965,1100.752
2306,932.7478,1106.546
2307,930.89136,1109.8967
2308,928.78424,1112.3086
2309,924.2347,1114.3146
2310,912.9561,1113.757
2311,895.95197,1109.0483
2312,882.0886,1102.7361
2313,878.7787,1098.4601
2314,883.7013,1097.3163
2315,889.7512,1098.4225
2316,892.7234,1100.0483
2317,892.4028,1101.1232
2318,891.029,1101.7328
2319,891.41406,1101.4913
2320,894.402,1099.4417
2321,897.33954,1096.763
2322,895.6516,1101.1726
2323,886.08984,1121.2487
2324,868.7698,1146.9666
2325,847.9872,1152.6033
2326,831.5605,1127.8462
2327,822.717,1085.4084
2328,811.17584,1044.2076
2329,786.88495,1022.5655
2330,758.7991,1029.8992
2331,741.798,1054.034
2332,736.92773,1072.3933
2333,736.90155,1076.3334
2334,738.09076,1072.7042
2335,741.24866,1069.0332
2336,747.3839,1067.9352
2337,755.24066,1070.0795
2338,762.57605,1075.2317
2339,771.7273,1082.3579
2340,785.737,1087.3544
2341,789.8453,1069.9236
2342,756.8187,1003.0084
2343,691.1135,905.1692
2344,636.62103,839.5056
2345,622.1495,834.0188
2346,636.8568,858.9306
2347,657.1618,882.5781
2348,667.34564,900.96277
2349,669.47046,915.0434
2350,690.2497,898.08234
2351,754.6808,813.8197
2352,833.3988,690.78033
2353,861.45355,617.1931
2354,823.3588,639.05884
2355,754.8451,741.0958
2356,684.40967,885.24695
2357,633.2258,998.54315
2358,621.5395,1017.7706
2359,642.2156,969.10767
2360,667.47235,922.87573
2361,682.0624,905.70197
2362,689.07623,903.6068
2363,694.8488,902.86383
2364,700.4622,901.363
2365,704.84424,901.636
2366,709.5837,905.7241
2367,715.6153,912.6285
2368,718.4914,919.1429
2369,714.13214,924.29913
2370,705.5641,928.9504
2371,697.03973,931.4657
2372,686.7595,928.97723
2373,676.3205,923.76624
2374,690.16986,928.08453
2375,756.7747,956.681
2376,848.0862,1006.5868
2377,894.9637,1053.3053
2378,882.5705,1072.08
2379,856.7709,1057.4529
2380,846.8785,1028.7074
2381,846.5673,1011.5884
2382,848.12213,1010.2707
2383,853.94025,1012.4617
2384,863.5658,1012.2079
2385,871.03125,1011.20154
2386,874.0472,1010.83026
2387,875.93146,1011.16644
2388,879.5125,1011.6497
2389,882.5755,1011.07196
2390,878.3188,1008.84796
2391,862.8542,1008.1651
2392,844.80304,1017.3096
2393,838.3869,1042.3505
2394,844.12244,1075.6388
2395,851.7239,1098.6356
2396,857.7979,1098.7079
2397,859.7649,1080.949
2398,845.01794,1064.5906
2399,808.85345,1061.843
2400,769.58734,1063.4861
2401,748.1394,1056.1143
2402,745.1119,1040.9207
2403,748.357,1024.303
2404,750.37897,1008.941
2405,750.92395,1001.41327
2406,750.9166,1007.31006
2407,749.9902,1019.9437
2408,747.3452,1029.7072
2409,742.63806,1037.8893
2410,738.10297,1052.3531
2411,740.1783,1071.3687
2412,755.139,1081.6737
2413,780.2593,1078.288
2414,802.96063,1073.4705
2415,813.96625,1078.887
2416,817.73145,1090.9788
2417,823.73773,1099.2916
2418,834.3593,1097.2462
2419,847.9341,1083.7095
2420,863.9794,1065.7655
2421,880.84656,1054.657
2422,895.09314,1053.4564
2423,903.86285,1056.7452
2424,906.1051,1059.9867
2425,903.8446,1062.2959
2426,901.5889,1063.8739
2427,900.9704,1065.4742
2428,899.4262,1068.5851
2429,897.20105,1073.8347
2430,898.7453,1080.0378
2431,903.9476,1085.6177
2432,906.40717,1090.2793
2433,904.00604,1093.8392
2434,901.85626,1094.5457
2435,901.7427,1091.2739
2436,896.0799,1089.2056
2437,875.3264,1097.3801
2438,841.50555,1111.6238
2439,811.0542,1115.985
2440,801.1348,1109.5962
2441,814.0685,1105.2526
2442,833.52313,1098.5406
2443,841.7374,1069.5105
2444,839.7906,1021.9143
2445,838.7456,986.541
2446,840.4373,979.15546
2447,839.6804,988.715
2448,835.5743,1000.2543
2449,831.68805,1006.80493
2450,829.85297,1008.65424
2451,829.0922,1010.0634
2452,827.9187,1014.908
2453,826.95105,1024.0244
2454,830.29504,1035.3359
2455,839.229,1044.536
2456,846.2125,1048.1388
2457,840.9439,1049.4985
2458,821.0268,1056.7838
2459,797.22766,1071.2664
2460,785.9307,1083.1196
2461,793.0864,1078.8834
2462,810.3599,1053.1809
2463,827.0957,1020.3622
2464,840.69135,1004.65
2465,851.60297,1013.99384
2466,855.31635,1037.5768
2467,851.9124,1060.2432
2468,852.2833,1071.304
2469,860.94196,1070.6945
2470,863.6871,1066.4368
2471,843.4339,1062.6562
2472,804.42096,1051.9669
2473,769.9365,1022.8279
2474,760.1445,976.83997
2475,780.69086,931.9627
2476,820.65234,904.4347
2477,856.4058,894.67664
2478,870.86285,894.86816
2479,869.6094,900.33923
2480,868.37885,907.6104
2481,872.8935,912.60095
2482,880.898,913.91223
2483,890.84424,911.6349
2484,899.42523,904.7184
2485,900.85803,891.8993
2486,894.15326,876.0751
2487,885.1106,864.3089
2488,880.3128,860.28625
2489,882.28735,861.64606
2490,888.38556,864.3915
2491,891.4622,866.73535
2492,884.20874,871.37915
2493,868.7547,884.01117
2494,857.617,905.8019
2495,858.7316,928.2654
2496,870.7175,941.6765
2497,891.0058,946.8234
2498,910.4969,950.98315
2499,914.15704,957.29626
2500,900.82434,964.91614
2501,883.37756,973.78406
2502,868.3392,984.28217
2503,853.6397,995.09717
2504,841.1209,1003.9409
2505,834.5448,1010.2693
2506,830.56836,1016.0106
2507,823.54047,1023.01404
2508,813.1324,1031.3572
2509,802.7175,1039.6814
2510,795.9258,1045.7292
2511,796.3093,1047.133
2512,808.23474,1042.6981
2513,832.6986,1035.041
2514,859.6575,1030.6459
2515,873.87695,1033.2643
2516,871.57965,1039.7108
2517,861.9431,1044.3472
2518,853.66364,1043.7874
2519,849.16406,1038.5969
2520,848.9591,1037.5641
2521,852.1,1056.9647
2522,853.0342,1099.958
2523,848.31055,1139.5103
2524,843.8377,1145.9982
2525,845.579,1125.7582
2526,849.66113,1106.8822
2527,848.097,1100.9038
2528,838.6829,1099.6143
2529,826.34326,1095.8118
2530,817.0097,1092.2518
2531,813.1363,1093.6017
2532,814.2834,1097.8655
2533,817.557,1098.7528
2534,817.7026,1092.1421
2535,812.7711,1079.2426
2536,807.2769,1067.9274
2537,803.00024,1066.6334
2538,794.4756,1067.6636
2539,776.85065,1043.0713
2540,751.2902,977.9346
2541,725.7399,902.75977
2542,709.3442,861.45746
2543,704.5931,859.461
2544,712.09595,873.03595
2545,733.63,887.33844
2546,761.643,907.1788
2547,782.9416,939.2846
2548,794.78406,955.79175
2549,796.51013,891.55774
2550,778.9553,733.0824
2551,745.07635,575.1109
2552,715.6952,507.3379
2553,704.97125,516.65784
2554,713.17267,554.44916
2555,732.5776,597.3633
2556,749.2291,632.1793
2557,751.9525,651.3377
2558,741.1215,653.78265
2559,724.54767,641.3249
2560,708.2512,640.58093
2561,700.3563,711.51184
2562,715.24664,874.7921
2563,748.8577,1047.2076
2564,770.81714,1130.0612
2565,767.9551,1132.451
2566,758.9766,1127.2607
2567,756.4274,1135.85
2568,752.94507,1129.6105
2569,743.8414,1099.2139
2570,737.8696,1068.0482
2571,741.8064,1057.6997
2572,752.2246,1066.8438
2573,771.92816,1084.0388
2574,810.7136,1104.5624
2575,857.2695,1118.6619
2576,873.9478,1093.5532
2577,837.2309,1002.9221
2578,770.97076,882.8911
2579,717.6033,804.5295
2580,690.052,786.052
2581,677.47614,792.645
2582,672.56946,798.5049
2583,671.3312,801.25586
2584,670.1677,803.5378
2585,670.10645,805.07495
2586,673.3454,804.9873
2587,679.0242,804.1096
2588,684.1182,803.8459
2589,686.5528,804.5371
2590,687.0921,805.4201
2591,687.291,805.836
2592,687.4186,806.11017
2593,687.3239,806.65533
2594,686.99176,807.32196
2595,686.11615,808.2728
2596,683.9127,808.7934
2597,679.04987,805.5708
2598,673.6207,799.126
2599,682.7701,808.0197
2600,726.1569,861.94415
2601,791.99097,957.5299
2602,836.73834,1044.4246
2603,839.2782,1084.7457
2604,823.8588,1092.757
2605,824.9804,1097.906
2606,850.0633,1107.1322
2607,878.0696,1112.6826
2608,889.23267,1110.8351
2609,883.69635,1105.9468
2610,870.76135,1103.776
2611,857.3101,1105.7859
2612,848.17847,1110.6284
2613,844.76105,1115.1941
2614,838.0601,1105.6609
2615,814.09595,1059.5768
2616,777.3335,982.7957
2617,752.00726,921.43646
2618,750.6897,907.03253
2619,762.69006,924.11304
2620,772.63434,943.94574
2621,779.1864,957.7169
2622,801.3682,977.3444
2623,854.44666,1013.9242
2624,915.2544,1054.2513
2625,942.10675,1074.4059
2626,925.75934,1073.5165
2627,890.4976,1069.1136
2628,859.4705,1070.1505
2629,840.1496,1072.9598
2630,831.21655,1071.4897
2631,827.46576,1063.1057
2632,823.60876,1050.4504
2633,822.1675,1039.5659
2634,828.6729,1034.0035
2635,840.0001,1032.2699
2636,847.6767,1031.511
2637,847.9667,1030.5092
2638,844.08636,1029.2115
2639,841.59534,1027.969
2640,842.6292,1026.9857
2641,845.065,1025.9084
2642,846.83716,1025.0533
2643,847.48444,1025.8151
2644,846.3605,1028.4716
2645,843.3925,1031.2031
2646,840.4093,1032.2382
2647,839.03143,1031.895
2648,838.3206,1031.1931
2649,836.7446,1029.8252
2650,835.1988,1027.6947
2651,835.19653,1026.1704
2652,835.68726,1026.032
2653,834.7115,1026.3235
2654,832.52313,1025.8481
2655,830.4438,1024.6914
2656,828.6832,1023.7014
2657,827.40753,1023.2116
2658,827.0347,1022.9881
2659,827.0768,1022.5193
2660,827.22925,1021.6013
2661,827.6346,1020.73236
2662,827.9163,1020.2747
2663,828.7018,1020.1529
2664,831.9445,1020.2187
2665,837.6827,1020.4888
2666,842.8674,1021.05725
2667,844.90326,1021.24603
2668,844.43085,1020.2384
2669,843.11224,1018.55164
2670,841.1104,1016.772
2671,838.2491,1014.41473
2672,836.18976,1011.9079
2673,837.5355,1011.075
2674,842.0749,1012.3433
2675,846.83276,1014.21564
2676,850.024,1015.54224
2677,852.0842,1016.4602
2678,854.23444,1017.8446
2679,856.84753,1019.8778
2680,858.345,1021.38617
2681,857.5313,1021.70435
2682,855.6385,1021.54987
2683,853.69916,1021.2301
2684,851.6608,1020.3498
2685,850.875,1019.5168
2686,852.51184,1019.9607
2687,853.82214,1021.4593
2688,851.0486,1022.2441
2689,845.21716,1021.357
2690,840.28876,1020.18243
2691,837.53143,1020.6718
2692,835.615,1023.186
2693,833.8152,1026.7054
2694,832.2447,1029.6403
2695,830.8705,1030.7704
2696,830.03467,1030.8547
2697,830.01306,1031.9662
2698,830.1895,1034.109
2699,830.44226,1035.3796
2700,831.37256,1035.7275
2701,832.639,1036.6749
2702,833.0986,1038.4934
2703,832.28516,1040.4679
2704,831.25507,1042.2537
2705,831.4119,1043.9071
2706,832.2307,1045.1443
2707,832.0876,1045.4642
2708,830.8315,1045.6619
2709,829.23035,1047.3851
2710,828.4295,1049.3054
2711,834.36383,1045.538
2712,854.40344,1032.1646
2713,880.66516,1014.3041
2714,893.39764,1000.99457
2715,885.9547,995.9557
2716,868.177,998.3102
2717,861.40674,1006.7061
2718,905.8727,1020.66644
2719,1016.12,1042.959
2720,1113.8586,1072.8383
2721,1104.8242,1096.1005
2722,1009.77045,1101.5421
2723,917.6413,1096.0583
2724,869.4815,1088.4492
2725,852.33386,1082.5337
2726,844.11975,1082.1764
2727,822.2811,1081.4702
2728,762.21484,1066.9836
2729,672.53406,1039.8137
2730,603.9086,1014.45105
2731,590.60626,997.38885
2732,615.1449,990.03705
2733,639.4702,997.1204
2734,654.2959,1000.9053
2735,693.0757,942.5495
2736,783.7259,786.3879
2737,890.4434,604.8154
2738,943.544,508.97336
2739,926.07416,507.1242
2740,878.2315,533.68427
2741,831.79236,558.17804
2742,795.9966,583.947
2743,778.35913,608.84467
2744,776.2392,628.081
2745,774.7294,641.47546
2746,767.9138,650.2218
2747,763.4185,657.19446
2748,768.85516,666.4984
2749,784.1498,677.13605
2750,804.2949,681.2154
2751,821.4113,671.54456
2752,816.04205,657.5044
2753,765.0125,682.01587
2754,681.2263,793.7457
2755,617.0497,968.6211
2756,611.20886,1106.2343
2757,654.89343,1142.6549
2758,705.35535,1109.6117
2759,729.7143,1069.1626
2760,745.4296,1050.7789
2761,803.98834,1052.216
2762,916.8919,1057.6849
2763,1019.89294,1052.8385
2764,1048.0061,1036.5684
2765,1010.7224,1017.7622
2766,957.89386,1004.3417
2767,919.73395,999.6342
2768,898.5461,1004.3993
2769,884.78394,1016.4739
2770,870.0133,1026.8717
2771,850.75464,1025.306
2772,828.48676,1014.6246
2773,809.8061,1007.9095
2774,802.13416,1010.7282
2775,808.1828,1017.7697
2776,824.2037,1022.7517
2777,838.8778,1025.3632
2778,838.89233,1029.4647
2779,825.3371,1034.2704
2780,813.472,1033.9917
2781,811.29425,1028.0823
2782,814.37177,1022.0438
2783,817.2147,1018.96454
2784,818.1042,1017.49146
2785,818.5698,1015.9948
2786,820.0378,1015.5366
2787,820.15607,1019.8065
2788,815.63007,1030.9232
2789,807.1042,1044.1967
2790,797.77484,1051.9215
2791,790.3387,1052.7842
2792,788.85126,1051.2429
2793,798.3736,1050.5095
2794,817.32153,1051.5187
2795,834.5206,1054.159
2796,840.13403,1056.6492
2797,835.99335,1055.3099
2798,830.778,1046.9036
2799,829.5159,1034.4324
2800,830.56226,1026.11
2801,827.5372,1024.8002
2802,814.0522,1025.9934
2803,793.9084,1026.3165
2804,780.1603,1026.1493
2805,778.01953,1026.0144
2806,781.0277,1025.8916
2807,783.1413,1026.2145
2808,782.9984,1027.4988
2809,780.6016,1029.7836
2810,777.3964,1032.0775
2811,779.2318,1032.769
2812,791.6443,1031.3599
2813,808.69824,1029.0725
2814,817.96857,1027.4093
2815,817.297,1026.3374
2816,813.7842,1024.7308
2817,811.49176,1022.5744
2818,809.5441,1020.93335
2819,806.78357,1020.1674
2820,804.24066,1020.1061
2821,804.54865,1020.89124
2822,808.94366,1022.0437
2823,815.9732,1022.32574
2824,823.1811,1021.4639
2825,827.42035,1020.3091
2826,824.69244,1018.5555
2827,815.10266,1014.6085
2828,809.0551,1010.0845
2829,816.33673,1011.0657
2830,822.40894,1022.2219
2831,796.3011,1042.3778
2832,738.6527,1064.918
2833,692.77655,1080.757
2834,681.2482,1081.628
2835,673.15826,1061.9004
2836,643.2392,1025.7524
2837,615.1718,992.7484
2838,624.1884,981.6291
2839,672.14624,991.6787
2840,728.6952,1009.62665
2841,762.7028,1025.5281
2842,769.0489,1038.812
2843,761.5655,1054.3319
2844,749.2457,1072.7897
2845,734.0824,1087.5581
2846,723.5249,1092.6432
2847,728.02466,1091.2963
2848,749.43616,1093.3868
2849,784.2108,1101.5376
2850,832.8578,1106.0176
2851,893.6432,1097.2861
2852,951.13544,1062.4806
2853,990.6948,973.9727
2854,1010.5475,834.8999
2855,1002.4222,718.75165
2856,953.55396,704.61127
2857,869.6405,799.0354
2858,780.73254,936.0399
2859,726.02625,1033.9604
2860,717.40857,1063.9247
2861,728.82587,1056.125
2862,724.6495,1045.0355
2863,686.98047,1038.9355
2864,637.64716,1035.0043
2865,626.57904,1036.0989
2866,674.31995,1045.0895
2867,746.1036,1056.5629
2868,796.8022,1063.5671
2869,817.5802,1065.2311
2870,823.3738,1063.4697
2871,822.975,1059.6952
2872,819.4881,1056.833
2873,814.9407,1056.8647
2874,806.9586,1056.3442
2875,797.6539,1052.1049
2876,808.00397,1050.442
2877,860.1239,1060.4436
2878,933.02155,1077.968
2879,977.12646,1088.672
2880,976.8554,1086.3623
2881,952.3259,1077.4977
2882,912.49725,1069.4016
2883,846.9939,1062.5328
2884,762.5143,1057.2325
2885,690.2387,1058.8424
2886,650.8302,1067.8698
2887,641.01636,1074.7145
2888,649.9214,1069.5876
2889,672.9132,1053.362
2890,719.28345,1037.9838
2891,802.3221,1033.7688
2892,897.2,1038.9025
2893,946.53406,1046.1199
2894,934.921,1052.936
2895,896.8288,1059.0398
2896,859.0622,1061.2953
2897,829.3162,1058.9447
2898,812.9117,1056.6082
2899,811.4832,1057.7745
2900,818.6737,1061.7776
2901,824.43274,1066.3035
2902,823.6501,1068.598
2903,819.9172,1067.1259
2904,818.1381,1063.1586
2905,818.26154,1059.3004
2906,819.17444,1056.9622
2907,820.90283,1055.7278
2908,821.8856,1055.6742
2909,820.2248,1058.0798
2910,816.16327,1062.0618
2911,812.1528,1064.6935
2912,812.2154,1065.203
2913,817.9297,1064.9961
2914,824.75995,1064.4573
2915,826.6572,1062.9425
2916,823.40686,1061.2097
2917,819.84106,1060.7961
2918,819.4226,1061.3127
2919,821.9202,1061.0221
2920,824.94116,1059.2007
2921,826.3486,1056.5962
2922,827.0143,1054.3073
2923,828.568,1052.6702
2924,829.2718,1051.6028
2925,827.40375,1051.6611
2926,825.17303,1053.5585
2927,824.37915,1056.3132
2928,824.294,1057.6826
2929,826.3707,1056.8623
2930,832.6998,1054.6111
2931,840.0452,1051.9875
2932,843.57385,1049.5619
2933,843.466,1046.8556
2934,842.13617,1043.932
2935,840.6068,1041.53
2936,840.21704,1039.4409
2937,841.9278,1037.6024
2938,844.5363,1036.7118
2939,847.02234,1036.9719
2940,849.5954,1037.6704
2941,851.52203,1037.4263
2942,851.46625,1035.8734
2943,849.8878,1035.481
2944,849.28906,1040.2528
2945,852.72876,1052.047
2946,861.32806,1066.2673
2947,871.0271,1073.1062
2948,874.4902,1068.355
2949,868.9143,1059.2783
2950,858.6044,1055.184
2951,850.3446,1057.6222
2952,848.3521,1062.2611
2953,851.1216,1065.0657
2954,853.8411,1064.8691
2955,853.9229,1062.3684
2956,852.00146,1058.7305
2957,850.0092,1055.7081
2958,849.6288,1054.6636
2959,850.9538,1054.5021
2960,852.4016,1053.0813
2961,852.8638,1050.5566
2962,853.627,1048.9075
2963,856.6093,1048.2845
2964,863.33,1046.094
2965,874.81146,1040.3827
2966,881.65936,1034.2162
2967,853.86053,1038.4321
2968,774.55493,1061.4274
2969,703.224,1087.8767
2970,728.6515,1090.1656
2971,832.44745,1069.745
2972,913.6392,1054.0585
2973,934.9933,1055.0457
2974,931.7462,1061.9613
2975,929.31055,1063.7852
2976,927.16895,1059.7451
2977,922.5451,1055.1282
2978,917.8723,1054.352
2979,915.11725,1058.0767
2980,908.2976,1063.4801
2981,875.13464,1065.2153
2982,794.3606,1057.9971
2983,696.4397,1041.5884
2984,646.95026,1024.3055
2985,660.8208,1016.5657
2986,703.5951,1020.4804
2987,755.6143,1030.7869
2988,809.36707,1044.15
2989,843.06555,1061.9637
2990,840.7262,1083.0936
2991,816.1498,1101.0854
2992,793.7984,1112.1588
2993,779.6765,1118.4012
2994,767.8486,1121.3005
2995,757.8283,1118.7128
2996,751.08386,1109.6743
2997,746.4603,1097.4926
2998,748.68524,1085.4296
2999,768.0167,1074.1793
3000,802.1479,1066.521
3001,833.3685,1066.538
3002,848.29285,1071.2067
3003,847.0306,1073.131
3004,837.21643,1071.5735
3005,825.97394,1070.6033
3006,816.57214,1071.0431
3007,810.6921,1071.1462
3008,807.21875,1070.2772
3009,802.0457,1069.3242
3010,796.07153,1068.7938
3011,795.72424,1066.9436
3012,801.56445,1061.8066
3013,807.32477,1055.0365
3014,809.181,1050.0898
3015,805.2684,1046.9487
3016,792.7916,1044.0951
3017,773.93524,1043.8275
3018,758.0743,1047.9138
3019,753.3598,1053.136
3020,758.67926,1056.9567
3021,766.0346,1059.2512
3022,770.20154,1059.4921
3023,770.1988,1059.5393
3024,763.2378,1062.978
3025,749.50476,1068.9716
3026,736.58673,1073.0603
3027,730.43945,1073.1013
3028,734.2276,1071.1354
3029,750.9718,1071.0269
3030,773.17633,1074.1963
3031,786.63745,1077.5946
3032,791.3234,1076.8817
3033,799.61066,1071.2407
3034,815.8089,1065.0559
3035,831.3939,1062.3846
3036,835.57355,1059.751
3037,822.5281,1051.6228
3038,795.974,1041.8075
3039,769.8433,1036.5201
3040,756.1833,1031.5587
3041,753.97455,1022.2985
3042,754.55365,1014.01355
3043,752.8212,1013.8372
3044,748.93353,1025.1233
3045,744.47723,1045.0065
3046,741.32947,1064.3857
3047,740.61786,1076.2848
3048,741.50555,1079.3645
3049,742.13416,1075.4766
3050,741.48926,1068.7498
3051,740.5944,1063.7432
3052,739.5652,1062.6361
3053,735.9811,1063.5684
3054,731.4638,1061.2704
3055,732.4966,1052.416
3056,739.58374,1042.1041
3057,745.4833,1038.6311
3058,746.5562,1041.6392
3059,746.24915,1044.3036
3060,747.95337,1043.9554
3061,750.9235,1043.1152
3062,752.1983,1044.3022
3063,752.0378,1047.7179
3064,756.4977,1051.3661
3065,769.79254,1053.0183
3066,787.1943,1052.9185
3067,801.2488,1053.086
3068,809.1091,1053.7454
3069,810.81305,1052.5498
3070,808.1835,1048.9465
3071,804.1918,1046.177
3072,798.7671,1046.1808
3073,790.1752,1046.5311
3074,780.4059,1045.4733
3075,773.2172,1045.9954
3076,768.96826,1050.6409
3077,766.5512,1056.3853
3078,766.96655,1057.4941
3079,770.5249,1051.1678
3080,774.1657,1042.6614
3081,774.48004,1040.5881
3082,771.7609,1044.2266
3083,769.41,1046.3724
3084,769.9254,1045.5475
3085,773.3513,1044.5283
3086,778.1784,1044.2596
3087,781.7581,1044.6602
3088,782.28754,1045.9897
3089,782.3096,1047.5652
3090,787.31226,1047.338
3091,798.90686,1044.6105
3092,812.3454,1041.0642
3093,822.4291,1037.9729
3094,829.1816,1035.4336
3095,835.5548,1033.9801
3096,843.0536,1034.9445
3097,851.99194,1038.3944
3098,860.21967,1040.0659
3099,862.3616,1035.2506
3100,853.6253,1029.6821
3101,830.0529,1037.003
3102,795.67053,1059.5453
3103,767.11365,1082.9453
3104,744.8453,1092.8146
3105,707.4826,1086.5043
3106,663.03613,1070.1964
3107,650.93604,1052.1858
3108,681.58545,1038.1158
3109,727.2098,1030.2483
3110,761.46826,1028.9548
3111,779.27625,1033.6722
3112,790.3814,1042.6438
3113,798.52045,1052.613
3114,792.4016,1061.6078
3115,768.9263,1069.9442
3116,750.3095,1078.1332
3117,757.6141,1086.9282
3118,773.3694,1095.3322
3119,762.68756,1099.3767
3120,747.859,1096.7261
3121,812.15796,1085.8452
3122,969.36176,1065.9795
3123,1088.3423,1046.9972
3124,1055.4646,1041.0433
3125,930.1196,1042.7351
3126,834.6222,1039.1553
3127,807.8428,1028.3428
3128,825.4262,1014.6144
3129,858.2646,1000.98346
3130,874.7289,992.15454
3131,844.0667,993.8908
3132,770.79895,1006.9109
3133,693.6351,1027.0967
3134,648.5288,1046.2607
3135,649.87354,1053.7993
3136,679.88855,1049.6252
3137,700.7327,1047.3978
3138,698.6936,1054.4265
3139,694.94525,1062.0476
3140,706.0252,1064.9276
3141,723.0139,1069.4985
3142,734.3023,1075.9639
3143,750.2579,1071.16
3144,794.2509,1045.6979
3145,863.732,1016.51917
3146,922.95825,1015.414
3147,939.6097,1044.2024
3148,910.78253,1071.9852
3149,877.12366,1078.0143
3150,899.1101,1067.1396
3151,975.72504,1053.8973
3152,1031.4504,1048.9551
3153,1018.42566,1054.0082
3154,957.28156,1061.7811
3155,859.84436,1056.2881
3156,718.3205,1020.41187
3157,584.6391,957.78345
3158,537.9832,898.9666
3159,573.7871,868.00635
3160,624.71533,856.842
3161,653.31537,848.2001
3162,664.6545,840.4167
3163,672.96106,838.5258
3164,683.8994,841.5184
3165,693.0077,844.09875
3166,693.1248,841.8231
3167,688.161,837.1762
3168,704.6202,849.1993
3169,769.21783,902.2499
3170,855.2728,984.3338
3171,899.27124,1046.6508
3172,895.19867,1067.0375
3173,897.5594,1070.3832
3174,925.01337,1078.8853
3175,942.2989,1086.6775
3176,918.0747,1079.8853
3177,848.9403,1055.9019
3178,761.81903,1029.3894
3179,697.472,1018.815
3180,674.1651,1024.2874
3181,684.5845,1033.5302
3182,710.8965,1041.4412
3183,735.0098,1049.8077
3184,752.3754,1060.7168
3185,771.0918,1074.1444
3186,795.2859,1084.4728
3187,818.21765,1085.5798
3188,832.0134,1079.3787
3189,835.09143,1071.6561
3190,831.1858,1065.0427
3191,827.8749,1059.9396
3192,830.47876,1056.8389
3193,835.06226,1057.0935
3194,835.253,1062.078
3195,833.2051,1069.0634
3196,833.83484,1072.4998
3197,834.4332,1073.9075
3198,830.1687,1082.9274
3199,823.41296,1102.189
3200,819.697,1119.2839
3201,819.82697,1122.8248
3202,821.47095,1117.1696
3203,824.76544,1113.0581
3204,829.48975,1112.9554
3205,821.3766,1107.3483
3206,776.46063,1083.1243
3207,706.7699,1044.5839
3208,684.6073,1019.66595
3209,763.2014,1028.7866
3210,883.3535,1059.681
3211,942.42474,1087.3115
3212,926.7423,1100.2618
3213,892.1847,1099.757
3214,875.72485,1090.9596
3215,879.5525,1078.8964
3216,890.8089,1067.1709
3217,893.0567,1059.3688
3218,875.7463,1057.3113
3219,846.18634,1058.5044
3220,825.52295,1059.0786
3221,825.0407,1057.6953
3222,836.2951,1055.9778
3223,845.4103,1056.2571
3224,847.65045,1058.3596
3225,846.93097,1059.611
3226,848.1682,1058.7048
3227,853.0252,1057.246
3228,858.648,1057.0886
3229,860.89813,1059.3572
3230,860.1149,1066.1521
3231,859.9259,1078.4434
3232,861.3227,1091.43
3233,862.16144,1098.3969
3234,860.6013,1100.0214
3235,856.4513,1102.1765
3236,851.8506,1106.2496
3237,849.17017,1109.8568
3238,846.67633,1112.6718
3239,841.7834,1114.6244
3240,836.3431,1114.412
3241,833.7916,1112.8816
3242,835.2545,1111.82
3243,839.1871,1110.9695
3244,842.5761,1110.0272
3245,844.3915,1109.7966
3246,846.55005,1110.1338
3247,849.14026,1109.9198
3248,849.1796,1108.6914
3249,845.8027,1106.4893
3250,841.297,1103.2426
3251,836.85876,1099.36
3252,831.9362,1096.2015
3253,827.3605,1095.0813
3254,825.26807,1095.4882
3255,825.9695,1095.6777
3256,828.2029,1095.3467
3257,831.47076,1094.9823
3258,834.8222,1093.4967
3259,835.53754,1090.3754
3260,832.325,1088.2863
3261,828.53394,1089.2546
3262,831.0301,1088.5619
3263,844.3633,1077.414
3264,862.6805,1056.8363
3265,872.2648,1041.7894
3266,867.43494,1041.7281
3267,856.61487,1049.0477
3268,850.43384,1054.1106
3269,851.75006,1056.1161
3270,856.75507,1056.9564
3271,858.438,1056.875
3272,850.8909,1056.9185
3273,836.6332,1058.614
3274,824.50885,1060.4427
3275,817.7485,1059.9294
3276,812.85486,1058.3037
3277,808.48895,1057.6611
3278,807.1362,1056.814
3279,810.2683,1053.9861
3280,816.7097,1049.4742
3281,824.2801,1044.6719
3282,830.96826,1041.8276
3283,836.6081,1043.5358
3284,843.47253,1049.7094
3285,851.9506,1056.2189
3286,858.24445,1059.3202
3287,859.55896,1059.7303
3288,856.77924,1059.4623
3289,852.4667,1058.7888
3290,851.6752,1059.2864
3291,859.9496,1063.9321
3292,875.5765,1071.2518
3293,889.40857,1075.7815
3294,894.92377,1075.8813
3295,894.16345,1074.8333
3296,892.3063,1075.024
3297,888.89703,1075.5695
3298,879.9689,1074.1128
3299,868.55927,1069.987
3300,862.9497,1065.4701
3301,864.23615,1062.6289
3302,864.8369,1062.1261
3303,858.62964,1065.0125
3304,848.5398,1070.6
3305,842.4236,1075.3578
3306,841.8787,1077.1624
3307,841.6858,1076.8196
3308,839.47076,1075.594
3309,837.6099,1074.42
3310,837.2133,1073.9459
3311,836.5991,1073.691
3312,835.176,1072.6694
3313,834.79395,1071.2565
3314,836.7106,1070.9384
3315,840.0584,1072.2019
3316,843.5645,1074.3616
3317,846.3845,1076.8456
3318,847.69507,1078.8738
3319,847.0198,1079.6362
3320,844.9268,1079.6318
3321,843.23676,1079.9066
3322,843.04474,1080.3225
3323,842.8638,1079.7642
3324,842.0105,1078.3782
3325,843.9118,1078.541
3326,851.11365,1081.6705
3327,859.7466,1086.0238
3328,864.04944,1089.4309
3329,862.6828,1090.709
3330,857.15485,1087.7089
3331,849.22455,1079.0997
3332,841.8608,1069.0381
3333,837.9679,1063.9436
3334,837.3836,1064.3556
3335,837.86835,1066.1978
3336,838.44104,1067.3663
3337,839.9409,1068.2322
3338,842.51465,1069.1504
3339,844.34534,1069.5735
3340,844.1208,1068.6571
3341,843.1616,1066.6293
3342,843.221,1064.4338
3343,844.13336,1062.479
3344,844.836,1061.2482
3345,845.47,1061.6768
3346,849.3158,1064.5837
3347,859.92725,1068.812
3348,874.9142,1068.1116
3349,887.415,1056.5735
3350,892.1955,1039.3938
3351,889.25024,1028.2711
3352,884.127,1026.705
3353,881.98566,1028.6329
3354,882.0726,1028.6412
3355,880.5867,1026.9675
3356,876.3465,1026.2168
3357,871.9216,1027.6427
3358,870.19464,1030.7145
3359,870.91797,1034.357
3360,870.2537,1038.6403
3361,864.7393,1044.4413
3362,856.7154,1051.0665
3363,851.8425,1056.6027
3364,851.2877,1059.9894
3365,851.7723,1061.1091
3366,850.93207,1060.4427
3367,848.55444,1059.092
3368,846.1507,1058.5983
3369,846.0432,1060.2926
3370,847.82086,1063.9639
3371,848.2275,1067.8859
3372,846.5067,1070.2861
3373,845.6793,1070.2411
3374,846.9516,1068.5583
3375,847.7754,1067.556
3376,846.9388,1068.3452
3377,846.072,1069.673
3378,846.01886,1070.0492
3379,845.92694,1069.2498
3380,843.57495,1068.3118
3381,837.47064,1069.0161
3382,831.6042,1071.9254
3383,831.08575,1075.1691
3384,833.908,1076.314
3385,835.4391,1074.6603
3386,835.0513,1071.4341
3387,833.48615,1068.5614
3388,831.1667,1067.6145
3389,830.0179,1068.4022
3390,831.08026,1068.5214
3391,832.3229,1066.5918
3392,832.0751,1064.1882
3393,831.2589,1063.269
3394,831.4138,1064.2247
3395,832.4521,1066.0602
3396,832.6491,1067.516
3397,830.8842,1068.4985
3398,828.39404,1069.681
3399,827.68335,1070.9375
3400,829.1625,1071.257
3401,830.39795,1070.2257
3402,830.0459,1069.1266
3403,829.38,1069.8281
3404,829.5336,1072.2538
3405,830.62994,1074.0701
3406,832.33716,1073.496
3407,833.3402,1071.7518
3408,832.06067,1071.4779
3409,828.538,1072.7128
3410,824.7431,1073.3334
3411,822.5708,1072.9608
3412,822.0269,1072.7086
3413,822.2097,1072.9476
3414,823.055,1073.4539
3415,824.3576,1073.5685
3416,824.61847,1072.8315
3417,823.60187,1071.8468
3418,823.1267,1071.1498
3419,823.3217,1070.7839
3420,822.27826,1070.8524
3421,820.03906,1071.2711
3422,821.0358,1072.0695
3423,830.6268,1072.8169
3424,845.5122,1071.3762
3425,854.5649,1066.0634
3426,854.4937,1056.8633
3427,852.50244,1044.9323
3428,853.245,1035.4136
3429,855.62274,1033.356
3430,857.4577,1035.5725
3431,855.8326,1036.5916
3432,848.3801,1037.0927
3433,836.0707,1039.3132
3434,823.4778,1041.9677
3435,816.3369,1043.1963
3436,816.2711,1042.9078
3437,820.0944,1041.4976
3438,825.3014,1038.998
3439,831.5192,1035.3329
3440,839.2892,1031.1653
3441,850.1375,1027.3066
3442,861.711,1023.58716
3443,866.585,1020.8271
3444,861.7876,1021.5568
3445,852.2552,1026.4573
3446,844.299,1032.5122
3447,840.4937,1035.7266
3448,839.2853,1035.3329
3449,838.6582,1034.7041
3450,838.7134,1036.7231
3451,839.6742,1040.4994
3452,840.91626,1044.159
3453,841.7305,1046.7435
3454,841.4428,1048.3517
3455,840.30414,1051.2505
3456,839.2835,1056.3597
3457,838.9097,1060.2839
3458,838.84375,1060.6473
3459,837.74615,1059.8105
3460,835.0277,1060.8893
3461,832.6329,1063.9064
3462,832.57794,1066.7013
3463,834.3152,1067.766
3464,836.83704,1067.3286
3465,839.6303,1066.3961
3466,839.6767,1066.138
3467,833.25055,1067.2097
3468,822.93555,1068.9462
3469,815.91144,1070.2965
3470,815.1092,1070.4905
3471,819.0484,1068.9106
3472,825.7178,1066.0593
3473,832.3305,1063.5427
3474,836.76056,1062.3004
3475,839.0345,1062.1017
3476,839.40063,1062.2367
3477,837.7403,1061.8151
3478,835.1621,1060.5854
3479,833.58356,1059.6731
3480,833.6666,1060.4442
3481,835.9573,1061.7605
3482,842.37335,1058.279
3483,851.71423,1046.6776
3484,857.8928,1034.9414
3485,857.9298,1033.7587
3486,855.62714,1040.6885
3487,852.96466,1046.115
3488,845.47174,1046.3359
3489,832.76184,1043.0332
3490,824.14343,1038.5266
3491,825.01434,1034.3925
3492,829.62836,1032.3844
3493,832.6051,1034.1525
3494,835.3042,1037.1698
3495,840.52954,1035.1644
3496,848.48236,1028.4552
3497,855.97186,1026.709
3498,858.9504,1033.8284
3499,856.3872,1040.0815
3500,848.89136,1035.5315
3501,837.9859,1023.0815
3502,829.27466,1015.07697
3503,828.91187,1019.4133
3504,835.27124,1031.3279
3505,839.8436,1042.0647
3506,837.9585,1050.3602
3507,833.7833,1057.823
3508,832.7479,1062.3539
3509,835.0075,1063.1625
3510,838.1754,1062.027
3511,841.1944,1059.4347
3512,844.1506,1056.357
3513,846.6347,1055.3221
3514,847.5817,1057.5044
3515,846.9425,1061.4503
3516,847.1154,1063.0969
3517,851.309,1057.5183
3518,859.01825,1045.8837
3519,864.743,1038.0211
3520,863.6761,1039.9457
3521,857.25543,1045.5632
3522,851.64795,1047.5535
3523,851.6521,1046.0973
3524,856.1943,1043.7197
3525,860.49493,1040.0917
3526,861.5717,1034.3911
3527,860.2377,1028.594
3528,861.58405,1025.2256
3529,871.1944,1024.3276
3530,884.6769,1024.5297
3531,889.1608,1024.0605
3532,880.8809,1021.53656
3533,870.1694,1018.3535
3534,866.3383,1017.1641
3535,868.4116,1017.69543
3536,871.7664,1017.57904
3537,874.5778,1016.04895
3538,876.19806,1014.5897
3539,875.6362,1015.0649
3540,872.45355,1017.85016
3541,866.6745,1021.60297
3542,859.1417,1025.218
3543,851.19904,1029.0005
3544,843.5778,1033.8131
3545,837.6774,1039.9741
3546,835.9923,1046.4827
3547,839.939,1051.325
3548,847.7545,1052.5149
3549,855.4468,1049.9088
3550,860.8854,1046.4578
3551,863.57605,1045.4468
3552,860.96515,1047.5187
3553,852.0037,1050.7622
3554,842.7215,1051.9421
3555,839.30817,1049.3258
3556,840.4428,1043.043
3557,843.7951,1032.939
3558,849.19037,1021.08563
3559,853.3371,1013.21265
3560,852.12836,1014.7289
3561,845.91376,1026.1711
3562,838.7296,1039.9205
3563,835.1301,1048.0154
3564,837.5215,1053.4236
3565,843.5236,1061.1261
3566,847.10455,1067.1492
3567,845.4175,1067.3833
3568,841.25336,1065.3082
3569,837.7149,1065.857
3570,834.736,1068.8701
3571,831.31757,1070.989
3572,828.7395,1070.8782
3573,829.79443,1070.2997
3574,835.3397,1071.8855
3575,842.6839,1076.0314
3576,847.8909,1079.2941
3577,849.61884,1078.0664
3578,849.7941,1073.0219
3579,849.9132,1068.2827
3580,847.2019,1066.4491
3581,838.90314,1065.7317
3582,829.5573,1063.9506
3583,825.82404,1062.0726
3584,827.628,1061.2659
3585,830.7991,1060.7484
3586,832.7508,1059.7838
3587,833.7039,1058.925
3588,835.5285,1058.4521
3589,838.2184,1057.3289
3590,838.9732,1055.6327
3591,837.411,1056.9453
3592,837.88947,1064.8903
3593,842.56885,1076.3456
3594,845.76996,1083.5039
3595,841.0162,1083.8098
3596,830.6151,1080.9968
3597,822.11444,1078.1904
3598,818.7183,1075.9408
3599,818.17645,1074.5013
3600,818.0786,1074.7212
3601,819.5997,1077.773
3602,825.58307,1084.0713
3603,833.97217,1090.8053
3604,837.63965,1094.5085
3605,833.40356,1096.2687
3606,826.0648,1098.0793
3607,821.74115,1098.8341
3608,820.9366,1097.7816
3609,820.44257,1095.8026
3610,818.95874,1094.6898
3611,815.8322,1099.4907
3612,808.2777,1114.5503
3613,797.8744,1131.9409
3614,793.7711,1134.9965
3615,801.937,1117.85
3616,817.7795,1091.5216
3617,832.4499,1070.3691
3618,841.6984,1058.9414
3619,846.3868,1053.3733
3620,847.27026,1050.2676
3621,844.965,1048.7429
3622,842.29236,1047.8866
3623,841.13464,1048.5197
3624,840.8098,1054.923
3625,839.99524,1069.8286
3626,837.7506,1089.447
3627,835.0768,1104.597
3628,834.0345,1106.8491
3629,835.20496,1096.2006
3630,838.0393,1081.5558
3631,841.7967,1072.8794
3632,846.40515,1073.7367
3633,851.28503,1079.5879
3634,853.43475,1083.3461
3635,851.7336,1082.86
3636,850.50226,1081.171
3637,853.672,1081.397
3638,858.6519,1082.9956
3639,858.78033,1080.9429
3640,850.57385,1070.8494
3641,838.85925,1056.7585
3642,832.2673,1047.2118
3643,832.6246,1044.592
3644,835.39514,1046.346
3645,837.66907,1051.0634
3646,838.79224,1057.4889
3647,837.4286,1060.8798
3648,832.48206,1054.9897
3649,825.8128,1042.633
3650,817.45764,1036.847
3651,802.2051,1044.0522
3652,782.20264,1056.4417
3653,769.9133,1064.104
3654,770.748,1064.8296
3655,776.7148,1062.439
3656,775.8735,1062.0682
3657,763.9613,1064.7279
3658,750.1907,1065.257
3659,746.2245,1060.4569
3660,751.98914,1054.7833
3661,759.74854,1053.3915
3662,764.0713,1056.0027
3663,764.0188,1058.7195
3664,763.2809,1058.0465
3665,766.99084,1054.7024
3666,774.5398,1054.7542
3667,780.31384,1063.7214
3668,781.65985,1077.3326
3669,780.1505,1084.6215
3670,777.8034,1082.9597
3671,776.98846,1081.6515
3672,780.06244,1087.6952
3673,786.6863,1094.1001
3674,794.7919,1090.2268
3675,803.26843,1078.7866
3676,812.196,1070.4692
3677,822.61536,1068.6827
3678,834.5813,1068.4247
3679,845.60046,1065.8662
3680,855.45795,1066.7023
3681,866.9377,1079.5101
3682,875.6428,1098.6217
3683,873.3085,1109.217
3684,863.5816,1109.0392
3685,855.6238,1106.2719
3686,850.10156,1104.9471
3687,844.0387,1104.5449
3688,836.5581,1102.4711
3689,828.3997,1096.0331
3690,822.5558,1087.9017
3691,820.9998,1083.6737
3692,821.46454,1084.1958
3693,822.0205,1087.0076
3694,826.29205,1091.1111
3695,837.4493,1095.0532
3696,844.3748,1095.8584
3697,828.5588,1094.6984
3698,793.21265,1096.43
3699,764.90704,1097.9949
3700,762.3822,1089.8788
3701,781.46686,1073.9712
3702,807.0573,1062.1725
3703,827.15295,1056.6829
3704,837.0702,1049.858
3705,837.87006,1039.6049
3706,832.8441,1031.4144
3707,826.0939,1029.67
3708,823.7748,1033.3411
3709,830.4114,1037.4136
3710,842.1968,1037.8094
3711,848.7721,1034.662
3712,843.60455,1030.0098
3713,830.322,1026.0536
3714,817.9181,1024.5872
3715,812.12036,1025.7878
3716,811.2629,1032.6829
3717,808.26605,1050.2584
3718,799.8422,1071.1953
3719,791.74615,1081.1349
3720,788.8673,1081.4714
3721,788.62244,1083.211
3722,787.98224,1087.8384
3723,788.02856,1090.7689
3724,790.96796,1090.8613
3725,796.5764,1090.2131
3726,802.0887,1090.1726
3727,804.3924,1090.1295
3728,802.79456,1090.0175
3729,801.332,1090.7543
3730,806.649,1091.4681
3731,823.8865,1089.7018
3732,853.6481,1084.6637
3733,886.0387,1078.5471
3734,901.486,1073.7675
3735,889.4227,1069.8174
3736,862.4518,1066.5045
3737,840.2888,1067.0978
3738,828.3906,1073.2969
3739,823.26337,1082.0143
3740,823.29517,1089.0206
3741,828.3967,1091.2167
3742,840.0358,1086.5015
3743,856.2207,1074.2473
3744,867.8476,1054.603
3745,871.08636,1031.2783
3746,869.55524,1014.81464
3747,861.7508,1012.54614
3748,846.97626,1019.272
3749,834.2718,1025.4893
3750,830.52454,1027.6091
3751,831.46344,1027.9537
3752,829.5354,1029.7859
3753,822.58307,1032.9506
3754,811.01056,1034.4
3755,794.11316,1032.863
3756,776.1628,1030.0529
3757,764.7402,1027.7793
3758,761.86414,1026.8765
3759,773.65656,1028.5077
3760,810.36163,1032.8252
3761,855.5658,1034.4668
3762,872.4868,1027.209
3763,854.4437,1015.21594
3764,827.9398,1008.8752
3765,810.92053,1010.866
3766,802.3762,1015.4098
3767,799.1743,1017.7256
3768,800.3183,1017.75183
3769,802.7811,1017.0141
3770,803.73596,1016.43506
3771,805.4324,1017.05396
3772,812.70795,1019.55884
3773,824.6046,1022.4737
3774,838.10114,1026.1813
3775,857.12396,1035.5403
3776,880.024,1050.4655
3777,889.35315,1064.0433
3778,873.9677,1073.846
3779,847.18353,1081.4899
3780,828.81464,1084.9014
3781,823.60986,1081.1476
3782,825.27936,1072.1466
3783,828.04297,1064.5536
3784,831.2856,1066.3104
3785,837.7903,1079.4891
3786,845.7234,1093.4644
3787,846.775,1095.1954
3788,832.006,1085.1107
3789,802.3856,1074.7013
3790,780.75745,1074.3516
3791,789.4769,1079.1531
3792,816.11487,1073.9122
3793,835.64465,1058.3223
3794,843.99274,1043.3071
3795,845.13934,1032.9976
3796,838.2323,1028.7646
3797,826.42755,1029.9518
3798,816.30176,1029.8782
3799,810.8034,1025.9974
3800,810.48627,1023.8707
3801,813.23004,1027.1575
3802,810.1273,1034.3528
3803,793.58044,1042.1584
3804,772.65936,1046.8798
3805,764.9171,1046.4984
3806,773.69653,1041.8134
3807,789.1018,1035.9443
3808,803.32996,1032.6204
3809,813.9192,1032.3092
3810,820.1121,1032.6715
3811,821.807,1033.5085
3812,816.8784,1038.5989
3813,800.92865,1050.6079
3814,777.6585,1063.1111
3815,760.32715,1066.2811
3816,755.7897,1061.7252
3817,761.62805,1059.817
3818,776.17523,1065.2058
3819,794.8633,1073.6652
3820,807.9753,1081.1279
3821,812.3202,1088.9304
3822,812.3726,1096.6611
3823,810.5761,1099.3821
3824,807.48376,1097.332
3825,807.1088,1097.5845
3826,812.7147,1102.7032
3827,819.6976,1106.906
3828,821.64417,1105.5708
3829,819.6708,1101.1755
3830,817.8985,1098.549
3831,816.36566,1099.0054
3832,814.39874,1099.5483
3833,815.31384,1094.7761
3834,823.12024,1080.1954
3835,835.76404,1059.595
3836,844.87994,1046.346
3837,844.71967,1049.3986
3838,838.4879,1062.6256
3839,832.24286,1073.7227
3840,827.8007,1078.4055
3841,825.1769,1081.1127
3842,824.7006,1086.4258
3843,824.81537,1093.8173
3844,823.281,1098.6957
3845,819.93713,1098.303
3846,816.8476,1095.7925
3847,816.71515,1096.9459
3848,819.8831,1103.8098
3849,823.48584,1112.0851
3850,824.4536,1116.8949
3851,821.7712,1119.1041
3852,816.84125,1121.1578
3853,813.5577,1122.4513
3854,814.4059,1122.2684
3855,815.6769,1121.2952
3856,813.8721,1119.8206
3857,815.2107,1116.381
3858,828.0603,1107.4241
3859,848.61835,1090.9712
3860,866.0549,1071.814
3861,874.93866,1057.7758
3862,871.72437,1051.1737
3863,855.23016,1049.0674
3864,837.3894,1048.363
3865,832.62775,1048.0289
3866,839.1282,1048.4897
3867,846.84735,1049.577
3868,851.88007,1050.7927
3869,854.65436,1052.4257
3870,855.6916,1053.8796
3871,856.2153,1053.3544
3872,858.03577,1051.1962
3873,860.80066,1050.3702
3874,861.3967,1052.3406
3875,858.6724,1055.5865
3876,855.4501,1058.2758
3877,853.8411,1060.0819
3878,852.6977,1061.8235
3879,849.5868,1065.8396
3880,843.29767,1074.821
3881,836.1602,1086.3812
3882,831.75244,1094.0673
3883,829.74963,1096.6183
3884,828.01154,1098.526
3885,826.83813,1101.8306
3886,826.6639,1104.3154
3887,826.5364,1104.4202
3888,826.3202,1103.3563
3889,826.4598,1103.3589
3890,826.583,1105.8442
3891,826.5403,1109.9045
3892,827.06744,1113.0212
3893,827.79315,1114.2109
3894,827.2865,1115.0529
3895,825.78046,1116.6155
3896,824.6587,1117.69
3897,823.923,1117.4387
3898,822.6608,1116.1442
3899,821.86865,1114.6866
3900,823.8959,1115.0256
3901,828.03436,1117.7004
3902,830.9724,1120.5732
3903,831.9939,1120.9677
3904,833.18524,1118.1823
3905,835.1716,1114.7727
3906,835.9469,1112.9823
3907,833.8947,1111.7883
3908,830.27515,1110.4673
3909,827.895,1110.5143
3910,827.8111,1112.1274
3911,828.54535,1112.6265
3912,829.02686,1110.1206
3913,829.7377,1106.614
3914,830.35333,1105.242
3915,830.22565,1106.381
3916,830.79333,1107.9788
3917,833.676,1107.8453
3918,837.9071,1105.6897
3919,840.97845,1103.1296
3920,841.0562,1102.0078
3921,838.80835,1103.6807
3922,836.842,1108.2773
3923,836.0304,1114.3608
3924,834.5515,1119.7638
3925,831.2721,1122.2745
3926,827.08105,1120.1427
3927,822.16437,1112.1069
3928,816.5902,1099.62
3929,813.47925,1088.6256
3930,815.2005,1083.5067
3931,818.9733,1082.3832
3932,821.071,1081.8168
3933,820.9895,1080.502
3934,820.1256,1079.013
3935,819.6829,1080.212
3936,819.6211,1089.0299
3937,819.13885,1108.3502
3938,818.4531,1130.4669
3939,818.30444,1141.2155
3940,818.1522,1136.6694
3941,819.604,1119.3577
3942,826.83484,1087.5631
3943,835.6736,1049.257
3944,834.7535,1025.4658
3945,825.2231,1025.0072
3946,821.7681,1037.0824
3947,829.7442,1049.4443
3948,839.6007,1058.4183
3949,842.8902,1069.8662
3950,838.865,1093.4347
3951,831.7359,1123.3907
3952,827.21216,1139.742
3953,826.2263,1137.1473
3954,825.48956,1128.5138
3955,824.1375,1123.4393
3956,825.1829,1122.0062
3957,831.5583,1121.2985
3958,840.6352,1120.0477
3959,844.48566,1118.5956
3960,838.48114,1116.1508
3961,827.1821,1112.4437
3962,819.3467,1110.1833
3963,819.3803,1111.8031
3964,826.75116,1115.5251
3965,839.1464,1115.3654
3966,850.59,1107.147
3967,851.55475,1094.3186
3968,838.8265,1082.3641
3969,824.6251,1071.6475
3970,825.7717,1061.4844
3971,841.3698,1054.5513
3972,853.817,1053.837
3973,852.78564,1059.1775
3974,846.11176,1067.4929
3975,849.23047,1077.4784
3976,869.3116,1091.0819
3977,894.8378,1105.9103
3978,906.6617,1115.3354
3979,902.5804,1118.5033
3980,896.04913,1119.2705
3981,892.4357,1118.7422
3982,883.722,1116.8108
3983,865.65314,1115.357
3984,845.9284,1115.0529
3985,831.75854,1114.0504
3986,820.93,1111.8396
3987,811.99664,1110.5555
3988,811.66516,1113.7941
3989,823.048,1123.8325
3990,836.4558,1135.5562
3991,839.6677,1135.418
3992,832.3332,1114.3307
3993,825.5184,1083.3434
3994,825.54456,1063.8778
3995,825.54297,1061.2288
3996,820.35815,1064.3567
3997,815.2676,1065.6985
3998,812.92755,1066.2943
3999,809.38306,1068.0349
4000,804.86633,1069.5526
4001,802.3939,1069.3029
4002,798.5232,1067.8834
4003,789.1279,1065.9913
4004,778.28925,1063.3711
4005,774.2677,1059.3553
4006,780.6787,1054.2659
4007,792.0626,1050.5193
4008,800.8661,1050.4946
4009,806.6976,1054.1973
4010,811.42706,1059.3632
4011,812.1534,1063.5731
4012,807.55585,1066.8813
4013,802.53204,1072.1493
4014,800.6533,1081.3126
4015,801.781,1089.8009
4016,806.2168,1090.5907
4017,812.76086,1085.4142
4018,817.323,1083.749
4019,817.0923,1090.1929
4020,813.69086,1096.6095
4021,811.1324,1092.8618
4022,810.0049,1085.6305
4023,806.5449,1090.4025
4024,799.75244,1105.8439
4025,793.86,1116.8792
4026,791.0284,1117.2577
4027,788.9735,1112.3365
4028,787.20435,1108.4221
4029,787.6278,1107.8137
4030,789.9494,1108.7762
4031,792.2094,1106.6622
4032,793.74115,1096.4171
4033,795.7297,1078.9514
4034,799.4912,1063.8757
4035,804.3859,1061.9973
4036,809.6311,1076.88
4037,817.66815,1101.4764
4038,835.5664,1122.1477
4039,870.32196,1128.8187
4040,912.7294,1119.4203
4041,938.7549,1098.7671
4042,938.9577,1077.9148
4043,921.75684,1068.2565
4044,892.30756,1071.6294
4045,857.7529,1079.0692
4046,834.7398,1081.4374
4047,832.62354,1077.6622
4048,843.992,1071.4957
4049,852.2569,1067.1487
4050,846.7434,1067.5436
4051,835.9953,1069.7224
4052,834.5859,1067.4401
4053,839.2462,1062.4965
4054,837.3098,1063.3022
4055,829.67316,1071.0026
4056,825.3952,1078.3958
4057,823.6898,1081.5682
4058,819.48346,1082.1318
4059,815.70905,1081.7899
4060,815.9448,1082.7147
4061,816.24536,1087.325
4062,814.4175,1094.3865
4063,821.0209,1100.9908
4064,847.7614,1105.0704
4065,882.3412,1102.7487
4066,899.8061,1092.8578
4067,898.37585,1083.0442
4068,888.6477,1080.2815
4069,869.18604,1081.4609
4070,843.746,1081.2931
4071,827.0077,1080.7435
4072,822.6324,1082.1224
4073,823.7727,1082.3954
4074,828.8758,1076.9987
4075,840.38043,1068.0695
4076,854.0226,1062.7045
4077,860.17035,1063.508
4078,855.7742,1066.8812
4079,846.75635,1069.2136
4080,838.43085,1068.8889
4081,833.16266,1063.9729
4082,835.064,1054.1359
4083,844.3781,1043.5154
4084,851.5229,1036.1241
4085,848.1867,1031.2719
4086,838.4142,1027.9478
4087,832.6357,1028.8157
4088,836.7733,1035.976
4089,847.42804,1046.829
4090,853.73193,1056.839
4091,848.67554,1064.3218
4092,837.89343,1070.3184
4093,830.2813,1075.678
4094,826.5895,1081.1493
4095,823.3478,1087.1146
4096,819.84656,1091.3992
4097,817.3737,1092.3298
4098,816.14575,1092.6924
4099,815.112,1094.7855
4100,813.5582,1095.5518
4101,811.4783,1091.6438
4102,810.5275,1084.4174
4103,814.789,1076.765
4104,824.32745,1069.8827
4105,829.5446,1064.6282
4106,822.3823,1061.7498
4107,810.6478,1060.2794
4108,807.55225,1059.5122
4109,812.22974,1062.8403
4110,814.76904,1074.1256
4111,811.8745,1088.6278
4112,807.9432,1096.2856
4113,809.9113,1096.1805
4114,822.2688,1096.1422
4115,840.9446,1097.1683
4116,858.25183,1091.1001
4117,869.92194,1074.2522
4118,871.70825,1053.6906
4119,861.8871,1041.7484
4120,847.3845,1045.2571
4121,837.2869,1053.022
4122,828.8627,1044.9772
4123,811.8467,1021.7228
4124,791.34937,1003.69543
4125,783.6756,999.7805
4126,789.7367,1000.80273
4127,796.47754,999.8237
4128,796.71344,999.364
4129,792.8654,1001.7192
4130,788.9504,1004.99603
4131,786.6244,1008.50555
4132,785.8826,1014.97565
4133,785.4971,1025.825
4134,784.6248,1037.1902
4135,786.75946,1042.4847
4136,796.8415,1039.4697
4137,811.1017,1034.1041
4138,820.671,1031.6346
4139,825.1053,1028.3762
4140,828.47125,1022.1343
4141,830.2487,1018.48456
4142,829.8606,1020.0028
4143,829.6596,1022.76013
4144,830.59436,1023.9353
4145,830.3049,1024.1627
4146,825.6721,1023.6032
4147,817.20703,1021.27734
4148,809.9568,1017.8554
4149,807.594,1015.678
4150,808.1664,1016.54095
4151,808.8953,1020.10156
4152,812.1747,1024.7075
4153,821.4844,1028.6858
4154,832.43976,1030.2853
4155,838.84216,1032.5189
4156,844.15924,1043.5177
4157,851.4967,1062.5706
4158,854.4226,1078.3068
4159,852.03894,1084.6774
4160,855.29193,1084.0626
4161,867.85254,1079.9344
4162,880.8086,1075.5922
4163,891.31396,1073.5908
4164,902.92175,1074.2781
4165,911.328,1076.2511
4166,909.9985,1077.2012
4167,901.14685,1075.2745
4168,891.8807,1071.2767
4169,882.84076,1069.9789
4170,866.80896,1076.1221
4171,844.1697,1087.0126
4172,826.8072,1094.3105
4173,820.4748,1094.6522
4174,820.1718,1092.6626
4175,821.7285,1094.1719
4176,823.7593,1099.6854
4177,824.0129,1104.321
4178,823.30865,1106.4049
4179,825.9475,1111.3297
4180,830.61017,1121.8218
4181,831.20764,1133.3895
4182,828.75806,1139.3702
4183,828.85724,1134.8733
4184,830.199,1122.2545
4185,829.17175,1112.4297
4186,828.1923,1113.5607
4187,829.1756,1119.2931
4188,828.72925,1116.74
4189,825.0743,1104.0532
4190,820.7037,1089.7036
4191,818.19806,1080.8016
4192,818.9946,1078.3066
4193,823.33466,1078.4551
4194,829.7301,1077.8254
4195,835.89496,1077.1232
4196,838.30164,1080.298
4197,833.3413,1089.216
4198,823.3266,1098.4623
4199,814.61835,1102.8934
4200,808.1552,1105.764
4201,801.4347,1108.1793
4202,795.6881,1105.3783
4203,794.52094,1098.5388
4204,799.5853,1093.2802
4205,807.8637,1090.7872
4206,814.2877,1089.2208
4207,817.97504,1088.2251
4208,822.3101,1089.9058
4209,829.60547,1094.5844
4210,837.16406,1096.9478
4211,840.4904,1094.0538
4212,840.2752,1091.4872
4213,836.195,1092.4817
4214,817.59143,1089.5664
4215,784.7629,1073.6364
4216,764.8812,1049.5347
4217,770.3241,1036.3563
4218,777.26514,1046.2373
4219,772.3884,1068.1548
4220,771.20374,1078.8129
4221,785.7939,1068.341
4222,807.7118,1049.0416
4223,820.7282,1037.1543
4224,821.037,1035.6193
4225,818.36444,1038.6005
4226,819.2402,1042.509
4227,820.24335,1047.0001
4228,815.97736,1051.4216
4229,806.4361,1054.0089
4230,797.2746,1053.654
4231,793.9218,1052.0968
4232,796.9774,1052.5674
4233,804.8041,1055.6669
4234,815.2639,1058.6996
4235,824.06384,1059.0034
4236,827.8297,1057.1775
4237,828.6247,1056.178
4238,830.57336,1056.8942
4239,834.0638,1057.7653
4240,837.49036,1058.379
4241,840.9286,1059.9946
4242,844.38605,1063.2587
4243,846.9156,1067.2335
4244,849.2268,1070.6241
4245,853.1746,1071.8301
4246,859.56055,1068.5697
4247,868.48047,1062.8376
4248,878.4053,1062.2047
4249,884.0405,1069.8057
4250,880.8004,1080.0778
4251,872.4037,1086.5654
4252,866.63617,1087.8562
4253,864.8629,1086.7557
4254,863.3727,1085.955
4255,859.1269,1086.3922
4256,849.87714,1088.894
4257,837.55066,1092.0819
4258,828.719,1091.8175
4259,825.43805,1088.438
4260,824.37866,1092.8176
4261,825.1524,1115.7964
4262,829.4812,1146.6509
4263,834.4919,1161.0719
4264,835.6336,1153.3883
4265,835.0565,1138.0574
4266,841.04956,1127.8708
4267,856.7432,1125.2732
4268,870.69916,1122.627
4269,869.23206,1107.995
4270,854.27966,1079.2429
4271,833.42786,1049.432
4272,810.57556,1033.8911
4273,796.65155,1034.1008
4274,802.51154,1036.2874
4275,820.3224,1029.4633
4276,831.69135,1020.86816
4277,825.3023,1024.3312
4278,801.1098,1038.8414
4279,774.8322,1049.155
4280,765.5386,1046.3761
4281,769.72833,1037.4357
4282,771.71063,1032.2494
4283,767.2921,1033.2157
4284,760.5966,1037.4948
4285,754.0392,1040.9257
4286,746.90967,1041.6571
4287,739.9133,1042.0791
4288,737.68396,1045.1857
4289,743.45105,1050.1827
4290,755.1346,1053.875
4291,767.87805,1056.0669
4292,779.1879,1060.1237
4293,798.1221,1066.3662
4294,839.7812,1069.0662
4295,892.9838,1062.5133
4296,921.5631,1048.7639
4297,914.50055,1037.5762
4298,895.72144,1035.431
4299,884.2033,1038.1031
4300,875.91797,1037.7073
4301,859.2858,1032.4547
4302,835.4278,1028.5133
4303,816.95123,1031.6495
4304,807.9895,1039.2002
4305,801.66583,1046.2792
4306,794.2253,1052.2189
4307,786.04926,1056.2863
4308,776.90784,1057.0299
4309,770.1788,1056.191
4310,772.6739,1056.3363
4311,786.384,1057.7981
4312,805.24194,1061.0413
4313,819.56213,1067.4952
4314,825.34216,1076.9232
4315,827.9281,1085.0623
4316,832.44763,1086.9303
4317,837.6497,1084.1522
4318,840.4215,1081.6708
4319,839.4416,1079.7344
4320,836.7562,1077.0372
4321,835.92236,1075.133
4322,835.13214,1075.96
4323,828.03564,1079.2026
4324,813.9869,1081.1965
4325,800.81213,1077.7725
4326,795.9481,1070.8296
4327,799.12836,1069.1904
4328,805.2031,1081.6598
4329,810.9189,1106.1786
4330,815.9586,1127.1096
4331,820.2736,1132.7047
4332,823.2455,1129.1135
4333,824.21313,1127.0063
4334,824.6586,1124.5752
4335,829.938,1113.9197
4336,843.37946,1097.7219
4337,859.4979,1086.5775
4338,869.90924,1079.8949
4339,871.75195,1068.2068
4340,867.59924,1055.9397
4341,862.57153,1055.9064
4342,860.73224,1064.4332
4343,864.1583,1067.4464
4344,872.2917,1063.964
4345,876.7171,1067.758
4346,867.3814,1086.2762
4347,848.80774,1108.6709
4348,835.6494,1121.8104
4349,833.4178,1123.5643
4350,836.92163,1117.98
4351,841.5172,1111.4324
4352,845.3917,1109.1067
4353,843.876,1109.9003
4354,828.6744,1105.1714
4355,802.2265,1085.0376
4356,785.4089,1054.2224
4357,789.9338,1030.8685
4358,802.6757,1022.2277
4359,811.46454,1018.7271
4360,817.33997,1011.35626
4361,824.6306,1002.8027
4362,836.42114,1005.58813
4363,852.3085,1028.1189
4364,865.8321,1056.1339
4365,867.6246,1062.9634
4366,854.9179,1045.0094
4367,834.3995,1022.98035
4368,816.5574,1009.94324
4369,809.6958,1003.40344
4370,812.5496,1000.399
4371,814.47217,1002.85004
4372,808.9089,1012.07733
4373,801.7977,1024.6146
4374,805.17554,1036.5608
4375,824.2048,1048.7306
4376,844.8744,1060.1245
4377,844.1489,1064.1659
4378,818.9023,1058.9559
4379,787.0339,1050.8013
4380,767.04364,1044.5537
4381,768.22626,1040.2837
4382,783.6111,1038.2933
4383,794.3705,1039.1732
4384,793.29395,1041.9668
4385,796.5703,1048.1516
4386,824.11017,1060.5448
4387,867.4695,1073.9287
4388,887.4918,1078.5009
4389,858.1551,1073.3934
4390,805.45276,1065.8632
4391,777.057,1061.8757
4392,783.7834,1062.7894
4393,803.3776,1067.0017
4394,820.3312,1072.8647
4395,832.55,1078.7589
4396,837.73175,1082.0122
4397,833.4414,1081.5221
4398,825.4792,1079.231
4399,820.2472,1077.313
4400,812.60504,1078.9214
4401,797.2204,1088.489
4402,781.99426,1102.271
4403,777.75714,1108.7195
4404,784.4634,1106.1777
4405,791.3246,1104.8053
4406,786.85596,1108.7745
4407,776.63617,1111.4457
4408,783.76355,1107.1057
4409,818.5716,1097.3368
4410,863.95966,1087.1669
4411,894.3716,1081.2354
4412,891.80585,1084.3993
4413,849.9824,1102.3514
4414,783.7361,1133.9927
4415,728.08405,1163.7454
4416,706.71765,1175.22
4417,711.0694,1168.2885
4418,719.87415,1148.8679
4419,725.0396,1119.673
4420,734.5959,1090.0894
4421,748.90186,1071.9064
4422,753.8745,1066.7534
4423,752.25275,1065.5281
4424,762.26605,1054.9991
4425,780.76825,1037.2347
4426,786.1911,1031.7571
4427,775.5086,1044.034
4428,772.5106,1059.1462
4429,789.9239,1068.2578
4430,801.9933,1074.7518
4431,784.1135,1080.7103
4432,753.5046,1083.1305
4433,736.9442,1080.328
4434,735.86945,1076.503
4435,739.3569,1076.7452
4436,741.6847,1079.4661
4437,744.3413,1080.0563
4438,751.94763,1078.9785
4439,766.7269,1078.7739
4440,784.4183,1075.9789
4441,799.0326,1065.1039
4442,809.1658,1049.4457
4443,813.3427,1039.3422
4444,807.9274,1039.5796
4445,794.2098,1043.4478
4446,779.7459,1040.6945
4447,772.3729,1030.6252
4448,779.78864,1026.08
4449,806.9375,1040.3325
4450,840.2725,1068.4442
4451,855.7636,1092.0927
4452,850.6415,1102.4015
4453,836.97095,1102.1572
4454,817.6689,1094.3228
4455,796.0461,1084.1881
4456,783.1122,1080.051
4457,778.96436,1081.8116
4458,771.20526,1079.958
4459,758.7561,1070.3527
4460,753.3136,1059.8674
4461,757.1444,1054.8612
4462,762.04224,1053.8506
4463,764.3693,1052.7704
4464,764.5961,1050.2098
4465,761.45685,1047.0992
4466,759.359,1044.733
4467,776.9021,1044.5469
4468,828.36475,1048.4286
4469,888.5301,1055.4526
4470,912.3609,1060.5345
4471,894.61066,1060.1006
4472,865.0989,1055.7526
4473,845.84,1051.2604
4474,842.8617,1048.0068
4475,848.58527,1042.8699
4476,847.4213,1031.9869
4477,834.31934,1018.5871
4478,818.931,1011.75226
4479,811.09283,1014.5727
4480,810.17566,1018.7315
4481,808.71356,1013.6625
4482,804.05316,1002.5347
4483,802.2457,1000.60754
4484,808.1885,1013.62244
4485,816.46497,1033.6213
4486,818.35504,1052.2666
4487,815.3193,1063.4806
4488,814.19995,1063.4918
4489,809.78595,1057.3357
4490,790.0949,1054.6382
4491,762.98,1057.3015
4492,754.2321,1061.4054
4493,772.99866,1064.4343
4494,802.7023,1064.6595
4495,826.2833,1062.9259
4496,838.6699,1061.8325
4497,839.78827,1059.6759
4498,833.077,1054.4021
4499,823.50073,1048.974
4500,812.0348,1046.0338
4501,802.8074,1044.9243
4502,804.8693,1045.4901
4503,818.12103,1048.1631
4504,832.5727,1050.2294
4505,841.50366,1048.1124
4506,845.58405,1044.5258
4507,847.72986,1046.0518
4508,848.4083,1053.0525
4509,844.8364,1058.8824
4510,835.86755,1058.0144
4511,828.65875,1052.1781
4512,831.1069,1048.7831
4513,834.0102,1053.246
4514,819.3703,1063.5128
4515,792.5991,1071.5452
4516,779.23083,1072.7446
4517,784.7037,1074.0483
4518,789.56305,1084.9001
4519,784.68866,1100.9807
4520,781.5409,1109.093
4521,788.8423,1106.5724
4522,800.88477,1101.7363
4523,809.18115,1099.7151
4524,814.36554,1099.0955
4525,825.2232,1097.142
4526,845.9272,1093.4661
4527,868.56525,1091.4075
4528,883.87177,1094.1515
4529,889.41833,1098.273
4530,886.2846,1097.4984
4531,878.65784,1092.3893
4532,871.9412,1088.6708
4533,867.07776,1088.371
4534,861.1214,1088.4075
4535,853.039,1086.5736
4536,846.2066,1084.5277
4537,844.7605,1084.2687
4538,849.6009,1085.7373
4539,856.3401,1088.0107
4540,856.06885,1090.7964
4541,843.8758,1094.2302
4542,827.57996,1096.4412
4543,820.08496,1095.2273
4544,823.23126,1092.6238
4545,829.62256,1092.861
4546,835.94385,1096.2699
4547,842.2989,1098.0773
4548,846.24554,1095.4221
4549,847.3273,1091.6906
4550,849.7041,1089.7731
4551,854.01575,1087.8135
4552,854.31805,1084.2761
4553,848.81934,1081.6027
4554,843.72,1082.7075
4555,838.4315,1086.8125
4556,822.30786,1091.0388
4557,796.0903,1093.3313
4558,774.5242,1092.1692
4559,763.06274,1083.6401
4560,759.6918,1065.4755
4561,768.99347,1047.7656
4562,785.92267,1041.4684
4563,791.8712,1039.8031
4564,782.41345,1033.342
4565,771.00287,1026.6903
4566,768.0947,1027.7421
4567,771.8016,1035.7676
4568,772.9126,1041.9805
4569,765.6896,1040.4744
4570,753.0795,1037.3896
4571,741.5084,1041.1375
4572,732.9997,1049.9563
4573,726.9627,1057.5225
4574,732.1986,1061.518
4575,760.7628,1062.4847
4576,800.58325,1061.5404
4577,822.5218,1060.6003
4578,821.7595,1063.1228
4579,819.8063,1071.5776
4580,828.8763,1080.8904
4581,840.9538,1083.1914
4582,843.02826,1080.5082
4583,829.62476,1079.7073
4584,810.64996,1080.6833
4585,803.7075,1081.1274
4586,810.69653,1083.3911
4587,815.94556,1089.549
4588,808.5776,1096.3207
4589,795.1082,1097.7825
4590,789.8866,1093.7987
4591,796.09784,1094.4409
4592,802.3693,1107.4624
4593,800.52924,1125.3134
4594,796.06836,1136.4727
4595,797.1712,1139.5083
4596,804.12305,1137.2915
4597,816.5226,1129.8088
4598,840.40686,1116.2502
4599,872.4135,1098.6438
4600,890.88086,1080.6825
4601,881.3367,1063.3629
4602,853.91376,1046.9542
4603,828.8757,1034.8026
4604,818.23267,1029.4806
4605,817.9413,1029.1038
4606,812.73474,1031.2102
4607,792.5062,1035.2775
4608,764.9973,1039.4927
4609,747.01984,1041.9226
4610,744.16626,1044.6014
4611,750.2735,1049.6086
4612,764.8336,1053.441
4613,795.3656,1050.8804
4614,837.26355,1042.616
4615,868.26733,1034.5907
4616,872.35297,1030.2894
4617,852.75323,1028.7164
4618,821.3684,1030.2789
4619,789.79834,1037.3962
4620,767.8049,1047.9042
4621,759.9687,1055.9949
4622,763.29395,1060.5121
4623,773.7557,1064.6354
4624,790.8276,1068.2473
4625,812.3909,1067.6396
4626,832.9002,1062.2479
4627,849.2774,1055.9633
4628,862.3309,1052.2928
4629,869.8979,1053.6045
4630,866.7218,1062.1353
4631,855.04016,1076.0731
4632,844.57806,1088.9769
4633,840.06006,1096.8649
4634,841.0841,1103.0242
4635,849.5391,1113.972
4636,859.51794,1125.1678
4637,835.75476,1103.5754
4638,737.6803,1010.4804
4639,602.01306,869.4158
4640,538.6416,763.43634
4641,592.6892,738.1224
4642,691.32764,767.4921
4643,753.53296,812.19794
4644,772.7994,851.19415
4645,782.6451,875.2577
4646,798.5018,889.19434
4647,811.92474,904.98193
4648,815.4124,923.072
4649,812.5768,935.63293
4650,811.5264,941.16846
4651,817.3452,942.3332
4652,826.9926,938.9656
4653,824.5852,933.4423
4654,787.7096,937.0494
4655,716.90186,959.1395
4656,645.6276,990.88293
4657,600.61005,1014.4427
4658,579.92267,1024.1652
4659,573.92395,1025.4684
4660,577.03485,1023.92145
4661,588.6097,1025.0107
4662,611.3895,1033.2407
4663,639.7745,1044.2065
4664,662.0408,1048.1017
4665,675.76666,1043.9343
4666,686.1442,1038.6527
4667,695.40186,1036.962
4668,703.2921,1041.4105
4669,710.0453,1052.8842
4670,714.1681,1065.085
4671,713.30707,1069.3906
4672,708.2097,1067.0004
4673,702.66266,1065.508
4674,700.7978,1067.5492
4675,703.51337,1070.3947
4676,707.24725,1069.8806
4677,708.94836,1063.9995
4678,708.7335,1057.9293
4679,704.62463,1059.7954
4680,691.13495,1068.5931
4681,673.99194,1075.4679
4682,690.1851,1077.491
4683,776.5861,1077.9985
4684,897.83545,1077.5397
4685,975.67255,1077.9705
4686,989.8732,1082.6752
4687,974.56647,1086.5739
4688,954.7899,1082.4336
4689,934.7292,1071.7125
4690,910.30536,1060.2228
4691,872.61786,1052.2588
4692,819.65424,1049.1721
4693,769.9209,1049.3306
4694,744.6967,1050.4277
4695,742.8656,1050.8698
4696,748.8215,1050.4061
4697,752.43256,1050.4352
4698,752.1214,1051.5018
4699,748.771,1051.8755
4700,743.8928,1050.3239
4701,740.45154,1048.3652
4702,740.65643,1048.2449
4703,742.85284,1050.3368
4704,744.48615,1052.4121
4705,749.6718,1048.742
4706,766.83685,1034.5293
4707,792.70355,1016.576
4708,810.5699,1010.095
4709,812.67084,1020.3927
4710,809.52185,1037.0939
4711,814.1721,1046.9265
4712,828.9669,1048.8809
4713,847.0824,1054.7986
4714,864.0322,1074.1283
4715,881.03186,1102.2173
4716,891.60156,1121.1628
4717,884.7199,1116.1223
4718,865.2416,1095.0658
4719,847.9444,1079.1697
4720,838.66986,1077.1302
4721,836.20197,1082.8838
4722,838.33673,1089.4183
4723,841.03906,1095.355
4724,842.18713,1104.0643
4725,843.4007,1118.0137
4726,845.10394,1130.5656
4727,845.8469,1131.5824
4728,844.93805,1121.6711
4729,842.6003,1109.2693
4730,840.2549,1100.3787
4731,840.15,1097.3876
4732,842.07794,1100.0581
4733,842.247,1105.7715
4734,838.4397,1109.9491
4735,833.61365,1109.3027
4736,831.8199,1106.669
4737,834.02893,1107.3944
4738,838.2641,1111.1792
4739,841.30194,1113.2921
4740,841.2384,1110.8479
4741,838.61304,1103.8015
4742,835.2656,1095.0784
4743,833.0649,1090.4331
4744,833.06055,1092.7604
4745,835.2024,1097.6646
4746,837.78925,1098.5153
4747,837.246,1093.625
4748,829.1153,1083.5881
4749,814.81213,1069.9574
4750,806.31464,1060.4592
4751,807.88574,1058.5225
4752,806.4107,1056.0386
4753,795.5762,1050.5753
4754,784.61804,1048.2407
4755,782.7883,1050.066
4756,792.97705,1052.8953
4757,811.441,1055.0267
4758,828.82697,1056.0574
4759,837.7808,1056.2708
4760,837.099,1055.2705
4761,827.2302,1051.6492
4762,810.99896,1047.3785
4763,795.7803,1048.5195
4764,785.36395,1056.0165
4765,776.16064,1062.3376
4766,765.159,1062.1584
4767,756.86566,1058.0049
4768,763.5086,1051.7468
4769,789.9268,1040.9188
4770,816.17377,1027.9865
4771,823.90826,1021.4397
4772,827.7517,1024.5466
4773,843.8373,1032.9977
4774,860.97174,1042.0513
4775,865.50116,1049.8911
4776,860.8634,1056.0372
4777,857.8707,1058.9393
4778,862.1423,1056.3763
4779,870.17456,1049.2164
4780,875.44476,1042.3011
4781,878.4703,1038.977
4782,882.33966,1040.036
4783,879.1327,1048.0493
4784,860.0563,1061.3856
4785,834.8653,1070.8358
4786,821.20807,1072.9515
4787,824.32983,1074.0742
4788,837.0976,1078.4899
4789,849.1734,1083.647
4790,855.00696,1085.5042
4791,857.29767,1083.0468
4792,859.82275,1078.8424
4793,861.2857,1077.556
4794,860.13763,1081.6971
4795,856.4281,1087.7443
4796,850.31586,1089.2288
4797,846.22266,1084.391
4798,848.71094,1078.1437
4799,853.6648,1075.3685
4800,855.1186,1076.9432
4801,853.5585,1082.1232
4802,850.71674,1089.0762
4803,847.806,1095.1056
4804,852.8064,1096.9154
4805,873.3125,1090.1145
4806,896.72504,1076.0687
4807,900.636,1065.263
4808,884.7463,1063.9319
4809,868.4343,1066.1238
4810,863.66235,1065.0901
4811,866.4127,1061.4739
4812,866.85785,1057.4695
4813,860.00665,1052.7441
4814,849.37744,1048.0886
4815,842.9022,1046.3811
4816,843.1754,1048.1555
4817,842.9717,1050.0704
4818,834.2156,1049.3444
4819,817.95245,1046.9486
4820,799.27155,1045.7295
4821,780.0433,1048.852
4822,763.54144,1060.9056
4823,752.57983,1084.3383
4824,742.80084,1111.778
4825,732.1463,1131.3252
4826,729.8951,1138.4927
4827,741.4358,1132.4432
4828,743.1062,1101.4032
4829,702.2947,1030.3999
4830,639.68365,940.4296
4831,612.2339,877.37177
4832,627.1188,848.7396
4833,650.1947,834.0926
4834,671.58765,834.0081
4835,698.67847,856.79407
4836,726.30927,895.3041
4837,745.47394,937.36224
4838,756.1928,976.36975
4839,762.94916,1008.6004
4840,768.4273,1030.2235
4841,777.49133,1042.3894
4842,797.81433,1053.27
4843,826.7326,1065.509
4844,850.6027,1069.2874
4845,860.0956,1060.009
4846,845.5109,1053.5079
4847,796.1581,1067.0084
4848,731.23846,1092.5697
4849,693.79626,1110.1876
4850,696.6727,1115.8158
4851,714.4275,1115.97
4852,726.5662,1112.3304
4853,734.36285,1105.6152
4854,742.2121,1100.072
4855,747.497,1098.1001
4856,748.00946,1097.7955
4857,745.6228,1099.4471
4858,743.79047,1108.0618
4859,747.1143,1123.2694
4860,757.53937,1135.4021
4861,770.1391,1136.0361
4862,779.1123,1125.3112
4863,785.5204,1111.4037
4864,794.24365,1104.6461
4865,805.5481,1108.4701
4866,814.557,1117.9069
4867,818.24207,1125.8793
4868,819.03613,1129.008
4869,821.8073,1128.587
4870,827.91455,1127.0172
4871,834.3914,1126.0374
4872,839.919,1127.5938
4873,844.0093,1131.6428
4874,835.8684,1132.1556
4875,800.23157,1120.58
4876,747.5297,1097.8865
4877,710.154,1076.3892
4878,696.73474,1066.1326
4879,689.0149,1067.4952
4880,692.13275,1072.0072
4881,756.73834,1063.3136
4882,907.01935,1031.3696
4883,1054.4799,991.0944
4884,1093.2091,972.3041
4885,1050.6884,987.3258
4886,1007.6062,1017.9624
4887,972.52155,1039.9358
4888,932.07324,1049.6307
4889,898.88635,1055.0785
4890,880.1859,1059.0034
4891,870.7505,1062.3077
4892,866.80475,1065.4656
4893,865.10486,1064.0422
4894,858.80493,1053.6646
4895,842.26056,1037.8925
4896,820.6587,1024.6494
4897,805.8889,1015.4223
4898,800.4761,1007.1276
4899,796.22363,1000.3013
4900,788.55255,995.6246
4901,781.4814,991.037
4902,778.5607,986.2447
4903,777.6348,982.5776
4904,775.66254,980.5091
4905,773.5656,980.4767
4906,773.0331,982.51953
4907,772.5032,985.8183
4908,771.34296,990.1814
4909,772.19073,994.87067
4910,775.189,997.30817
4911,776.9518,996.95514
4912,776.96436,998.84705
4913,778.54724,1009.35297
4914,782.9912,1025.8118
4915,786.57166,1034.5717
4916,784.09375,1027.561
4917,775.1407,1016.1394
4918,765.07764,1017.99066
4919,759.2954,1035.7391
4920,759.011,1055.9315
4921,761.34375,1063.5837
4922,761.2167,1056.9376
4923,758.58356,1050.1436
4924,762.3191,1056.3391
4925,775.66437,1070.732
4926,788.3133,1079.4117
4927,793.4711,1078.8254
4928,795.3097,1075.7594
4929,798.92004,1075.1005
4930,805.1469,1076.169
4931,811.9456,1074.872
4932,819.26544,1066.3809
4933,828.4235,1051.6536
4934,835.66473,1038.7764
4935,835.82684,1034.8773
4936,830.256,1044.3324
4937,825.04675,1068.4636
4938,824.34186,1095.6176
4939,827.1355,1107.6984
4940,828.93024,1102.9058
4941,825.91815,1094.152
4942,819.5984,1091.2355
4943,816.7826,1096.3303
4944,821.1686,1104.9409
4945,827.9794,1105.6278
4946,831.28265,1089.8855
4947,831.2536,1067.724
4948,830.45715,1060.7379
4949,829.19586,1074.154
4950,827.36536,1091.7845
4951,824.6869,1102.8124
4952,819.84064,1113.2437
4953,814.9485,1124.6097
4954,816.1428,1127.5416
4955,824.6465,1120.296
4956,831.9583,1110.2972
4957,829.2268,1102.6417
4958,820.0544,1096.5151
4959,816.60944,1088.6278
4960,821.6166,1080.2026
4961,826.10333,1076.2598
4962,826.0042,1078.9479
4963,826.34863,1085.5322
4964,829.66547,1088.7185
4965,831.53613,1081.7222
4966,828.1134,1068.4058
4967,821.8854,1059.8251
4968,816.9508,1059.0018
4969,813.34985,1062.4224
4970,810.75964,1072.9235
4971,812.5666,1094.4786
4972,820.138,1117.2887
4973,827.5669,1126.9708
4974,828.5026,1126.9778
4975,825.1828,1132.2933
4976,825.0763,1144.531
4977,830.59863,1149.3617
4978,836.97235,1135.9613
4979,838.9224,1110.9534
4980,836.9903,1090.9833
4981,836.0134,1083.744
4982,837.38214,1085.0806
4983,838.0722,1091.5922
4984,836.4687,1101.6377
4985,832.9844,1109.0867
4986,828.442,1108.9006
4987,825.1859,1105.3367
4988,825.96906,1106.7539
4989,830.54565,1112.9102
4990,835.23395,1116.621
4991,836.5446,1118.9941
4992,834.7692,1128.0007
4993,833.4422,1140.2303
4994,833.912,1141.433
4995,832.8863,1126.6561
4996,828.6592,1106.4827
4997,823.59753,1096.6296
4998,820.2446,1105.966
4999,821.1341,1125.2921
5000,826.65216,1134.5212
5001,832.1206,1125.9048
5002,834.2724,1106.5231
5003,837.1684,1085.7214
5004,846.1733,1071.6099
5005,858.60626,1069.5521
5006,864.94446,1077.9073
5007,860.3229,1088.8267
5008,851.46545,1096.8508
5009,849.2444,1103.5968
5010,856.42694,1112.0845
5011,866.8846,1123.8778
5012,874.708,1140.0234
5013,878.0874,1156.4724
5014,875.6564,1163.3381
5015,865.43024,1153.1304
5016,854.52875,1127.7953
5017,859.03217,1096.5228
5018,872.9161,1065.1779
5019,866.32153,1036.5002
5020,833.98,1018.6065
5021,802.3188,1015.87555
5022,789.32104,1020.25995
5023,789.6558,1022.7849
5024,791.2906,1021.1216
5025,793.44165,1013.9587
5026,804.68396,1001.44727
5027,824.00397,995.34393
5028,835.88245,1011.15424
5029,830.6255,1041.362
5030,817.3897,1060.6724
5031,809.7725,1060.3495
5032,810.43427,1051.686
5033,817.1607,1043.7305
5034,830.1848,1037.6835
5035,845.4363,1034.1537
5036,855.29535,1033.9231
5037,858.93146,1036.2964
5038,858.8497,1041.6354
5039,853.01807,1051.2445
5040,842.47546,1063.2653
5041,839.34344,1071.4965
5042,851.5704,1068.4711
5043,862.72815,1052.6462
5044,847.9127,1034.0168
5045,807.9701,1024.804
5046,768.9173,1025.4227
5047,748.64246,1029.2756
5048,739.44586,1034.8925
5049,730.273,1043.6456
5050,729.08185,1052.4161
5051,747.88934,1056.3038
5052,781.1108,1055.4116
5053,812.1692,1054.0161
5054,832.05273,1055.0288
5055,843.5168,1058.4113
5056,852.08856,1062.1151
5057,856.3674,1062.5917
5058,847.7693,1058.4489
5059,825.73566,1054.0835
5060,809.1237,1054.7988
5061,817.5639,1060.0742
5062,844.96106,1065.8823
5063,867.40656,1071.0793
5064,872.50665,1077.722
5065,866.83356,1084.887
5066,860.04816,1087.8964
5067,854.74554,1084.9447
5068,847.9656,1076.6837
5069,834.6041,1063.7332
5070,815.38196,1051.9254
5071,799.7536,1048.701
5072,793.15106,1052.3287
5073,791.0753,1056.1628
5074,790.1196,1057.8538
5075,792.43097,1057.9608
5076,796.215,1057.1439
5077,791.7685,1057.163
5078,774.8016,1059.7167
5079,759.6882,1062.8427
5080,764.17834,1063.0348
5081,782.1994,1061.2783
5082,792.93787,1061.0328
5083,792.3716,1062.0463
5084,794.70123,1061.8136
5085,809.261,1060.3134
5086,830.3335,1059.4685
5087,846.3743,1060.0216
5088,852.435,1061.3966
5089,850.10016,1062.9985
5090,840.83154,1062.2834
5091,832.69403,1055.4799
5092,839.89014,1042.4437
5093,857.50134,1025.4673
5094,864.7644,1010.11176
5095,856.3006,1004.96185
5096,840.6297,1008.828
5097,826.25885,1011.4515
5098,820.2507,1008.77435
5099,823.0761,1005.0159
5100,825.47595,1007.9451
5101,815.4801,1022.9145
5102,795.0094,1043.2803
5103,782.3392,1056.025
5104,787.0175,1058.2908
5105,799.2063,1055.4053
5106,807.3014,1049.1077
5107,808.8271,1039.792
5108,807.7075,1032.8625
5109,811.8131,1036.3799
5110,827.1634,1054.1023
5111,847.8957,1078.4406
5112,860.8881,1094.6737
5113,862.1359,1098.6122
5114,856.5043,1104.0664
5115,846.65216,1125.9482
5116,834.8824,1156.2056
5117,827.74274,1166.5078
5118,830.58826,1141.4912
5119,842.1694,1100.229
5120,854.47375,1075.4069
5121,859.0505,1076.8422
5122,856.78455,1088.371
5123,854.37115,1094.722
5124,852.1277,1096.6781
5125,846.59717,1101.9412
5126,840.1176,1110.6554
5127,836.8145,1115.9485
5128,835.6807,1115.9387
5129,834.3472,1116.646
5130,833.23944,1123.0017
5131,833.4644,1132.6569
5132,834.36414,1140.5642
5133,834.14746,1146.4617
5134,830.2583,1153.8826
5135,819.53357,1164.5251
5136,803.8268,1176.2327
5137,792.0549,1184.029
5138,790.10565,1184.403
5139,794.7064,1179.9595
5140,799.9086,1176.9583
5141,802.64264,1178.8218
5142,802.57654,1183.8281
5143,802.52765,1187.9746
5144,808.15845,1188.4912
5145,824.7942,1182.6376
5146,850.307,1167.4331
5147,869.6545,1147.7942
5148,868.41205,1137.955
5149,851.08093,1144.7156
5150,833.7732,1156.8779
5151,826.1474,1161.5735
5152,827.0636,1160.8557
5153,831.7536,1159.728
5154,838.804,1153.727
5155,848.06506,1142.6542
5156,856.43304,1136.2754
5157,861.15967,1137.4266
5158,862.38837,1137.7771
5159,858.7871,1130.8945
5160,848.47253,1119.1293
5161,835.8252,1108.9495
5162,827.49023,1103.6254
5163,823.5128,1101.6147
5164,820.1777,1100.3923
5165,816.7119,1100.3354
5166,814.52893,1103.643
5167,813.75073,1110.0396
5168,813.2739,1116.1864
5169,812.7633,1120.438
5170,812.95624,1127.3171
5171,814.10175,1141.4215
5172,815.57825,1156.9828
5173,817.33026,1164.5258
5174,819.75226,1164.7191
5175,822.5473,1164.6221
5176,824.87866,1167.4283
5177,825.8529,1172.6936
5178,823.5334,1179.3179
5179,815.6373,1183.3939
5180,806.1979,1179.083
5181,805.17596,1167.8943
5182,815.3174,1158.8339
5183,828.781,1153.3507
5184,838.0277,1143.0171
5185,842.04645,1126.3058
5186,843.3619,1114.021
5187,843.738,1113.7587
5188,843.92,1119.0469
5189,845.11505,1119.8715
5190,847.7562,1115.3767
5191,850.3052,1110.3472
5192,851.5946,1108.2874
5193,853.0496,1110.2753
5194,855.8766,1113.7533
5195,856.1155,1113.755
5196,848.8069,1108.2408
5197,838.65265,1100.1193
5198,835.1359,1093.2389
5199,837.19946,1088.5724
5200,838.0705,1086.4034
5201,843.6392,1089.9834
5202,866.16064,1101.252
5203,897.64087,1114.0005
5204,913.96063,1119.875
5205,904.5493,1120.4059
5206,878.48425,1122.7906
5207,854.0789,1127.8485
5208,845.9832,1132.311
5209,850.9729,1132.1874
5210,855.67065,1121.9055
5211,852.49756,1102.2753
5212,839.53973,1079.9413
5213,822.0969,1060.6194
5214,814.72705,1051.3622
5215,825.2863,1054.8748
5216,840.93604,1062.414
5217,844.51764,1063.1235
5218,837.81396,1056.6945
5219,831.3269,1051.6365
5220,822.54,1052.3217
5221,803.0121,1054.7751
5222,779.1195,1055.4385
5223,771.4003,1056.7701
5224,790.30994,1062.3528
5225,819.87836,1070.5988
5226,837.1034,1076.3677
5227,842.74243,1075.5045
5228,854.33905,1065.5338
5229,875.4186,1048.9897
5230,893.17145,1036.1392
5231,897.8913,1034.9211
5232,885.8961,1044.0264
5233,857.18,1060.2905
5234,826.8552,1080.0681
5235,817.7196,1095.3198
5236,828.37494,1098.1375
5237,834.9752,1087.8735
5238,827.8309,1074.0032
5239,818.9031,1067.9427
5240,818.51495,1070.8032
5241,825.9263,1075.9657
5242,834.49725,1078.4435
5243,836.67816,1077.0112
5244,832.52136,1074.0345
5245,831.08527,1073.6844
5246,836.75946,1077.5071
5247,842.915,1083.808
5248,841.7086,1090.1627
5249,833.3437,1094.6384
5250,825.7888,1097.1157
5251,829.5699,1101.1622
5252,849.772,1110.5082
5253,873.84937,1120.2971
5254,879.5979,1121.2465
5255,864.27625,1114.3536
5256,845.3798,1108.1321
5257,835.8829,1105.8236
5258,835.3497,1105.3762
5259,837.29596,1104.8774
5260,837.98785,1104.1451
5261,838.4285,1104.1124
5262,839.52966,1105.2218
5263,840.1001,1106.5299
5264,842.1166,1106.0475
5265,851.9783,1102.4973
5266,869.1067,1097.6207
5267,883.51416,1095.061
5268,889.26917,1096.1526
5269,885.2587,1098.7358
5270,869.962,1100.5443
5271,850.2413,1101.4666
5272,838.3867,1102.9536
5273,835.06757,1106.4485
5274,833.006,1110.6473
5275,830.4508,1112.0924
5276,829.7209,1110.0256
5277,832.2123,1106.67
5278,836.9537,1103.1302
5279,840.1971,1099.6417
5280,839.1155,1098.6512
5281,836.88043,1102.6722
5282,844.1482,1108.8557
5283,868.0883,1110.6974
5284,892.4435,1105.4713
5285,891.5046,1096.7778
5286,871.20886,1091.0986
5287,858.97504,1091.7952
5288,858.8351,1096.5005
5289,854.835,1101.3832
5290,843.54987,1104.3074
5291,834.786,1104.5499
5292,832.4212,1103.221
5293,833.11487,1102.0626
5294,837.3993,1099.8386
5295,851.31635,1091.8989
5296,873.7515,1074.3816
5297,883.3831,1045.676
5298,857.8724,1008.31256
5299,810.7009,976.7529
5300,774.45074,969.65594
5301,755.71313,986.9194
5302,748.1991,1011.5259
5303,758.76874,1032.6339
5304,786.44965,1049.6702
5305,813.86865,1060.2972
5306,829.91437,1060.8383
5307,835.20184,1056.3306
5308,834.37885,1058.1748
5309,834.07947,1070.347
5310,838.914,1085.206
5311,846.611,1095.2119
5312,850.5285,1102.0297
5313,848.20337,1108.8308
5314,843.51526,1112.0378
5315,840.1367,1108.9569
5316,838.66345,1104.2509
5317,838.2996,1103.0973
5318,837.6454,1107.2628
5319,834.8874,1117.6677
5320,827.8755,1132.8015
5321,818.0482,1147.608
5322,813.6285,1157.3596
5323,819.9714,1161.3506
5324,831.24615,1163.8131
5325,839.1402,1169.2147
5326,841.5824,1176.6808
5327,841.4489,1182.2366
5328,842.31854,1182.2347
5329,844.0714,1174.7642
5330,844.3349,1162.0725
5331,843.7728,1147.5002
5332,843.7608,1132.2019
5333,842.95526,1118.5327
5334,841.51196,1109.7351
5335,841.8669,1106.1398
5336,843.7474,1105.7952
5337,845.18115,1105.0553
5338,846.2588,1099.9806
5339,847.35864,1092.5459
5340,847.5529,1087.3589
5341,847.0512,1079.9069
5342,847.07697,1064.4541
5343,846.4171,1054.6222
5344,843.0795,1070.8961
5345,839.25037,1103.8278
5346,838.5445,1123.9319
5347,840.11383,1125.7119
5348,840.5204,1125.338
5349,838.912,1128.7042
5350,837.90314,1128.3838
5351,839.25134,1121.2732
5352,839.8967,1116.9912
5353,836.82544,1123.8331
5354,834.22437,1131.1512
5355,837.863,1124.8
5356,845.0078,1110.3226
5357,846.7969,1097.371
5358,838.3983,1082.8632
5359,824.66785,1068.8431
5360,812.6464,1069.6149
5361,802.4332,1088.7037
5362,794.83954,1111.2552
5363,797.1631,1123.03
5364,812.2522,1122.6252
5365,831.1197,1116.8451
5366,840.97656,1111.9559
5367,838.5459,1109.4374
5368,832.8628,1109.5361
5369,833.2093,1116.0928
5370,838.5337,1130.4077
5371,842.6796,1144.2998
5372,843.32825,1148.3289
5373,842.20404,1141.9897
5374,843.6493,1131.8997
5375,850.479,1123.3107
5376,858.2721,1117.5251
5377,861.2961,1116.9231
5378,860.5806,1122.6215
5379,860.17395,1128.8597
5380,860.7022,1129.2615
5381,859.9075,1124.4856
5382,857.29694,1120.0859
5383,855.5464,1122.0847
5384,856.943,1133.0182
5385,859.8384,1145.7614
5386,859.08704,1144.4279
5387,853.9102,1120.2953
5388,855.0342,1088.0087
5389,868.1704,1072.2247
5390,866.5026,1070.8021
5391,810.5736,1052.1738
5392,713.9597,999.64764
5393,648.33716,937.8042
5394,666.9623,914.3204
5395,758.8698,958.5348
5396,863.2541,1038.9196
5397,918.14514,1088.9064
5398,914.2729,1088.6217
5399,884.5033,1071.0048
5400,856.76843,1062.5253
5401,841.2045,1064.4825
5402,836.733,1070.2216
5403,837.33386,1076.4572
5404,840.70807,1083.0044
5405,850.9721,1084.3436
5406,863.5811,1066.5981
5407,861.79596,1026.763
5408,850.83344,989.2404
5409,854.3711,977.595
5410,867.0513,985.88617
5411,867.82776,999.85345
5412,859.2217,1014.85364
5413,854.62695,1025.975
5414,852.7594,1023.87024
5415,839.9614,1001.55383
5416,808.6133,965.97473
5417,764.47455,934.42773
5418,721.82745,914.3257
5419,693.5529,900.57477
5420,677.28094,888.4674
5421,658.78357,878.9278
5422,631.7734,874.4866
5423,606.0628,873.73083
5424,593.1622,872.3695
5425,590.2731,867.2178
5426,592.3066,859.8393
5427,615.6044,865.03656
5428,681.93555,903.00745
5429,772.1497,969.3877
5430,837.4563,1035.171
5431,860.6753,1077.2477
5432,863.022,1089.3878
5433,865.8302,1078.4918
5434,873.795,1059.4308
5435,882.1061,1044.0056
5436,888.15765,1035.136
5437,892.68494,1032.0505
5438,894.8737,1035.6375
5439,893.549,1045.2275
5440,889.24316,1055.7959
5441,884.6871,1062.5272
5442,883.97925,1064.775
5443,887.5612,1064.7686
5444,890.75024,1064.5146
5445,889.11084,1064.4241
5446,881.1,1064.0842
5447,868.57935,1063.5402
5448,856.8612,1060.9617
5449,845.9157,1050.1924
5450,831.09705,1030.6527
5451,824.9934,1017.53754
5452,850.3287,1026.8752
5453,893.6727,1049.3239
5454,893.3654,1044.1516
5455,797.3518,975.5743
5456,640.96295,870.43286
5457,533.9689,798.6699
5458,532.9424,786.1313
5459,583.8236,802.7964
5460,619.79626,817.8889
5461,634.48486,821.3407
5462,647.004,816.9238
5463,663.23303,814.346
5464,678.9972,819.6151
5465,691.2319,830.9636
5466,701.46497,844.5717
5467,713.9858,861.6214
5468,730.1593,888.0765
5469,745.18176,926.7529
5470,752.6639,969.4941
5471,752.0073,1002.8393
5472,749.4514,1021.1348
5473,750.51526,1027.2484
5474,754.39355,1025.8728
5475,757.7698,1021.2475
5476,759.41724,1016.5062
5477,759.1037,1013.2147
5478,755.80383,1012.53064
5479,751.18195,1017.40295
5480,751.423,1031.1904
5481,758.4674,1050.9409
5482,766.15,1065.5778
5483,771.4043,1059.9277
5484,780.142,1021.3754
5485,799.28973,957.5014
5486,827.72784,899.7255
5487,853.74945,871.222
5488,864.2125,866.7224
5489,856.8841,871.7707
5490,838.5675,881.46375
5491,817.1161,895.63794
5492,799.13916,909.47656
5493,789.2153,916.78876
5494,789.6629,919.02576
5495,799.50903,923.68695
5496,812.58417,935.02527
5497,821.8743,950.83496
5498,825.84015,965.76917
5499,826.87213,975.83264
5500,826.2635,980.8862
5501,823.4021,983.37946
5502,819.0322,985.13007
5503,816.9315,984.9756
5504,820.7262,979.9662
5505,827.5433,972.96313
5506,822.99286,981.62274
5507,793.33673,1024.2914
5508,751.72614,1082.708
5509,733.3007,1105.5348
5510,754.33405,1069.2229
5511,794.1525,1009.8562
5512,822.0576,978.13556
5513,828.5023,982.1687
5514,823.392,995.2021
5515,816.16187,1000.0123
5516,810.0496,998.7797
5517,807.302,996.0337
5518,809.4056,992.3708
5519,814.9137,988.786
5520,820.79016,987.8388
5521,825.2119,989.96204
5522,828.0876,991.5548
5523,830.0394,988.2593
5524,829.2378,982.46466
5525,813.2953,989.97955
5526,768.5334,1026.3058
5527,712.0834,1075.3604
5528,682.9059,1101.8226
5529,690.5453,1100.7463
5530,710.7875,1093.4016
5531,724.1307,1092.3773
5532,729.1411,1101.0753
5533,731.0112,1114.5387
5534,733.2741,1119.5566
5535,735.869,1114.8263
5536,735.53815,1112.0127
5537,731.1549,1114.633
5538,728.0224,1115.5421
5539,730.3856,1111.0271
5540,734.4639,1105.0416
5541,738.4115,1102.045
5542,751.1939,1103.3513
5543,778.63684,1108.7416
5544,809.06366,1113.9343
5545,825.27203,1112.3551
5546,821.23785,1106.8351
5547,800.62103,1106.847
5548,773.7581,1111.6328
5549,755.46796,1113.0864
5550,752.01746,1111.4669
5551,757.2688,1112.7539
5552,764.3998,1118.0361
5553,770.92053,1124.5522
5554,774.2384,1129.4403
5555,769.4053,1127.6017
5556,754.3933,1112.7919
5557,736.23157,1087.806
5558,725.0824,1066.0591
5559,723.3457,1055.599
5560,726.2864,1051.2677
5561,728.9398,1045.828
5562,728.9643,1038.9762
5563,727.3133,1034.3616
5564,726.286,1033.5992
5565,725.94635,1036.4701
5566,726.3353,1045.3556
5567,729.063,1062.4231
5568,730.68646,1082.2771
5569,724.5901,1096.5123
5570,724.10944,1101.8362
5571,778.91315,1095.3242
5572,919.8573,1074.5245
5573,1073.8972,1047.639
5574,1127.0956,1027.6536
5575,1073.4371,1018.2411
5576,994.8427,1015.04333
5577,929.38226,1015.9827
5578,844.96124,1030.2062
5579,726.85834,1067.2646
5580,630.1903,1108.6577
5581,609.4536,1120.4309
5582,647.4276,1099.7925
5583,694.98956,1073.2797
5584,728.3507,1059.022
5585,749.21655,1059.8866
5586,765.5291,1074.0164
5587,775.9201,1091.0206
5588,768.6505,1096.7236
5589,740.3035,1090.2957
5590,712.60895,1081.5581
5591,738.78345,1076.1915
5592,857.737,1072.5223
5593,1002.33966,1067.2919
5594,1049.3182,1060.9735
5595,986.70496,1057.1797
5596,902.55334,1056.5364
5597,845.74164,1053.0237
5598,809.70404,1042.2518
5599,787.5322,1029.6271
5600,775.65125,1021.72095
5601,764.7487,1018.70734
5602,752.35876,1019.10547
5603,744.43555,1020.0954
5604,742.9619,1017.04376
5605,744.21234,1009.62305
5606,745.27325,1001.9524
5607,745.7671,997.25916
5608,745.7531,996.152
5609,744.8068,997.27423
5610,742.7924,998.5233
5611,740.99426,998.677
5612,741.1004,997.9218
5613,742.83746,997.42456
5614,745.09283,999.6544
5615,747.9735,1006.9708
5616,751.34937,1016.9658
5617,753.8399,1023.53644
5618,753.85156,1023.22217
5619,751.1012,1016.2694
5620,748.4978,1006.38275
5621,750.1032,999.9138
5622,756.6081,1000.0179
5623,761.7099,1004.9411
5624,744.2478,1012.9332
5625,685.3121,1023.0403
5626,614.10443,1031.6553
5627,584.41266,1035.6207
5628,602.8208,1037.2128
5629,654.7078,1040.9718
5630,755.3815,1051.0566
5631,892.0322,1069.188
5632,986.0545,1088.8309
5633,984.5509,1100.4327
5634,925.0836,1102.7343
5635,873.2385,1100.4956
5636,850.6414,1095.074
5637,838.76276,1084.6757
5638,818.3867,1072.6478
5639,790.77496,1066.7596
5640,768.7701,1069.8372
5641,759.09436,1076.5359
5642,758.351,1079.5978
5643,763.5954,1077.8613
5644,778.50183,1074.9647
5645,803.34924,1073.1882
5646,828.2156,1074.1782
5647,843.81464,1080.2543
5648,849.06146,1090.5793
5649,846.1823,1101.34
5650,839.5011,1111.068
5651,836.2645,1121.9441
5652,839.4752,1135.7046
5653,844.6286,1150.3889
5654,848.1748,1162.1053
5655,851.83636,1168.7723
5656,856.93616,1171.2751
5657,861.8004,1171.9275
5658,864.76,1172.3763
5659,866.0788,1173.2203
5660,867.2841,1174.8177
5661,867.8898,1176.3044
5662,864.4445,1174.2407
5663,855.2922,1165.0254
5664,844.24567,1148.4296
5665,838.4295,1128.3336
5666,840.2127,1111.1161
5667,843.6099,1101.7926
5668,843.43616,1100.9893
5669,840.42285,1106.084
5670,836.7793,1113.454
5671,835.4192,1119.2144
5672,838.78,1121.2885
5673,844.51965,1121.5242
5674,846.91907,1122.2085
5675,842.50574,1122.908
5676,834.05676,1123.3154
5677,828.52924,1124.6619
5678,827.21155,1128.1383
5679,821.50586,1132.9325
5680,805.44037,1134.1982
5681,787.494,1127.1648
5682,783.16046,1114.6113
5683,798.9114,1104.3638
5684,824.90515,1099.8113
5685,843.40454,1099.2161
5686,844.28986,1102.5846
5687,830.7625,1111.8677
5688,816.7531,1124.6664
5689,816.1374,1133.6904
5690,826.70996,1135.0587
5691,835.67804,1132.7
5692,838.94073,1131.6096
5693,840.5523,1131.5775
5694,842.8114,1128.5242
5695,846.3541,1119.2623
5696,850.6471,1106.6866
5697,852.5848,1098.6404
5698,850.37146,1096.8916
5699,846.3698,1093.7898
5700,843.90814,1086.1754
5701,843.91284,1081.0717
5702,844.99646,1082.301
5703,845.3588,1083.3582
5704,844.2582,1078.9401
5705,842.02484,1078.5038
5706,839.59454,1096.1752
5707,838.4344,1125.4475
5708,839.2719,1145.2737
5709,841.1244,1147.6965
5710,843.5104,1136.8073
5711,846.8176,1117.1321
5712,847.4549,1098.0247
5713,840.87067,1089.6635
5714,833.4334,1091.996
5715,834.4322,1101.3126
5716,839.7664,1118.9309
5717,842.8238,1142.2279
5718,844.9424,1157.6489
5719,846.46027,1152.694
5720,845.6504,1132.4313
5721,843.9373,1116.2302
5722,843.2319,1114.7307
5723,842.16614,1121.7814
5724,839.2953,1130.3701
5725,837.6245,1139.5424
5726,839.5717,1147.8329
5727,841.74536,1152.8568
5728,840.99036,1154.7964
5729,838.83484,1155.7876
5730,837.3679,1157.601
5731,836.1367,1160.017
5732,833.818,1161.6
5733,831.6341,1163.0079
5734,832.7099,1166.7711
5735,836.752,1172.8986
5736,839.73566,1177.516
5737,839.6002,1175.582
5738,837.8582,1165.7052
5739,836.6081,1152.2057
5740,836.5673,1138.9924
5741,836.3207,1127.6824
5742,834.6511,1123.1924
5743,833.4907,1127.8293
5744,834.6825,1131.2833
5745,836.83246,1120.5342
5746,837.4187,1099.8693
5747,835.4387,1086.6688
5748,833.23615,1085.1454
5749,834.4658,1083.7283
5750,837.87384,1078.1709
5751,839.29987,1074.115
5752,839.4849,1070.6227
5753,838.8659,1062.747
5754,831.9758,1053.7273
5755,817.8196,1049.8713
5756,804.7515,1052.2858
5757,798.93536,1058.572
5758,795.0863,1064.0022
5759,785.5646,1064.0673
5760,777.149,1062.6161
5761,783.72705,1067.891
5762,801.3236,1077.223
5763,813.0351,1080.9054
5764,816.486,1079.1047
5765,823.02844,1081.1805
5766,836.3029,1092.7617
5767,847.5094,1109.0868
5768,848.77356,1120.3292
5769,844.0932,1122.8527
5770,842.52576,1121.0493
5771,844.9981,1119.8987
5772,845.96954,1122.8632
5773,843.227,1131.7344
5774,839.4716,1140.6914
5775,837.6103,1142.1279
5776,838.05457,1141.3799
5777,839.9564,1148.7598
5778,843.7144,1163.0455
5779,850.0687,1175.1736
5780,854.7451,1177.0925
5781,851.27625,1166.405
5782,843.1286,1150.3376
5783,840.0419,1138.9077
5784,843.5961,1134.523
5785,847.907,1133.6659
5786,847.7298,1134.0604
5787,843.0921,1137.3801
5788,839.6809,1145.381
5789,841.18854,1154.6122
5790,843.5103,1158.5679
5791,841.1236,1155.0411
5792,835.23285,1149.0677
5793,831.9338,1146.3126
5794,835.38574,1142.7318
5795,844.13965,1126.495
5796,851.288,1095.9056
5797,850.03156,1067.6722
5798,841.6636,1056.5344
5799,832.6961,1057.2773
5800,825.5015,1059.6051
5801,820.00415,1067.2921
5802,819.25916,1087.6925
5803,825.5287,1111.9934
5804,833.273,1123.5184
5805,831.9721,1117.777
5806,823.72864,1101.929
5807,837.5494,1090.4285
5808,898.4941,1098.3759
5809,969.8244,1121.1815
5810,973.22003,1137.0228
5811,885.52185,1133.845
5812,772.3098,1116.9963
5813,711.89325,1097.4338
5814,717.76776,1082.4456
5815,752.6101,1075.5269
5816,784.2635,1079.9258
5817,805.81036,1096.4204
5818,824.72,1121.433
5819,846.75165,1147.8961
5820,866.70374,1165.5709
5821,875.2712,1171.1501
5822,873.8344,1173.8984
5823,869.46436,1176.9081
5824,861.1593,1169.5338
5825,849.0603,1149.4634
5826,840.9861,1130.289
5827,839.46606,1123.868
5828,839.85156,1129.5338
5829,839.7202,1138.4707
5830,839.6098,1143.0406
5831,839.15247,1140.0028
5832,837.5096,1128.6265
5833,835.426,1114.6802
5834,834.74316,1109.711
5835,838.58203,1118.5958
5836,850.6402,1135.0048
5837,868.8842,1150.035
5838,880.5099,1160.1016
5839,872.40027,1166.8354
5840,851.8532,1171.4022
5841,840.45844,1171.3411
5842,843.65533,1164.8846
5843,849.23193,1155.7366
5844,849.3887,1148.9617
5845,844.1944,1144.7269
5846,836.0015,1141.3673
5847,829.95074,1140.2413
5848,830.63776,1142.1188
5849,836.8706,1141.451
5850,842.93805,1130.8704
5851,844.9202,1113.7793
5852,843.47125,1102.4805
5853,841.33234,1103.5177
5854,841.4271,1114.5527
5855,843.9233,1128.2223
5856,844.57513,1138.6094
5857,840.80945,1148.0695
5858,837.4298,1158.6094
5859,839.29315,1165.2455
5860,839.81757,1167.838
5861,828.75836,1172.9741
5862,810.16943,1179.6179
5863,798.26855,1179.9426
5864,799.22595,1171.0507
5865,805.62115,1157.1249
5866,806.4964,1144.9797
5867,803.5574,1133.9015
5868,809.30347,1116.3495
5869,826.4035,1095.2946
5870,845.9149,1082.1252
5871,861.79645,1078.906
5872,870.9605,1081.0795
5873,869.8752,1084.6587
5874,860.9515,1084.1028
5875,851.1694,1080.4707
5876,842.62897,1086.1862
5877,834.0348,1109.5964
5878,829.3758,1141.2144
5879,835.52545,1160.8491
5880,851.58795,1157.6687
5881,866.244,1140.2529
5882,867.47235,1125.2788
5883,855.61505,1122.6141
5884,843.1922,1132.8041
5885,839.6007,1148.4197
5886,841.9689,1158.4928
5887,842.38824,1158.5491
5888,838.503,1153.848
5889,834.4946,1152.495
5890,834.4103,1156.7013
5891,838.4034,1162.5391
5892,845.7474,1167.0027
5893,856.3148,1168.3804
5894,866.34503,1163.677
5895,870.3177,1153.4506
5896,868.36066,1143.1309
5897,865.08246,1136.1147
5898,863.73395,1131.6947
5899,863.7486,1128.4258
5900,862.4595,1125.5757
5901,859.8216,1123.3163
5902,858.94324,1123.271
5903,860.882,1127.8336
5904,862.45703,1137.2312
5905,859.92316,1148.3994
5906,852.45795,1157.1937
5907,843.0723,1160.7858
5908,835.8688,1160.3385
5909,831.33356,1160.304
5910,828.90686,1162.2759
5911,831.3312,1163.658
5912,838.92395,1163.1138
5913,844.43005,1162.5015
5914,840.4701,1163.9949
5915,829.8132,1167.3214
5916,821.7703,1170.5284
5917,818.8615,1173.5099
5918,813.12946,1177.9302
5919,797.43787,1183.6708
5920,779.5695,1187.3563
5921,777.56256,1183.3201
5922,796.594,1167.9248
5923,821.6711,1146.196
5924,837.34143,1130.3385
5925,842.6486,1130.2875
5926,843.10706,1146.8622
5927,840.2741,1169.0529
5928,834.3444,1182.3326
5929,827.9467,1184.0575
5930,822.99005,1181.9952
5931,818.87524,1181.1176
5932,815.85803,1181.3234
5933,815.4191,1182.6412
5934,815.7967,1185.0817
5935,811.41376,1186.2224
5936,800.8103,1184.1913
5937,792.27026,1181.7067
5938,793.0589,1183.5765
5939,799.6118,1189.5183
5940,807.0273,1192.7488
5941,814.9142,1189.1156
5942,820.314,1183.989
5943,819.5918,1184.7288
5944,817.51324,1188.257
5945,822.08966,1184.1368
5946,831.63556,1170.6547
5947,838.4353,1156.5768
5948,841.4293,1147.0767
5949,844.2665,1139.8396
5950,846.424,1132.5944
5951,845.102,1125.9308
5952,840.4769,1122.25
5953,834.18024,1126.2281
5954,827.6616,1141.751
5955,823.75134,1164.3904
5956,825.0376,1182.1564
5957,830.5268,1186.9459
5958,837.2276,1179.8347
5959,842.87946,1166.6932
5960,845.2279,1154.869
5961,843.4228,1149.2738
5962,841.2018,1146.0034
5963,842.6599,1137.8477
5964,846.6282,1126.0688
5965,850.9261,1115.1897
5966,854.6983,1103.0641
5967,853.2679,1085.9637
5968,843.0608,1067.3552
5969,829.94403,1054.6008
5970,821.44904,1048.653
5971,817.71454,1045.2542
5972,815.39355,1043.9064
5973,812.6439,1045.7528
5974,809.9559,1047.5675
5975,810.9043,1049.0453
5976,819.4302,1059.8856
5977,832.6318,1084.2205
5978,841.7149,1107.5354
5979,843.5292,1116.4053
5980,842.62054,1117.785
5981,841.29724,1126.3492
5982,837.91907,1145.1754
5983,833.5606,1165.4446
5984,831.3425,1177.8562
5985,830.96405,1180.601
5986,830.01495,1178.5791
5987,828.06866,1177.4043
5988,825.55023,1178.9426
5989,821.71234,1181.8516
5990,817.81696,1183.6567
5991,818.6387,1180.4088
5992,826.1852,1169.4902
5993,836.54846,1155.7714
5994,845.01355,1147.4744
5995,849.2977,1147.9259
5996,849.1356,1156.1997
5997,846.244,1165.6738
5998,843.37256,1165.4524
5999,843.72406,1153.6946
6000,847.05023,1138.4987
6001,836.7749,1114.2004
6002,788.58636,1056.5967
6003,715.1931,968.6645
6004,666.6462,899.00507
6005,663.30634,883.1039
6006,677.3384,904.3072
6007,683.8158,926.5407
6008,683.1634,933.8994
6009,681.05585,933.05536
6010,677.2306,933.34674
6011,671.6481,934.7735
6012,668.7763,932.8181
6013,673.3252,926.2228
6014,684.3473,917.9372
6015,695.5813,912.11414
6016,700.54504,912.7822
6017,696.59845,921.84326
6018,686.9013,933.4767
6019,677.5264,936.93726
6020,673.07007,930.512
6021,684.839,928.159
6022,732.9959,950.0839
6023,812.4006,1001.054
6024,877.3026,1057.7985
6025,895.51105,1090.7985
6026,886.6286,1093.8961
6027,882.85297,1082.6359
6028,887.89984,1074.2135
6029,889.90106,1074.0946
6030,886.82166,1076.3832
6031,884.20514,1074.8755
6032,879.9322,1069.4857
6033,858.6915,1056.2456
6034,805.1304,1020.4631
6035,728.971,961.203
6036,665.70123,908.77716
6037,641.5403,890.03
6038,649.20575,897.6968
6039,664.24084,910.20966
6040,673.7418,916.8618
6041,680.39264,918.14606
6042,687.1717,917.74036
6043,692.22217,917.54193
6044,694.5982,917.1358
6045,695.33936,916.17126
6046,696.0987,914.7732
6047,698.6892,912.76337
6048,703.01306,910.4733
6049,707.20026,908.88654
6050,710.6692,908.4474
6051,714.1752,908.50385
6052,717.58624,908.2461
6053,720.3765,907.53766
6054,723.06757,906.2223
6055,726.10126,904.22015
6056,728.5884,902.327
6057,730.02014,901.4399
6058,731.496,901.7839
6059,733.71246,903.08636
6060,736.06525,904.5596
6061,738.43414,905.4988
6062,742.61,906.90717
6063,749.84125,910.3963
6064,757.0686,914.86395
6065,761.5719,917.97107
6066,766.10315,919.57764
6067,772.6057,920.41534
6068,777.3779,920.3616
6069,774.46814,919.08246
6070,761.33453,916.1848
6071,744.89264,912.02344
6072,737.4997,908.9102
6073,743.25183,908.97217
6074,754.073,911.02203
6075,757.4915,911.4803
6076,746.4278,908.327
6077,726.2326,903.8523
6078,708.968,902.1362
6079,700.6108,903.65485
6080,699.4,905.3805
6081,699.41516,904.6761
6082,693.53986,900.3347
6083,685.69867,895.42737
6084,703.6363,905.24396
6085,772.36456,947.37134
6086,858.791,1009.11475
6087,896.72186,1053.6914
6088,877.5681,1067.8165
6089,847.0664,1066.9886
6090,831.5737,1065.279
6091,824.2997,1067.7
6092,815.64453,1073.4906
6093,806.1034,1076.1859
6094,801.1383,1072.615
6095,808.1656,1069.5814
6096,832.2959,1073.2931
6097,863.50214,1079.2229
6098,886.85034,1081.8574
6099,908.6321,1087.6334
6100,940.2611,1104.2377
6101,970.35284,1123.751
6102,982.5621,1133.6776
6103,977.1937,1133.7032
6104,956.0643,1125.1924
6105,910.4779,1102.3472
6106,847.7313,1068.8284
6107,804.72064,1041.9417
6108,808.6513,1032.3256
6109,848.1749,1037.0253
6110,890.4193,1047.3636
6111,910.3081,1054.8019
6112,906.97455,1057.239
6113,894.0189,1057.6552
6114,880.45667,1057.7769
6115,868.6775,1058.7985
6116,861.12933,1060.4478
6117,860.17645,1058.9966
6118,861.4828,1052.7333
6119,851.97766,1046.5516
6120,824.2932,1048.6467
6121,792.3687,1059.7993
6122,776.867,1069.6743
6123,778.3738,1072.4122
6124,778.8431,1076.1329
6125,768.5692,1086.6929
6126,765.63605,1094.3014
6127,791.469,1089.8259
6128,833.04645,1081.017
6129,860.87537,1079.1473
6130,868.1415,1085.2108
6131,866.7314,1094.7952
6132,865.4013,1103.6368
6133,865.4835,1108.2101
6134,865.61316,1105.6442
6135,863.97644,1094.7594
6136,860.5493,1079.3365
6137,857.9925,1066.2705
6138,856.8768,1058.633
6139,854.18256,1055.8431
6140,849.42865,1060.1117
6141,847.9031,1075.937
6142,852.7993,1098.6003
6143,845.466,1108.8376
6144,788.31726,1089.4197
6145,679.8438,1050.1216
6146,582.82855,1021.4238
6147,556.2665,1008.76855
6148,584.4481,981.4684
6149,608.29266,925.0228
6150,609.0008,870.0673
6151,638.2001,862.17737
6152,761.4264,920.5789
6153,951.52875,1015.2087
6154,1075.475,1087.0537
6155,1056.5353,1107.3502
6156,971.29,1096.3815
6157,921.77985,1081.1167
6158,920.64374,1069.1526
6159,933.3526,1060.1051
6160,941.2042,1053.6481
6161,943.386,1048.1964
6162,940.7516,1045.1082
6163,934.6773,1049.6781
6164,928.61334,1060.5851
6165,922.2801,1069.3009
6166,914.14404,1073.0771
6167,912.0651,1075.9766
6168,922.7015,1078.9323
6169,916.53827,1071.0247
6170,831.99725,1032.1508
6171,666.0095,961.86554
6172,526.0984,896.4386
6173,505.90634,870.4966
6174,567.4507,879.57355
6175,625.7925,900.8267
6176,656.6156,924.7394
6177,673.1733,950.6204
6178,682.7974,972.1969
6179,688.64233,982.77673
6180,693.6308,985.00555
6181,696.2861,985.53827
6182,694.07587,986.54926
6183,689.50977,987.9229
6184,689.0489,992.60376
6185,696.9824,1005.35956
6186,711.4487,1024.9697
6187,725.77734,1041.2153
6188,734.7213,1044.7646
6189,739.6883,1036.1366
6190,744.9663,1022.8164
6191,750.79694,1013.7534
6192,754.076,1014.56335
6193,753.7238,1022.347
6194,751.5998,1029.2999
6195,749.07166,1032.4298
6196,746.2784,1034.6807
6197,743.55225,1040.0177
6198,740.4656,1049.9564
6199,736.09644,1060.5927
6200,731.4104,1065.7289
6201,727.1952,1064.3175
6202,723.464,1060.2727
6203,722.5437,1056.4552
6204,723.18805,1052.0784
6205,725.28143,1046.9431
6206,759.9513,1048.3967
6207,865.6951,1064.5219
6208,994.98773,1085.7893
6209,1040.7076,1094.9146
6210,988.3104,1093.4336
6211,917.81683,1090.3916
6212,872.74304,1082.3022
6213,840.0695,1064.8573
6214,811.6534,1043.6207
6215,791.4868,1027.5619
6216,776.4911,1020.6558
6217,763.3586,1019.18066
6218,755.3024,1017.4879
6219,753.49567,1013.9287
6220,754.8399,1009.5831
6221,756.8748,1006.828
6222,758.17804,1011.35724
6223,757.5602,1027.7511
6224,755.9006,1048.913
6225,754.9054,1061.0161
6226,751.2907,1061.2496
6227,739.9949,1058.0759
6228,726.5175,1057.0531
6229,722.40765,1057.0177
6230,728.16675,1056.0553
6231,734.14795,1054.2173
6232,734.8784,1051.4424
6233,736.3603,1045.578
6234,748.4292,1034.5303
6235,768.23193,1021.5213
6236,781.19543,1012.96735
6237,781.23016,1009.9299
6238,776.549,1008.2659
6239,776.18646,1005.4347
6240,781.10895,1002.3991
6241,786.59235,1001.45044
6242,785.8796,1005.4212
6243,774.3576,1016.25977
6244,757.5091,1030.0508
6245,747.53235,1038.9125
6246,747.76575,1040.6985
6247,751.4457,1039.5739
6248,755.0596,1038.2986
6249,763.8933,1035.333
6250,783.28705,1029.5002
6251,807.22205,1024.9106
6252,820.3089,1026.0284
6253,812.2301,1032.0201
6254,791.36444,1042.2487
6255,779.5681,1055.69
6256,786.8887,1064.862
6257,803.6258,1066.9814
6258,818.38226,1070.7552
6259,828.5849,1080.3021
6260,836.2891,1088.494
6261,842.2093,1090.8462
6262,844.848,1093.5725
6263,844.1953,1104.7573
6264,843.03784,1121.8573
6265,843.4235,1133.135
6266,843.78284,1133.568
6267,841.9486,1131.0645
6268,839.3696,1132.739
6269,838.7137,1136.9894
6270,839.6555,1142.5385
6271,841.25726,1151.8875
6272,844.98615,1163.9177
6273,850.4582,1172.7155
6274,852.27356,1172.7642
6275,847.1902,1163.5867
6276,840.54254,1151.6873
6277,838.7029,1143.5116
6278,840.7857,1138.6821
6279,843.1567,1134.4546
6280,844.49066,1130.7247
6281,844.3746,1129.821
6282,843.29193,1132.0055
6283,842.57935,1131.0516
6284,841.6266,1121.675
6285,839.4045,1108.6102
6286,838.02985,1101.4266
6287,837.92065,1108.3478
6288,833.23517,1131.5948
6289,821.8984,1157.7944
6290,812.776,1169.0123
6291,813.05396,1166.701
6292,818.7017,1164.4695
6293,823.2103,1166.1282
6294,826.3164,1166.1532
6295,830.17993,1161.7931
6296,833.378,1155.6727
6297,833.8042,1148.2499
6298,833.10254,1135.4608
6299,834.03705,1117.7163
6300,836.8768,1102.396
6301,840.01666,1094.5377
6302,841.75085,1093.7146
6303,841.0767,1098.3843
6304,837.56696,1105.9866
6305,831.0567,1112.1472
6306,823.6215,1114.4609
6307,820.8114,1115.6503
6308,825.7066,1120.3037
6309,833.7833,1128.0032
6310,838.9778,1133.4819
6311,839.9797,1136.1372
6312,838.21625,1143.3198
6313,836.24414,1157.7135
6314,837.2578,1166.9858
6315,841.66956,1157.7449
6316,845.3743,1137.0282
6317,841.8213,1126.2463
6318,829.28125,1134.1415
6319,818.1161,1146.5684
6320,819.6853,1146.9885
6321,829.7383,1136.1906
6322,837.30237,1124.4128
6323,840.1328,1118.2455
6324,841.1858,1119.3625
6325,841.3599,1124.2875
6326,840.4851,1125.0042
6327,839.39496,1115.7379
6328,838.7179,1100.7296
6329,839.13434,1091.4491
6330,841.7054,1094.6649
6331,844.1211,1107.5535
6332,842.62695,1123.0879
6333,839.5795,1135.6277
6334,840.83844,1142.3179
6335,845.77966,1144.4314
6336,846.3832,1148.6539
6337,837.95905,1158.2815
6338,827.506,1164.0739
6339,825.4983,1157.5024
6340,832.80414,1146.2177
6341,842.8334,1142.9368
6342,849.3258,1149.1537
6343,847.77454,1157.0753
6344,837.07025,1156.8077
6345,823.27765,1141.3296
6346,818.39844,1117.1986
6347,827.6576,1103.351
6348,840.82153,1107.7661
6349,846.86414,1119.6805
6350,848.4669,1128.8159
6351,852.635,1134.2173
6352,858.2488,1136.2135
6353,858.5681,1136.3824
6354,849.5403,1140.0544
6355,836.20514,1147.8708
6356,831.31793,1155.5685
6357,839.8413,1161.6534
6358,849.36053,1162.7474
6359,847.46405,1154.6282
6360,838.074,1142.6809
6361,830.4794,1136.4443
6362,826.53107,1139.8777
6363,824.5074,1152.637
6364,824.32947,1169.6713
6365,824.82086,1178.9781
6366,822.8911,1171.5671
6367,819.5552,1156.8468
6368,819.5353,1154.0913
6369,824.5382,1165.2625
6370,834.14856,1174.607
6371,846.9342,1174.096
6372,855.95306,1171.5508
6373,853.84174,1174.8185
6374,843.45557,1179.181
6375,833.8225,1176.3477
6376,829.3498,1168.7637
6377,829.1907,1163.9552
6378,830.5868,1163.256
6379,829.7494,1165.0225
6380,825.3713,1169.0884
6381,821.41156,1174.303
6382,821.69794,1178.5732
6383,824.8812,1179.714
6384,827.7894,1176.5347
6385,828.8067,1173.1152
6386,828.1337,1173.9388
6387,828.1271,1175.366
6388,829.84906,1172.3827
6389,829.78723,1167.0197
6390,826.0134,1162.0726
6391,823.21686,1154.6862
6392,825.2137,1143.8557
6393,829.3798,1137.5852
6394,831.98376,1143.1423
6395,832.3943,1155.082
6396,831.92615,1161.3451
6397,832.0044,1157.3413
6398,832.9859,1149.7163
6399,833.9496,1148.318
6400,832.2418,1153.32
6401,825.29645,1153.82
6402,816.1847,1145.2312
6403,812.29834,1138.5005
6404,816.9148,1144.4598
6405,827.54016,1158.0068
6406,840.6493,1164.7999
6407,853.49115,1160.8855
6408,862.8035,1156.5299
6409,865.13043,1158.9968
6410,858.7844,1164.3162
6411,846.0247,1168.2802
6412,833.24756,1171.4905
6413,826.5058,1172.9702
6414,827.3999,1168.145
6415,833.3918,1150.6938
6416,841.53735,1121.3639
6417,850.6525,1096.6216
6418,857.50116,1091.4019
6419,857.4085,1099.0807
6420,850.93115,1103.9197
6421,840.75574,1100.6162
6422,824.73145,1093.1136
6423,803.4605,1086.884
6424,791.81866,1088.3314
6425,812.3572,1102.1962
6426,867.03284,1123.1881
6427,914.8759,1137.86
6428,909.0235,1136.7919
6429,860.7293,1119.2843
6430,820.453,1094.3805
6431,805.6614,1076.8564
6432,796.19653,1070.9856
6433,781.72736,1067.5985
6434,772.3781,1061.1412
6435,776.777,1057.9904
6436,794.5482,1066.1461
6437,817.0053,1082.0752
6438,830.56134,1094.4614
6439,827.99756,1097.2043
6440,811.8657,1089.8826
6441,794.55255,1075.495
6442,791.58997,1063.3351
6443,804.46155,1064.0671
6444,822.1363,1080.6758
6445,835.7051,1106.3308
6446,842.807,1130.9917
6447,846.251,1149.6942
6448,849.2067,1162.2839
6449,851.83594,1168.4667
6450,853.9903,1167.8547
6451,855.1682,1163.5814
6452,853.45605,1161.2797
6453,849.27277,1162.9685
6454,845.51794,1166.2986
6455,842.2644,1169.6931
6456,836.7175,1172.5388
6457,829.2328,1172.3357
6458,823.6399,1167.4884
6459,821.32947,1162.0298
6460,821.11743,1162.3994
6461,823.3712,1167.8649
6462,828.48694,1170.1006
6463,833.9696,1165.5593
6464,836.2302,1160.9498
6465,832.498,1161.8385
6466,822.95416,1163.8668
6467,812.7621,1161.3607
6468,806.2968,1155.5906
6469,802.307,1149.2036
6470,799.4614,1142.285
6471,799.64056,1136.8575
6472,803.6572,1137.0853
6473,808.26025,1142.7216
6474,810.4267,1148.0625
6475,813.2799,1149.813
6476,821.44775,1150.6346
6477,832.9308,1152.4852
6478,841.35,1152.7361
6479,843.43524,1149.6825
6480,841.8262,1145.5867
6481,840.0831,1143.287
6482,837.30786,1143.4126
6483,832.78143,1142.5662
6484,830.85645,1136.6084
6485,834.2483,1128.4518
6486,839.56647,1127.6891
6487,843.0604,1140.1831
6488,843.3013,1157.1167
6489,840.216,1160.5593
6490,836.4452,1144.8099
6491,835.6356,1123.1384
6492,838.04956,1111.3612
6493,840.84064,1111.3721
6494,842.98425,1111.6766
6495,846.11816,1102.4174
6496,850.06195,1088.1547
6497,852.5379,1080.1237
6498,852.55176,1080.1594
6499,850.1276,1085.872
6500,845.7782,1100.1862
6501,842.4374,1120.891
6502,842.5321,1137.9012
6503,841.8716,1147.894
6504,834.25836,1154.6552
6505,824.67883,1157.9159
6506,826.1492,1155.8925
6507,839.8028,1151.8302
6508,852.45325,1149.4924
6509,854.77026,1148.8306
6510,850.0186,1148.5638
6511,846.51135,1148.3408
6512,848.073,1147.9617
6513,851.6091,1146.1721
6514,852.11224,1141.6268
6515,848.7599,1135.2782
6516,844.5958,1130.9117
6517,841.3147,1131.1316
6518,838.2099,1132.79
6519,835.75037,1131.0775
6520,835.30225,1126.168
6521,836.5057,1121.3379
6522,838.07544,1118.271
6523,838.48315,1116.1798
6524,835.8581,1112.9789
6525,831.1523,1106.723
6526,830.50543,1097.5803
6527,836.435,1089.0996
6528,833.11676,1085.9011
6529,800.02454,1089.0201
6530,753.24164,1092.4779
6531,736.4162,1086.8691
6532,757.0865,1070.6827
6533,781.68097,1052.3218
6534,789.6037,1039.0786
6535,784.9136,1033.6963
6536,774.81195,1038.1691
6537,765.8878,1050.6124
6538,763.84406,1063.661
6539,771.99677,1073.482
6540,793.34375,1083.8566
6541,821.8943,1095.9722
6542,842.4346,1103.9274
6543,848.9541,1104.3529
6544,848.83545,1100.8545
6545,851.9019,1098.6296
6546,862.9466,1101.082
6547,871.5588,1106.5813
6548,843.8113,1099.3127
6549,755.9389,1058.4191
6550,652.34143,993.83563
6551,609.31384,942.5664
6552,629.009,916.0286
6553,647.7996,894.01154
6554,637.81213,870.74475
6555,625.75214,863.03235
6556,633.1632,877.0496
6557,652.5709,901.18463
6558,668.87683,926.7333
6559,676.35486,953.43475
6560,679.2472,979.62537
6561,683.5945,1000.049
6562,690.4717,1011.6205
6563,697.3966,1015.03046
6564,703.5098,1012.6833
6565,711.3928,1009.2691
6566,721.7435,1012.6842
6567,728.0337,1027.6729
6568,725.85547,1045.5354
6569,735.9737,1051.6461
6570,803.8036,1050.5029
6571,935.23047,1062.471
6572,1048.7678,1085.7747
6573,1064.212,1097.6787
6574,1004.1078,1096.263
6575,937.1231,1095.8489
6576,885.43915,1093.9436
6577,838.09955,1079.1951
6578,796.30505,1054.9877
6579,770.0859,1035.9807
6580,758.22845,1030.1636
6581,751.9602,1033.123
6582,747.12085,1036.5637
6583,743.8343,1036.1873
6584,741.32477,1031.7891
6585,738.3548,1024.5376
6586,735.25574,1016.4075
6587,732.7148,1010.1266
6588,730.53375,1007.08466
6589,728.35114,1005.8232
6590,727.04114,1004.3746
6591,728.3343,1002.55347
6592,732.1662,1000.52045
6593,736.31354,998.2098
6594,739.16046,996.50146
6595,741.3096,996.0745
6596,744.1864,996.5173
6597,747.4191,997.5727
6598,749.4317,999.0473
6599,750.3243,1000.1106
6600,751.09314,1000.5578
6601,751.9178,1001.5723
6602,753.75726,1004.62445
6603,758.0947,1010.3197
6604,763.32056,1018.0366
6605,764.15,1027.8551
6606,757.09875,1040.9432
6607,745.71094,1055.9011
6608,737.33136,1068.5934
6609,738.43933,1075.0784
6610,753.21075,1075.2368
6611,778.2691,1077.622
6612,803.29956,1092.6667
6613,820.5676,1115.935
6614,828.2177,1131.0662
6615,827.60394,1131.0985
6616,820.11584,1122.1411
6617,805.27826,1110.3248
6618,785.55,1099.7151
6619,774.365,1098.2999
6620,787.1861,1110.5311
6621,817.46594,1123.9382
6622,842.4063,1122.0375
6623,852.78186,1109.1476
6624,853.1152,1102.0162
6625,846.2569,1105.6403
6626,835.2003,1113.3278
6627,827.233,1119.1299
6628,827.2711,1121.723
6629,832.6132,1123.6093
6630,839.26886,1129.2223
6631,844.87994,1140.5398
6632,844.5726,1154.3462
6633,836.5438,1164.596
6634,826.5149,1167.2937
6635,820.89526,1162.8907
6636,822.5056,1154.3676
6637,828.9155,1145.6157
6638,833.3881,1140.9478
6639,832.34357,1142.2087
6640,827.94214,1147.22
6641,823.41956,1152.3204
6642,820.8595,1156.491
6643,822.14636,1163.0795
6644,827.68585,1173.5288
6645,833.95337,1180.8812
6646,836.67285,1176.8175
6647,835.98004,1162.2189
6648,834.63605,1145.4395
6649,834.33514,1135.6542
6650,835.5494,1138.1959
6651,836.8127,1148.6001
6652,835.16705,1154.4573
6653,831.1464,1151.3151
6654,829.6313,1149.6774
6655,831.25507,1155.8268
6656,828.83215,1158.1157
6657,816.8618,1143.9028
6658,800.53577,1117.6348
6659,793.2882,1094.8381
6660,803.6401,1086.1001
6661,824.38257,1090.0255
6662,840.2157,1096.2909
6663,845.08374,1095.5793
6664,844.84814,1091.1476
6665,844.99475,1095.4485
6666,846.4042,1114.781
6667,853.3081,1143.7867
6668,870.57635,1168.3943
6669,889.3785,1173.439
6670,893.91425,1155.921
6671,883.84705,1127.8923
6672,866.13965,1106.1665
6673,834.7749,1102.7018
6674,788.0771,1117.6533
6675,748.49506,1134.4305
6676,740.10657,1132.2375
6677,759.2161,1112.1403
6678,781.3051,1096.6881
6679,791.5609,1101.1638
6680,796.1924,1119.6405
6681,804.3076,1135.8717
6682,814.41943,1131.0591
6683,818.5023,1091.9855
6684,809.4644,1036.491
6685,790.70013,1003.96533
6686,775.64233,1004.575
6687,771.73663,1019.18475
6688,773.3602,1036.2534
6689,770.477,1050.9363
6690,764.0484,1057.9686
6691,770.57904,1064.1986
6692,797.15106,1081.4706
6693,824.94385,1109.1412
6694,834.9818,1138.8018
6695,829.9408,1161.8802
6696,821.98834,1171.5919
6697,816.91364,1169.0759
6698,813.36975,1162.1399
6699,810.9382,1158.5594
6700,813.29895,1162.2513
6701,820.84424,1170.4589
6702,829.32465,1177.1134
6703,836.46027,1180.007
6704,840.0948,1179.6156
6705,836.6982,1173.4418
6706,828.05096,1159.9987
6707,821.1174,1146.4503
6708,820.29626,1142.9825
6709,824.08344,1149.697
6710,828.35675,1156.9431
6711,831.30536,1159.0782
6712,833.4264,1159.7203
6713,834.0992,1162.5687
6714,832.33405,1165.9376
6715,829.1022,1168.5249
6716,825.8801,1172.2976
6717,823.18805,1176.5431
6718,821.6293,1177.1978
6719,821.7451,1173.91
6720,822.833,1170.7308
6721,824.4714,1170.3717
6722,828.6088,1170.3446
6723,838.3873,1165.6671
6724,851.47217,1154.5581
6725,844.24304,1132.3342
6726,775.1058,1093.8748
6727,645.85516,1055.623
6728,537.6926,1038.2518
6729,519.6076,1033.887
6730,562.97186,1030.0848
6731,603.72723,1032.2083
6732,623.51935,1043.4557
6733,641.0335,1056.5878
6734,692.0363,1072.1152
6735,801.30853,1100.119
6736,916.8726,1131.2418
6737,948.9054,1139.6582
6738,898.4955,1127.9379
6739,843.32336,1123.7365
6740,823.74347,1132.0641
6741,825.62573,1134.9077
6742,829.8626,1125.4446
6743,831.8173,1112.06
6744,833.8501,1105.899
6745,837.3174,1115.5464
6746,838.84503,1138.6178
6747,833.1641,1160.0275
6748,821.7979,1167.9379
6749,814.2242,1165.5676
6750,817.5698,1161.8959
6751,830.12756,1158.7015
6752,843.6756,1153.2739
6753,850.5592,1147.8282
6754,850.9929,1147.735
6755,849.58014,1152.4968
6756,846.8129,1155.9626
6757,841.0602,1154.9991
6758,833.0194,1154.128
6759,823.73126,1159.6903
6760,816.1519,1169.1951
6761,815.92505,1173.865
6762,823.3508,1172.0585
6763,831.98267,1169.6014
6764,837.17804,1170.704
6765,840.232,1176.0476
6766,841.3463,1179.8085
6767,821.2758,1155.3679
6768,746.7573,1068.3018
6769,632.1604,939.0834
6770,556.32935,844.1723
6771,559.73816,820.56055
6772,591.016,835.3186
6773,601.1416,852.5082
6774,622.29266,882.06464
6775,711.8838,959.6773
6776,840.9285,1076.084
6777,912.00415,1161.0906
6778,897.4559,1166.7238
6779,855.73126,1119.0825
6780,827.3998,1074.4952
6781,810.16785,1061.7579
6782,800.17035,1072.343
6783,800.9761,1086.7389
6784,811.28784,1096.0255
6785,823.89575,1100.9059
6786,830.33124,1103.6443
6787,825.02783,1105.4396
6788,812.15894,1106.8428
6789,803.56036,1108.3572
6790,806.057,1109.9565
6791,817.27,1110.293
6792,830.451,1108.2239
6793,839.30817,1103.8651
6794,842.2677,1099.4822
6795,842.30414,1103.5758
6796,842.27844,1125.6238
6797,842.8029,1158.6162
6798,843.6143,1180.8776
6799,843.35455,1178.3542
6800,840.0505,1152.9716
6801,834.6893,1120.1667
6802,830.34796,1101.1376
6803,828.98987,1105.5963
6804,831.93085,1128.0845
6805,838.6939,1156.9597
6806,846.3115,1178.6364
6807,851.1752,1184.8955
6808,849.54535,1179.8834
6809,842.68604,1173.5549
6810,839.2894,1170.9669
6811,844.1465,1171.5059
6812,852.4587,1174.0063
6813,857.4333,1177.553
6814,854.3939,1179.0261
6815,844.06445,1174.7487
6816,835.77454,1166.1528
6817,837.5097,1159.8776
6818,845.6071,1158.9502
6819,850.0417,1159.3877
6820,844.74066,1158.8436
6821,831.7901,1160.2614
6822,818.2561,1164.3915
6823,809.5175,1167.0422
6824,806.70416,1164.7487
6825,808.89325,1159.2595
6826,813.13995,1156.5525
6827,813.37787,1159.58
6828,806.0343,1164.217
6829,797.29236,1166.6266
6830,797.5345,1168.5098
6831,809.2628,1172.9784
6832,826.1854,1179.9235
6833,840.1831,1184.8894
6834,847.4072,1183.6473
6835,849.9047,1177.236
6836,850.07745,1169.6125
6837,847.3502,1164.0508
6838,842.1491,1162.3044
6839,837.74146,1164.2767
6840,837.35297,1168.6973
6841,840.7384,1173.6614
6842,843.4103,1177.1069
6843,841.19434,1177.9531
6844,834.9894,1176.6659
6845,829.3452,1175.5707
6846,828.4483,1177.2244
6847,834.4516,1179.9088
6848,846.25616,1178.6293
6849,857.55414,1173.2312
6850,859.83746,1168.8625
6851,850.99176,1168.5736
6852,837.29834,1171.2802
6853,826.2782,1173.646
6854,821.82776,1172.8578
6855,823.2291,1169.3412
6856,825.72284,1165.3021
6857,825.18085,1162.5609
6858,822.08356,1162.3667
6859,819.3343,1165.6099
6860,819.0448,1172.8826
6861,822.8585,1182.9585
6862,831.92163,1191.1846
6863,843.9975,1191.8811
6864,851.28,1184.9226
6865,845.7716,1177.4988
6866,831.08093,1175.4329
6867,821.0905,1178.4208
6868,822.47876,1183.3666
6869,828.5965,1184.5775
6870,830.28925,1179.0038
6871,824.5076,1172.2422
6872,814.6246,1169.4625
6873,806.63916,1168.9602
6874,804.49414,1168.095
6875,807.08234,1166.5936
6876,809.9345,1165.3491
6877,810.8096,1165.6714
6878,811.82587,1169.4574
6879,814.59143,1177.3705
6880,816.48474,1184.7065
6881,814.89996,1184.9905
6882,811.7307,1179.1704
6883,810.5376,1173.6188
6884,811.498,1171.2511
6885,813.65546,1171.0802
6886,824.50555,1172.6956
6887,851.44257,1176.794
6888,874.69934,1181.5404
6889,865.08405,1182.1467
6890,833.08453,1177.3743
6891,812.2843,1172.637
6892,809.5987,1173.2063
6893,811.45404,1177.295
6894,811.2543,1179.5704
6895,809.6607,1178.5365
6896,807.5888,1175.7294
6897,806.7995,1171.6637
6898,810.0635,1167.5178
6899,816.936,1167.5026
6900,822.09784,1174.6183
6901,821.1495,1184.6473
6902,815.28723,1189.011
6903,809.16797,1185.1614
6904,807.30255,1178.7112
6905,812.0218,1174.3793
6906,820.8918,1171.7628
6907,827.1365,1168.7762
6908,827.18994,1164.4178
6909,824.10425,1159.7937
6910,821.74,1156.9454
6911,821.58325,1156.5563
6912,823.4473,1158.0168
6913,825.5962,1161.1665
6914,826.285,1166.5006
6915,824.43176,1172.4851
6916,819.5462,1175.5996
6917,814.6038,1175.8009
6918,814.33234,1176.5309
6919,818.6336,1177.3358
6920,823.43524,1174.0459
6921,825.2641,1168.1628
6922,823.4192,1166.1049
6923,821.72644,1166.1548
6924,824.808,1159.9249
6925,832.4275,1146.761
6926,839.34906,1133.1862
6927,836.9605,1126.4597
6928,820.67194,1133.6134
6929,800.5691,1151.9143
6930,793.9165,1167.1047
6931,804.8891,1172.5667
6932,822.5144,1175.2488
6933,835.95386,1180.3298
6934,842.3927,1184.8068
6935,845.19214,1185.1757
6936,850.9398,1182.8439
6937,863.1818,1180.8914
6938,876.8276,1179.4858
6939,882.46173,1176.7097
6940,875.2378,1171.8564
6941,860.17645,1165.4164
6942,848.62103,1156.71
6943,844.67804,1146.7091
6944,841.8934,1141.5442
6945,835.4093,1143.1094
6946,827.09314,1142.4987
6947,821.67975,1135.7279
6948,820.6655,1132.4729
6949,819.7831,1139.2783
6950,817.19824,1151.0695
6951,816.2845,1161.8989
6952,817.6714,1170.1311
6953,818.73755,1174.8533
6954,819.378,1175.4818
6955,822.53705,1174.0342
6956,829.8051,1174.2412
6957,838.3653,1177.6814
6958,843.05414,1181.2079
6959,840.5642,1180.201
6960,832.1183,1175.4702
6961,821.84644,1171.7795
6962,813.1751,1170.7709
6963,808.03925,1171.8983
6964,804.9075,1174.0681
6965,799.0726,1174.6234
6966,791.3166,1172.8184
6967,789.5196,1170.5919
6968,798.2866,1169.9148
6969,814.7621,1171.6692
6970,831.78656,1174.2943
6971,841.57825,1175.2996
6972,841.9636,1174.637
6973,837.86725,1174.5219
6974,834.4213,1176.2916
6975,832.54596,1178.2332
6976,832.1677,1177.5656
6977,839.2362,1173.1821
6978,865.7159,1165.6334
6979,908.62695,1153.7294
6980,932.6315,1128.0328
6981,906.5553,1077.4487
6982,853.33,1013.1945
6983,819.42584,968.5267
6984,809.71924,962.68677
6985,797.94977,983.76685
6986,777.83405,1009.2973
6987,765.4342,1028.3844
6988,769.3034,1042.6685
6989,781.1818,1053.2983
6990,785.5974,1059.0983
6991,775.7185,1064.1012
6992,765.277,1070.9843
6993,768.49805,1075.5406
6994,774.77844,1074.906
6995,772.43616,1071.1207
6996,773.9523,1068.279
6997,789.3154,1069.1866
6998,802.09064,1072.6322
6999,792.90216,1074.9993
7000,769.5799,1073.1083
7001,756.1606,1067.4478
7002,764.46814,1064.5095
7003,791.04126,1072.2777
7004,826.8125,1092.2657
7005,858.98816,1115.6642
7006,872.86163,1129.0295
7007,864.40076,1126.9882
7008,847.81146,1116.2036
7009,838.29376,1106.563
7010,836.1069,1105.3406
7011,834.5198,1114.5172
7012,832.1046,1125.1368
7013,832.62665,1125.6659
7014,836.60504,1117.249
7015,839.2562,1108.1062
7016,839.4148,1102.8365
7017,842.5796,1103.6477
7018,850.352,1109.5989
7019,855.9077,1115.8951
7020,855.69183,1118.3392
7021,861.7991,1114.0924
7022,890.34033,1102.019
7023,930.6177,1085.0823
7024,954.29517,1068.7535
7025,952.9083,1056.6162
7026,923.60455,1047.2225
7027,856.4789,1038.8168
7028,779.67474,1041.4524
7029,747.8901,1069.5544
7030,765.8741,1111.7019
7031,794.0139,1136.7074
7032,812.33105,1135.028
7033,824.9348,1122.3038
7034,827.6519,1113.6713
7035,808.87555,1112.809
7036,777.7638,1113.3048
7037,763.3789,1109.2504
7038,780.8052,1104.0886
7039,817.5506,1102.8853
7040,850.61456,1103.5479
7041,867.23615,1102.5876
7042,869.99054,1102.3849
7043,865.66943,1107.1736
7044,858.4036,1115.8086
7045,852.1696,1122.4965
7046,849.44904,1124.8674
7047,844.4488,1128.1183
7048,826.6653,1137.1228
7049,798.31836,1147.6097
7050,773.39233,1152.3691
7051,757.97266,1151.0583
7052,752.8098,1146.6266
7053,764.8061,1141.6099
7054,793.19556,1137.6254
7055,816.4527,1125.4905
7056,813.6723,1092.2456
7057,794.99255,1051.0125
7058,794.9802,1031.8605
7059,831.4228,1038.8075
7060,879.5297,1049.7604
7061,897.9527,1050.0415
7062,875.3258,1043.3748
7063,837.1649,1039.5625
7064,810.74695,1042.3696
7065,799.1841,1049.3202
7066,793.6061,1057.8746
7067,793.31757,1066.7673
7068,802.5383,1075.7269
7069,819.4338,1085.8159
7070,835.87994,1095.5734
7071,845.4181,1102.0675
7072,849.5941,1106.6171
7073,852.82135,1111.0096
7074,855.2504,1113.6217
7075,855.1876,1113.9424
7076,852.6685,1113.5496
7077,849.4597,1112.8928
7078,847.8523,1111.1097
7079,848.0981,1108.0046
7080,848.3099,1105.6945
7081,847.23694,1108.7662
7082,845.39484,1119.928
7083,844.74603,1133.0474
7084,846.4882,1137.8842
7085,848.88495,1133.277
7086,850.03894,1125.7963
7087,850.54333,1119.4121
7088,851.19244,1114.2905
7089,851.2287,1109.7072
7090,851.088,1104.0365
7091,853.77716,1095.9586
7092,859.9914,1087.3207
7093,866.0317,1080.9731
7094,869.0971,1077.1105
7095,868.8268,1076.9117
7096,865.1829,1084.2823
7097,860.1636,1097.0275
7098,855.7322,1103.3276
7099,849.1626,1094.8291
7100,838.2144,1078.9539
7101,828.2455,1073.0222
7102,827.4534,1086.2119
7103,836.0387,1107.8108
7104,846.29285,1117.1108
7105,853.2018,1106.1324
7106,855.7693,1086.2245
7107,850.8521,1071.5135
7108,838.0052,1065.8912
7109,827.1224,1071.5227
7110,828.01587,1093.3329
7111,835.84033,1124.2086
7112,839.8768,1145.9923
7113,839.35535,1151.5895
7114,839.3571,1148.5536
7115,840.22876,1144.1917
7116,839.5374,1141.8625
7117,837.2666,1145.7507
7118,835.1521,1156.4974
7119,835.9436,1165.1138
7120,840.0464,1161.6836
7121,843.30084,1149.3451
7122,843.81213,1140.0618
7123,843.3478,1138.6033
7124,841.39984,1141.4285
7125,835.6427,1146.072
7126,825.4663,1150.9543
7127,813.7637,1153.1835
7128,807.1895,1153.0791
7129,810.17584,1154.4757
7130,814.2963,1160.5156
7131,804.049,1172.2648
7132,781.4385,1186.5013
7133,768.6029,1195.9513
7134,781.80176,1196.5626
7135,814.4303,1191.1589
7136,845.4904,1184.433
7137,862.9009,1174.7483
7138,870.57806,1155.655
7139,872.85,1132.428
7140,870.9706,1122.301
7141,874.2024,1129.2635
7142,891.825,1139.5913
7143,913.153,1145.1642
7144,918.5118,1149.4429
7145,903.8654,1152.9604
7146,875.6848,1151.8978
7147,842.906,1146.6693
7148,820.3587,1140.3433
7149,815.8353,1134.3743
7150,820.8865,1131.2358
7151,824.7155,1134.2844
7152,822.6661,1141.7898
7153,814.13104,1148.4718
7154,805.99207,1153.7727
7155,808.6058,1160.6686
7156,820.7647,1168.1324
7157,831.16766,1173.5023
7158,836.1063,1178.296
7159,842.6151,1184.9275
7160,853.6771,1192.2816
7161,860.62256,1196.3522
7162,854.1616,1194.1395
7163,838.2337,1186.8597
7164,826.1215,1176.2416
7165,823.3779,1162.1283
7166,824.21234,1147.5757
7167,824.43634,1138.7915
7168,824.92645,1139.8464
7169,823.8787,1151.034
7170,818.1228,1166.7008
7171,810.4158,1176.7955
7172,807.0005,1177.3662
7173,809.8795,1173.699
7174,816.17786,1169.753
7175,821.6858,1161.6526
7176,822.61237,1145.2705
7177,816.0159,1125.0303
7178,801.9473,1108.1776
7179,786.5179,1095.0737
7180,778.00085,1084.454
7181,779.99164,1080.1038
7182,789.7289,1081.6699
7183,797.6637,1080.3706
7184,794.1821,1072.7588
7185,785.352,1066.3593
7186,788.9611,1067.4358
7187,803.19525,1073.9462
7188,800.8475,1082.0833
7189,774.1873,1090.944
7190,755.2262,1099.892
7191,766.35974,1106.1421
7192,779.15125,1099.3002
7193,746.54846,1065.553
7194,670.8567,1012.4362
7195,611.4484,966.39886
7196,608.6299,934.2236
7197,639.83905,900.22766
7198,666.891,863.2142
7199,680.4449,841.82214
7200,688.30804,846.51874
7201,695.52155,875.19977
7202,703.718,923.22565
7203,712.5342,974.6206
7204,719.22296,1007.10516
7205,723.4493,1017.26056
7206,728.8521,1019.5296
7207,736.74426,1025.899
7208,743.0267,1038.5115
7209,742.96295,1052.274
7210,737.78827,1060.2412
7211,743.5583,1058.2039
7212,793.3662,1046.5663
7213,902.536,1039.3759
7214,1018.8853,1058.5828
7215,1052.5906,1094.6217
7216,979.759,1109.0939
7217,866.4689,1091.8918
7218,781.41205,1065.6948
7219,740.85284,1047.385
7220,730.43225,1040.03
7221,733.27875,1040.2115
7222,741.7204,1042.5764
7223,756.72894,1045.4487
7224,772.92865,1048.2134
7225,765.8395,1040.7773
7226,709.1755,1010.05756
7227,622.6672,967.0952
7228,572.9258,939.4733
7229,591.6742,931.6885
7230,640.1765,929.64197
7231,675.82623,930.77203
7232,694.4802,940.35364
7233,704.75665,956.33594
7234,708.25574,972.1348
7235,705.90405,984.5739
7236,702.4342,993.3318
7237,701.69635,997.6487
7238,704.72205,997.3781
7239,713.19446,994.51654
7240,728.20026,993.3552
7241,745.23706,1000.8321
7242,755.78876,1021.1798
7243,754.0797,1045.2971
7244,744.9553,1056.5696
7245,756.1588,1056.2812
7246,824.91504,1068.3578
7247,933.33594,1103.0303
7248,997.36774,1131.4161
7249,973.5637,1124.0565
7250,909.18134,1094.741
7251,855.48804,1073.5939
7252,814.96423,1066.2932
7253,778.8589,1062.6885
7254,752.09705,1057.0077
7255,740.7685,1049.1711
7256,741.89124,1040.5797
7257,746.0644,1032.6398
7258,745.2214,1026.1132
7259,739.1734,1021.44086
7260,735.1146,1021.0471
7261,739.397,1027.7474
7262,749.52155,1038.2118
7263,756.9048,1044.3165
7264,757.4346,1043.3153
7265,754.3156,1039.7451
7266,752.37976,1037.7397
7267,753.5225,1037.5059
7268,755.8501,1037.4803
7269,757.12854,1036.7451
7270,758.15625,1036.1182
7271,760.5425,1036.8005
7272,763.574,1038.7306
7273,764.56903,1040.9484
7274,761.17804,1040.5
7275,755.10455,1033.8884
7276,752.0708,1025.5845
7277,755.59863,1026.8239
7278,764.08997,1039.864
7279,773.9965,1055.2329
7280,783.79865,1066.9475
7281,794.56476,1077.353
7282,806.5904,1088.2097
7283,818.5911,1098.1998
7284,830.45905,1108.266
7285,842.7461,1121.1687
7286,852.8886,1133.2758
7287,857.0014,1136.8928
7288,854.87067,1132.1207
7289,848.62604,1125.6643
7290,841.4158,1123.8448
7291,837.56415,1130.7661
7292,837.29675,1145.5027
7293,834.59186,1161.5813
7294,824.72955,1171.5404
7295,812.2669,1172.4154
7296,807.0083,1165.817
7297,811.17773,1156.3153
7298,817.3656,1152.7887
7299,818.8149,1159.0985
7300,815.8631,1166.308
7301,813.4607,1167.3066
7302,814.8116,1166.4943
7303,818.9416,1169.2024
7304,823.0253,1173.9368
7305,823.94965,1175.3121
7306,821.7118,1170.8318
7307,822.38525,1165.6854
7308,829.4891,1166.9753
7309,836.4005,1172.8562
7310,837.5357,1174.9067
7311,837.5446,1169.9972
7312,842.2212,1162.9825
7313,850.5459,1159.7396
7314,857.5951,1160.7961
7315,859.4483,1161.1085
7316,855.6974,1156.6876
7317,848.1231,1149.208
7318,838.75604,1143.0728
7319,830.36475,1141.8639
7320,825.01764,1145.8807
7321,822.4687,1151.319
7322,820.20056,1153.7773
7323,815.29736,1151.5336
7324,810.8494,1147.0289
7325,813.8144,1145.7219
7326,823.5146,1150.3942
7327,832.9829,1158.3582
7328,838.5083,1165.4346
7329,840.88184,1169.9768
7330,842.67303,1172.0693
7331,846.05676,1169.9498
7332,850.40204,1160.7103
7333,852.5443,1146.5981
7334,850.09985,1134.5916
7335,842.3381,1125.9431
7336,829.36475,1114.8325
7337,818.2862,1100.9606
7338,823.2635,1092.6235
7339,843.30457,1093.281
7340,857.0258,1096.3344
7341,853.3659,1095.5181
7342,841.90393,1089.6868
7343,831.6844,1080.8064
7344,822.7377,1078.5308
7345,815.0295,1094.6824
7346,813.7118,1120.2557
7347,822.5304,1131.3322
7348,835.62524,1124.3086
7349,842.5925,1115.8315
7350,839.1755,1115.6073
7351,828.46173,1121.7936
7352,816.79456,1129.9641
7353,810.816,1136.4147
7354,813.5908,1140.9335
7355,822.3389,1147.1505
7356,831.8132,1156.3821
7357,838.5413,1164.9666
7358,839.7188,1168.6716
7359,833.1617,1165.3625
7360,822.8611,1156.8081
7361,816.9496,1150.3612
7362,818.3495,1151.9609
7363,824.333,1158.854
7364,831.2307,1164.3087
7365,836.22485,1166.002
7366,838.3772,1167.133
7367,837.60815,1170.6273
7368,833.8094,1175.5743
7369,828.25854,1178.9231
7370,824.02515,1178.5024
7371,824.40094,1176.032
7372,828.29016,1175.0493
7373,829.2216,1175.7325
7374,824.8599,1175.8531
7375,821.4729,1174.4469
7376,824.0483,1172.0398
7377,828.741,1169.1575
7378,826.42755,1166.5701
7379,811.5574,1167.1335
7380,790.41486,1172.881
7381,777.12054,1179.1696
7382,778.1453,1179.0144
7383,787.73846,1173.1487
7384,797.5272,1168.2389
7385,804.4004,1168.4126
7386,810.26373,1172.9459
7387,816.20013,1177.2795
7388,820.6714,1176.3824
7389,823.196,1170.836
7390,824.69604,1166.6816
7391,826.0322,1167.0203
7392,827.66754,1167.9348
7393,828.05023,1164.8148
7394,824.7833,1159.5436
7395,818.5357,1158.221
7396,811.6764,1162.0936
7397,805.1267,1165.4861
7398,800.1776,1163.6764
7399,799.70703,1158.8834
7400,804.86255,1157.8246
7401,812.2882,1164.1841
7402,818.0356,1173.1653
7403,824.8197,1175.7924
7404,837.32196,1170.3711
7405,849.83124,1164.6836
7406,852.41595,1165.5952
7407,846.36804,1171.64
7408,839.40344,1175.263
7409,833.355,1172.1365
7410,826.1259,1167.4878
7411,817.9649,1168.5
7412,811.9043,1174.5411
7413,811.13293,1178.675
7414,815.94025,1175.1262
7415,822.92694,1164.6039
7416,827.1469,1153.3048
7417,826.2652,1146.7484
7418,822.8919,1145.0916
7419,820.8918,1144.5676
7420,821.5194,1142.7308
7421,823.2565,1140.9598
7422,823.2528,1141.3888
7423,820.18384,1143.592
7424,815.26483,1146.2141
7425,810.7814,1149.8165
7426,808.41223,1155.4966
7427,808.3004,1162.5973
7428,810.9723,1168.936
7429,817.59076,1170.9401
7430,826.3753,1166.336
7431,833.3558,1158.4336
7432,836.64233,1153.859
7433,836.90204,1156.2323
7434,835.5493,1163.0146
7435,833.33386,1168.5555
7436,828.8638,1170.0607
7437,819.7132,1168.147
7438,807.33374,1164.0173
7439,798.43616,1159.2661
7440,798.34393,1155.5652
7441,804.60156,1153.5441
7442,808.27655,1153.8422
7443,802.39825,1157.351
7444,790.4481,1162.4772
7445,782.50806,1166.2313
7446,783.7001,1168.7025
7447,792.0959,1171.8073
7448,803.7586,1175.6014
7449,815.8705,1179.335
7450,828.21924,1182.7817
7451,841.30615,1183.9224
7452,851.7666,1179.5851
7453,852.4727,1171.2155
7454,841.0419,1165.7969
7455,827.93054,1168.7463
7456,825.756,1177.0312
7457,830.4152,1181.1201
7458,829.1482,1176.4768
7459,821.4348,1169.4486
7460,815.4047,1166.831
7461,813.14667,1164.3508
7462,811.1623,1152.4531
7463,808.0452,1131.4745
7464,805.0257,1111.5958
7465,804.60114,1099.712
7466,810.2129,1097.2258
7467,821.8865,1105.0854
7468,834.2416,1122.0715
7469,841.2745,1141.7424
7470,841.1688,1155.2174
7471,836.77795,1159.6776
7472,832.1472,1161.901
7473,829.22766,1167.5671
7474,827.8041,1171.3632
7475,826.5842,1166.2748
7476,825.10095,1157.1511
7477,825.2526,1154.5818
7478,828.78973,1160.5455
7479,834.0415,1168.1729
7480,838.0292,1171.9071
7481,839.2942,1171.9453
7482,836.9629,1170.2549
7483,832.37756,1167.7311
7484,829.4242,1165.6406
7485,828.31775,1166.7764
7486,825.9288,1171.9768
7487,823.06177,1175.5106
7488,823.1739,1170.9673
7489,826.3869,1163.01
7490,830.2517,1162.2834
7491,833.9002,1168.9364
7492,838.209,1174.0406
7493,842.308,1173.9052
7494,843.4638,1173.0319
7495,840.4757,1176.2361
7496,834.37537,1183.3429
7497,827.0889,1190.7622
7498,820.68115,1194.6774
7499,816.81256,1194.0438
7500,815.6968,1191.0385
7501,815.7827,1184.6066
7502,816.48883,1170.0831
7503,819.4482,1151.046
7504,824.42676,1139.3435
7505,828.99274,1139.4043
7506,833.50543,1145.8783
7507,838.47485,1154.3965
7508,839.98456,1162.7162
7509,836.64484,1167.683
7510,833.1437,1166.5225
7511,831.85547,1156.3068
7512,830.6747,1138.4401
7513,829.4277,1123.6094
7514,831.00616,1121.0392
7515,834.7967,1128.5736
7516,833.5719,1137.0343
7517,824.46094,1135.9506
7518,822.3283,1108.536
7519,849.71906,1028.4734
7520,902.753,898.51447
7521,945.8054,781.0811
7522,959.92615,732.24115
7523,959.16205,737.0368
7524,952.2288,751.0982
7525,932.3128,758.0944
7526,886.0115,779.4222
7527,806.69714,854.9034
7528,728.3951,981.48065
7529,703.833,1083.1014
7530,736.73755,1101.7415
7531,787.71423,1072.202
7532,827.2987,1057.041
7533,847.7789,1070.9404
7534,851.91583,1093.2114
7535,847.58093,1105.4645
7536,842.6803,1104.9863
7537,840.85767,1101.6963
7538,840.1205,1107.1417
7539,837.7762,1122.7749
7540,836.4327,1139.9767
7541,838.2727,1149.1954
7542,838.31244,1147.6238
7543,831.9408,1141.4572
7544,822.82855,1139.1094
7545,817.21106,1142.4722
7546,816.27655,1148.876
7547,817.3978,1155.4819
7548,818.35223,1156.3759
7549,818.96826,1144.8892
7550,820.2427,1125.478
7551,823.9591,1113.3536
7552,832.5621,1116.7384
7553,844.19183,1128.403
7554,850.6236,1136.6458
7555,846.02795,1138.7585
7556,834.7606,1141.0752
7557,826.19556,1146.4019
7558,823.2414,1149.9043
7559,821.23956,1150.1222
7560,817.392,1151.6165
7561,814.78436,1155.2319
7562,816.71295,1156.3126
7563,821.7253,1152.7407
7564,825.96954,1148.9457
7565,827.43164,1150.4392
7566,826.2563,1156.5585
7567,823.97675,1161.2234
7568,822.68585,1159.923
7569,822.1595,1153.7975
7570,820.6589,1148.7369
7571,819.2644,1150.558
7572,820.1672,1158.3512
7573,822.5709,1165.8444
7574,823.8822,1169.0839
7575,822.0864,1168.1824
7576,816.78876,1165.77
7577,811.09094,1164.7145
7578,810.55164,1163.992
7579,816.90265,1160.6725
7580,825.3241,1155.2228
7581,830.2107,1150.5336
7582,830.5261,1148.8684
7583,827.2307,1151.5125
7584,819.9856,1157.0261
7585,811.23706,1158.698
7586,807.38556,1150.5966
7587,810.1828,1139.0399
7588,815.24536,1137.1965
7589,820.7077,1145.9894
7590,827.06116,1154.3909
7591,830.6817,1157.1139
7592,827.0509,1158.7655
7593,819.0151,1162.7184
7594,813.4346,1165.7616
7595,811.2314,1165.1503
7596,808.722,1162.8878
7597,804.2077,1160.7047
7598,798.7588,1158.3914
7599,795.05493,1157.0922
7600,795.5445,1159.1162
7601,799.76086,1164.3146
7602,805.3385,1167.6123
7603,811.1014,1164.3997
7604,816.80554,1158.725
7605,822.3067,1156.9955
7606,827.2846,1157.799
7607,828.4454,1158.2847
7608,822.08185,1160.3568
7609,812.8582,1164.4144
7610,810.1709,1166.853
7611,815.1773,1164.7455
7612,821.0735,1158.9817
7613,822.39795,1153.491
7614,818.0571,1151.3618
7615,810.2772,1152.4468
7616,804.42316,1154.991
7617,804.88855,1156.3917
7618,809.35315,1152.6598
7619,812.59467,1142.038
7620,813.5572,1128.3844
7621,815.0265,1117.897
7622,820.7133,1114.6409
7623,834.00055,1118.9277
7624,855.2284,1126.9355
7625,878.252,1134.6174
7626,894.3568,1142.7758
7627,898.0808,1151.4102
7628,887.6648,1154.8484
7629,865.73157,1150.7123
7630,838.75665,1143.322
7631,817.727,1138.2303
7632,813.9082,1139.8297
7633,822.63324,1146.0372
7634,826.03564,1147.9158
7635,819.3826,1143.1083
7636,814.23883,1139.5441
7637,816.5688,1141.3282
7638,821.3342,1144.6241
7639,823.0612,1146.2616
7640,821.2695,1144.264
7641,821.245,1135.2556
7642,827.4168,1120.0251
7643,833.0005,1107.9397
7644,826.4752,1106.9285
7645,810.4761,1111.8115
7646,802.7406,1117.3921
7647,813.55365,1129.7576
7648,830.8269,1144.1611
7649,837.49426,1139.5469
7650,834.33655,1109.7983
7651,831.66113,1075.0243
7652,832.57117,1060.7498
7653,834.37976,1075.0024
7654,834.52985,1101.6897
7655,832.8092,1119.1022
7656,831.9012,1123.024
7657,835.0647,1124.3125
7658,840.6182,1131.4897
7659,839.7343,1144.2097
7660,827.61115,1157.9559
7661,813.3425,1168.5381
7662,807.93646,1173.4943
7663,811.6357,1173.2163
7664,821.2273,1171.0547
7665,834.77954,1170.6073
7666,844.2271,1172.3567
7667,840.71326,1173.9902
7668,827.81946,1174.1172
7669,815.71643,1172.879
7670,808.2646,1170.2273
7671,803.5678,1167.6805
7672,799.6811,1167.7366
7673,795.9926,1169.6687
7674,792.7886,1171.6335
7675,791.04443,1174.0808
7676,791.643,1177.3611
7677,795.01886,1181.1057
7678,802.0147,1185.4073
7679,812.97656,1188.9033
7680,825.60834,1188.4692
7681,837.63257,1183.8691
7682,847.8336,1180.7384
7683,850.17377,1183.3086
7684,839.3452,1186.5193
7685,823.0166,1182.9292
7686,812.344,1172.6636
7687,808.1526,1159.2751
7688,807.8112,1143.2987
7689,811.8475,1128.4017
7690,819.7661,1123.6241
7691,829.3232,1131.5741
7692,839.00256,1144.5028
7693,847.5858,1153.9329
7694,852.37854,1157.8383
7695,850.8184,1159.8735
7696,845.50244,1163.6923
7697,842.32916,1168.9469
7698,841.59076,1172.2323
7699,838.69543,1169.9375
7700,833.1687,1162.2274
7701,828.72455,1153.4971
7702,827.4692,1146.6224
7703,828.45245,1140.7256
7704,828.5824,1135.8439
7705,823.6191,1134.6833
7706,812.48413,1138.7374
7707,802.72284,1146.6129
7708,803.54614,1155.8546
7709,812.054,1163.2136
7710,817.2666,1165.7738
7711,815.8471,1164.9087
7712,813.5358,1164.7843
7713,815.1815,1166.798
7714,822.3233,1169.692
7715,834.9235,1171.5487
7716,848.75397,1170.4615
7717,858.75903,1167.1262
7718,867.2312,1165.4374
7719,877.0557,1168.0221
7720,878.9498,1171.6608
7721,863.2152,1169.7203
7722,838.7347,1160.5343
7723,821.04565,1149.6252
7724,812.6653,1143.0483
7725,808.5979,1143.2604
7726,806.2843,1149.1204
7727,803.75525,1155.9058
7728,799.1237,1158.6848
7729,793.8893,1157.9205
7730,792.1382,1159.0052
7731,795.47925,1164.0997
7732,801.2166,1168.7527
7733,807.16473,1169.3672
7734,813.5628,1168.2195
7735,819.1272,1168.9902
7736,821.0068,1171.4409
7737,818.6402,1172.9756
7738,815.06635,1173.0172
7739,814.2435,1171.4753
7740,817.022,1167.0536
7741,821.1834,1161.0409
7742,824.65564,1156.9741
7743,826.18805,1156.4901
7744,822.6434,1159.0138
7745,810.7561,1162.1171
7746,795.5245,1162.6927
7747,787.27704,1160.7758
7748,789.90735,1157.2803
7749,801.9442,1150.2607
7750,820.0297,1141.3148
7751,836.32043,1134.3348
7752,843.33203,1125.1326
7753,842.09143,1108.3494
7754,840.0519,1087.5514
7755,841.3579,1069.3094
7756,842.98114,1057.0996
7757,840.68097,1050.7343
7758,834.7225,1046.9479
7759,829.6388,1042.8792
7760,831.01416,1038.6576
7761,840.24786,1036.9133
7762,848.62726,1044.527
7763,844.04626,1067.164
7764,829.44293,1093.4155
7765,818.68335,1103.679
7766,814.9918,1097.6791
7767,812.7781,1089.6995
7768,809.096,1085.9326
7769,802.33875,1081.036
7770,791.8963,1068.7644
7771,781.45264,1053.3036
7772,777.1212,1045.7018
7773,781.15204,1049.2445
7774,788.6448,1057.6785
7775,779.5221,1056.7817
7776,722.1726,1025.9142
7777,626.05725,964.299
7778,557.77167,901.6597
7779,554.1526,859.54724
7780,581.4017,835.1134
7781,603.6846,826.7104
7782,623.62036,841.3406
7783,651.9241,880.92285
7784,682.1242,932.67413
7785,703.57544,976.42737
7786,717.2076,1001.8555
7787,727.1772,1010.8096
7788,732.8638,1009.63245
7789,733.3435,1003.94995
7790,730.60266,996.9557
7791,729.2633,994.45703
7792,733.2234,1004.29626
7793,741.24817,1024.2042
7794,747.639,1041.0198
7795,745.76373,1046.3644
7796,732.99286,1043.9305
7797,716.0717,1041.8606
7798,705.4084,1043.9374
7799,704.0154,1047.9054
7800,707.9648,1049.8752
7801,711.6045,1047.6307
7802,712.1485,1041.6915
7803,713.0735,1036.1416
7804,717.53937,1035.826
7805,721.767,1041.3214
7806,721.83936,1047.7274
7807,719.54913,1049.5356
7808,714.95557,1046.6301
7809,706.246,1044.9976
7810,713.50854,1054.8237
7811,783.2585,1082.288
7812,920.03503,1113.8036
7813,1033.5886,1124.1294
7814,1033.841,1109.0022
7815,944.11926,1086.699
7816,848.3718,1069.0421
7817,788.8674,1055.4458
7818,760.52716,1045.9166
7819,747.5355,1041.4774
7820,739.8456,1040.3885
7821,734.7194,1041.0272
7822,732.32983,1043.284
7823,731.5726,1046.5535
7824,730.6469,1048.9454
7825,729.5522,1049.0983
7826,729.68646,1047.4576
7827,731.2948,1045.167
7828,732.89905,1043.2285
7829,733.3826,1041.8092
7830,735.4995,1039.7584
7831,744.77734,1037.8682
7832,760.53546,1040.5044
7833,774.79395,1048.4587
7834,784.6406,1056.3806
7835,796.0992,1062.9698
7836,812.24896,1072.7759
7837,826.0136,1086.3721
7838,829.9655,1100.1934
7839,827.38965,1113.9847
7840,826.95703,1130.0603
7841,830.1647,1145.6642
7842,829.6535,1154.9092
7843,820.8232,1158.7676
7844,810.1308,1162.5116
7845,803.8598,1167.2959
7846,797.939,1171.3042
7847,790.1173,1173.317
7848,786.35126,1173.8312
7849,789.9167,1173.971
7850,800.54285,1174.4114
7851,818.10535,1176.425
7852,835.2949,1178.5294
7853,840.2129,1174.1478
7854,829.40607,1162.6613
7855,805.236,1156.6809
7856,772.4246,1163.22
7857,745.31506,1169.5463
7858,740.22577,1160.6514
7859,757.3744,1136.4353
7860,779.1346,1111.2458
7861,788.71686,1101.5171
7862,786.5295,1108.3293
7863,784.2419,1117.0459
7864,791.115,1115.9293
7865,807.5621,1108.2458
7866,824.7214,1103.9054
7867,832.79486,1106.3406
7868,831.94934,1113.4216
7869,830.93207,1123.9257
7870,836.6724,1133.6677
7871,849.332,1133.491
7872,863.2804,1123.8567
7873,871.3779,1119.5575
7874,870.65063,1129.9397
7875,862.93475,1148.0587
7876,854.08484,1163.0116
7877,851.41235,1171.2769
7878,856.123,1172.6041
7879,861.03174,1159.829
7880,853.62415,1124.52
7881,824.1485,1078.8774
7882,781.1403,1049.3418
7883,754.23047,1043.7997
7884,767.3103,1050.811
7885,804.25604,1059.9136
7886,823.72186,1065.5902
7887,811.824,1064.2942
7888,789.4827,1054.2897
7889,778.04254,1039.6619
7890,781.2656,1029.5621
7891,791.246,1028.5322
7892,802.3104,1034.366
7893,813.6018,1042.5563
7894,821.3947,1048.8677
7895,821.556,1051.9808
7896,816.73834,1052.9291
7897,811.77094,1053.0835
7898,808.60315,1056.7401
7899,810.3338,1070.6561
7900,818.3053,1092.9803
7901,827.8315,1110.927
7902,836.34546,1117.8452
7903,843.8512,1118.4783
7904,843.8371,1117.4889
7905,831.541,1117.0249
7906,818.8448,1117.6093
7907,820.8147,1119.0166
7908,832.92053,1123.989
7909,841.16864,1134.0139
7910,842.09784,1143.5024
7911,840.25745,1143.278
7912,840.18256,1131.9833
7913,842.3306,1120.0687
7914,841.43524,1117.5823
7915,835.41034,1126.1676
7916,828.984,1139.9272
7917,817.28436,1140.4374
7918,789.2955,1107.7429
7919,763.2214,1058.3551
7920,773.99036,1039.285
7921,811.6099,1062.2982
7922,828.2396,1091.0964
7923,808.0434,1098.9138
7924,779.8597,1092.4294
7925,774.4906,1086.7006
7926,800.15576,1085.2147
7927,837.8095,1082.3354
7928,857.09485,1076.6187
7929,849.67487,1073.0026
7930,829.10376,1072.7574
7931,808.1731,1073.292
7932,796.48676,1075.6316
7933,800.524,1082.9911
7934,815.4132,1095.9025
7935,830.02655,1113.3676
7936,838.5131,1135.0509
7937,838.85474,1158.4886
7938,831.59326,1175.3652
7939,822.5733,1178.531
7940,816.7801,1173.0764
7941,814.7157,1169.7423
7942,816.63104,1168.2772
7943,821.8524,1158.8168
7944,826.91833,1139.2339
7945,830.031,1119.3512
7946,832.69653,1109.158
7947,834.79865,1112.0719
7948,834.04224,1125.0172
7949,831.3174,1139.9983
7950,831.2232,1151.056
7951,834.7282,1159.7505
7952,836.42145,1168.7776
7953,833.82416,1175.7908
7954,830.93066,1179.1864
7955,829.4383,1181.8152
7956,827.22076,1184.831
7957,824.20715,1185.8729
7958,822.5041,1184.3092
7959,823.3035,1180.3706
7960,826.1836,1171.7227
7961,829.7186,1158.6715
7962,832.1047,1148.1934
7963,832.09204,1146.976
7964,830.663,1154.8075
7965,831.67584,1167.2284
7966,837.2356,1178.7852
7967,842.37604,1180.5267
7968,840.66583,1164.9706
7969,835.3758,1143.3379
7970,835.4544,1139.2545
7971,840.6876,1155.0383
7972,843.1561,1169.9795
7973,840.43304,1171.484
7974,835.1468,1166.2338
7975,827.7311,1166.0739
7976,820.032,1169.267
7977,817.53796,1161.6022
7978,821.09247,1140.9398
7979,825.9426,1122.2756
7980,829.2078,1115.1426
7981,830.6207,1116.1165
7982,830.0072,1121.1736
7983,825.9532,1128.1415
7984,817.52844,1132.1772
7985,812.97064,1133.1298
7986,830.1455,1138.1453
7987,875.9678,1147.9156
7988,929.6596,1154.3398
7989,962.54095,1153.107
7990,969.555,1147.6366
7991,965.0712,1145.0707
7992,959.9767,1148.7949
7993,955.20905,1151.0474
7994,947.1613,1139.9434
7995,933.8482,1113.2874
7996,915.5364,1081.6158
7997,891.7041,1060.3567
7998,866.7758,1054.4308
7999,852.30945,1053.3141
8000,850.78925,1048.2798
8001,852.17737,1043.0369
8002,851.35345,1043.844
8003,849.7544,1050.6132
8004,846.24536,1059.2291
8005,838.66266,1066.3328
8006,826.856,1069.3607
8007,814.23505,1065.0062
8008,808.3943,1052.7036
8009,814.6322,1040.4315
8010,829.28235,1038.8308
8011,841.7036,1047.2687
8012,843.7741,1055.5287
8013,838.39124,1057.6683
8014,835.8224,1055.377
8015,841.4718,1052.2955
8016,848.4341,1051.5862
8017,837.1735,1055.4524
8018,792.70105,1062.6729
8019,735.17316,1070.3756
8020,704.3954,1078.8212
8021,708.4373,1085.3906
8022,724.60986,1081.2466
8023,735.0771,1064.882
8024,737.7214,1047.3315
8025,744.65784,1043.541
8026,771.26447,1061.6768
8027,811.8174,1090.3333
8028,843.8143,1106.7338
8029,859.80005,1104.7076
8030,866.3497,1096.6971
8031,860.5123,1089.7654
8032,835.704,1078.5945
8033,801.9426,1062.0402
8034,778.4271,1050.1654
8035,768.34595,1051.5598
8036,761.5181,1065.108
8037,761.2426,1083.2977
8038,781.15906,1098.1857
8039,814.28107,1106.8457
8040,836.21124,1111.6663
8041,838.74927,1117.0881
8042,835.3208,1127.0012
8043,838.61957,1141.3563
8044,848.6624,1155.4878
8045,860.50385,1165.0616
8046,871.725,1169.5162
8047,877.6963,1170.2203
8048,871.64935,1169.0663
8049,854.50836,1168.9719
8050,836.1596,1171.3844
8051,825.9154,1173.4866
8052,825.0628,1172.5017
8053,828.5951,1170.445
8054,831.9611,1170.5004
8055,833.9825,1172.9456
8056,834.5243,1176.6836
8057,831.88617,1180.0455
8058,824.6723,1180.4938
8059,816.7162,1178.3267
8060,814.2716,1177.3075
8061,817.26434,1178.3821
8062,820.35266,1178.2719
8063,820.53864,1175.1843
8064,819.046,1172.0829
8065,819.17865,1173.0994
8066,824.2432,1177.0808
8067,834.35785,1177.7338
8068,844.60876,1171.8152
8069,849.91736,1164.3536
8070,850.3246,1163.0312
8071,847.76575,1168.537
8072,840.9221,1173.4474
8073,828.72327,1171.2168
8074,817.34186,1164.8457
8075,815.0304,1162.787
8076,820.97955,1167.4447
8077,828.22437,1175.6044
8078,835.73,1185.4042
8079,849.79224,1193.548
8080,869.2305,1194.1112
8081,878.8569,1188.2391
8082,868.965,1185.2659
8083,850.26843,1188.408
8084,838.8564,1190.8418
8085,836.32605,1189.0859
8086,833.8465,1187.2375
8087,827.3028,1187.2981
8088,820.63995,1185.3394
8089,818.69275,1177.9794
8090,821.2357,1169.6583
8091,824.6024,1167.9602
8092,825.1883,1170.2875
8093,821.26117,1166.799
8094,816.11084,1156.3699
8095,815.48486,1146.582
8096,819.8809,1142.3627
8097,824.9819,1143.1997
8098,827.3169,1145.7244
8099,825.61163,1148.9318
8100,820.7584,1156.9642
8101,815.6916,1169.3796
8102,812.1769,1177.6942
8103,809.4914,1178.128
8104,807.24133,1175.5903
8105,805.4742,1174.268
8106,803.43286,1172.1343
8107,801.8295,1165.1283
8108,803.2882,1155.1278
8109,807.62317,1150.1796
8110,810.9414,1154.2261
8111,812.4977,1160.1543
8112,815.998,1158.9454
8113,822.87463,1153.4011
8114,830.93445,1151.9314
8115,837.13794,1154.5944
8116,838.41284,1159.2625
8117,833.6685,1169.3752
8118,825.656,1184.9387
8119,818.9537,1198.9412
8120,816.40607,1205.6244
8121,817.41345,1204.8826
8122,818.93146,1200.8179
8123,818.6531,1196.9039
8124,816.118,1190.7225
8125,810.7135,1178.1797
8126,802.32263,1164.141
8127,792.1712,1159.0721
8128,782.8156,1164.3611
8129,783.50397,1172.5487
8130,805.37555,1178.992
8131,840.17163,1182.9956
8132,862.75464,1181.7024
8133,862.23883,1173.8075
8134,849.6384,1167.6003
8135,837.87036,1171.7179
8136,830.4382,1180.7108
8137,824.86426,1184.0106
8138,820.3105,1182.0016
8139,819.05725,1181.6274
8140,819.6513,1184.0826
8141,816.90356,1180.7332
8142,815.6329,1159.2896
8143,827.91113,1119.378
8144,845.85925,1074.535
8145,849.40125,1035.3685
8146,841.0739,1006.50934
8147,841.9821,994.6662
8148,864.1857,1002.8102
8149,897.15497,1026.1335
8150,920.85394,1058.0306
8151,928.3848,1084.6779
8152,924.41504,1088.8599
8153,909.0179,1080.0573
8154,879.2565,1091.164
8155,847.281,1127.2168
8156,832.47894,1156.9269
8157,833.38196,1164.4135
8158,834.2967,1165.5007
8159,830.5404,1173.3917
8160,827.1776,1183.1366
8161,827.0811,1186.7917
8162,831.8778,1185.542
8163,842.9502,1185.0715
8164,855.52167,1185.9781
8165,861.4223,1184.4082
8166,860.4287,1178.8358
8167,858.20435,1171.9777
8168,853.73193,1168.406
8169,840.46246,1171.0472
8170,818.31024,1177.5092
8171,798.3717,1180.3314
8172,791.7076,1177.367
8173,795.04443,1178.0585
8174,796.70593,1185.9557
8175,793.66626,1181.4081
8176,801.8846,1141.2008
8177,840.01544,1074.8058
8178,886.8154,1017.7755
8179,894.5703,990.5114
8180,857.29675,987.20514
8181,815.2723,995.3904
8182,800.72,1006.8569
8183,812.2633,1015.3077
8184,832.70514,1017.4227
8185,847.4073,1025.7842
8186,842.9629,1065.4801
8187,817.613,1132.6864
8188,793.13226,1183.8029
8189,788.9407,1193.666
8190,798.0583,1183.211
8191,804.28485,1177.19
8192,802.4962,1176.8898
8193,797.4331,1174.9976
8194,796.1273,1171.4823
8195,801.3405,1172.3416
8196,809.55896,1178.4497
8197,816.0198,1182.6888
8198,819.951,1181.3314
8199,823.5543,1179.541
8200,828.1405,1182.6962
8201,832.5576,1188.1139
8202,832.99475,1188.5361
8203,826.6861,1183.1626
8204,818.0861,1178.6052
8205,814.80975,1177.8114
8206,817.81573,1176.7917
8207,823.7515,1172.053
8208,832.40967,1164.8527
8209,843.3732,1158.4735
8210,851.2037,1155.1552
8211,851.32056,1157.2356
8212,845.5793,1164.6029
8213,837.617,1166.9703
8214,829.1511,1151.9606
8215,823.8442,1126.8768
8216,826.7784,1114.2322
8217,838.00433,1122.8175
8218,851.4293,1141.3582
8219,859.18463,1156.8297
8220,856.9759,1164.3783
8221,848.5571,1164.841
8222,843.6015,1163.0005
8223,846.6013,1164.2156
8224,850.762,1168.7299
8225,847.69525,1173.6295
8226,837.4754,1178.0448
8227,825.80634,1182.4252
8228,817.4119,1185.034
8229,813.8375,1183.5624
8230,813.63684,1180.4739
8231,814.362,1180.0667
8232,815.2983,1181.5249
8233,817.4765,1181.4938
8234,821.94196,1179.5482
8235,828.24084,1177.3279
8236,833.9657,1176.1885
8237,835.1076,1175.926
8238,828.6089,1174.5099
8239,817.6313,1171.9579
8240,809.1353,1170.6554
8241,805.69305,1170.3595
8242,806.7611,1171.6184
8243,813.5739,1177.9429
8244,828.28735,1185.8787
8245,848.2006,1187.0657
8246,859.73895,1184.1185
8247,850.63776,1187.3613
8248,829.4012,1196.407
8249,813.9988,1200.6523
8250,809.2796,1193.7327
8251,810.3847,1177.1542
8252,814.042,1158.9855
8253,818.1811,1151.1428
8254,820.5448,1157.752
8255,821.24774,1171.0292
8256,822.20667,1182.3818
8257,823.72034,1189.6228
8258,824.2093,1191.8434
8259,822.6709,1185.023
8260,820.41986,1170.7993
8261,820.1999,1161.4723
8262,822.89966,1164.6881
8263,825.2182,1173.897
8264,822.20374,1181.6093
8265,814.9371,1188.3481
8266,812.6408,1192.9181
8267,820.47784,1188.5911
8268,829.931,1177.5093
8269,829.87274,1174.1437
8270,821.3372,1183.8263
8271,812.5952,1193.4202
8272,807.43787,1191.3356
8273,805.6789,1181.1501
8274,806.3458,1171.2751
8275,807.46344,1164.5261
8276,808.9985,1161.3984
8277,813.38403,1163.6833
8278,820.9915,1171.4767
8279,829.2687,1181.4824
8280,834.61646,1187.1163
8281,835.2043,1182.607
8282,835.4168,1173.3253
8283,840.3662,1171.7288
8284,845.17834,1178.019
8285,840.9765,1180.6222
8286,828.3488,1175.1876
8287,816.74176,1167.68
8288,814.62836,1161.3331
8289,821.81494,1152.4758
8290,830.0753,1140.0004
8291,832.7212,1130.6348
8292,830.22296,1130.7461
8293,826.3815,1137.9945
8294,824.165,1146.4799
8295,823.5745,1154.7201
8296,821.5232,1158.5848
8297,816.374,1148.0718
8298,811.7861,1128.2065
8299,811.5047,1122.4902
8300,811.9275,1140.5999
8301,808.03503,1166.4265
8302,802.80786,1182.4346
8303,801.97974,1187.3147
8304,804.903,1188.2787
8305,805.59033,1187.6128
8306,799.46185,1183.3849
8307,789.01184,1176.9772
8308,783.8337,1172.2635
8309,791.46814,1170.6221
8310,807.69464,1170.9261
8311,820.05634,1172.6167
8312,821.4823,1176.9841
8313,815.9004,1183.7157
8314,809.797,1184.5675
8315,806.33606,1168.973
8316,807.8944,1144.0587
8317,813.816,1133.1439
8318,819.37573,1145.4064
8319,824.35535,1166.6239
8320,834.4273,1180.4622
8321,850.94006,1182.1302
8322,864.7391,1176.3572
8323,862.2935,1172.9773
8324,841.08795,1178.7062
8325,816.97614,1187.0641
8326,807.68896,1183.7808
8327,812.0749,1163.9508
8328,816.3008,1137.6124
8329,814.5394,1119.3472
8330,812.4634,1113.6915
8331,816.6429,1112.9023
8332,827.3131,1109.3752
8333,836.9424,1101.4348
8334,835.88434,1089.4005
8335,821.7292,1076.7864
8336,800.8535,1070.0634
8337,784.40985,1071.7432
8338,779.7758,1075.772
8339,772.8642,1062.0078
8340,731.763,1008.07086
8341,655.20105,930.34863
8342,592.3432,878.8663
8343,579.8156,873.798
8344,601.1019,894.11304
8345,626.90466,919.38153
8346,646.1699,942.162
8347,659.2127,958.79065
8348,670.3051,968.98615
8349,683.36523,977.0202
8350,699.7959,990.8899
8351,717.0041,1015.8913
8352,728.34796,1043.1074
8353,732.2013,1058.353
8354,738.4408,1062.7367
8355,756.55475,1065.2596
8356,778.2185,1067.4026
8357,791.5644,1068.1239
8358,823.3194,1066.394
8359,907.691,1056.0765
8360,994.6884,1033.7654
8361,1003.1667,1011.5191
8362,951.4603,1007.8898
8363,909.50037,1022.4785
8364,894.61755,1036.8457
8365,896.31354,1043.7953
8366,915.50055,1052.3917
8367,942.4407,1064.1781
8368,948.17926,1065.8246
8369,917.80615,1048.511
8370,873.90405,1023.03625
8371,852.4509,1007.06415
8372,857.9982,1005.07983
8373,849.40344,1013.6463
8374,788.7046,1036.452
8375,711.34766,1073.6703
8376,689.30493,1104.3323
8377,714.9592,1106.7039
8378,717.6705,1086.824
8379,687.33545,1064.0675
8380,675.09125,1046.8514
8381,696.0878,1034.9806
8382,718.8058,1028.8848
8383,722.11304,1029.0968
8384,711.5336,1033.3389
8385,701.01263,1040.6001
8386,699.56714,1052.3717
8387,706.47424,1063.8721
8388,715.1744,1066.4835
8389,725.1947,1062.8221
8390,749.67194,1063.2085
8391,805.8286,1063.9387
8392,887.64136,1046.0789
8393,961.7221,1007.25824
8394,1013.4143,975.92145
8395,1052.7758,975.3175
8396,1063.6772,997.254
8397,1026.0845,1024.7827
8398,967.3144,1050.9518
8399,924.26,1071.1543
8400,897.7668,1082.6222
8401,870.9714,1088.2644
8402,839.4388,1090.0322
8403,812.9736,1088.1252
8404,800.51917,1087.5461
8405,801.3907,1096.9108
8406,807.1012,1117.8
8407,811.2983,1130.3798
8408,816.45215,1104.3923
8409,826.00275,1043.8762
8410,837.7063,993.0592
8411,848.6202,981.5818
8412,857.71545,997.3411
8413,861.69434,1015.7135
8414,857.1235,1025.452
8415,847.585,1026.9048
8416,845.7166,1026.0323
8417,864.4653,1030.553
8418,896.1753,1039.9086
8419,913.7767,1046.0038
8420,903.2638,1050.2883
8421,874.84735,1063.4052
8422,845.8806,1084.1426
8423,827.58795,1099.766
8424,821.66266,1107.7483
8425,823.4712,1115.907
8426,826.56714,1124.6338
8427,826.71716,1128.2003
8428,824.4627,1128.9642
8429,822.3169,1134.0479
8430,821.5058,1141.7313
8431,823.0666,1146.1674
8432,827.2766,1149.2737
8433,831.0551,1154.7634
8434,832.2985,1160.8342
8435,832.96466,1164.253
8436,833.88495,1163.8912
8437,834.58484,1161.9962
8438,835.6675,1158.9888
8439,836.5916,1149.5055
8440,836.7007,1135.3877
8441,835.95825,1129.657
8442,833.7197,1138.3833
8443,834.3437,1153.9097
8444,845.5656,1165.5774
8445,860.6081,1168.2535
8446,858.996,1166.3916
8447,835.0112,1170.552
8448,806.31775,1182.7891
8449,790.41016,1191.3993
8450,787.4723,1187.5021
8451,788.36835,1177.3971
8452,788.87415,1172.0421
8453,790.5449,1172.6343
8454,794.97577,1171.3701
8455,803.8584,1158.2559
8456,820.7853,1125.1119
8457,843.9462,1076.5294
8458,857.48346,1029.9358
8459,848.6916,994.44037
8460,830.9431,971.5811
8461,826.6468,970.8411
8462,842.5623,997.6634
8463,871.8332,1036.5958
8464,898.8715,1065.6163
8465,906.04517,1085.6368
8466,887.9744,1113.9979
8467,857.7025,1148.0397
8468,834.8826,1167.8184
8469,828.3385,1169.1003
8470,830.99976,1159.5586
8471,820.88556,1129.1735
8472,777.4627,1056.9393
8473,715.72235,958.02704
8474,677.5951,885.0547
8475,680.4353,863.646
8476,705.4997,873.41925
8477,729.47925,890.25916
8478,745.5837,905.9598
8479,761.6302,918.8982
8480,787.3093,927.9085
8481,837.1831,930.60394
8482,937.9873,921.8455
8483,1077.3895,895.6921
8484,1167.6244,852.2858
8485,1145.5592,808.6948
8486,1046.8091,804.0429
8487,929.4892,872.3553
8488,830.06714,989.85736
8489,780.89575,1085.2081
8490,784.7871,1125.8622
8491,811.02716,1140.832
8492,827.30273,1153.4958
8493,800.55304,1147.9937
8494,712.2698,1104.0076
8495,606.0755,1035.7721
8496,557.49475,981.84705
8497,577.6162,964.77374
8498,613.2256,976.43677
8499,635.51575,985.83044
8500,657.3946,958.2342
8501,677.6537,892.54553
8502,676.0665,825.2267
8503,655.39557,788.4134
8504,640.5704,787.98944
8505,643.9842,812.0446
8506,656.11005,842.81555
8507,664.9252,867.9875
8508,670.0647,887.0228
8509,676.43353,906.1666
8510,686.0846,926.7719
8511,699.082,944.3866
8512,713.6797,958.83514
8513,725.94183,973.77386
8514,733.5765,987.7625
8515,738.60693,995.88025
8516,744.04254,996.7253
8517,749.6917,992.0155
8518,753.399,985.1685
8519,754.3515,984.7374
8520,754.2426,999.92487
8521,764.9478,1028.3291
8522,812.9686,1063.8025
8523,899.14197,1106.6826
8524,962.1389,1141.5831
8525,947.5881,1140.158
8526,884.8941,1106.5204
8527,836.3519,1075.2607
8528,822.748,1066.9178
8529,824.8077,1075.9459
8530,816.40967,1085.7999
8531,793.454,1085.2163
8532,773.081,1078.1215
8533,767.62555,1076.2964
8534,776.56396,1083.9779
8535,794.9139,1094.9646
8536,815.86304,1102.3422
8537,832.5197,1104.7838
8538,842.3246,1104.2327
8539,846.99347,1102.0884
8540,848.8811,1098.9941
8541,849.8355,1098.7
8542,852.9447,1108.2163
8543,862.1482,1129.0331
8544,877.92126,1152.4768
8545,895.20154,1169.0978
8546,907.4148,1177.2151
8547,910.30646,1179.1498
8548,900.9026,1176.3666
8549,879.44366,1170.0767
8550,854.73505,1162.0564
8551,838.26196,1154.4819
8552,831.7737,1150.1833
8553,828.48206,1152.1917
8554,823.4964,1161.0625
8555,817.58685,1173.8226
8556,813.57806,1184.4425
8557,811.3066,1179.8639
8558,810.321,1147.2255
8559,815.6429,1096.9242
8560,828.0966,1058.1456
8561,838.04047,1046.8694
8562,840.7542,1057.4395
8563,840.9822,1074.6431
8564,841.07495,1086.5894
8565,839.99854,1097.7942
8566,836.71576,1120.646
8567,830.37634,1150.0543
8568,824.7365,1166.5303
8569,825.46185,1164.8499
8570,830.5436,1158.8927
8571,832.6769,1159.9469
8572,829.4039,1165.8798
8573,828.60187,1167.8599
8574,841.9715,1158.6512
8575,865.7327,1139.1282
8576,877.68066,1118.5988
8577,865.15186,1104.968
8578,843.51874,1100.323
8579,836.6544,1105.1195
8580,848.955,1116.8694
8581,864.58606,1129.794
8582,866.78,1143.1816
8583,852.1387,1161.9695
8584,832.47675,1183.0557
8585,824.77716,1192.0884
8586,832.1068,1182.3844
8587,839.4161,1164.8798
8588,835.3902,1152.2831
8589,825.5981,1147.6599
8590,820.04407,1150.6302
8591,822.68536,1159.2012
8592,837.3761,1164.3752
8593,868.4663,1155.8666
8594,904.1907,1136.5305
8595,916.0494,1120.1041
8596,889.4742,1113.448
8597,845.8252,1114.0352
8598,820.8256,1121.7498
8599,822.3931,1138.7594
8600,829.8708,1158.2113
8601,831.78046,1164.9949
8602,834.47675,1156.5822
8603,840.57056,1149.5359
8604,844.09186,1150.5154
8605,839.3077,1144.5433
8606,824.7173,1123.2393
8607,806.58057,1098.6509
8608,795.56024,1085.1099
8609,795.0837,1083.5795
8610,800.81244,1087.7961
8611,809.08813,1096.7585
8612,818.28595,1113.5404
8613,826.7648,1136.4885
8614,832.5797,1157.3232
8615,833.8279,1168.7048
8616,831.3422,1172.7915
8617,828.8067,1177.7682
8618,828.1405,1185.2129
8619,827.3582,1189.1117
8620,822.93945,1187.1447
8621,814.13214,1183.4937
8622,804.45306,1181.3015
8623,797.701,1179.3848
8624,795.30725,1176.9436
8625,797.41095,1175.6569
8626,801.2491,1175.3306
8627,801.80743,1173.2639
8628,798.73737,1169.0043
8629,796.3762,1165.4872
8630,796.8535,1165.165
8631,799.47906,1167.4622
8632,804.2277,1170.1317
8633,812.02527,1171.8037
8634,822.2494,1172.9923
8635,831.02356,1174.5205
8636,834.6268,1175.6022
8637,834.5666,1174.5751
8638,833.65625,1169.7965
8639,830.35364,1160.7693
8640,824.96063,1152.2532
8641,822.1663,1148.6798
8642,822.6808,1144.0951
8643,824.148,1134.9341
8644,827.9425,1132.4146
8645,836.59515,1146.888
8646,847.48376,1172.6841
8647,852.03204,1192.3556
8648,844.9471,1193.6575
8649,832.71606,1182.0011
8650,822.99426,1170.3735
8651,812.6409,1164.0117
8652,797.8737,1161.3291
8653,784.5309,1160.8726
8654,781.27924,1162.0966
8655,788.2098,1164.9324
8656,794.9043,1170.4916
8657,794.9356,1176.9788
8658,794.58673,1178.7183
8659,803.441,1173.2006
8660,825.0874,1163.8738
8661,849.4688,1156.5234
8662,858.8737,1153.4546
8663,850.8776,1151.8176
8664,839.21265,1150.4025
8665,832.58044,1151.0377
8666,830.7035,1152.905
8667,839.22784,1152.4768
8668,869.0479,1146.6368
8669,912.4859,1136.0004
8670,945.629,1126.7958
8671,961.22595,1125.0566
8672,967.5675,1130.3025
8673,966.1593,1138.3268
8674,958.1337,1146.7247
8675,950.6369,1154.8478
8676,942.2599,1159.0486
8677,920.45557,1152.606
8678,882.4503,1135.1333
8679,845.94946,1116.4695
8680,827.8723,1106.536
8681,824.16864,1107.8124
8682,820.94836,1117.6323
8683,813.99493,1130.4286
8684,808.92413,1140.9244
8685,809.2911,1149.2102
8686,812.53394,1158.2501
8687,815.965,1167.7671
8688,820.95886,1175.1565
8689,829.9655,1179.4883
8690,841.2944,1181.1411
8691,850.1662,1179.5449
8692,854.0635,1175.1914
8693,851.3916,1172.6316
8694,839.4486,1175.6464
8695,822.4688,1179.8215
8696,813.7421,1175.8861
8697,819.94006,1160.1597
8698,831.10345,1138.0966
8699,832.08405,1118.9702
8700,820.1094,1108.9824
8701,809.0864,1108.9557
8702,812.1715,1117.3784
8703,824.1462,1131.0264
8704,829.89197,1142.2018
8705,821.8452,1144.459
8706,804.89484,1140.9668
8707,792.54486,1138.7383
8708,797.45276,1142.2233
8709,818.9579,1154.5681
8710,840.15936,1170.1809
8711,845.35754,1176.511
8712,838.6853,1172.5272
8713,834.66595,1167.6327
8714,837.66296,1166.7881
8715,840.96454,1168.6355
8716,839.37256,1169.7745
8717,836.567,1169.2065
8718,839.5421,1170.7178
8719,848.86646,1176.5905
8720,857.44666,1181.8545
8721,858.2818,1180.668
8722,854.92017,1175.4456
8723,858.4814,1174.2012
8724,871.24835,1179.4414
8725,883.89795,1184.1271
8726,887.0114,1180.8717
8727,876.9616,1172.3262
8728,855.1667,1169.0201
8729,828.10956,1176.55
8730,807.2741,1187.1277
8731,800.3578,1189.8861
8732,802.1691,1185.8335
8733,803.0669,1182.884
8734,801.95044,1184.8567
8735,803.898,1190.9011
8736,810.3658,1195.4622
8737,817.11487,1191.7062
8738,821.00366,1182.5521
8739,824.77826,1178.4784
8740,832.2396,1181.3739
8741,841.1049,1183.8502
8742,845.01685,1182.0975
8743,841.96277,1177.9725
8744,835.92004,1172.3236
8745,831.42316,1163.7695
8746,830.82666,1153.9855
8747,833.36664,1148.5575
8748,835.25684,1151.2795
8749,833.80615,1160.7913
8750,829.38605,1171.2529
8751,823.43256,1176.0011
8752,817.3734,1171.3402
8753,811.98553,1158.6232
8754,807.38794,1146.5576
8755,804.81555,1145.0652
8756,807.48175,1153.568
8757,817.7121,1164.2578
8758,831.5078,1172.29
8759,838.95197,1174.4071
8760,835.278,1168.4846
8761,828.3839,1159.7622
8762,829.3989,1157.663
8763,839.5575,1164.9775
8764,850.40436,1174.5781
8765,853.7073,1177.2322
8766,849.04034,1172.8047
8767,840.3821,1170.7024
8768,828.62103,1176.7212
8769,815.2407,1184.1277
8770,806.86334,1182.6028
8771,807.2407,1172.7042
8772,812.9065,1164.5856
8773,819.3682,1164.5404
8774,823.9829,1169.4851
8775,825.1157,1173.3643
8776,824.09125,1173.9979
8777,825.6898,1171.4543
8778,832.942,1164.3434
8779,842.7455,1154.4609
8780,848.69714,1146.9087
8781,846.93726,1141.8364
8782,840.0702,1138.2366
8783,834.69946,1139.6865
8784,832.33374,1149.048
8785,827.6888,1165.5088
8786,818.847,1181.292
8787,812.25543,1182.8053
8788,813.14844,1166.9735
8789,817.0207,1148.3666
8790,818.23285,1143.5505
8791,819.54456,1155.3573
8792,823.3549,1172.0985
8793,824.22864,1177.6997
8794,819.0217,1165.909
8795,813.05475,1144.8262
8796,811.5234,1125.2318
8797,814.55646,1114.0706
8798,820.7458,1117.4312
8799,828.2321,1133.7838
8800,834.8099,1151.3143
8801,838.2963,1163.5442
8802,834.8817,1175.7899
8803,823.03534,1189.5471
8804,808.29706,1195.8545
8805,798.6938,1190.5448
8806,797.5629,1181.5768
8807,801.3763,1177.0563
8808,804.5351,1173.819
8809,805.456,1161.2697
8810,805.547,1138.669
8811,805.3485,1119.8903
8812,804.4761,1114.45
8813,804.1962,1118.6785
8814,806.86224,1127.7642
8815,811.8813,1139.116
8816,817.0464,1146.2931
8817,822.4215,1145.8152
8818,826.9222,1145.9019
8819,824.9445,1155.5887
8820,808.3331,1169.3392
8821,772.2156,1173.0913
8822,727.77124,1163.0883
8823,700.35925,1149.6602
8824,701.1411,1143.0979
8825,715.5862,1142.2648
8826,728.4626,1140.3999
8827,741.9714,1138.2135
8828,762.75903,1142.4257
8829,785.3434,1153.7341
8830,798.5785,1166.1624
8831,805.4718,1173.1943
8832,821.067,1169.396
8833,843.9495,1156.8467
8834,852.02405,1149.644
8835,834.85645,1160.5139
8836,807.5941,1183.2306
8837,789.6441,1198.817
8838,785.5607,1199.4111
8839,787.15924,1193.0034
8840,785.92914,1188.7245
8841,782.28925,1188.0685
8842,783.63885,1184.6752
8843,793.748,1170.9863
8844,807.97894,1149.1111
8845,818.3314,1129.5138
8846,820.0353,1115.4591
8847,815.4701,1099.488
8848,809.84894,1079.7673
8849,804.5363,1065.87
8850,799.6982,1064.6418
8851,796.1966,1071.9983
8852,794.21173,1079.2167
8853,796.6959,1082.7699
8854,807.6649,1086.1355
8855,822.98676,1091.2762
8856,831.5813,1095.3922
8857,829.29895,1096.3009
8858,823.2285,1094.1652
8859,821.543,1089.9712
8860,826.9225,1084.4595
8861,837.229,1077.6425
8862,847.9661,1070.5778
8863,856.5678,1066.2056
8864,863.8529,1067.0532
8865,871.33124,1073.7133
8866,879.8461,1083.9792
8867,889.83044,1091.7947
8868,900.2618,1091.828
8869,906.37866,1086.674
8870,903.18304,1084.23
8871,891.949,1088.4764
8872,876.60876,1097.5205
8873,859.5817,1107.738
8874,846.4026,1114.9944
8875,841.95654,1115.6978
8876,841.04114,1110.3007
8877,838.7621,1102.0325
8878,852.46136,1091.5399
8879,902.17725,1075.1522
8880,956.8685,1051.1377
8881,961.55786,1032.036
8882,922.9479,1040.1399
8883,892.38354,1073.3949
8884,877.8275,1077.6382
8885,833.83124,982.34534
8886,746.4058,801.0639
8887,674.2402,654.6201
8888,655.5611,641.3005
8889,653.0298,740.8558
8890,642.92535,867.2435
8891,649.2825,960.7489
8892,673.8682,1017.9491
8893,690.48834,1056.875
8894,692.0015,1081.8842
8895,690.02075,1087.304
8896,690.18994,1073.1631
8897,691.79584,1042.6781
8898,702.25146,996.23804
8899,731.92773,941.8848
8900,775.83746,902.89
8901,818.18365,900.5833
8902,848.482,929.42163
8903,862.08954,964.42535
8904,857.34076,989.2764
8905,839.3062,1004.00507
8906,817.97845,1016.0507
8907,800.90375,1030.2902
8908,793.30676,1043.2789
8909,797.38605,1048.3358
8910,805.8777,1045.1233
8911,809.1277,1039.0925
8912,805.88043,1035.4333
8913,793.377,1042.1208
8914,763.09064,1066.2921
8915,724.12604,1094.5707
8916,703.9588,1101.1862
8917,711.85046,1083.935
8918,730.8075,1063.9338
8919,745.22394,1054.4052
8920,753.6853,1052.4452
8921,765.1369,1053.4629
8922,791.2944,1058.193
8923,828.60974,1065.8486
8924,856.034,1070.197
8925,862.26697,1067.704
8926,856.1602,1062.7666
8927,848.4007,1060.4891
8928,840.8298,1061.1863
8929,832.41296,1062.704
8930,824.3312,1062.4768
8931,817.1678,1059.676
8932,811.2274,1056.7596
8933,809.4482,1055.5986
8934,813.89154,1054.7742
8935,823.3498,1053.0106
8936,835.6077,1051.4054
8937,846.40204,1051.8336
8938,845.1377,1055.6635
8939,823.2082,1062.6201
8940,794.6756,1069.5469
8941,785.0004,1072.0376
8942,792.56305,1067.2166
8943,797.9611,1057.0514
8944,810.9541,1053.6362
8945,859.2427,1069.6838
8946,926.0507,1096.8846
8947,959.7887,1116.6013
8948,947.74585,1128.3473
8949,920.51196,1140.484
8950,901.9952,1151.1549
8951,895.1256,1155.8208
8952,894.48694,1154.1117
8953,894.95233,1147.8524
8954,895.4031,1142.5402
8955,895.91754,1142.9337
8956,887.8441,1142.562
8957,860.1525,1128.3644
8958,824.9345,1101.3274
8959,808.75726,1078.7234
8960,814.52844,1070.9628
8961,825.0014,1072.8502
8962,832.3138,1077.6339
8963,837.7113,1083.9631
8964,840.77167,1090.0812
8965,843.77563,1090.9381
8966,851.52563,1084.1926
8967,859.73206,1076.6448
8968,857.19006,1077.4966
8969,843.6323,1086.0654
8970,829.5252,1097.6522
8971,819.5138,1112.9863
8972,813.5972,1128.2223
8973,814.3408,1135.5515
8974,821.12396,1138.382
8975,829.25073,1142.568
8976,835.24194,1144.4277
8977,837.731,1142.188
8978,837.62225,1140.7633
8979,837.74133,1141.3955
8980,839.7557,1140.4979
8981,841.6408,1137.9388
8982,840.9575,1137.3353
8983,839.694,1139.4849
8984,840.5544,1141.2412
8985,841.7395,1139.7329
8986,840.86066,1135.891
8987,839.0749,1133.7098
8988,838.49347,1135.0718
8989,839.33636,1137.3849
8990,840.0884,1137.5756
8991,839.2682,1135.3379
8992,836.6135,1132.4808
8993,832.2426,1132.9641
8994,826.2504,1141.7899
8995,822.2232,1152.0981
8996,833.5962,1126.1417
8997,876.56476,1025.0803
8998,939.5179,884.97906
8999,975.97266,792.41614
9000,956.56555,772.0639
9001,905.2889,787.36224
9002,862.61005,814.69214
9003,842.70526,847.26685
9004,837.37756,875.8377
9005,835.79224,894.68146
9006,833.1622,905.91815
9007,830.4464,914.0313
9008,829.1287,920.0881
9009,828.1789,923.5095
9010,827.68555,926.12134
9011,829.6157,930.4337
9012,831.18445,935.3885
9013,825.9953,936.2177
9014,816.1941,932.27936
9015,811.94135,935.036
9016,816.4872,957.5766
9017,823.6401,990.9942
9018,828.15826,1006.34064
9019,829.9772,988.13605
9020,831.32697,952.8263
9021,833.29,927.15186
9022,833.5748,919.34
9023,829.1556,920.55194
9024,821.6603,922.1873
9025,816.6571,921.44135
9026,817.55457,919.7106
9027,821.31024,923.517
9028,821.2082,939.9668
9029,816.5144,963.8562
9030,816.00684,981.2532
9031,829.27686,988.31335
9032,858.4855,989.32367
9033,895.2338,986.0803
9034,919.621,985.1218
9035,913.70575,998.15173
9036,886.2217,1024.0636
9037,867.3713,1049.0715
9038,870.77496,1066.7325
9039,881.90784,1078.2349
9040,887.914,1083.389
9041,894.2911,1083.885
9042,906.1896,1082.4967
9043,914.8052,1082.0314
9044,910.2532,1087.3876
9045,895.4073,1096.6539
9046,882.62683,1094.0836
9047,877.90076,1066.7223
9048,871.9043,1028.2549
9049,855.69495,1006.89264
9050,836.5214,1011.3242
9051,825.4378,1028.6891
9052,822.4907,1043.5845
9053,823.8286,1043.2777
9054,828.31354,1022.55634
9055,830.076,998.9601
9056,820.2706,1000.31726
9057,802.03235,1023.7229
9058,788.82086,1040.61
9059,785.0321,1043.96
9060,781.9915,1053.0967
9061,774.577,1077.2207
9062,766.668,1104.0494
9063,757.3372,1126.1085
9064,741.94025,1148.3326
9065,732.2742,1166.5947
9066,748.1204,1172.8284
9067,782.12976,1168.3169
9068,804.27075,1145.3507
9069,806.885,1087.1871
9070,813.35297,1005.68274
9071,833.0025,941.3955
9072,845.45135,914.6416
9073,839.28174,914.01404
9074,827.0694,931.59686
9075,822.9031,970.8462
9076,828.33405,1019.1689
9077,832.6891,1050.0238
9078,823.60596,1057.3583
9079,803.01324,1056.3993
9080,784.0857,1058.0458
9081,772.5063,1063.2448
9082,765.25275,1069.2924
9083,761.5083,1073.9774
9084,761.88495,1076.8971
9085,763.9354,1077.9452
9086,765.72296,1077.8103
9087,769.3771,1078.6588
9088,776.27454,1081.961
9089,782.5573,1086.1294
9090,784.70776,1086.9807
9091,785.0201,1082.6237
9092,786.9924,1076.4775
9093,790.483,1073.3059
9094,794.41583,1074.5753
9095,799.7476,1077.4613
9096,806.7643,1078.0197
9097,813.1682,1075.5288
9098,816.9935,1071.8579
9099,818.14825,1068.5449
9100,817.988,1066.4185
9101,818.28876,1066.037
9102,819.1574,1067.1132
9103,819.65,1068.1165
9104,819.84204,1067.5548
9105,820.492,1066.1785
9106,821.95886,1066.4026
9107,824.68097,1068.3917
9108,829.14374,1069.1099
9109,833.31195,1067.3789
9110,832.4488,1069.2937
9111,825.6333,1081.9094
9112,820.5775,1097.1249
9113,824.02216,1096.5613
9114,828.9961,1077.9825
9115,823.5407,1057.6129
9116,809.4424,1046.6807
9117,799.4654,1042.6304
9118,799.04565,1040.1665
9119,801.1839,1040.3992
9120,798.09705,1048.0082
9121,792.0304,1059.4414
9122,793.95087,1049.8827
9123,813.2011,985.6875
9124,844.04114,874.6068
9125,861.9383,777.51294
9126,848.26605,742.4628
9127,816.1442,770.77637
9128,792.82275,847.77716
9129,789.02277,949.02374
9130,799.2459,1040.1439
9131,813.1573,1102.5428
9132,822.07526,1134.7732
9133,824.9198,1142.2314
9134,823.2332,1141.0846
9135,813.73926,1151.2098
9136,794.7934,1178.1932
9137,773.3853,1208.2836
9138,762.03314,1220.3484
9139,770.23456,1203.0632
9140,793.98914,1168.134
9141,817.896,1140.7925
9142,831.8807,1133.0642
9143,836.94806,1138.7172
9144,836.94904,1147.8702
9145,834.7324,1154.2638
9146,832.9691,1156.7568
9147,832.50507,1157.8655
9148,831.3814,1154.036
9149,831.74194,1133.8696
9150,847.50305,1091.7709
9151,889.3888,1035.19
9152,933.12463,981.6912
9153,919.07983,939.7703
9154,815.89166,892.81866
9155,686.65314,836.72205
9156,631.0648,802.47125
9157,659.0739,809.9242
9158,693.2061,853.0925
9159,677.5417,925.4982
9160,633.7908,1009.0697
9161,617.7775,1068.9816
9162,646.1824,1087.9977
9163,688.4219,1082.2058
9164,713.65063,1077.7969
9165,718.95776,1081.632
9166,718.11725,1082.7711
9167,719.88196,1076.9645
9168,726.228,1069.5579
9169,738.9101,1062.9283
9170,753.8393,1057.3928
9171,761.5229,1056.3483
9172,758.65094,1062.4752
9173,746.4157,1072.631
9174,731.97546,1079.003
9175,753.8156,1074.9371
9176,850.55634,1060.3251
9177,965.84924,1043.1134
9178,994.0893,1035.0684
9179,934.76715,1040.878
9180,872.3671,1051.3414
9181,856.6052,1054.0522
9182,883.36743,1047.0281
9183,913.0484,1034.3539
9184,896.5128,1019.76855
9185,830.55994,1010.20856
9186,762.52386,1010.84375
9187,732.14075,1015.9386
9188,739.04236,1015.3527
9189,760.5895,1007.02203
9190,777.67285,997.6663
9191,783.7899,994.0254
9192,780.9592,997.5369
9193,774.56665,1006.8259
9194,772.30084,1020.6742
9195,782.6067,1037.9547
9196,807.4186,1055.8564
9197,833.64844,1067.8042
9198,843.5149,1064.7656
9199,837.0248,1043.8304
9200,828.62225,1021.5642
9201,824.68304,1023.68884
9202,818.4488,1049.3395
9203,803.5971,1071.8851
9204,782.6725,1076.9453
9205,763.30334,1071.9489
9206,751.6581,1066.6682
9207,737.3773,1058.4598
9208,690.43933,1036.2644
9209,609.02136,1001.32294
9210,549.3613,969.1658
9211,555.13324,951.70435
9212,596.3912,953.90497
9213,625.542,970.4761
9214,642.1518,983.38525
9215,670.15405,981.7412
9216,709.02356,973.69836
9217,736.4002,971.2676
9218,744.55096,975.05524
9219,744.71277,979.2174
9220,745.40497,982.69885
9221,749.05505,987.1419
9222,756.83984,990.71844
9223,764.1838,990.9642
9224,763.0671,989.5115
9225,752.76953,991.8121
9226,739.61926,1001.92596
9227,729.2027,1016.8144
9228,721.80457,1030.1108
9229,711.71985,1039.4072
9230,699.1653,1042.5022
9231,705.62585,1031.2373
9232,766.77155,998.7247
9233,890.4364,953.1659
9234,1011.17316,916.0403
9235,1043.0668,902.97546
9236,991.58746,915.5323
9237,931.2325,950.35614
9238,891.7907,989.57043
9239,836.4989,979.5342
9240,739.53503,882.0741
9241,643.1663,761.3708
9242,600.049,721.55347
9243,599.72205,754.1405
9244,602.8572,754.628
9245,597.06464,675.6917
9246,592.0543,579.5134
9247,594.80206,544.7555
9248,602.0361,581.0553
9249,608.3471,644.2591
9250,618.7527,687.90015
9251,644.4959,691.1086
9252,680.12305,668.09375
9253,704.90515,648.6155
9254,711.3297,644.1724
9255,713.12085,646.39307
9256,726.428,646.8012
9257,754.828,644.2853
9258,792.58636,641.4094
9259,829.3294,639.6904
9260,846.2771,641.1788
9261,828.0608,648.7539
9262,785.67206,655.9702
9263,745.21533,656.70917
9264,717.96014,677.1582
9265,704.28406,762.07153
9266,707.78357,910.5258
9267,726.8258,1057.166
9268,747.27637,1134.687
9269,752.89825,1135.6854
9270,745.4058,1101.8381
9271,746.4429,1072.7874
9272,769.0396,1061.431
9273,796.3066,1059.9371
9274,799.54395,1057.6008
9275,777.85223,1057.6511
9276,765.1294,1065.7019
9277,784.90955,1071.1946
9278,817.1482,1065.2878
9279,831.69745,1059.9602
9280,830.3833,1069.6337
9281,828.6693,1089.3928
9282,827.15405,1103.4283
9283,822.0628,1105.5087
9284,816.1599,1101.3737
9285,811.3055,1096.2795
9286,805.84534,1089.0953
9287,800.7952,1078.8417
9288,799.0887,1069.4823
9289,800.3719,1064.1627
9290,801.7477,1061.3334
9291,796.9873,1060.2644
9292,778.4156,1062.9692
9293,750.2007,1067.8768
9294,730.2287,1069.8771
9295,731.6773,1067.168
9296,751.34625,1063.5066
9297,775.17346,1063.2102
9298,796.04474,1058.3818
9299,831.5047,1031.1401
9300,896.3452,986.3066
9301,943.6979,962.50616
9302,903.84814,989.6211
9303,800.34576,1049.3405
9304,727.73627,1095.5526
9305,721.0368,1106.8889
9306,740.4555,1097.4309
9307,749.7477,1085.6506
9308,746.48315,1078.1083
9309,742.0241,1074.4757
9310,742.6472,1073.9661
9311,745.9106,1077.1783
9312,747.25555,1083.0563
9313,746.0713,1087.6146
9314,743.7867,1086.9447
9315,740.80316,1080.4894
9316,737.9963,1071.8945
9317,735.9729,1065.629
9318,730.8659,1063.2592
9319,717.2982,1063.352
9320,706.9536,1063.332
9321,746.89435,1060.7876
9322,869.19086,1054.8651
9323,999.3379,1048.742
9324,1019.66125,1046.2478
9325,930.4665,1045.5127
9326,830.5363,1042.9359
9327,784.6469,1040.6274
9328,788.1392,1043.9342
9329,806.0572,1052.7751
9330,813.1428,1060.5756
9331,809.93787,1063.383
9332,807.70337,1063.259
9333,811.2725,1062.5204
9334,818.8225,1061.5482
9335,824.8666,1060.2837
9336,824.79156,1058.5042
9337,821.45996,1056.4835
9338,820.11316,1054.9419
9339,819.0326,1053.4629
9340,815.2963,1050.9193
9341,812.5105,1047.7869
9342,813.7563,1045.8622
9343,816.34686,1045.5623
9344,818.4605,1045.8777
9345,825.052,1047.5707
9346,842.6467,1053.1395
9347,866.7519,1061.5555
9348,883.4333,1067.4034
9349,885.6794,1067.6503
9350,877.54456,1065.1837
9351,866.0034,1064.3958
9352,856.17334,1066.0419
9353,850.66626,1067.973
9354,850.3043,1068.8586
9355,853.26715,1068.9955
9356,854.9688,1069.1318
9357,853.45825,1069.658
9358,852.24097,1070.0123
9359,854.85516,1069.1696
9360,861.51825,1066.301
9361,867.6649,1058.8904
9362,858.1372,1046.4816
9363,814.1748,1042.138
9364,744.3159,1060.4348
9365,695.01483,1088.2627
9366,697.29474,1100.1056
9367,725.45496,1094.7797
9368,743.89294,1086.3248
9369,752.39404,1080.9989
9370,762.02124,1078.6342
9371,769.3081,1078.3041
9372,766.34796,1079.5864
9373,755.1082,1079.9937
9374,749.82385,1072.3218
9375,765.5444,1052.6382
9376,795.426,1028.4365
9377,816.58746,1012.6268
9378,821.57416,1011.72345
9379,812.43964,1023.42316
9380,783.2845,1042.8531
9381,747.06287,1062.7711
9382,756.5252,1074.2509
9383,848.715,1077.277
9384,967.73676,1078.9352
9385,1016.8474,1080.3894
9386,985.8112,1078.3757
9387,938.09375,1073.022
9388,910.4534,1067.0546
9389,895.1314,1061.9396
9390,878.4298,1056.771
9391,860.90283,1050.3529
9392,850.136,1043.2999
9393,847.7357,1037.4615
9394,848.364,1033.2964
9395,846.8964,1028.8495
9396,844.0639,1023.4022
9397,843.83124,1020.17017
9398,846.32,1022.00696
9399,847.3338,1025.7338
9400,844.7762,1025.2871
9401,841.5214,1020.25
9402,841.20483,1015.8765
9403,844.63245,1015.51526
9404,849.5923,1017.93854
9405,851.83386,1020.8423
9406,848.6909,1022.6523
9407,842.36676,1020.0761
9408,837.8664,1009.8419
9409,838.32434,997.55963
9410,841.8884,995.4336
9411,842.70557,1007.0168
9412,836.12366,1023.98975
9413,823.75684,1036.6382
9414,813.1498,1041.4025
9415,809.7438,1040.705
9416,808.5891,1039.1437
9417,800.5342,1040.3716
9418,787.74164,1044.4058
9419,778.87836,1048.402
9420,772.4161,1051.9868
9421,763.8626,1057.2799
9422,757.88446,1063.0758
9423,759.5218,1065.5986
9424,764.78766,1064.5027
9425,765.24207,1062.9489
9426,758.7394,1063.6348
9427,751.9425,1066.6498
9428,750.5347,1069.2457
9429,751.8451,1068.9703
9430,748.33655,1067.6262
9431,740.7722,1068.6239
9432,751.90515,1070.6339
9433,804.5986,1068.33
9434,874.22595,1060.0419
9435,907.3172,1048.9147
9436,892.66046,1036.6755
9437,863.64966,1024.761
9438,844.8566,1017.16144
9439,835.51184,1015.0014
9440,829.3855,1013.99316
9441,826.1348,1008.8461
9442,825.7294,1000.2682
9443,825.08466,996.007
9444,823.905,999.42194
9445,826.79987,1003.71027
9446,834.48083,1004.1739
9447,835.2681,1007.7109
9448,816.0235,1021.37494
9449,786.44604,1038.7783
9450,771.9998,1049.159
9451,778.68774,1052.2698
9452,790.2086,1054.4882
9453,791.8032,1060.4286
9454,781.07184,1072.2515
9455,768.46747,1085.6938
9456,766.10394,1091.1215
9457,772.34814,1085.8999
9458,778.59283,1076.0444
9459,785.155,1066.593
9460,797.18164,1059.9105
9461,810.7272,1057.8176
9462,816.7106,1058.9106
9463,815.7115,1059.0747
9464,816.05286,1057.3885
9465,819.2464,1057.0488
9466,814.4034,1059.9218
9467,790.1963,1063.6244
9468,753.82794,1064.6628
9469,728.2425,1062.8123
9470,730.0936,1059.6174
9471,759.7518,1054.7163
9472,800.6795,1048.3838
9473,828.99384,1042.8073
9474,836.58734,1038.7651
9475,834.00507,1035.5399
9476,829.39185,1033.3014
9477,815.5541,1036.3215
9478,783.15094,1049.4498
9479,743.1887,1066.2639
9480,721.84424,1074.6367
9481,743.17865,1076.029
9482,816.1007,1081.4196
9483,908.30493,1094.0363
9484,965.0825,1108.502
9485,972.6555,1117.3892
9486,947.138,1114.8022
9487,888.8636,1101.051
9488,809.6156,1084.7124
9489,749.24805,1077.5468
9490,728.384,1083.2487
9491,734.4867,1091.2552
9492,744.2866,1091.8682
9493,735.66504,1089.9453
9494,716.1956,1089.0186
9495,722.984,1082.2367
9496,763.18146,1069.2113
9497,801.5578,1059.0311
9498,814.9911,1056.0198
9499,813.3247,1056.5602
9500,807.7307,1059.2352
9501,793.9449,1070.6599
9502,772.78156,1093.0887
9503,757.7498,1113.0479
9504,756.3095,1117.4459
9505,762.1824,1110.7032
9506,764.53784,1103.4045
9507,758.74664,1098.8586
9508,748.1133,1097.1669
9509,737.83545,1098.77
9510,732.11487,1101.2894
9511,734.3517,1100.2747
9512,744.83057,1094.3013
9513,756.8617,1087.5847
9514,761.2155,1085.9032
9515,756.7553,1090.153
9516,749.66614,1096.5879
9517,743.971,1101.545
9518,738.7444,1103.8323
9519,732.6229,1105.9829
9520,727.2509,1115.8231
9521,724.2904,1137.5111
9522,724.40674,1140.0641
9523,738.1974,1049.7655
9524,779.39355,839.95276
9525,828.53644,616.33466
9526,843.7797,513.36053
9527,821.37286,531.07733
9528,794.9882,565.6186
9529,782.02045,550.6582
9530,769.4338,506.8392
9531,740.7136,489.57312
9532,699.5642,521.8956
9533,665.2794,580.0656
9534,648.5848,631.2678
9535,643.575,663.8966
9536,640.3707,684.8335
9537,634.10956,704.9576
9538,623.87866,728.1456
9539,608.98425,745.5666
9540,587.76904,741.9291
9541,557.908,712.1365
9542,522.0471,666.6814
9543,508.86194,634.3187
9544,569.5906,671.332
9545,705.69794,814.77325
9546,830.38513,1001.4982
9547,866.06665,1115.9744
9548,835.027,1131.5177
9549,805.07574,1112.9485
9550,802.28577,1104.3593
9551,806.15436,1100.8927
9552,793.1487,1094.7942
9553,765.284,1089.7559
9554,739.06287,1088.2007
9555,724.62366,1087.2488
9556,722.4998,1083.6547
9557,724.66144,1079.1349
9558,724.9071,1077.3223
9559,733.22235,1077.0151
9560,764.1043,1075.194
9561,811.3904,1073.639
9562,849.3244,1075.6504
9563,861.275,1080.2465
9564,853.9484,1085.4968
9565,841.5836,1093.9589
9566,832.12274,1107.8169
9567,832.6438,1116.6335
9568,850.3,1104.2224
9569,877.075,1076.6322
9570,890.77277,1058.8768
9571,879.3404,1059.2272
9572,852.5506,1067.0404
9573,829.84674,1078.6256
9574,820.5643,1097.3556
9575,816.85675,1118.207
9576,809.7292,1130.6721
9577,802.9731,1132.6199
9578,802.69995,1131.4438
9579,806.74176,1133.5548
9580,810.0853,1138.1112
9581,810.96783,1140.0991
9582,812.06995,1138.5253
9583,814.2341,1136.0176
9584,811.5035,1131.2941
9585,804.365,1125.4612
9586,806.31885,1125.8813
9587,825.4956,1133.229
9588,854.1595,1142.2128
9589,882.3289,1151.4971
9590,905.1506,1159.36
9591,908.88873,1163.1207
9592,878.04346,1166.2953
9593,829.30963,1172.2688
9594,800.4114,1175.7711
9595,801.34326,1172.6361
9596,811.3918,1167.4796
9597,814.20087,1163.1099
9598,810.9939,1155.1699
9599,808.10803,1143.3365
9600,806.59576,1137.6624
9601,804.3912,1145.8063
9602,800.8164,1159.0925
9603,796.33405,1162.5929
9604,794.7451,1156.7855
9605,809.3103,1156.0361
9606,850.16174,1165.8782
9607,897.2547,1176.4009
9608,915.5406,1179.617
9609,899.50354,1176.9467
9610,871.6319,1170.5935
9611,849.73584,1162.1749
9612,836.941,1155.5046
9613,830.29333,1153.8815
9614,826.8834,1156.3722
9615,822.5635,1155.519
9616,813.2711,1144.2339
9617,802.9498,1128.1501
9618,801.2052,1118.2418
9619,809.92554,1115.4012
9620,821.83936,1117.445
9621,830.39703,1125.3619
9622,834.0263,1134.3679
9623,834.08215,1139.3717
9624,831.4412,1145.1139
9625,826.83386,1154.3312
9626,824.13226,1160.0308
9627,825.64874,1158.5385
9628,826.5859,1154.6456
9629,822.6816,1153.1179
9630,816.15924,1153.11
9631,810.1328,1149.3699
9632,805.90247,1141.0623
9633,803.7428,1135.3806
9634,802.52576,1135.0757
9635,803.5184,1134.5519
9636,811.508,1134.7013
9637,827.61053,1142.7408
9638,845.2929,1155.7148
9639,855.2215,1162.8733
9640,851.64496,1161.0399
9641,836.9201,1156.6432
9642,822.0921,1156.0402
9643,816.9819,1158.5374
9644,819.919,1160.064
9645,823.51245,1159.749
9646,825.0903,1158.6042
9647,825.57495,1156.5114
9648,824.67114,1154.292
9649,822.41077,1153.6729
9650,820.5631,1153.567
9651,818.8664,1149.6569
9652,814.9424,1139.3689
9653,811.0118,1129.8771
9654,814.2177,1133.502
9655,825.64044,1148.9202
9656,836.0459,1161.1726
9657,836.93744,1163.2384
9658,829.3525,1162.6469
9659,820.2998,1165.6814
9660,815.1119,1168.9011
9661,814.3906,1169.1144
9662,816.41785,1168.5394
9663,819.0772,1168.3094
9664,820.14575,1166.7223
9665,819.50385,1163.8497
9666,819.41534,1162.3314
9667,820.823,1162.3373
9668,822.2343,1158.4431
9669,822.31335,1146.3909
9670,820.8428,1131.3579
9671,819.05255,1123.0695
9672,820.653,1126.8325
9673,827.2536,1140.416
9674,833.0841,1154.0787
9675,831.1414,1160.8645
9676,822.94806,1165.117
9677,817.9914,1170.3813
9678,822.7913,1170.9412
9679,832.10986,1163.4922
9680,836.9582,1154.0853
9681,837.27673,1150.4933
9682,837.1388,1154.8215
9683,835.4024,1162.5955
9684,829.1919,1164.1522
9685,821.26624,1150.9504
9686,818.4277,1128.9362
9687,820.4587,1115.3193
9688,819.5041,1116.1633
9689,815.38104,1125.0796
9690,814.7087,1136.7468
9691,815.8727,1145.4309
9692,813.9624,1147.6162
9693,810.79944,1149.0182
9694,809.8519,1154.9065
9695,813.38196,1162.2709
9696,822.154,1166.9158
9697,831.16364,1168.3604
9698,833.57764,1167.6069
9699,828.9481,1165.8334
9700,823.2243,1163.3054
9701,823.3903,1159.4692
9702,830.0787,1156.9292
9703,834.73883,1158.8754
9704,828.5292,1160.1029
9705,814.14294,1153.1935
9706,804.9265,1144.7982
9707,807.73517,1148.0802
9708,814.7343,1161.0625
9709,816.29376,1169.8129
9710,810.09094,1167.3722
9711,802.5619,1159.9304
9712,804.66876,1157.5381
9713,816.3898,1161.4031
9714,824.64014,1164.3241
9715,822.7045,1162.4227
9716,818.9919,1159.0042
9717,821.4388,1157.9431
9718,825.0776,1159.63
9719,822.98303,1163.9026
9720,817.9739,1171.815
9721,816.35706,1181.559
9722,820.2162,1187.6149
9723,828.746,1188.1191
9724,837.9427,1186.5958
9725,838.3902,1185.8102
9726,822.9542,1186.1385
9727,798.89844,1184.6066
9728,783.40485,1177.558
9729,784.3539,1169.0892
9730,794.45764,1166.5012
9731,803.32263,1169.7257
9732,805.93555,1174.0746
9733,803.3925,1177.2782
9734,801.52966,1178.9838
9735,803.7058,1178.322
9736,805.5881,1176.1343
9737,804.03723,1175.8914
9738,804.9761,1179.2246
9739,814.75275,1183.4757
9740,829.09534,1185.2205
9741,834.0391,1184.8267
9742,819.57275,1185.2546
9743,795.1659,1185.2845
9744,780.9819,1180.8705
9745,782.04156,1176.1511
9746,786.1389,1180.1604
9747,786.18463,1187.3258
9748,794.7427,1172.2152
9749,824.30347,1115.2991
9750,856.0825,1035.0618
9751,862.0853,974.6762
9752,848.2788,952.7079
9753,839.1265,954.46234
9754,840.4577,967.5857
9755,837.99774,1001.9182
9756,820.9237,1068.5363
9757,800.27563,1139.9224
9758,790.6897,1164.8026
9759,784.026,1134.368
9760,769.9859,1087.4355
9761,759.02405,1055.0345
9762,760.7532,1036.8057
9763,766.90906,1019.4664
9764,767.67914,998.2309
9765,766.9088,979.85376
9766,774.64514,971.86597
9767,795.4204,976.5487
9768,824.2841,988.25085
9769,833.3664,982.32947
9770,774.8225,925.73883
9771,654.6133,829.7122
9772,572.0306,758.95526
9773,599.7587,754.87054
9774,689.57166,795.8986
9775,762.67694,844.97876
9776,799.0087,885.7581
9777,812.5581,916.419
9778,814.8161,940.93256
9779,808.6863,962.93256
9780,794.63104,980.42737
9781,778.96765,990.4496
9782,769.2951,995.20654
9783,765.91736,998.12067
9784,765.0,999.6132
9785,765.08026,1002.1378
9786,765.34375,1013.0053
9787,758.3886,1038.3414
9788,734.6786,1073.3177
9789,701.8006,1096.3174
9790,682.8061,1088.5549
9791,685.83417,1061.0908
9792,695.7157,1039.5873
9793,700.75543,1032.3486
9794,713.16876,1027.7875
9795,750.5505,1011.8218
9796,795.2767,985.2937
9797,803.93585,964.73254
9798,758.3888,969.3463
9799,675.8245,1006.95685
9800,596.8478,1056.7738
9801,572.19086,1076.1495
9802,617.37225,1043.7241
9803,688.74365,985.1787
9804,732.74255,946.15894
9805,739.0685,952.66156
9806,727.2819,1001.568
9807,714.50385,1066.1517
9808,711.3161,1114.2087
9809,720.45935,1134.4635
9810,735.0218,1133.8385
9811,745.8053,1120.5896
9812,747.06726,1100.5951
9813,737.46814,1078.3412
9814,723.0987,1058.898
9815,732.3399,1045.0049
9816,810.7537,1034.1952
9817,948.6101,1025.6903
9818,1043.3219,1020.4084
9819,1021.0355,1019.1766
9820,937.92126,1027.131
9821,882.25543,1044.851
9822,866.85144,1064.189
9823,861.056,1080.2822
9824,847.01013,1093.655
9825,825.40985,1103.2887
9826,803.0057,1104.6929
9827,783.16724,1094.2169
9828,764.58795,1076.4001
9829,749.4846,1064.38
9830,746.0536,1066.8425
9831,757.75543,1077.5941
9832,778.3366,1083.9742
9833,799.1688,1080.6589
9834,814.1958,1071.0566
9835,820.68475,1061.0768
9836,820.585,1055.1461
9837,818.93756,1054.0248
9838,819.3537,1054.8926
9839,821.6236,1055.0193
9840,827.3006,1054.8159
9841,842.3998,1056.9521
9842,863.7917,1062.0715
9843,876.76746,1066.9463
9844,873.7351,1068.5474
9845,857.4665,1068.3174
9846,832.45593,1071.6953
9847,807.1416,1084.4205
9848,792.96747,1108.4515
9849,795.7326,1138.201
9850,809.24274,1162.5056
9851,815.98126,1167.9974
9852,806.1703,1139.2488
9853,793.56573,1076.6378
9854,792.74744,1012.30554
9855,800.53577,982.22375
9856,814.8822,991.5719
9857,840.4454,1019.0072
9858,872.0028,1043.3181
9859,893.9328,1060.0665
9860,894.69037,1074.1294
9861,876.69556,1090.5498
9862,852.2558,1113.2872
9863,831.07697,1134.029
9864,815.8799,1136.2958
9865,808.57715,1121.3401
9866,810.3261,1106.5048
9867,811.3607,1101.7626
9868,791.713,1106.3837
9869,746.79016,1116.5841
9870,703.7291,1125.114
9871,694.2063,1124.2797
9872,721.0402,1114.664
9873,758.89923,1104.3994
9874,781.3914,1100.2699
9875,786.1444,1102.9803
9876,787.0986,1110.1584
9877,792.1006,1119.8779
9878,800.5655,1128.6285
9879,808.42426,1131.3848
9880,809.925,1126.8014
9881,807.158,1119.7251
9882,814.41205,1118.7776
9883,836.68036,1127.8265
9884,853.14496,1138.1747
9885,845.0789,1137.7894
9886,822.3865,1126.6772
9887,802.7452,1114.2822
9888,789.7438,1108.3289
9889,786.5783,1112.1201
9890,814.1655,1123.739
9891,886.891,1134.5148
9892,967.31415,1137.4556
9893,995.047,1135.5052
9894,965.7937,1134.286
9895,928.00275,1134.8702
9896,913.6464,1135.9874
9897,914.34564,1136.4559
9898,911.2796,1138.2777
9899,901.1007,1146.075
9900,892.0224,1158.7577
9901,887.5079,1169.3866
9902,881.4551,1174.3264
9903,865.94446,1174.1133
9904,842.03925,1169.5504
9905,825.0425,1163.1069
9906,822.45715,1157.3943
9907,801.47394,1142.4548
9908,721.10284,1096.335
9909,610.6258,1018.1463
9910,555.79175,938.18915
9911,593.159,880.4145
9912,678.31274,850.0951
9913,752.7303,850.7611
9914,792.52545,879.22296
9915,801.90424,921.08154
9916,790.1133,959.8534
9917,766.914,982.58765
9918,761.93506,987.18695
9919,822.1589,993.13916
9920,943.4438,1032.8882
9921,1032.6663,1104.1627
9922,1015.0697,1156.1602
9923,930.6877,1157.1414
9924,858.539,1131.9219
9925,822.6014,1118.1779
9926,808.84644,1124.079
9927,806.7089,1134.5759
9928,811.85626,1141.3054
9929,815.6461,1148.3666
9930,804.93884,1145.8126
9931,778.0229,1106.629
9932,757.9313,1032.6987
9933,766.10046,968.656
9934,792.4503,949.71246
9935,816.258,971.26917
9936,830.81824,1006.7754
9937,840.4332,1031.236
9938,852.1596,1039.111
9939,863.2858,1048.8013
9940,861.80743,1081.5525
9941,843.1678,1130.0212
9942,816.4668,1165.226
9943,798.1948,1177.2751
9944,794.653,1177.4585
9945,790.897,1162.2609
9946,778.1205,1110.2095
9947,776.84766,1025.382
9948,800.6494,951.65063
9949,829.09485,922.62024
9950,844.21014,930.7713
9951,849.01337,955.08014
9952,847.17975,984.3655
9953,843.45636,1011.7856
9954,845.8579,1037.2549
9955,849.0352,1072.5347
9956,837.80914,1117.9463
9957,812.1522,1153.1909
9958,790.93176,1167.0815
9959,787.30426,1167.3934
9960,795.284,1162.3954
9961,804.04443,1155.7844
9962,811.5966,1152.1716
9963,820.7103,1155.3821
9964,828.7298,1161.8972
9965,824.6662,1156.4716
9966,805.59204,1124.9882
9967,792.4444,1079.1641
9968,799.0113,1046.2344
9969,802.1219,1036.5334
9970,778.3374,1044.1425
9971,744.36346,1058.2803
9972,748.0966,1066.467
9973,819.48944,1064.7178
9974,917.1102,1059.7883
9975,961.568,1065.2456
9976,930.78973,1093.1743
9977,873.07227,1132.4875
9978,836.3947,1156.155
9979,825.79803,1158.3394
9980,824.9164,1154.0901
9981,825.1454,1153.2843
9982,823.5283,1157.8821
9983,815.6548,1165.6127
9984,799.96515,1159.8235
9985,785.6386,1115.2539
9986,790.8925,1037.5375
9987,816.7574,973.08496
9988,837.02057,958.50055
9989,836.7431,986.80804
9990,833.8154,1025.4714
9991,847.5651,1048.4158
9992,874.03705,1053.7274
9993,896.17596,1055.9314
9994,893.1451,1070.7656
9995,853.2496,1104.8981
9996,798.773,1144.3119
9997,767.16504,1168.0538
9998,766.4274,1175.1016
9999,776.96783,1165.2744
10000,784.4355,1118.2303
10001,795.99475,1034.4625
10002,817.4826,958.5612
10003,830.82294,926.46716
10004,822.54407,929.52783
10005,807.0412,942.20233
10006,797.0992,947.5547
10007,784.2778,939.284
10008,765.1462,922.3296
10009,751.9901,903.41766
10010,749.5841,885.301
10011,757.30084,891.48785
10012,780.6755,957.24664
10013,810.72174,1062.0159
10014,824.89557,1138.9054
10015,820.9748,1164.858
10016,814.6869,1169.497
10017,814.3395,1172.8589
10018,823.56836,1158.0784
10019,844.4523,1097.9341
10020,862.98627,1005.6626
10021,861.6213,934.0478
10022,843.6108,912.1315
10023,821.0922,922.2998
10024,802.6866,937.20514
10025,797.11725,943.1832
10026,806.1892,940.9727
10027,822.1628,951.546
10028,834.608,1002.8312
10029,835.2147,1084.8212
10030,825.83136,1147.6975
10031,818.947,1164.3124
10032,820.64905,1155.2714
10033,823.59827,1149.7819
10034,821.7687,1155.296
10035,818.4466,1153.7466
10036,823.374,1113.3553
10037,844.9348,1028.51
10038,872.4409,943.5497
10039,883.26746,904.56616
10040,874.4066,907.69867
10041,861.19147,921.0141
10042,856.0786,927.911
10043,864.10126,933.88696
10044,882.2293,954.98303
10045,898.7314,1002.54974
10046,897.9933,1065.5116
10047,873.09174,1118.7113
10048,840.1786,1148.1202
10049,823.2254,1155.5614
10050,823.5147,1153.3898
10051,825.23987,1154.4457
10052,820.3172,1154.7136
10053,817.9585,1135.2648
10054,832.4318,1089.8907
10055,852.1079,1041.2295
10056,847.65753,1016.731
10057,823.7024,1019.8192
10058,811.51965,1037.0712
10059,817.46,1056.9152
10060,826.9153,1071.2445
10061,833.13605,1076.8622
10062,832.5486,1085.3901
10063,819.706,1111.8667
10064,801.06604,1147.8575
10065,791.1921,1172.2567
10066,791.9069,1179.9235
10067,793.3371,1169.2107
10068,795.69055,1128.1984
10069,813.2949,1063.8204
10070,844.92365,1011.6698
10071,861.0745,995.17523
10072,843.578,1003.4759
10073,814.42303,1014.5959
10074,804.59705,1019.4116
10075,815.24097,1029.2561
10076,826.8843,1063.1986
10077,826.755,1115.4756
10078,815.562,1156.1378
10079,803.9658,1170.6669
10080,801.91046,1167.8927
10081,806.427,1159.252
10082,809.4374,1152.958
10083,811.92554,1154.4149
10084,818.5207,1162.9907
10085,828.5194,1173.332
10086,841.57135,1181.445
10087,859.9579,1187.1937
10088,878.54126,1190.6141
10089,881.4576,1189.6354
10090,858.13684,1183.7867
10091,821.76306,1176.948
10092,797.7494,1172.8009
10093,793.73517,1168.8019
10094,797.93976,1159.1732
10095,803.27795,1142.9711
10096,818.44714,1122.2108
10097,852.5541,1098.3358
10098,893.1637,1077.0394
10099,912.333,1066.081
10100,897.9344,1067.9327
10101,868.2689,1079.6702
10102,848.7062,1095.0741
10103,839.3787,1110.9634
10104,824.21344,1131.7998
10105,802.83826,1156.7407
10106,786.86896,1174.9882
10107,780.35315,1183.193
10108,782.40137,1186.2365
10109,797.37335,1176.8818
10110,831.0633,1137.0249
10111,871.6356,1072.2527
10112,894.7409,1020.1928
10113,897.9628,1005.80383
10114,899.2995,1017.7274
10115,907.7998,1032.9628
10116,919.80035,1038.7583
10117,926.27637,1035.8525
10118,919.5938,1031.911
10119,902.6221,1031.9015
10120,883.9095,1036.885
10121,867.87787,1041.7854
10122,850.1223,1020.3034
10123,819.7664,941.35406
10124,777.1863,828.26904
10125,738.3534,749.1847
10126,715.2598,738.62134
10127,708.88885,781.1652
10128,716.27765,839.5658
10129,732.14,878.64294
10130,750.2409,898.02673
10131,769.46405,922.65314
10132,797.6396,954.1906
10133,841.4649,970.94574
10134,883.77155,968.2807
10135,894.1991,961.3753
10136,868.51556,958.69995
10137,826.65643,958.2792
10138,790.3977,958.1504
10139,772.57135,957.55457
10140,765.29364,956.2405
10141,756.90234,955.99384
10142,754.83307,956.68054
10143,767.62836,952.1518
10144,787.5318,938.29956
10145,802.2937,931.974
10146,804.2931,971.4314
10147,790.56793,1064.6057
10148,772.9411,1151.8007
10149,772.79047,1178.0823
10150,790.3886,1164.6316
10151,806.2405,1154.6826
10152,812.3422,1153.7719
10153,815.19525,1151.6884
10154,817.0639,1149.3514
10155,813.4113,1153.2863
10156,806.19806,1163.7583
10157,805.43286,1174.102
10158,817.71265,1178.6559
10159,841.4369,1177.586
10160,864.1386,1175.4902
10161,867.3931,1176.6743
10162,848.4329,1180.0707
10163,825.7737,1180.1116
10164,817.87274,1174.1411
10165,828.34174,1167.2465
10166,846.90424,1165.9133
10167,855.0476,1162.5814
10168,840.7995,1138.2488
10169,816.2015,1091.327
10170,804.6865,1042.567
10171,807.7832,1009.8067
10172,808.8025,1001.018
10173,802.593,1015.915
10174,796.911,1039.7515
10175,794.8409,1053.2494
10176,790.6033,1051.8282
10177,780.121,1046.8147
10178,771.7159,1051.9827
10179,781.0294,1072.4937
10180,807.44696,1098.6077
10181,826.0944,1110.772
10182,815.91595,1100.5006
10183,783.4083,1080.0715
10184,752.2444,1064.5026
10185,737.0572,1055.8522
10186,735.0274,1051.5507
10187,737.57697,1052.6133
10188,739.2669,1058.975
10189,744.68054,1069.6536
10190,761.899,1084.6405
10191,780.9968,1098.6437
10192,784.40454,1103.1249
10193,779.1959,1101.4573
10194,786.8968,1106.7678
10195,805.8649,1117.6328
10196,817.3876,1120.3678
10197,819.19714,1115.9937
10198,819.6669,1114.465
10199,817.94556,1115.3389
10200,813.8029,1116.1472
10201,813.97345,1117.9735
10202,819.3923,1117.5754
10203,824.21,1113.6
10204,826.76373,1110.9897
10205,830.65326,1110.5079
10206,836.29333,1110.234
10207,838.653,1111.0803
10208,835.2785,1112.485
10209,830.6024,1117.5645
10210,829.2996,1133.8138
10211,827.8914,1156.3798
10212,819.67377,1170.1154
10213,807.4747,1171.9713
10214,799.78845,1171.6083
10215,801.3202,1171.5846
10216,816.6259,1156.8418
10217,843.0001,1108.3872
10218,860.0714,1034.7937
10219,854.4972,974.2472
10220,839.7506,952.7475
10221,831.56537,962.29297
10222,829.9496,981.38745
10223,830.8673,995.65546
10224,837.0033,1004.22107
10225,852.0629,1022.04004
10226,867.99384,1065.6539
10227,870.86505,1122.3812
10228,859.7375,1158.0625
10229,845.89014,1162.9751
10230,836.45685,1157.4857
10231,829.9144,1160.2622
10232,824.72766,1170.3258
10233,822.25433,1162.5394
10234,821.83,1108.2448
10235,821.9152,1023.29407
10236,825.881,962.49176
10237,839.11334,950.47687
10238,858.22034,964.6218
10239,865.0043,981.4825
10240,841.04877,998.3432
10241,795.5606,1019.2627
10242,761.2459,1043.1448
10243,758.75165,1063.8364
10244,780.1264,1076.9856
10245,803.1617,1085.1644
10246,819.6461,1092.8444
10247,840.4417,1099.7845
10248,865.19995,1106.2588
10249,876.1087,1119.1288
10250,867.7212,1140.34
10251,854.6052,1158.0295
10252,849.77997,1163.0448
10253,851.71124,1160.5956
10254,851.385,1158.0897
10255,843.80835,1156.1799
10256,833.50244,1154.3181
10257,831.2364,1154.816
10258,840.2747,1158.5372
10259,851.71716,1162.5961
10260,858.7014,1165.4027
10261,863.616,1168.4265
10262,869.6401,1170.8264
10263,873.1914,1169.0153
10264,866.86334,1162.6772
10265,850.23413,1156.3855
10266,832.47284,1154.7992
10267,821.4448,1157.3173
10268,817.2999,1159.0452
10269,816.83466,1157.6484
10270,818.0377,1155.7148
10271,820.2869,1156.0546
10272,823.54626,1158.4541
10273,828.6137,1161.646
10274,834.45514,1165.7843
10275,836.055,1171.2065
10276,832.1369,1176.7935
10277,830.02264,1181.404
10278,834.8076,1184.4292
10279,840.6874,1184.9489
10280,837.9238,1183.2948
10281,824.58704,1181.2632
10282,809.8207,1179.0913
10283,804.658,1175.5569
10284,810.0895,1171.7981
10285,818.10455,1171.8933
10286,822.0249,1175.4746
10287,819.79034,1166.9614
10288,816.00525,1124.2802
10289,823.2859,1053.7925
10290,843.5435,996.4303
10291,858.6108,981.46216
10292,858.0588,999.60205
10293,854.959,1024.9446
10294,862.5195,1038.7566
10295,874.2502,1038.6328
10296,875.1813,1042.4194
10297,857.51904,1072.4464
10298,824.1212,1121.7877
10299,790.3056,1158.9982
10300,771.2884,1173.5417
10301,764.3908,1180.3495
10302,769.06116,1175.6897
10303,821.10657,1120.4495
10304,942.69794,993.9546
10305,1053.8882,850.85486
10306,1053.3323,771.74133
10307,967.94366,771.2437
10308,896.11255,805.7962
10309,876.40906,838.8975
10310,888.537,859.3684
10311,906.10486,863.8443
10312,912.8574,852.93164
10313,892.1675,849.1758
10314,832.8517,895.21436
10315,764.0209,997.08514
10316,739.0828,1093.3519
10317,764.5123,1128.6249
10318,799.4497,1117.7655
10319,819.26495,1105.9456
10320,829.34875,1115.0404
10321,835.3141,1136.6376
10322,833.3809,1148.3317
10323,826.5882,1142.0453
10324,829.6587,1134.3171
10325,847.29315,1139.6246
10326,864.65814,1150.7585
10327,867.5191,1155.6156
10328,855.7529,1155.1105
10329,837.31976,1155.1708
10330,821.52167,1155.6981
10331,814.30176,1154.6178
10332,814.4328,1153.275
10333,816.705,1153.5747
10334,816.4615,1154.5677
10335,810.9473,1153.7922
10336,802.67096,1151.1941
10337,799.7732,1151.265
10338,808.4288,1158.4354
10339,828.2548,1169.9303
10340,855.4321,1178.235
10341,882.8921,1180.4425
10342,898.1557,1179.6265
10343,889.56165,1178.1343
10344,858.367,1174.9601
10345,823.14954,1169.7998
10346,804.6475,1165.4854
10347,805.4,1164.1248
10348,812.4237,1164.3268
10349,814.8583,1164.5316
10350,811.9985,1164.6013
10351,809.2477,1163.8759
10352,810.6423,1162.3259
10353,816.17334,1162.9117
10354,825.32477,1168.5697
10355,838.7244,1177.0978
10356,855.749,1183.1697
10357,872.74805,1184.751
10358,880.2017,1185.0393
10359,866.9092,1188.2244
10360,836.8298,1192.7516
10361,809.4168,1192.934
10362,796.1213,1188.4943
10363,791.50995,1184.4741
10364,786.90955,1183.0554
10365,781.42474,1182.461
10366,780.8221,1180.8656
10367,788.38135,1177.7494
10368,799.1274,1174.1166
10369,807.1451,1172.8503
10370,813.7774,1176.0911
10371,823.9933,1181.9906
10372,839.8063,1187.4136
10373,859.6544,1192.4003
10374,879.8409,1197.297
10375,893.44464,1198.4244
10376,892.3818,1193.0193
10377,874.06085,1184.0963
10378,845.67224,1174.7994
10379,821.9467,1165.4309
10380,812.49475,1158.5106
10381,811.40643,1158.0538
10382,807.2687,1163.502
10383,799.64795,1169.7675
10384,798.5525,1171.421
10385,810.44293,1165.9868
10386,829.85614,1158.1027
10387,845.9378,1157.0338
10388,855.27295,1165.7405
10389,864.24536,1177.8793
10390,877.49225,1185.2537
10391,886.9728,1184.7543
10392,876.36395,1180.9122
10393,840.1799,1180.4897
10394,795.38904,1183.4105
10395,766.3737,1184.8861
10396,761.6847,1183.831
10397,770.98706,1181.4324
10398,779.2968,1173.852
10399,781.2175,1155.0692
10400,782.47284,1129.8788
10401,788.7644,1110.0565
10402,798.8621,1096.6688
10403,808.7005,1085.7319
10404,816.0897,1080.7494
10405,820.33514,1083.9889
10406,818.9111,1091.9487
10407,808.00635,1102.2943
10408,790.9888,1113.5616
10409,781.20654,1126.4008
10410,787.45575,1144.4286
10411,800.6831,1162.2798
10412,806.4618,1168.0459
10413,804.53766,1164.2443
10414,801.8737,1165.3907
10415,802.10077,1171.1028
10416,816.7472,1152.7755
10417,855.36206,1082.9882
10418,888.81244,982.64636
10419,872.48566,903.9692
10420,813.53827,867.8132
10421,758.192,858.4301
10422,728.5187,858.745
10423,716.8051,862.2775
10424,712.47754,868.2473
10425,710.23706,876.8629
10426,714.6589,891.91187
10427,736.5126,919.1266
10428,770.1513,951.38306
10429,795.2533,973.9811
10430,805.8393,986.3527
10431,811.98846,996.1722
10432,820.8956,1010.00256
10433,830.8612,1040.3599
10434,831.7255,1091.7104
10435,817.2947,1144.6447
10436,803.48224,1173.5437
10437,810.25275,1172.0314
10438,832.619,1157.0616
10439,854.6536,1149.3821
10440,871.22644,1154.5903
10441,882.55054,1165.4415
10442,886.42615,1173.6091
10443,879.63257,1175.6613
10444,861.7203,1171.6161
10445,837.985,1163.3745
10446,817.82007,1155.5598
10447,808.0099,1152.4602
10448,808.365,1154.2948
10449,814.336,1158.4384
10450,821.8547,1161.5046
10451,827.7665,1162.1624
10452,828.0441,1163.4858
10453,823.6182,1167.9125
10454,822.0587,1173.5168
10455,825.3901,1178.3632
10456,828.09186,1182.1177
10457,828.3395,1184.8302
10458,830.6887,1187.3756
10459,839.9964,1190.2502
10460,855.4963,1192.0123
10461,868.68854,1190.0822
10462,868.9483,1183.6903
10463,854.03845,1175.5952
10464,833.80646,1169.1891
10465,820.7357,1165.315
10466,817.7553,1163.4287
10467,818.1713,1163.5504
10468,815.81287,1165.7168
10469,810.56177,1169.1443
10470,804.8057,1172.5514
10471,800.202,1175.123
10472,798.9385,1177.8236
10473,803.40204,1181.9279
10474,812.51764,1183.9706
10475,821.89453,1177.5175
10476,828.5161,1164.0103
10477,830.9965,1153.6671
10478,826.20465,1153.1328
10479,815.92053,1156.998
10480,812.25586,1150.5177
10481,818.4434,1128.1682
10482,821.42413,1107.1902
10483,817.11365,1103.8533
10484,812.4336,1108.8655
10485,804.51544,1105.8062
10486,787.4486,1095.5829
10487,770.7884,1088.6163
10488,770.7882,1087.829
10489,789.2575,1089.0782
10490,814.6912,1090.4196
10491,836.6738,1093.7168
10492,849.3721,1098.5017
10493,849.5399,1101.085
10494,839.80273,1102.0442
10495,829.0936,1106.0249
10496,824.0814,1112.6903
10497,823.9831,1117.4409
10498,825.30164,1120.2983
10499,826.5318,1125.0886
10500,828.41956,1130.7767
10501,832.71606,1133.0233
10502,839.1489,1133.146
10503,841.7936,1136.0364
10504,831.4141,1142.092
10505,807.61676,1146.7294
10506,784.7889,1146.2869
10507,775.93915,1143.5856
10508,779.32544,1143.9805
10509,788.59845,1147.4546
10510,800.7117,1150.8485
10511,810.99524,1152.0333
10512,815.14435,1148.9591
10513,814.67004,1142.5033
10514,815.6962,1138.1733
10515,826.1687,1138.7073
10516,846.0019,1139.9509
10517,860.7266,1137.6685
10518,859.2437,1134.3239
10519,846.9123,1135.972
10520,831.44336,1143.4089
10521,814.0286,1150.754
10522,798.3023,1152.6345
10523,790.44604,1149.1849
10524,788.99615,1144.5072
10525,788.09875,1142.5059
10526,786.8276,1145.4705
10527,784.7608,1152.06
10528,778.07916,1155.972
10529,768.98535,1153.3733
10530,769.93365,1147.5457
10531,786.3524,1143.3425
10532,802.8065,1143.7631
10533,803.1151,1150.4479
10534,791.60034,1162.8035
10535,781.4333,1176.0034
10536,777.641,1182.4077
10537,778.068,1179.575
10538,782.1738,1174.1301
10539,791.61566,1173.2758
10540,802.8791,1176.377
10541,810.27057,1177.391
10542,816.2427,1172.9045
10543,826.8094,1166.3152
10544,839.3913,1162.5586
10545,844.7893,1161.2783
10546,839.9819,1160.4507
10547,833.04944,1160.985
10548,831.7761,1163.0845
10549,833.4361,1165.247
10550,832.2034,1167.3105
10551,830.1684,1170.0776
10552,834.4716,1173.5027
10553,846.43964,1176.1902
10554,859.2676,1177.2433
10555,864.5993,1177.4979
10556,858.2966,1177.0837
10557,844.9391,1175.1592
10558,836.6665,1172.5663
10559,840.33575,1170.7179
10560,848.7736,1168.8334
10561,850.0278,1166.0956
10562,840.69226,1164.6718
10563,828.2596,1166.6508
10564,822.09845,1170.3568
10565,823.816,1172.8027
10566,830.1383,1173.7554
10567,839.6605,1175.3535
10568,848.82465,1178.0242
10569,849.8557,1178.5858
10570,841.3481,1174.3533
10571,831.93085,1167.5906
10572,826.55457,1163.0653
10573,818.56506,1163.3273
10574,802.64496,1168.2136
10575,786.2975,1175.0406
10576,781.1217,1179.6028
10577,790.5991,1180.7744
10578,809.5964,1181.7169
10579,827.47614,1184.298
10580,831.8966,1185.5542
10581,819.4401,1182.5868
10582,802.51764,1177.4868
10583,796.7901,1173.8292
10584,801.6168,1172.9207
10585,802.455,1174.8667
10586,794.07104,1178.421
10587,788.46454,1181.263
10588,796.3635,1182.636
10589,814.1256,1183.1757
10590,830.66,1183.7025
10591,835.74335,1185.8539
10592,823.9968,1189.9043
10593,802.29095,1192.3604
10594,786.1443,1190.1918
10595,781.66754,1185.3329
10596,782.51215,1182.1943
10597,782.8428,1182.9413
10598,782.4428,1186.0189
10599,784.2911,1188.7697
10600,792.3006,1190.3887
10601,807.55066,1191.0889
10602,822.4864,1191.3313
10603,823.2949,1192.2391
10604,807.04346,1193.1924
10605,788.0764,1192.0055
10606,779.3504,1189.0046
10607,779.7518,1186.1252
10608,781.8012,1184.0416
10609,780.5549,1183.2645
10610,775.9824,1184.2993
10611,773.73114,1186.6978
10612,781.7622,1189.9132
10613,800.75214,1193.0653
10614,818.6877,1193.9702
10615,821.45526,1190.7932
10616,810.3539,1184.981
10617,799.30975,1180.0126
10618,794.79517,1176.9731
10619,793.43756,1175.0105
10620,794.2068,1174.2393
10621,797.0875,1175.336
10622,798.4703,1178.5771
10623,798.6554,1182.8866
10624,803.1954,1186.2748
10625,813.6976,1188.3342
10626,826.9592,1189.6023
10627,835.39166,1190.0975
10628,828.10425,1190.5057
10629,807.22266,1191.8516
10630,788.7274,1194.5117
10631,779.02386,1198.1172
10632,773.86365,1200.2015
10633,776.8526,1195.4027
10634,796.7401,1179.5844
10635,828.3563,1158.6534
10636,855.1546,1146.3347
10637,869.824,1147.9348
10638,873.61304,1156.3513
10639,864.0964,1163.5216
10640,842.0727,1166.8119
10641,819.87573,1167.1559
10642,809.40656,1165.9049
10643,809.88904,1163.5288
10644,813.54987,1160.7167
10645,814.9574,1160.05
10646,813.18225,1164.077
10647,810.7632,1171.2876
10648,811.00885,1177.7283
10649,816.1135,1182.0166
10650,825.90875,1185.2031
10651,833.0924,1188.045
10652,826.48096,1189.8611
10653,808.349,1188.317
10654,796.1794,1182.4321
10655,799.8096,1174.1187
10656,811.87335,1164.6451
10657,821.0471,1155.6252
10658,822.6142,1151.9231
10659,819.49036,1155.9989
10660,816.1418,1163.4249
10661,813.1195,1168.6538
10662,813.0545,1170.5734
10663,820.89075,1171.2872
10664,831.2235,1172.5867
10665,830.485,1173.5024
10666,816.5496,1171.9647
10667,805.32025,1168.6342
10668,809.4652,1165.8704
10669,819.55005,1164.4779
10670,818.71783,1165.4097
10671,805.11316,1170.3513
10672,791.77673,1176.5303
10673,789.439,1178.4515
10674,794.9207,1176.5565
10675,801.8229,1175.9314
10676,811.41486,1178.3906
10677,824.41644,1182.2782
10678,831.8295,1187.3468
10679,823.04114,1193.215
10680,804.6786,1194.0613
10681,796.7138,1185.3816
10682,804.37036,1173.835
10683,815.07947,1167.1617
10684,820.9683,1162.4315
10685,824.0647,1155.4982
10686,826.0625,1150.0233
10687,824.2251,1151.0918
10688,814.7527,1158.433
10689,798.5497,1167.3666
10690,782.1974,1174.2538
10691,772.62683,1178.9089
10692,774.31006,1180.6818
10693,787.9104,1178.8003
10694,806.8977,1176.348
10695,820.63916,1176.154
10696,821.0823,1176.1935
10697,806.9947,1173.7311
10698,788.67175,1169.9459
10699,781.2801,1168.4287
10700,787.83496,1170.5096
10701,797.5852,1174.1168
10702,801.4662,1177.6504
10703,801.94855,1180.9482
10704,804.8629,1182.1907
10705,809.32007,1178.7959
10706,811.65106,1171.5496
10707,810.90076,1165.2394
10708,808.6759,1164.6798
10709,807.0026,1169.7572
10710,806.7907,1175.8379
10711,809.0084,1179.5879
10712,810.6482,1181.5018
10713,801.74347,1183.0052
10714,780.2814,1183.8811
10715,763.6425,1183.298
10716,767.3559,1181.1404
10717,783.2096,1175.1672
10718,794.118,1162.7003
10719,794.8904,1149.4111
10720,789.87286,1144.9409
10721,785.6802,1149.6594
10722,788.9976,1157.8602
10723,801.6008,1166.2695
10724,816.3076,1171.4335
10725,823.709,1169.9718
10726,821.84717,1164.4027
10727,815.5371,1160.7496
10728,811.9834,1161.2385
10729,816.1814,1163.4585
10730,824.92334,1165.2811
10731,830.1099,1167.0336
10732,829.46484,1168.7589
10733,829.3826,1169.6005
10734,835.73096,1170.2638
10735,845.4771,1172.1138
10736,849.51404,1174.0059
10737,843.187,1173.0483
10738,833.5321,1168.7184
10739,830.3807,1163.7247
10740,833.36395,1160.1836
10741,835.73285,1158.1927
10742,833.2009,1158.2639
10743,826.68207,1160.7307
10744,822.3934,1163.0245
10745,823.7444,1161.6421
10746,824.411,1156.4883
10747,818.98865,1150.8746
10748,813.44275,1147.9769
10749,814.5942,1148.778
10750,818.5378,1153.2421
10751,819.045,1160.8726
10752,818.002,1168.6902
10753,820.375,1172.3468
10754,826.13293,1170.9701
10755,831.63904,1168.0171
10756,835.17596,1166.7621
10757,838.4897,1167.1973
10758,842.6267,1167.8586
10759,843.5853,1168.1333
10760,837.3955,1167.7695
10761,828.1967,1166.9506
10762,822.927,1166.976
10763,822.82605,1168.532
10764,825.77454,1170.1714
10765,827.7885,1169.6233
10766,824.14923,1166.6176
10767,816.7187,1163.3158
10768,812.46924,1161.061
10769,813.67993,1159.6625
10770,816.8044,1159.9841
10771,818.2736,1163.4998
10772,818.0546,1169.6665
10773,817.9283,1175.4679
10774,817.5161,1177.3419
10775,815.1567,1174.3942
10776,809.0174,1171.0002
10777,798.34454,1173.0293
10778,789.03754,1178.6843
10779,789.38275,1178.6067
10780,800.1672,1168.765
10781,815.013,1158.3806
10782,826.6608,1158.5941
10783,832.49713,1166.5997
10784,833.9619,1171.8887
10785,834.45496,1172.5966
10786,838.6062,1173.5785
10787,844.99744,1175.851
10788,843.4484,1177.1901
10789,829.051,1176.9037
10790,812.83014,1174.502
10791,808.1508,1169.4873
10792,813.6776,1164.979
10793,819.03674,1165.5367
10794,818.47345,1170.878
10795,813.29974,1176.3821
10796,807.52435,1179.6348
10797,804.05817,1182.548
10798,804.37305,1186.7749
10799,806.69763,1191.5225
10800,802.5779,1195.1539
10801,787.18756,1194.7135
10802,770.712,1188.011
10803,764.943,1179.0138
10804,768.2923,1175.0554
10805,773.48114,1177.6256
10806,777.82635,1181.1152
10807,781.19476,1181.464
10808,782.6707,1181.5161
10809,783.0867,1184.9258
10810,786.0705,1188.2887
10811,794.2246,1184.399
10812,808.4652,1172.9832
10813,835.46814,1162.3333
10814,884.1363,1159.3663
10815,940.81934,1164.4257
10816,973.4321,1173.6177
10817,969.16644,1179.7732
10818,938.8205,1176.843
10819,898.9869,1167.7715
10820,860.456,1161.7533
10821,820.20593,1163.2935
10822,781.0468,1168.9739
10823,761.61786,1173.743
10824,766.8517,1176.4347
10825,780.3822,1178.5524
10826,788.52057,1180.8229
10827,790.4519,1182.8176
10828,790.75146,1184.2094
10829,792.2561,1184.8817
10830,795.9605,1184.4122
10831,801.33966,1182.6078
10832,804.72144,1180.6256
10833,803.3399,1180.3127
10834,799.95953,1181.1807
10835,798.7566,1180.3064
10836,800.7656,1177.2969
10837,805.53516,1175.431
10838,811.6965,1176.5068
10839,813.9893,1179.5259
10840,806.3318,1183.5529
10841,793.2457,1186.7887
10842,788.1127,1186.8458
10843,793.283,1185.0128
10844,797.9641,1183.9371
10845,800.44495,1182.3099
10846,810.96173,1179.0339
10847,827.4427,1178.1322
10848,831.59644,1182.478
10849,816.78937,1187.6954
10850,798.2628,1187.8973
10851,790.31274,1182.6104
10852,793.9785,1175.0936
10853,805.96704,1168.9359
10854,821.29675,1166.4912
10855,831.8419,1166.8965
10856,832.9754,1167.1871
10857,828.10376,1165.6366
10858,824.44934,1161.6809
10859,827.3882,1155.7866
10860,837.5347,1151.2128
10861,849.1714,1151.3082
10862,853.71686,1156.369
10863,848.9986,1165.1556
10864,842.42664,1174.4698
10865,841.9177,1179.8422
10866,847.2469,1180.7129
10867,853.35724,1180.4191
10868,857.4308,1181.5802
10869,857.83344,1185.9701
10870,850.7805,1194.705
10871,835.4712,1202.916
10872,818.2198,1201.1229
10873,806.97784,1187.3331
10874,805.75037,1170.8738
10875,812.18066,1161.5848
10876,818.96204,1160.3378
10877,820.7961,1162.242
10878,818.76624,1164.2645
10879,815.8609,1165.9163
10880,811.6256,1166.8615
10881,805.7117,1166.8783
10882,802.28955,1165.9379
10883,806.4333,1164.3071
10884,818.2436,1162.9075
10885,830.8747,1162.8292
10886,835.856,1165.0432
10887,832.85626,1169.034
10888,829.7993,1171.3462
10889,829.51935,1169.1907
10890,825.77673,1164.5411
10891,817.96436,1161.5911
10892,814.80347,1162.7344
10893,821.1595,1167.8784
10894,832.9259,1174.9165
10895,839.6362,1179.0415
10896,831.291,1167.5486
10897,812.74994,1124.0775
10898,803.03534,1056.0634
10899,808.0022,1000.0821
10900,810.97046,981.60535
10901,800.5466,991.9832
10902,784.41504,1007.3322
10903,774.15656,1014.619
10904,777.15674,1025.7982
10905,797.2399,1062.1637
10906,824.54785,1117.3411
10907,837.018,1160.1738
10908,826.2221,1177.1565
10909,805.0323,1180.0557
10910,790.4535,1180.1177
10911,789.56616,1178.8733
10912,795.0839,1174.5808
10913,797.9687,1168.3364
10914,798.355,1164.4381
10915,796.16724,1165.865
10916,790.37775,1172.5396
10917,788.79724,1181.9999
10918,799.729,1190.4055
10919,817.2773,1194.2251
10920,825.95215,1190.8899
10921,817.37585,1181.4248
10922,799.29407,1171.8773
10923,787.66974,1167.4276
10924,789.72253,1167.4688
10925,799.0524,1168.1355
10926,804.29724,1167.1387
10927,799.50226,1165.2574
10928,792.71216,1164.2561
10929,797.016,1165.3466
10930,810.1655,1168.5314
10931,819.0171,1172.3655
10932,819.93695,1175.8076
10933,820.2435,1178.8977
10934,825.33453,1180.9894
10935,833.3683,1181.0525
10936,839.4864,1179.7522
10937,840.5568,1178.6777
10938,837.10645,1178.0546
10939,833.56146,1177.1425
10940,834.62665,1175.8595
10941,839.0608,1174.5215
10942,841.71497,1173.3083
10943,841.63684,1172.9072
10944,840.8874,1173.2688
10945,838.55133,1172.5823
10946,831.03357,1170.4983
10947,816.33905,1169.0358
10948,800.2903,1168.9062
10949,793.7364,1168.8241
10950,797.4814,1167.6838
10951,800.35516,1165.3315
10952,792.9641,1162.7334
10953,775.9316,1160.7754
10954,761.8865,1159.0458
10955,765.80023,1159.8503
10956,786.05365,1165.9635
10957,808.76605,1164.0747
10958,829.0244,1129.2153
10959,848.84894,1064.2969
10960,863.2323,1009.4621
10961,869.6078,996.5026
10962,877.39685,1018.8487
10963,890.5527,1049.2734
10964,900.0093,1070.2772
10965,895.4244,1083.8391
10966,871.5724,1097.5172
10967,838.22943,1112.8999
10968,815.86237,1127.7817
10969,809.8405,1140.1858
10970,810.7099,1148.7195
10971,812.428,1152.4331
10972,812.9577,1152.1215
10973,813.2647,1150.2764
10974,819.7202,1149.0182
10975,834.49243,1149.8574
10976,849.16156,1153.9457
10977,856.44574,1159.2283
10978,858.9401,1161.2334
10979,861.37256,1159.0626
10980,862.62195,1155.6006
10981,858.89465,1152.7844
10982,851.25854,1150.7598
10983,845.06757,1149.1443
10984,841.55786,1147.3423
10985,837.8149,1145.594
10986,835.53296,1144.9335
10987,838.8041,1145.5549
10988,845.4425,1146.8607
10989,850.23303,1147.7228
10990,850.89575,1146.3918
10991,847.6171,1142.9181
10992,841.8954,1140.0415
10993,835.79504,1139.2017
10994,833.24756,1139.7627
10995,838.10596,1142.7655
10996,847.7872,1148.4567
10997,856.3713,1152.8545
10998,861.89246,1153.6815
10999,865.45654,1153.4828
11000,867.20905,1153.5006
11001,864.2545,1151.5032
11002,852.084,1146.907
11003,830.8212,1143.1656
11004,812.8237,1143.6876
11005,815.57404,1148.4785
11006,838.7995,1155.0742
11007,863.18616,1159.7513
11008,874.9709,1159.578
11009,875.47614,1155.6305
11010,871.7758,1151.8467
11011,868.4371,1150.2117
11012,864.668,1149.4124
11013,858.0488,1147.5726
11014,849.74713,1144.7329
11015,844.7043,1143.1271
11016,847.5807,1144.2985
11017,856.857,1147.011
11018,864.8951,1149.3798
11019,866.6848,1150.3618
11020,862.51056,1149.595
11021,853.16425,1147.7506
11022,843.6388,1145.6198
11023,842.6305,1143.5424
11024,849.50195,1142.9845
11025,855.8786,1145.3403
11026,857.4021,1148.9232
11027,854.32837,1150.7426
11028,849.61096,1150.1067
11029,846.1008,1149.6306
11030,843.25446,1152.1726
11031,841.5392,1155.9414
11032,842.69775,1156.7233
11033,843.98737,1154.1246
11034,843.5505,1151.1156
11035,845.8218,1149.5648
11036,851.3579,1148.5876
11037,852.73285,1145.84
11038,847.09235,1140.073
11039,841.03253,1133.6047
11040,840.48334,1131.265
11041,844.0539,1135.2892
11042,847.4533,1142.5535
11043,848.8673,1147.9601
11044,848.87714,1149.2113
11045,848.5255,1147.7435
11046,847.38354,1147.0469
11047,844.0978,1151.26
11048,840.55383,1162.276
11049,840.2043,1172.888
11050,841.77136,1160.415
11051,850.4456,1102.1829
11052,881.8024,1014.3875
11053,924.0096,950.0052
11054,938.17456,940.2077
11055,919.13885,968.2886
11056,897.32196,1002.84753
11057,887.9028,1026.4697
11058,884.19684,1035.6537
11059,881.1061,1036.6711
11060,882.3012,1040.6173
11061,890.6574,1050.3276
11062,900.1555,1056.9666
11063,900.86383,1055.9966
11064,883.3721,1061.6368
11065,844.22675,1091.0332
11066,802.68536,1133.6543
11067,790.0539,1162.3887
11068,815.87103,1169.6748
11069,867.1818,1163.7157
11070,921.1492,1148.7777
11071,951.16095,1132.2042
11072,947.6945,1127.0903
11073,927.2081,1135.0695
11074,911.8952,1144.8169
11075,909.2335,1149.0433
11076,908.42316,1148.4594
11077,892.6308,1144.9402
11078,854.27277,1142.6586
11079,800.63794,1148.1907
11080,751.7079,1161.1748
11081,728.9302,1173.1832
11082,740.1963,1177.8156
11083,769.2208,1175.5472
11084,781.8746,1167.1154
11085,764.24164,1145.1179
11086,738.42615,1106.5789
11087,723.99255,1071.19
11088,716.95953,1062.1971
11089,712.5482,1064.861
11090,721.6655,1017.48755
11091,758.28357,876.68494
11092,813.3871,707.19415
11093,848.08905,632.95233
11094,829.2237,673.69293
11095,769.9577,733.9743
11096,717.4303,752.922
11097,700.30896,744.9969
11098,704.9661,721.2692
11099,707.15436,683.7662
11100,702.95105,659.6515
11101,701.6635,679.85626
11102,709.8795,752.5928
11103,725.0667,852.38544
11104,738.9491,929.1983
11105,742.7878,934.0365
11106,727.26196,837.0139
11107,694.5616,675.08246
11108,665.50024,554.16187
11109,653.9344,537.2228
11110,652.2891,587.85754
11111,651.0775,637.35535
11112,650.6314,649.2391
11113,654.80115,631.6278
11114,666.4333,612.0781
11115,686.03564,603.73315
11116,708.70013,602.539
11117,725.09924,603.46277
11118,735.1864,605.4928
11119,756.7168,607.1446
11120,802.8149,604.2795
11121,853.97986,594.97424
11122,870.32623,583.0461
11123,833.6141,572.1114
11124,765.43475,567.1781
11125,702.4381,596.9317
11126,670.2315,703.14026
11127,678.36,871.40985
11128,714.53156,1021.49725
11129,749.0457,1099.9468
11130,763.608,1126.1152
11131,764.9482,1133.7096
11132,760.9197,1126.8895
11133,749.44653,1105.1545
11134,737.624,1083.2042
11135,735.39984,1075.097
11136,739.0404,1079.7197
11137,749.961,1086.0261
11138,780.4197,1087.5164
11139,822.5358,1087.075
11140,848.5234,1090.7223
11141,848.806,1099.7853
11142,839.3934,1106.0585
11143,836.6229,1099.707
11144,842.3755,1085.2228
11145,848.71796,1076.4736
11146,849.3359,1077.1471
11147,842.1673,1080.6504
11148,827.0676,1082.1567
11149,809.97754,1082.1058
11150,799.3726,1082.8472
11151,793.431,1084.8804
11152,784.4541,1087.5455
11153,779.08966,1090.9684
11154,808.44305,1093.8966
11155,894.5095,1092.431
11156,993.1729,1084.5112
11157,1033.3726,1074.443
11158,1011.30884,1069.2794
11159,956.82465,1071.5826
11160,865.57404,1079.6367
11161,755.1296,1089.7849
11162,705.7568,1095.1644
11163,770.8401,1091.824
11164,893.98486,1084.2329
11165,972.41034,1076.8765
11166,976.2962,1069.6172
11167,946.331,1062.9805
11168,915.5203,1058.3053
11169,893.9139,1055.8365
11170,886.3895,1055.5312
11171,888.0708,1055.5143
11172,887.3932,1053.4978
11173,880.888,1050.173
11174,872.43915,1046.7932
11175,865.30554,1043.5155
11176,860.3234,1040.9937
11177,856.83734,1039.8605
11178,854.8486,1039.8737
11179,855.62463,1040.1129
11180,860.7947,1039.6715
11181,866.9367,1040.9604
11182,851.1771,1053.2401
11183,789.0124,1081.9677
11184,710.5394,1109.9955
11185,677.3843,1113.5698
11186,693.7638,1097.0485
11187,716.7905,1081.5756
11188,726.9517,1075.0994
11189,739.68774,1074.2965
11190,777.61096,1073.1987
11191,834.6381,1066.4161
11192,872.44904,1060.7783
11193,868.9926,1073.8837
11194,841.142,1107.818
11195,812.5158,1139.2876
11196,792.061,1148.0986
11197,783.1976,1140.2455
11198,786.60077,1137.8926
11199,794.6031,1155.3223
11200,797.24884,1179.5824
11201,789.4639,1182.6316
11202,773.0052,1158.5284
11203,758.24713,1129.4426
11204,758.08136,1116.8257
11205,773.16986,1118.1135
11206,778.2954,1101.3744
11207,742.5112,1033.7994
11208,680.54346,937.60016
11209,642.8801,879.80005
11210,646.83856,887.0698
11211,666.5084,925.03613
11212,677.4534,958.0675
11213,678.6722,980.407
11214,684.13916,1000.32587
11215,702.1903,1021.9025
11216,724.91675,1041.5222
11217,739.3957,1053.7648
11218,739.1655,1056.3859
11219,727.76807,1052.2733
11220,719.99005,1048.7719
11221,726.59546,1048.7196
11222,739.4701,1046.8628
11223,746.16876,1041.2227
11224,746.8399,1036.422
11225,748.2409,1035.0618
11226,751.2343,1035.4475
11227,751.9325,1036.9167
11228,751.07355,1042.1122
11229,751.41693,1051.3854
11230,750.9026,1059.5457
11231,747.74725,1061.8573
11232,744.05457,1059.4991
11233,740.57166,1057.1193
11234,736.0644,1056.9336
11235,731.3606,1058.7539
11236,728.4694,1066.3567
11237,728.5066,1084.669
11238,734.41943,1095.6078
11239,747.45294,1041.2712
11240,758.65027,880.05005
11241,759.87115,679.7287
11242,756.01605,572.4058
11243,754.7452,584.51056
11244,759.94696,615.81055
11245,770.42053,596.31696
11246,778.21906,550.404
11247,779.59015,521.9849
11248,777.1295,525.03485
11249,766.9622,549.87463
11250,742.659,580.0586
11251,709.8252,606.3026
11252,681.2094,627.7582
11253,664.0164,646.74194
11254,657.8563,666.0027
11255,655.64417,685.33453
11256,645.6377,697.85236
11257,619.5764,692.6273
11258,588.6912,672.2854
11259,592.51495,678.307
11260,661.4482,770.63806
11261,759.49146,945.66693
11262,812.5072,1110.9215
11263,800.3626,1181.8436
11264,766.2093,1164.865
11265,747.0721,1119.3569
11266,745.44916,1083.4987
11267,751.5109,1064.2478
11268,760.5795,1059.4967
11269,773.7033,1062.8137
11270,791.4717,1065.4023
11271,808.4277,1062.3427
11272,816.55347,1053.6373
11273,817.4647,1043.4324
11274,822.6476,1036.2268
11275,835.9844,1030.8407
11276,846.87854,1022.73016
11277,846.64484,1012.25073
11278,843.2582,1006.244
11279,850.9172,1010.1642
11280,868.0226,1020.72485
11281,879.4464,1030.0062
11282,879.49854,1034.5334
11283,875.5115,1034.5005
11284,872.18567,1029.1324
11285,868.2462,1020.0437
11286,865.3602,1013.4004
11287,867.49286,1012.6383
11288,871.7793,1012.0347
11289,870.69025,1003.13403
11290,863.54236,988.4462
11291,858.0031,979.8609
11292,859.9552,981.7746
11293,866.73303,986.3892
11294,871.2928,985.04803
11295,870.44366,978.4577
11296,868.46576,975.48676
11297,873.88837,981.94904
11298,889.4995,993.7468
11299,904.12354,1001.72266
11300,903.9878,1000.4637
11301,891.8914,992.6628
11302,880.02966,986.32806
11303,866.4654,989.3034
11304,838.91815,1004.27576
11305,802.178,1024.646
11306,773.96466,1040.8313
11307,756.6384,1050.9094
11308,744.3573,1053.6382
11309,740.4299,1042.0743
11310,745.5981,1018.78827
11311,753.48376,999.82196
11312,765.0898,996.2092
11313,786.44684,1007.212
11314,807.50977,1029.17
11315,807.22797,1058.3351
11316,783.75244,1083.7134
11317,755.29016,1089.476
11318,737.5163,1075.2722
11319,728.4251,1062.2318
11320,710.49023,1067.1185
11321,684.58075,1080.5199
11322,684.8441,1083.1154
11323,733.28033,1074.3585
11324,804.055,1067.6843
11325,842.71436,1065.0499
11326,816.16205,1057.6726
11327,751.801,1049.9889
11328,704.8367,1055.7535
11329,693.33136,1070.9832
11330,700.1906,1079.431
11331,708.5184,1075.748
11332,711.0811,1067.4431
11333,708.1572,1068.3441
11334,703.504,1085.9348
11335,706.3374,1104.6433
11336,745.1561,1093.9402
11337,840.8609,1041.1812
11338,944.2983,974.357
11339,981.3214,937.9225
11340,959.75696,942.19867
11341,943.3567,961.8819
11342,961.02765,977.46094
11343,988.3109,986.9165
11344,990.941,990.5519
11345,972.0231,989.49365
11346,956.81586,990.1446
11347,947.4497,1000.7664
11348,920.9702,1025.6031
11349,862.82947,1057.4056
11350,792.474,1079.8652
11351,747.7586,1085.2057
11352,756.6695,1081.4794
11353,824.1009,1079.4359
11354,910.23486,1079.8801
11355,952.1188,1076.08
11356,935.89154,1067.178
11357,894.49115,1066.7539
11358,850.1441,1087.9727
11359,810.5962,1119.5448
11360,777.8175,1141.0673
11361,742.0937,1154.481
11362,705.3189,1165.9384
11363,686.2718,1164.5127
11364,688.68604,1144.1366
11365,701.0725,1115.2737
11366,716.38416,1091.4923
11367,729.8569,1079.8688
11368,736.1474,1081.8296
11369,733.9938,1097.5289
11370,728.01575,1118.9939
11371,732.55566,1126.5886
11372,762.024,1109.1447
11373,804.31354,1078.783
11374,830.6997,1051.9655
11375,835.645,1027.5396
11376,832.7799,999.99695
11377,826.3662,975.841
11378,812.9216,963.39154
11379,792.0851,963.39185
11380,770.07666,971.1742
11381,767.42755,982.6633
11382,804.8536,997.0982
11383,863.25385,1012.4833
11384,896.96643,1026.0612
11385,892.69446,1037.4414
11386,862.8745,1044.9104
11387,809.4269,1045.6687
11388,746.1169,1042.3427
11389,707.04047,1041.6525
11390,704.3923,1046.0133
11391,719.6593,1052.987
11392,733.8214,1061.8975
11393,742.56555,1073.6829
11394,751.7057,1085.538
11395,767.3067,1094.0223
11396,787.7929,1101.5245
11397,804.0454,1111.4731
11398,809.1643,1121.7974
11399,805.6076,1128.359
11400,801.3035,1128.3597
11401,801.2949,1121.4994
11402,803.2665,1113.1323
11403,803.0992,1110.2976
11404,801.57294,1113.0947
11405,800.7173,1115.6488
11406,799.92303,1114.4253
11407,800.327,1111.8883
11408,804.99866,1110.8021
11409,810.30396,1108.6108
11410,808.67926,1102.5585
11411,802.7305,1096.3221
11412,802.1425,1096.2377
11413,807.89545,1103.4456
11414,813.13043,1113.0623
11415,815.247,1119.2944
11416,815.9601,1119.1185
11417,815.79877,1113.8656
11418,815.25616,1108.3184
11419,815.06757,1106.8079
11420,815.2483,1110.6941
11421,816.7718,1118.1935
11422,820.37354,1125.451
11423,823.84247,1129.5814
11424,824.3783,1131.1227
11425,823.63196,1131.9612
11426,826.76404,1132.3009
11427,833.68365,1132.5287
11428,835.0567,1135.2329
11429,821.4417,1137.3268
11430,792.7758,1119.3345
11431,752.451,1043.3192
11432,701.4563,881.77216
11433,654.2575,683.2534
11434,638.0965,556.0776
11435,657.41254,540.8238
11436,686.68005,575.7149
11437,703.4965,597.83014
11438,706.78796,599.79846
11439,704.8745,597.3175
11440,700.6544,599.8353
11441,692.8955,609.4072
11442,683.35443,623.0099
11443,676.1148,636.687
11444,672.8259,649.48834
11445,671.07825,661.8822
11446,667.6507,671.0984
11447,662.289,668.90564
11448,654.7689,647.9231
11449,639.77057,622.87585
11450,623.236,648.9282
11451,639.15063,775.8725
11452,704.01044,960.15985
11453,771.3158,1093.6267
11454,786.91425,1135.665
11455,759.112,1130.1727
11456,733.35156,1115.6094
11457,729.4126,1099.3208
11458,737.10736,1084.707
11459,749.44696,1076.0553
11460,766.9984,1073.5514
11461,783.63965,1077.4462
11462,789.0648,1088.6879
11463,782.08026,1102.3827
11464,773.4933,1108.5746
11465,774.88715,1103.2239
11466,787.32367,1093.1665
11467,801.5667,1086.9755
11468,810.2957,1088.0793
11469,817.1069,1096.1072
11470,826.4745,1105.6974
11471,832.42163,1108.5076
11472,827.6434,1101.2355
11473,814.4953,1087.8456
11474,799.855,1074.2595
11475,788.2121,1064.4332
11476,782.1906,1061.218
11477,782.4999,1065.3164
11478,786.44836,1072.8381
11479,791.1043,1078.1398
11480,797.7072,1077.1803
11481,807.0743,1069.0526
11482,813.0711,1058.3918
11483,809.6486,1051.2983
11484,799.4837,1047.9535
11485,788.9853,1045.3754
11486,782.34,1043.571
11487,782.0051,1044.0878
11488,787.86365,1046.2599
11489,796.68115,1047.8735
11490,804.2488,1048.118
11491,806.94135,1047.965
11492,803.67267,1048.1892
11493,797.55286,1048.4736
11494,792.9383,1048.6351
11495,791.0697,1049.3
11496,791.36346,1049.9009
11497,796.50714,1047.4451
11498,813.73065,1039.5355
11499,838.9706,1030.5803
11500,835.20746,1035.8583
11501,770.21985,1065.0416
11502,685.19556,1096.6891
11503,649.8498,1100.2661
11504,664.12506,1078.9446
11505,682.82465,1056.7817
11506,687.71204,1045.3921
11507,686.068,1042.5878
11508,685.02185,1043.083
11509,685.9328,1043.855
11510,687.0111,1044.3009
11511,686.28265,1044.1615
11512,682.75525,1043.4498
11513,677.51385,1042.9177
11514,673.7214,1043.3159
11515,671.9201,1043.422
11516,666.84985,1040.3441
11517,653.482,1034.3535
11518,640.99524,1030.2562
11519,666.0024,1032.6166
11520,757.7531,1041.6307
11521,868.37354,1052.1348
11522,915.5943,1058.4258
11523,896.4238,1061.307
11524,865.7501,1065.775
11525,845.61,1072.9354
11526,822.2082,1078.7015
11527,789.7721,1079.519
11528,764.7103,1077.3441
11529,766.7432,1076.2128
11530,795.54425,1075.1848
11531,831.50775,1072.0157
11532,856.4851,1069.2473
11533,862.7254,1068.5969
11534,852.10077,1066.5399
11535,837.6828,1060.3939
11536,831.48724,1052.8999
11537,831.5873,1048.4205
11538,832.3364,1047.8513
11539,834.4892,1048.621
11540,838.2566,1048.2987
11541,840.04553,1047.3013
11542,839.4225,1047.5889
11543,840.1717,1049.5448
11544,842.96356,1051.8513
11545,843.1349,1053.3613
11546,838.2963,1054.1279
11547,833.4691,1054.6952
11548,834.47565,1054.4341
11549,840.0821,1052.7336
11550,846.12634,1050.622
11551,851.8827,1048.8015
11552,856.22266,1047.3201
11553,857.3109,1047.6036
11554,859.3384,1050.9996
11555,867.2402,1055.9664
11556,875.9876,1059.3517
11557,875.4805,1059.9037
11558,865.1335,1059.3473
11559,855.8543,1060.0948
11560,855.6536,1062.2671
11561,861.28845,1063.8853
11562,865.8891,1063.422
11563,866.2578,1060.6621
11564,860.42096,1056.7853
11565,845.87915,1054.4644
11566,827.3556,1055.1815
11567,818.01886,1056.8293
11568,823.1344,1056.549
11569,834.3114,1054.7487
11570,850.0388,1055.0415
11571,880.3173,1059.8229
11572,917.2589,1065.0997
11573,933.0149,1064.4037
11574,908.4889,1060.29
11575,842.40686,1062.39
11576,762.6678,1072.6189
11577,717.2341,1084.676
11578,721.7878,1094.5266
11579,751.45856,1101.5562
11580,778.1893,1106.0178
11581,787.99133,1109.829
11582,784.40326,1115.2786
11583,780.63403,1119.1805
11584,781.3801,1115.1761
11585,783.0868,1107.5454
11586,785.3487,1108.82
11587,789.1466,1121.3086
11588,791.02734,1137.6136
11589,788.2459,1152.6736
11590,785.7193,1161.5221
11591,789.0491,1159.4749
11592,795.32654,1151.2709
11593,799.5455,1145.5409
11594,801.7973,1143.5118
11595,803.3795,1142.5432
11596,804.3555,1141.8613
11597,805.18896,1140.6143
11598,805.9506,1137.4359
11599,805.8481,1133.2085
11600,805.2309,1130.1527
11601,805.42535,1129.2073
11602,806.66425,1131.2355
11603,808.6745,1136.8634
11604,811.123,1143.3539
11605,812.93427,1146.641
11606,813.4551,1146.0725
11607,811.76385,1143.396
11608,806.7366,1139.7224
11609,800.6131,1136.0979
11610,797.1304,1134.3757
11611,797.4514,1135.8947
11612,801.3912,1140.0344
11613,807.8493,1144.3264
11614,814.1495,1145.9385
11615,817.3746,1143.5369
11616,815.30005,1138.7758
11617,808.5485,1136.3085
11618,801.9428,1139.9211
11619,800.1036,1147.4052
11620,803.44,1152.4727
11621,810.6526,1152.058
11622,819.28613,1148.706
11623,822.59656,1146.5729
11624,816.51355,1147.452
11625,808.3997,1150.0753
11626,807.8239,1151.8071
11627,814.74176,1151.085
11628,823.3143,1148.2839
11629,827.6545,1145.1266
11630,823.61615,1144.3694
11631,813.9215,1147.9257
11632,807.99194,1153.7537
11633,811.7918,1156.749
11634,821.0244,1154.2596
11635,826.31274,1149.3185
11636,823.97986,1146.9867
11637,819.21686,1148.4404
11638,818.4193,1149.925
11639,822.788,1147.5116
11640,828.04895,1142.2653
11641,827.3602,1139.1405
11642,819.7755,1140.5273
11643,813.77423,1143.6943
11644,816.0209,1144.8976
11645,822.85376,1143.4011
11646,825.5007,1141.1074
11647,820.28625,1139.9631
11648,814.23376,1140.9897
11649,815.0489,1143.8804
11650,817.2565,1146.5131
11651,812.6488,1147.2432
11652,806.5026,1146.1143
11653,805.03546,1143.9702
11654,802.7734,1143.9835
11655,796.13745,1149.1375
11656,791.8053,1156.1788
11657,796.36676,1159.1823
11658,807.731,1157.7668
11659,818.9675,1155.9911
11660,825.2149,1156.0045
11661,824.77466,1157.0619
11662,820.28143,1157.7769
11663,818.017,1156.9219
11664,819.78235,1155.0638
11665,819.935,1154.4882
11666,815.72437,1155.3019
11667,813.4842,1155.0208
11668,818.1144,1152.7959
11669,824.61346,1150.9156
11670,825.4038,1151.8204
11671,819.5621,1155.0652
11672,813.557,1157.6344
11673,814.1497,1157.1312
11674,819.3076,1155.0115
11675,820.593,1154.7437
11676,817.05927,1154.0524
11677,817.72437,1145.4602
11678,825.4767,1129.7667
11679,830.6472,1118.5299
11680,826.22394,1119.0687
11681,817.6025,1126.5007
11682,811.99,1132.7706
11683,809.93274,1137.1887
11684,811.2714,1142.1405
11685,816.1457,1143.9443
11686,820.37787,1138.97
11687,819.2584,1132.8765
11688,812.8596,1132.4622
11689,806.0088,1134.8273
11690,803.9175,1133.4222
11691,805.8952,1128.0203
11692,805.5396,1123.6908
11693,799.69135,1124.7017
11694,793.6015,1130.6113
11695,793.4953,1137.1814
11696,797.5899,1140.7618
11697,798.61914,1140.6733
11698,794.2652,1139.276
11699,791.6373,1140.6147
11700,797.27936,1145.9568
11701,806.3068,1151.4418
11702,809.0072,1152.1494
11703,803.94745,1147.4663
11704,798.65063,1142.1663
11705,799.5497,1140.7606
11706,803.869,1140.8118
11707,804.67,1136.0305
11708,801.7393,1126.2588
11709,799.85803,1119.7526
11710,799.95746,1123.2726
11711,799.71826,1132.9657
11712,799.0596,1138.7819
11713,799.40656,1136.2842
11714,799.4367,1130.3613
11715,795.9987,1127.6191
11716,790.25916,1129.1737
11717,787.6871,1131.8745
11718,790.21014,1132.841
11719,794.8671,1132.1357
11720,799.2454,1132.0369
11721,802.2081,1133.4279
11722,802.5758,1134.793
11723,801.3999,1135.7455
11724,801.78015,1138.1133
11725,804.10876,1141.9362
11726,805.1374,1145.4423
11727,803.0219,1148.8944
11728,800.9439,1152.2258
11729,803.58636,1152.5276
11730,810.06805,1149.6549
11731,813.3979,1148.299
11732,808.86615,1150.9496
11733,800.4659,1155.1415
11734,795.9881,1157.6284
11735,797.5996,1156.9437
11736,801.7583,1154.315
11737,807.0289,1152.505
11738,813.4317,1151.6538
11739,815.90173,1149.6227
11740,810.4432,1147.3087
11741,802.5646,1148.1746
11742,799.9253,1152.3573
11743,802.4233,1156.1654
11744,804.4556,1156.7631
11745,804.06506,1154.6184
11746,805.5321,1152.0535
11747,810.08276,1150.1257
11748,811.3245,1147.7471
11749,806.3162,1144.3564
11750,801.4584,1141.149
11751,801.5944,1139.1143
11752,804.06775,1138.7075
11753,807.3307,1140.3678
11754,813.43854,1142.8579
11755,819.5167,1144.1693
11756,819.6035,1144.3527
11757,816.09503,1144.3014
11758,816.5764,1143.8555
11759,819.764,1143.1174
11760,818.16266,1143.1432
11761,813.60986,1143.8308
11762,814.8805,1143.5066
11763,821.95294,1141.8818
11764,827.3512,1141.2129
11765,828.2638,1143.0745
11766,827.5746,1144.5349
11767,827.3958,1141.3971
11768,826.4009,1136.2296
11769,824.01416,1134.9994
11770,821.6892,1136.0382
11771,818.2157,1133.4358
11772,812.85706,1128.1034
11773,810.0495,1124.7617
11774,812.1419,1123.4974
11775,815.2106,1122.4219
11776,816.6996,1122.1849
11777,817.8578,1123.2109
11778,818.6236,1124.0869
11779,818.4368,1124.4695
11780,818.79584,1125.6393
11781,819.54474,1127.9155
11782,818.34656,1130.2678
11783,816.58746,1131.959
11784,817.1733,1133.3168
11785,817.4579,1134.9863
11786,814.7111,1135.9154
11787,811.58575,1133.5487
11788,809.29126,1128.2235
11789,806.98773,1124.4706
11790,807.3745,1124.585
11791,810.2371,1125.9103
11792,809.0429,1126.4531
11793,803.58594,1126.3549
11794,800.9077,1125.4783
11795,802.55316,1124.8033
11796,805.6115,1126.221
11797,809.02625,1129.4427
11798,811.3939,1132.75
11799,811.25433,1135.3229
11800,810.3591,1136.3827
11801,809.6824,1135.3466
11802,807.2573,1133.5558
11803,804.52893,1132.5223
11804,804.3289,1132.9022
11805,805.56287,1135.2749
11806,807.73914,1138.1525
11807,809.84174,1139.047
11808,808.3194,1138.2858
11809,805.06256,1137.4268
11810,804.8039,1136.7626
11811,806.0015,1136.6165
11812,806.04443,1137.6522
11813,805.4302,1139.9202
11814,803.5528,1142.7214
11815,800.78296,1144.9064
11816,799.39417,1147.3984
11817,800.38226,1151.7072
11818,805.2631,1150.6875
11819,812.49774,1132.8931
11820,813.5867,1102.1417
11821,804.3639,1075.4979
11822,791.9201,1062.8585
11823,784.623,1063.797
11824,783.3304,1075.9697
11825,784.82056,1095.706
11826,787.9907,1115.8999
11827,792.18445,1130.3195
11828,797.6003,1138.0923
11829,806.3113,1141.6545
11830,813.34686,1144.9626
11831,809.2002,1150.4326
11832,797.123,1153.9569
11833,791.025,1150.7058
11834,795.4875,1142.0688
11835,803.5728,1128.67
11836,809.26154,1108.3717
11837,809.01056,1087.4396
11838,800.9783,1077.6317
11839,790.4317,1080.3058
11840,786.7014,1088.0741
11841,793.39984,1097.7277
11842,805.7751,1111.4685
11843,816.6648,1129.3334
11844,822.74,1146.0962
11845,822.3945,1157.4895
11846,814.14166,1164.5153
11847,802.77734,1168.5997
11848,796.9688,1169.0873
11849,799.7863,1165.7683
11850,808.3174,1159.6533
11851,816.9636,1153.2928
11852,819.7066,1148.9594
11853,814.61096,1145.6718
11854,806.77966,1142.4336
11855,804.18854,1141.888
11856,809.28516,1145.8359
11857,816.4479,1150.7117
11858,818.13434,1152.389
11859,813.0598,1150.7836
11860,808.7786,1145.6173
11861,813.39716,1135.7855
11862,823.8029,1125.7549
11863,830.2,1123.4519
11864,830.7342,1130.5048
11865,829.22424,1140.1908
11866,825.41394,1145.3391
11867,818.2615,1145.2644
11868,811.354,1143.167
11869,809.9963,1140.1194
11870,815.4974,1134.371
11871,822.3228,1124.9432
11872,820.7172,1116.6481
11873,806.7633,1117.8632
11874,789.7184,1128.6094
11875,782.59283,1139.1323
11876,790.05646,1140.7085
11877,808.54175,1129.7412
11878,828.1523,1110.7317
11879,837.1441,1095.5702
11880,830.66974,1089.0876
11881,811.3655,1085.3888
11882,788.04584,1081.3783
11883,779.00696,1080.4071
11884,801.12823,1083.508
11885,848.3299,1085.3389
11886,893.81915,1080.6238
11887,906.1585,1073.5415
11888,866.90906,1073.9092
11889,801.01666,1081.673
11890,758.61707,1085.5848
11891,745.85547,1078.6888
11892,718.1391,1063.6791
11893,654.5788,1042.3291
11894,604.7528,1013.5137
11895,619.70966,984.2737
11896,675.6018,970.9195
11897,724.40826,983.75964
11898,752.9603,1010.72266
11899,758.63806,1022.66205
11900,736.30115,1003.1711
11901,703.2645,969.52344
11902,695.663,954.5437
11903,723.3358,963.95306
11904,749.37354,964.76483
11905,736.1356,933.0352
11906,696.71106,894.8608
11907,669.77765,887.72577
11908,663.56525,907.71564
11909,664.0029,929.81274
11910,666.7877,944.7627
11911,671.65125,952.9867
11912,677.93866,954.091
11913,693.7163,949.8122
11914,723.4122,942.1491
11915,752.6846,934.07135
11916,763.7415,935.28906
11917,756.24316,956.9722
11918,741.89105,997.7943
11919,727.1934,1042.6444
11920,712.9887,1074.5466
11921,703.1003,1085.0304
11922,697.2412,1080.5671
11923,689.7537,1074.7382
11924,701.1012,1067.4384
11925,785.61444,1042.899
11926,955.4151,994.3958
11927,1118.9337,939.9109
11928,1164.4199,904.44836
11929,1088.446,896.0498
11930,980.8324,904.98553
11931,904.04724,915.5138
11932,851.2313,914.4345
11933,804.65375,899.0005
11934,767.9634,883.9207
11935,740.5592,893.56433
11936,709.93463,937.57227
11937,681.0015,994.625
11938,673.26434,1031.4308
11939,684.80896,1040.1887
11940,698.3943,1043.8182
11941,710.6527,1063.097
11942,728.4576,1091.9058
11943,752.23676,1110.1294
11944,773.0606,1110.935
11945,783.4451,1106.3264
11946,786.60583,1109.3615
11947,790.2045,1117.5453
11948,797.0886,1121.0566
11949,804.49585,1119.7202
11950,808.4554,1117.3412
11951,807.7896,1111.3479
11952,801.8596,1099.3081
11953,790.58075,1084.4149
11954,781.298,1072.0011
11955,782.70935,1066.9767
11956,791.24316,1071.2633
11957,797.26184,1080.2241
11958,798.99677,1086.2297
11959,800.9931,1088.0348
11960,805.0664,1090.353
11961,807.8061,1094.7788
11962,805.4379,1100.5438
11963,800.6756,1109.8547
11964,801.9192,1123.143
11965,810.7136,1134.9268
11966,816.7818,1139.8662
11967,813.36395,1138.2292
11968,805.9977,1133.8262
11969,800.81476,1129.3643
11970,797.94495,1124.6211
11971,796.3561,1118.8092
11972,796.10565,1113.5698
11973,798.3537,1112.0848
11974,803.47986,1115.4604
11975,807.9291,1121.7625
11976,807.54266,1128.1437
11977,803.573,1132.2346
11978,801.45807,1132.7825
11979,804.20325,1129.7026
11980,810.14685,1123.4459
11981,816.2958,1115.828
11982,819.49023,1109.9539
11983,818.19415,1107.049
11984,815.76807,1105.4064
11985,816.18475,1102.8053
11986,818.67175,1098.4282
11987,819.76526,1094.0746
11988,816.9745,1092.8456
11989,811.58344,1095.225
11990,808.30524,1098.913
11991,809.8418,1101.6835
11992,814.2186,1101.7385
11993,816.8712,1098.4504
11994,815.1265,1094.1853
11995,814.15173,1089.1711
11996,822.6071,1078.7848
11997,837.5914,1065.1006
11998,844.3288,1058.8429
11999,835.76227,1063.6185
12000,821.5455,1071.9801
12001,813.985,1077.426
12002,814.44867,1085.0754
12003,816.44763,1106.3955
12004,815.1693,1136.5149
12005,811.52484,1153.8252
12006,809.6917,1151.3694
12007,811.9488,1142.6608
12008,817.6981,1133.9541
12009,826.32996,1116.6205
12010,834.42255,1090.1624
12011,834.9707,1070.2034
12012,827.39386,1065.5634
12013,816.82336,1068.1063
12014,802.6514,1069.542
12015,783.65576,1070.2916
12016,766.16296,1073.1188
12017,754.6323,1080.0952
12018,747.5739,1091.4236
12019,745.90125,1101.7223
12020,751.12537,1104.7383
12021,760.12494,1102.1617
12022,769.58234,1100.2299
12023,777.5479,1100.6105
12024,781.17084,1101.6101
12025,780.61774,1104.0585
12026,780.85516,1109.0038
12027,783.87054,1113.4379
12028,784.64606,1113.874
12029,780.30206,1110.5708
12030,779.053,1103.8542
12031,791.2457,1092.2875
12032,811.87463,1079.21
12033,824.79016,1072.7737
12034,822.7678,1077.8768
12035,810.67816,1093.1637
12036,797.2193,1112.0334
12037,791.7498,1128.6703
12038,797.6474,1142.9182
12039,806.6844,1152.2108
12040,810.37366,1150.6825
12041,811.54236,1139.2726
12042,815.44495,1123.2242
12043,820.12164,1108.1125
12044,822.15247,1101.4556
12045,822.419,1106.0116
12046,823.3644,1116.0115
12047,825.3986,1123.7104
12048,826.5639,1124.1975
12049,825.3596,1116.4432
12050,823.30035,1104.2648
12051,822.7662,1093.8978
12052,823.8853,1088.0234
12053,824.43713,1084.4209
12054,821.86346,1081.1818
12055,816.55975,1079.7152
12056,812.76117,1081.1609
12057,813.8489,1083.9874
12058,817.0478,1087.9012
12059,815.0588,1095.7214
12060,804.99786,1107.942
12061,793.39484,1120.8578
12062,787.31494,1132.3534
12063,786.24524,1142.4363
12064,788.13855,1149.5084
12065,793.1153,1152.7821
12066,799.4932,1153.7793
12067,806.8113,1150.9398
12068,818.2315,1139.5613
12069,831.67975,1122.2429
12070,839.30835,1110.5746
12071,839.5652,1111.9205
12072,836.368,1123.4346
12073,831.4218,1137.0591
12074,827.1814,1143.3405
12075,825.73376,1137.4946
12076,824.153,1124.778
12077,820.4467,1113.4562
12078,816.5388,1105.6212
12079,812.8459,1100.0988
12080,809.39294,1099.3052
12081,808.91705,1107.1575
12082,812.0158,1119.9082
12083,815.3381,1127.9817
12084,816.15393,1129.7682
12085,813.2761,1131.4551
12086,807.5077,1134.5778
12087,803.5036,1134.0049
12088,806.0842,1124.4323
12089,813.6562,1106.2935
12090,818.08795,1087.9955
12091,814.6862,1078.8793
12092,808.9471,1079.4794
12093,808.49365,1083.5255
12094,812.9119,1087.3339
12095,815.5454,1092.0774
12096,813.0446,1098.5198
12097,808.6366,1104.4851
12098,806.33026,1107.9426
12099,806.7231,1108.7197
12100,807.89246,1107.4563
12101,807.716,1107.4667
12102,805.4537,1114.4639
12103,801.1539,1128.2997
12104,795.2941,1140.5364
12105,790.61865,1143.617
12106,790.97235,1137.5168
12107,795.92554,1128.2745
12108,799.75555,1121.7213
12109,798.46466,1118.6581
12110,794.86395,1117.443
12111,794.02893,1119.1561
12112,797.1224,1126.1129
12113,801.2364,1135.1815
12114,802.52454,1138.5676
12115,799.29584,1132.3926
12116,793.8768,1119.8014
12117,791.9129,1107.2094
12118,797.0092,1099.016
12119,805.41724,1093.1511
12120,810.69604,1084.2118
12121,811.4866,1073.3047
12122,809.88995,1067.7823
12123,807.54926,1071.1274
12124,805.7758,1082.7485
12125,803.78687,1103.7778
12126,800.335,1132.7588
12127,799.4265,1158.865
12128,803.59076,1170.0249
12129,807.5034,1168.0054
12130,808.33014,1165.9984
12131,809.38824,1171.0234
12132,813.23926,1170.657
12133,818.17926,1133.0607
12134,815.29083,1039.1818
12135,798.71344,930.3172
12136,785.925,884.3303
12137,802.4463,928.1323
12138,838.5546,1009.6557
12139,854.1868,1056.7162
12140,831.46136,1041.3239
12141,792.09045,989.78687
12142,765.4537,945.4676
12143,765.28064,931.86743
12144,793.72766,946.96967
12145,837.594,975.92883
12146,858.9685,1002.6301
12147,829.1444,1019.6649
12148,770.5409,1029.4164
12149,714.3908,1028.9569
12150,643.2381,1004.177
12151,545.4224,953.6701
12152,474.90686,903.3814
12153,482.76224,880.27234
12154,546.25385,885.11816
12155,614.48364,899.06055
12156,668.518,907.7405
12157,711.28754,913.42847
12158,745.00195,923.0152
12159,773.3992,934.79504
12160,800.1763,943.5947
12161,827.1335,949.5116
12162,859.17194,957.6093
12163,896.2041,970.69794
12164,924.7872,983.5381
12165,921.4157,988.24567
12166,871.6246,984.6127
12167,799.4018,981.292
12168,747.95844,988.5094
12169,727.9582,1010.074
12170,721.294,1038.3103
12171,717.2326,1060.7919
12172,717.403,1074.6353
12173,722.33704,1084.1807
12174,726.8345,1089.3278
12175,724.6849,1088.8474
12176,715.9546,1086.1376
12177,711.796,1083.7219
12178,724.559,1080.9005
12179,746.395,1078.9735
12180,754.6049,1081.3542
12181,745.29767,1086.8643
12182,742.1575,1087.8417
12183,761.9636,1080.0316
12184,779.55084,1071.6465
12185,760.572,1073.452
12186,737.973,1081.4569
12187,776.1501,1081.0294
12188,852.8074,1068.4866
12189,909.50415,1054.461
12190,973.5454,1041.747
12191,1064.0604,1016.57355
12192,1105.0573,971.0652
12193,1061.5988,921.61096
12194,992.93,892.21906
12195,936.93,884.693
12196,887.1314,881.8947
12197,848.8693,877.8566
12198,828.206,880.9392
12199,797.56934,892.0326
12200,722.39197,902.4229
12201,622.7315,904.8912
12202,559.48566,897.3641
12203,552.34125,882.92816
12204,573.5484,870.1132
12205,609.7796,879.65784
12206,669.6177,933.82007
12207,743.3661,1015.71454
12208,801.4477,1077.2854
12209,829.4776,1103.8574
12210,835.1565,1117.6794
12211,830.2821,1119.5767
12212,820.57666,1078.7366
12213,804.98425,988.5565
12214,785.24426,896.54333
12215,770.0754,851.0926
12216,764.293,848.7321
12217,765.1169,857.80347
12218,769.1934,860.687
12219,775.2114,858.45496
12220,782.86224,857.66455
12221,791.9601,861.89795
12222,800.9835,873.5666
12223,808.388,906.6949
12224,815.0147,975.4098
12225,820.5884,1054.2208
12226,820.0724,1099.4272
12227,811.66064,1112.8959
12228,804.3098,1125.1632
12229,805.5416,1143.2937
12230,809.4822,1155.7323
12231,808.10077,1156.156
12232,802.6422,1148.4733
12233,797.5855,1138.7402
12234,794.5813,1127.4918
12235,794.31195,1113.9713
12236,796.1511,1102.4618
12237,796.82446,1099.8939
12238,794.70874,1107.2328
12239,791.7931,1116.8655
12240,790.33124,1121.6898
12241,792.6351,1120.2903
12242,799.841,1113.3281
12243,807.77856,1103.6915
12244,810.4739,1096.9895
12245,807.918,1095.3756
12246,805.4554,1095.3987
12247,805.7501,1094.3059
12248,804.68756,1092.8081
12249,796.9541,1091.5316
12250,785.79486,1089.5055
12251,781.3869,1085.1803
12252,783.6411,1077.4769
12253,780.89276,1068.4324
12254,773.6725,1066.1766
12255,775.7899,1079.3007
12256,787.6995,1102.2358
12257,796.0538,1116.9813
12258,797.1567,1114.2766
12259,797.9695,1100.7507
12260,800.8716,1087.5992
12261,803.76135,1080.859
12262,806.9382,1081.4824
12263,808.8294,1089.6733
12264,805.4464,1101.9349
12265,798.8011,1109.6875
12266,794.928,1109.3242
12267,795.2683,1106.4003
12268,795.8939,1107.3292
12269,793.2268,1112.8683
12270,788.69556,1119.2003
12271,785.8991,1122.8102
12272,785.403,1123.0961
12273,785.2688,1120.6124
12274,783.86383,1116.3533
12275,781.2318,1112.7001
12276,780.4112,1111.5886
12277,785.6366,1112.1261
12278,795.57367,1111.9354
12279,803.24835,1110.1011
12280,805.5667,1107.8082
12281,804.98895,1107.3688
12282,802.5679,1110.6267
12283,799.0843,1115.8901
12284,801.2851,1115.6564
12285,813.86743,1102.0339
12286,824.35895,1077.658
12287,815.3008,1054.2788
12288,791.2072,1041.053
12289,771.7357,1039.9943
12290,764.35425,1046.6926
12291,759.0225,1055.0487
12292,744.12427,1064.3359
12293,724.54877,1077.785
12294,722.3568,1094.9122
12295,751.49274,1108.8949
12296,795.2765,1114.4608
12297,824.4423,1116.6478
12298,834.2684,1126.2683
12299,840.5839,1146.8027
12300,848.56104,1169.0604
12301,851.12885,1181.2125
12302,844.8677,1179.7452
12303,833.28894,1165.1427
12304,823.78485,1138.374
12305,821.3404,1109.3273
12306,822.4523,1093.5645
12307,820.9152,1095.4218
12308,816.8042,1106.4073
12309,814.0722,1118.5023
12310,815.15314,1131.2267
12311,821.38464,1148.2562
12312,832.0044,1168.3224
12313,841.8267,1181.3967
12314,846.0758,1176.0558
12315,845.0703,1149.4717
12316,840.77936,1113.2051
12317,834.27075,1086.3807
12318,826.2867,1078.4692
12319,817.4249,1083.927
12320,809.05225,1093.4178
12321,802.9053,1103.1375
12322,800.7071,1114.228
12323,804.6646,1128.9768
12324,814.26917,1146.0492
12325,823.4511,1158.2341
12326,826.53235,1159.4435
12327,824.6551,1150.4255
12328,821.8954,1135.677
12329,820.602,1121.7512
12330,822.0416,1115.0851
12331,825.1206,1116.577
12332,826.0229,1122.6012
12333,823.24225,1129.7689
12334,819.8275,1136.8577
12335,818.8094,1145.9021
12336,819.639,1158.5079
12337,820.54663,1169.3855
12338,820.96783,1171.1383
12339,820.0493,1164.0327
12340,817.33307,1153.5739
12341,815.71765,1141.8959
12342,818.57166,1127.9203
12343,824.80786,1114.8651
12344,830.07184,1110.2947
12345,829.7427,1118.2627
12346,822.2557,1135.8419
12347,812.96375,1154.1027
12348,808.27374,1164.6016
12349,807.90265,1167.0598
12350,811.20374,1162.5945
12351,819.77637,1146.6719
12352,827.4315,1120.544
12353,824.19965,1097.4503
12354,814.59204,1088.8982
12355,825.73987,1093.2703
12356,884.231,1097.9528
12357,967.1229,1090.8508
12358,1011.1892,1075.446
12359,987.0504,1070.7544
12360,917.76807,1087.1722
12361,843.73517,1109.4476
12362,798.0589,1117.3646
12363,785.17773,1111.8158
12364,784.3051,1105.4331
12365,781.5644,1102.3936
12366,779.8554,1099.1626
12367,780.28357,1094.1053
12368,776.9167,1089.4606
12369,770.9394,1088.2091
12370,769.7454,1091.0044
12371,772.18787,1094.3633
12372,770.8589,1093.6815
12373,765.5176,1089.186
12374,760.65247,1084.8262
12375,755.08014,1081.6354
12376,745.9979,1077.9197
12377,739.6454,1075.6763
12378,745.9115,1079.0555
12379,761.3602,1085.4423
12380,771.7334,1088.9757
12381,771.38666,1090.979
12382,767.8024,1094.3511
12383,770.4385,1097.164
12384,782.01416,1101.5143
12385,799.0158,1113.7799
12386,815.0943,1129.9294
12387,824.11273,1135.8313
12388,824.19714,1125.1013
12389,816.5295,1103.6964
12390,804.0064,1081.8961
12391,795.18854,1072.0432
12392,798.0649,1081.9907
12393,806.2789,1104.2072
12394,806.3427,1121.486
12395,797.941,1123.0254
12396,792.7744,1111.1686
12397,796.8103,1097.3418
12398,803.0996,1091.0635
12399,801.9783,1091.5581
12400,793.27136,1091.8071
12401,784.5549,1087.6058
12402,780.51746,1080.3839
12403,779.3317,1074.1093
12404,778.9408,1071.4044
12405,781.0737,1071.7073
12406,786.9117,1072.713
12407,792.4571,1072.3672
12408,788.2791,1068.6992
12409,767.3553,1061.7177
12410,739.6457,1055.369
12411,724.9995,1051.4502
12412,725.97046,1047.3385
12413,728.251,1045.1208
12414,728.05145,1051.5154
12415,745.18024,1065.3867
12416,797.8746,1076.2766
12417,861.59247,1079.0839
12418,887.14087,1079.7537
12419,860.5587,1084.0664
12420,805.3379,1092.4116
12421,751.2792,1102.5571
12422,721.143,1110.3639
12423,716.9878,1112.9279
12424,723.3387,1111.4
12425,728.9034,1108.5109
12426,731.5608,1105.6365
12427,731.7856,1103.2198
12428,731.32007,1102.1726
12429,732.6375,1102.8766
12430,735.8516,1104.1047
12431,738.8677,1105.043
12432,742.2878,1106.8881
12433,749.78485,1110.9312
12434,761.88184,1116.4249
12435,774.1066,1121.5835
12436,782.134,1125.9152
12437,786.27484,1129.7831
12438,789.96576,1133.0435
12439,794.32587,1135.9564
12440,797.2826,1138.9675
12441,798.1745,1141.651
12442,798.74756,1143.7795
12443,799.5606,1145.5704
12444,799.52997,1147.3243
12445,798.7906,1149.5841
12446,798.9735,1151.441
12447,800.4294,1151.539
12448,801.51337,1151.2134
12449,801.293,1152.1139
12450,800.3531,1153.8292
12451,799.03033,1155.9564
12452,797.42505,1158.895
12453,797.44415,1160.99
12454,803.63873,1152.9816
12455,815.66046,1124.966
12456,820.1246,1087.1807
12457,805.74963,1062.3062
12458,781.41504,1055.6385
12459,760.4175,1058.3876
12460,745.26465,1066.9834
12461,745.83246,1079.3256
12462,777.7983,1087.9528
12463,824.82965,1090.425
12464,848.7787,1094.1946
12465,843.3125,1101.533
12466,830.5398,1106.855
12467,818.6801,1112.5574
12468,803.33887,1125.7128
12469,793.1546,1142.2324
12470,796.9554,1151.1855
12471,802.4945,1149.2496
12472,799.13055,1141.4071
12473,794.5357,1133.3707
12474,795.1702,1129.2898
12475,797.6705,1130.9097
12476,797.5178,1136.3772
12477,791.6325,1144.5012
12478,779.5472,1155.1288
12479,767.80365,1161.4097
12480,765.5999,1154.5646
12481,775.7584,1136.4567
12482,794.8083,1114.3462
12483,814.99854,1092.7451
12484,826.64996,1077.989
12485,825.5121,1076.766
12486,815.22437,1086.2224
12487,804.16754,1093.9326
12488,801.3953,1090.7218
12489,808.9295,1079.86
12490,818.70056,1071.5365
12491,822.3941,1071.2745
12492,819.29474,1075.6411
12493,811.5499,1079.2793
12494,802.37195,1081.4911
12495,798.48724,1083.4117
12496,803.25836,1086.6484
12497,812.5452,1094.1207
12498,821.49066,1104.6808
12499,828.38214,1111.6305
12500,832.79083,1111.6885
12501,831.8749,1112.6093
12502,821.37537,1124.5334
12503,806.38416,1141.612
12504,800.3462,1148.4089
12505,807.0589,1144.6598
12506,818.24744,1142.1183
12507,827.4415,1143.3492
12508,833.96826,1137.7147
12509,838.6265,1114.5803
12510,842.0544,1080.965
12511,843.70123,1058.5402
12512,841.77783,1056.6066
12513,836.1364,1062.416
12514,828.74884,1060.6416
12515,822.93616,1051.6128
12516,822.1156,1047.5557
12517,824.96405,1053.9437
12518,827.2927,1064.0396
12519,828.03204,1071.2969
12520,826.835,1076.6017
12521,823.3916,1084.233
12522,820.7523,1093.8224
12523,820.8226,1098.927
12524,820.8525,1098.1461
12525,820.9329,1101.058
12526,824.84143,1115.2649
12527,829.50116,1132.9758
12528,828.6258,1141.0529
12529,825.506,1138.817
12530,827.25476,1133.0798
12531,833.7951,1125.0103
12532,840.3657,1111.8619
12533,837.45795,1093.6349
12534,813.1105,1074.6648
12535,772.66077,1061.8108
12536,737.88727,1057.678
12537,718.1094,1056.363
12538,708.5144,1053.4263
12539,708.8849,1053.0043
12540,721.3701,1059.341
12541,741.4023,1071.1346
12542,760.70184,1084.5228
12543,774.6463,1095.7092
12544,782.85114,1103.2799
12545,784.8001,1109.8923
12546,781.553,1118.3788
12547,776.8743,1127.225
12548,772.27875,1132.0835
12549,767.9762,1128.3386
12550,766.91223,1115.0631
12551,772.85114,1099.4978
12552,785.92975,1091.1248
12553,799.0943,1091.8583
12554,801.93677,1096.6724
12555,794.29193,1099.7319
12556,789.0332,1098.9799
12557,792.7571,1097.1381
12558,796.62054,1096.3195
12559,795.61285,1094.7975
12560,796.803,1092.8176
12561,801.5262,1095.3027
12562,802.9234,1103.8586
12563,801.89343,1113.0696
12564,804.1874,1118.1548
12565,808.04114,1117.9845
12566,809.0394,1111.9291
12567,807.95544,1101.5057
12568,808.7787,1090.6038
12569,813.49976,1081.6276
12570,817.87366,1075.1505
12571,814.1964,1071.4995
12572,799.917,1071.0333
12573,782.89014,1072.7443
12574,775.9625,1074.0847
12575,781.56287,1075.043
12576,786.1508,1078.4868
12577,777.5112,1085.6544
12578,761.05035,1096.9614
12579,753.1698,1114.5404
12580,763.294,1136.2335
12581,782.6016,1149.2899
12582,792.81067,1141.9261
12583,788.85675,1119.6964
12584,782.8977,1099.767
12585,784.2954,1095.2091
12586,788.9504,1106.8331
12587,790.40497,1122.7784
12588,791.19855,1130.5652
12589,797.9722,1129.2029
12590,807.5784,1124.5485
12591,809.8204,1120.3251
12592,805.3722,1118.0615
12593,803.2296,1120.175
12594,804.10785,1128.9276
12595,802.8402,1142.12
12596,799.51184,1152.5026
12597,797.62683,1153.8315
12598,797.47034,1146.5791
12599,797.57275,1136.1871
12600,797.3277,1127.2087
12601,796.5241,1121.6635
12602,796.85254,1121.148
12603,799.4136,1126.4863
12604,800.72577,1135.5411
12605,797.33746,1143.5432
12606,791.06287,1146.2411
12607,787.053,1144.7161
12608,789.77673,1146.6254
12609,800.42395,1156.898
12610,815.8552,1169.3037
12611,830.2574,1174.5989
12612,838.0074,1171.4983
12613,836.9437,1164.1127
12614,830.1211,1154.8544
12615,821.13916,1143.1716
12616,811.15344,1129.6858
12617,802.1419,1117.9379
12618,795.58435,1110.8578
12619,790.30493,1110.3467
12620,785.9216,1117.4363
12621,783.4054,1128.3252
12622,782.7359,1136.2845
12623,784.6404,1138.5383
12624,790.9786,1136.4556
12625,800.5367,1131.41
12626,809.26166,1124.3726
12627,812.4354,1119.6261
12628,806.6221,1123.8595
12629,795.97815,1136.3082
12630,789.031,1147.2231
12631,786.943,1152.6143
12632,786.1426,1158.9584
12633,787.03827,1167.6039
12634,789.48236,1170.771
12635,790.03784,1165.9314
12636,790.395,1158.1492
12637,795.4149,1152.063
12638,803.0532,1150.3408
12639,807.5044,1153.0844
12640,807.16327,1157.1693
12641,803.8795,1158.6918
12642,799.612,1155.3533
12643,796.0722,1147.5824
12644,794.8275,1137.5574
12645,796.1495,1127.7318
12646,798.1467,1121.413
12647,798.20905,1121.2363
12648,796.09625,1126.0355
12649,793.71564,1132.6992
12650,792.4239,1139.5022
12651,793.10846,1145.8674
12652,795.9754,1151.355
12653,799.3094,1155.1968
12654,800.35345,1154.4962
12655,796.45557,1144.4116
12656,788.01715,1124.9988
12657,780.4091,1105.3706
12658,779.9539,1094.2957
12659,788.8774,1090.0658
12660,801.29407,1087.146
12661,807.7332,1087.3456
12662,808.3876,1096.4574
12663,810.6756,1112.9622
12664,814.723,1125.2424
12665,815.334,1123.8845
12666,811.3409,1113.8485
12667,804.61456,1108.7499
12668,798.5118,1116.1346
12669,795.95074,1130.3748
12670,794.51074,1141.039
12671,790.73535,1145.3773
12672,786.7739,1146.794
12673,786.18585,1147.6266
12674,789.01843,1147.5305
12675,792.822,1145.2988
12676,794.4932,1141.5403
12677,793.2619,1137.6283
12678,791.5291,1133.2039
12679,791.272,1128.3331
12680,792.62683,1126.4116
12681,794.833,1132.1995
12682,798.11395,1144.3513
12683,805.70703,1151.2478
12684,819.5675,1141.1936
12685,835.4723,1116.21
12686,845.3499,1091.6727
12687,841.19604,1081.133
12688,821.9181,1082.7814
12689,797.8083,1086.028
12690,781.0779,1084.2283
12691,774.8665,1075.838
12692,773.6709,1065.9078
12693,772.64594,1063.1014
12694,774.29425,1067.3348
12695,780.8872,1071.6414
12696,786.70154,1075.5105
12697,787.59674,1084.9475
12698,787.9942,1100.5039
12699,789.6834,1114.3009
12700,787.3551,1121.4473
12701,779.1731,1123.9235
12702,770.21106,1122.7606
12703,764.9264,1118.6119
12704,764.93616,1116.7134
12705,772.50555,1123.3656
12706,786.65796,1138.6667
12707,802.35693,1154.8005
12708,817.01154,1163.3749
12709,828.5383,1161.7772
12710,833.6264,1151.97
12711,833.1448,1138.8444
12712,829.41235,1128.1462
12713,818.21643,1121.3696
12714,794.93195,1114.4132
12715,767.19794,1103.6667
12716,748.8872,1092.3173
12717,744.83954,1087.2191
12718,750.47906,1089.956
12719,757.87396,1095.3906
12720,759.7782,1097.9344
12721,757.28894,1095.7878
12722,758.706,1089.936
12723,766.15704,1082.9391
12724,773.70715,1078.996
12725,779.2692,1079.5393
12726,785.94226,1080.6113
12727,791.64294,1079.5168
12728,790.61145,1078.1947
12729,785.8033,1077.9293
12730,785.13904,1077.2222
12731,786.3423,1075.3844
12732,782.6801,1076.3514
12733,777.6256,1086.2107
12734,777.62897,1102.4187
12735,782.4991,1112.5026
12736,789.7352,1108.2142
12737,795.2331,1093.3896
12738,793.7853,1078.209
12739,786.87177,1069.044
12740,782.826,1064.5806
12741,785.205,1062.9987
12742,787.4091,1065.342
12743,783.08746,1070.1536
12744,774.3407,1075.3986
12745,769.3712,1085.5616
12746,776.1591,1106.1096
12747,790.3566,1130.424
12748,797.9408,1143.1587
12749,798.16296,1135.6719
12750,801.90704,1112.2496
12751,808.3273,1087.8245
12752,809.05707,1078.0175
12753,806.4621,1087.3705
12754,807.23016,1109.251
12755,809.20325,1130.5337
12756,807.37085,1139.4167
12757,802.9281,1136.4191
12758,799.303,1130.352
12759,797.61725,1123.9333
12760,798.82275,1113.7307
12761,804.2029,1099.2836
12762,813.69464,1082.969
12763,824.2326,1068.5771
12764,829.5432,1062.3441
12765,825.8717,1065.4828
12766,816.91174,1070.6375
12767,809.39105,1071.6079
12768,806.3648,1069.6185
12769,807.426,1069.502
12770,812.3331,1073.5189
12771,820.2242,1078.4828
12772,827.3328,1079.5936
12773,828.18335,1075.4094
12774,819.74445,1067.3798
12775,806.8092,1058.7701
12776,799.2946,1052.9192
12777,799.9791,1050.1772
12778,801.7188,1050.145
12779,799.94885,1054.2168
12780,798.8758,1062.3496
12781,803.2128,1071.1176
12782,811.29175,1077.4448
12783,816.34924,1080.9365
12784,813.03766,1080.8594
12785,803.73254,1076.0409
12786,796.62177,1069.3589
12787,798.21063,1066.7354
12788,807.431,1070.4268
12789,815.6565,1077.0677
12790,814.05365,1082.638
12791,802.16486,1087.9579
12792,790.58563,1098.2263
12793,790.49426,1114.448
12794,798.2347,1127.8295
12795,800.74066,1128.6226
12796,795.8472,1119.3807
12797,794.5274,1115.7607
12798,803.27405,1130.5466
12799,814.7441,1156.1036
12800,818.45795,1171.0573
12801,813.05054,1163.1019
12802,804.12476,1138.587
12803,797.0334,1115.7478
12804,795.5899,1109.2993
12805,799.53815,1118.8782
12806,801.86487,1132.2933
12807,797.9386,1137.5306
12808,793.571,1133.5231
12809,797.60583,1124.9932
12810,810.0766,1111.5387
12811,819.4837,1098.6716
12812,814.7793,1100.4287
12813,797.79095,1115.899
12814,778.91284,1128.8329
12815,767.08795,1129.8356
12816,764.51294,1122.2288
12817,765.9827,1114.2352
12818,767.51697,1112.4984
12819,773.09186,1120.5099
12820,784.29297,1135.497
12821,791.7378,1145.7445
12822,787.92,1143.2295
12823,778.31195,1134.2858
12824,769.62476,1126.3052
12825,757.7533,1116.8475
12826,738.42,1102.0272
12827,720.387,1084.7172
12828,714.0387,1071.7128
12829,715.8265,1064.7249
12830,717.62177,1058.7843
12831,719.4171,1052.6058
12832,723.01166,1055.5819
12833,725.3807,1076.7977
12834,723.50964,1106.7898
12835,718.98254,1125.1672
12836,716.54193,1126.5167
12837,719.9317,1121.4199
12838,728.25854,1119.0234
12839,735.54083,1122.2748
12840,735.9142,1131.2571
12841,731.4656,1141.7505
12842,731.4046,1145.862
12843,742.2964,1138.8704
12844,759.9027,1124.2683
12845,771.0967,1110.6985
12846,769.484,1102.334
12847,762.4193,1096.9524
12848,758.26263,1092.4321
12849,760.12384,1085.6526
12850,767.4907,1071.7466
12851,774.63544,1053.1195
12852,775.4658,1041.3153
12853,769.84503,1045.8962
12854,760.1107,1064.7476
12855,747.0255,1085.7089
12856,737.4666,1099.1805
12857,755.3306,1106.2086
12858,818.0356,1110.9543
12859,887.15625,1112.9989
12860,897.4073,1110.5668
12861,847.75397,1104.6265
12862,792.4163,1098.6978
12863,760.36017,1096.9723
12864,746.26764,1099.107
12865,744.5104,1099.5588
12866,753.49347,1097.4536
12867,767.7578,1099.1387
12868,779.23114,1107.3259
12869,783.886,1117.2347
12870,786.044,1124.2158
12871,789.87463,1127.6675
12872,791.7226,1128.7349
12873,786.8614,1128.2711
12874,775.4982,1126.6621
12875,762.755,1124.2532
12876,755.17596,1120.5004
12877,753.29834,1114.436
12878,752.7816,1107.5991
12879,755.50464,1104.9799
12880,766.7536,1110.382
12881,779.44775,1119.1909
12882,780.7126,1121.8767
12883,772.60095,1116.1425
12884,767.0107,1108.0236
12885,767.28406,1103.7198
12886,768.715,1104.6736
12887,768.4161,1107.287
12888,766.6841,1107.0024
12889,765.8439,1103.1614
12890,768.08,1099.2369
12891,772.2944,1100.7489
12892,777.4514,1110.4696
12893,782.0778,1121.3035
12894,781.5234,1122.6464
12895,775.4791,1115.1917
12896,769.5086,1108.4183
12897,767.7635,1107.4591
12898,771.4787,1110.0588
12899,778.2548,1112.3969
12900,782.833,1113.0123
12901,783.6677,1112.3136
12902,784.2488,1111.8982
12903,787.99445,1112.4298
12904,795.0859,1110.2295
12905,801.49445,1101.2028
12906,802.3461,1089.646
12907,798.979,1085.6305
12908,796.44336,1092.4191
12909,794.05084,1103.0415
12910,788.7964,1109.2693
12911,783.8059,1109.856
12912,783.5304,1108.2388
12913,787.13635,1104.972
12914,791.91046,1098.9796
12915,797.04315,1094.0406
12916,801.7234,1094.915
12917,804.3099,1099.3163
12918,804.1822,1101.2352
12919,802.2321,1098.7772
12920,801.1065,1094.1893
12921,804.1514,1089.684
12922,810.45795,1086.5183
12923,813.6336,1085.6738
12924,810.01666,1086.1467
12925,804.67145,1085.8594
12926,804.4101,1085.3148
12927,807.80176,1085.7122
12928,808.49243,1085.9108
12929,806.0354,1084.8364
12930,804.85223,1083.3193
12931,807.65186,1080.598
12932,814.91724,1073.9707
12933,819.4815,1065.2178
12934,808.6697,1055.4038
12935,789.8293,1038.0891
12936,791.9238,1016.5506
12937,820.18384,1006.5384
12938,844.7979,1010.2028
12939,848.4869,1015.59625
12940,842.23505,1016.94275
12941,837.1539,1015.8875
12942,834.8381,1014.76337
12943,835.7595,1017.1485
12944,842.015,1026.4082
12945,853.8806,1039.6536
12946,865.91144,1049.9966
12947,870.54034,1055.413
12948,866.86816,1058.4017
12949,860.66174,1060.3955
12950,856.4241,1060.9167
12951,854.72034,1059.0964
12952,854.598,1055.905
12953,854.86707,1054.3778
12954,854.0452,1055.5989
12955,851.2496,1057.6228
12956,847.69037,1060.07
12957,846.3169,1066.1486
12958,846.94476,1078.3534
12959,842.9251,1093.7036
12960,833.3574,1106.5139
12961,830.1677,1114.5354
12962,838.0339,1117.4215
12963,845.4912,1114.7028
12964,842.39355,1108.8623
12965,828.3009,1103.9314
12966,809.9922,1103.9338
12967,797.94183,1112.3444
12968,796.1697,1124.2145
12969,798.1047,1127.8723
12970,794.23975,1119.9458
12971,780.88855,1106.3735
12972,765.8124,1092.5795
12973,759.5129,1082.2316
12974,758.94,1078.025
12975,754.8226,1079.5221
12976,749.2825,1084.7126
12977,750.403,1091.6769
12978,758.1426,1096.9902
12979,766.0006,1098.9586
12980,770.265,1101.2938
12981,770.1264,1106.5077
12982,765.5437,1111.0063
12983,760.4281,1111.0693
12984,759.3057,1107.9059
12985,760.69135,1107.138
12986,760.581,1114.2542
12987,758.55994,1127.6652
12988,757.07904,1139.9564
12989,758.9942,1146.4932
12990,765.90424,1148.4105
12991,776.41626,1149.7112
12992,787.70404,1153.0883
12993,797.7877,1156.661
12994,804.6553,1156.3226
12995,805.71783,1150.8899
12996,798.93134,1142.2389
12997,785.6361,1131.5498
12998,773.51,1118.898
12999,770.1819,1107.7452
13000,773.763,1103.756
13001,778.6408,1103.703
13002,784.5339,1096.3403
13003,792.57025,1080.1824
13004,800.1327,1065.6136
13005,801.6123,1060.5525
13006,793.8031,1065.6154
13007,782.18677,1077.57
13008,778.19946,1096.4012
13009,788.29224,1125.2888
13010,806.1644,1157.4578
13011,818.9622,1178.2509
13012,819.5028,1180.6117
13013,808.4525,1165.402
13014,790.0548,1137.6365
13015,768.355,1108.7133
13016,747.75464,1089.112
13017,736.9417,1076.7084
13018,742.13654,1062.8054
13019,755.29083,1047.0479
13020,762.6771,1034.2072
13021,762.38324,1023.26697
13022,761.37085,1012.52954
13023,762.60474,1006.5245
13024,763.3502,1009.74756
13025,762.0971,1020.8741
13026,761.516,1034.6941
13027,762.12494,1046.0137
13028,760.06445,1051.7345
13029,755.008,1051.2428
13030,751.26624,1047.5837
13031,750.71405,1046.577
13032,750.6543,1050.2037
13033,747.5332,1053.6492
13034,742.22,1052.8969
13035,738.5105,1048.1531
13036,735.8449,1038.7678
13037,732.50616,1025.9808
13038,733.3515,1018.4298
13039,742.58154,1023.2951
13040,753.59644,1033.5615
13041,756.476,1035.3536
13042,751.37115,1028.242
13043,747.2705,1025.3528
13044,749.5491,1034.1709
13045,753.9022,1049.6943
13046,754.3217,1064.2869
13047,751.97015,1075.5597
13048,751.403,1084.9144
13049,752.63995,1092.7006
13050,751.4959,1096.9065
13051,746.9932,1096.8168
13052,744.32715,1095.137
13053,747.0486,1094.1384
13054,751.81287,1094.1533
13055,753.43005,1095.9718
13056,750.02936,1099.3846
13057,744.4387,1102.0153
13058,741.4242,1101.3419
13059,741.53625,1095.3152
13060,741.624,1084.784
13061,740.62115,1076.1857
13062,739.2021,1074.4281
13063,738.4649,1073.5696
13064,741.2849,1063.9308
13065,747.4615,1048.821
13066,751.4602,1042.9241
13067,750.9657,1053.4583
13068,751.5181,1075.0194
13069,758.0324,1097.9307
13070,763.52124,1111.6602
13071,759.44305,1112.8314
13072,753.8331,1111.9427
13073,756.9336,1117.3785
13074,763.758,1122.8395
13075,766.17847,1120.798
13076,763.5434,1113.9005
13077,758.52374,1108.343
13078,752.72205,1105.0978
13079,748.77704,1102.264
13080,755.0869,1101.4972
13081,778.28534,1105.2457
13082,808.58014,1111.169
13083,827.8675,1114.581
13084,831.985,1112.6201
13085,830.8819,1104.2124
13086,831.9319,1090.0931
13087,832.6285,1073.3895
13088,828.9692,1057.9468
13089,821.4073,1047.2252
13090,810.84265,1044.2932
13091,801.7265,1048.3678
13092,801.8863,1053.2611
13093,809.4924,1053.7847
13094,814.60236,1051.1694
13095,815.0874,1049.9435
13096,817.2989,1051.5835
13097,824.0436,1053.7008
13098,832.57654,1054.8483
13099,840.5879,1056.5702
13100,846.6584,1060.3513
13101,848.1848,1065.444
13102,844.3872,1070.2246
13103,839.676,1074.1078
13104,837.50323,1077.7178
13105,834.1566,1081.8907
13106,827.6013,1086.5712
13107,823.1401,1090.6575
13108,822.5771,1093.326
13109,822.09296,1095.165
13110,822.421,1096.035
13111,826.5174,1093.1307
13112,830.2251,1085.5977
13113,825.9513,1077.6072
13114,814.59375,1073.261
13115,806.28516,1072.6428
13116,805.95306,1073.4744
13117,806.2811,1074.2776
13118,799.44855,1075.3221
13119,788.9585,1078.2296
13120,787.1992,1086.9274
13121,800.44836,1103.4667
13122,817.36255,1119.7988
13123,823.5503,1123.7693
13124,822.0335,1114.4119
13125,822.6704,1101.4033
13126,825.3248,1092.9059
13127,826.23157,1090.3711
13128,825.2203,1090.6602
13129,822.1025,1089.7178
13130,816.4122,1085.6158
13131,810.79504,1080.0714
13132,808.6645,1077.9568
13133,808.8536,1082.5201
13134,807.7461,1089.7339
13135,804.3064,1092.8115
13136,799.0573,1091.5654
13137,794.61896,1091.155
13138,795.18353,1094.8439
13139,799.99963,1099.5908
13140,804.43054,1093.6714
13141,804.92535,1065.2023
13142,799.7505,1021.7982
13143,791.93494,988.22363
13144,786.5714,979.2061
13145,783.66187,991.4133
13146,781.05334,1016.62134
13147,779.0149,1047.8613
13148,779.0885,1079.0656
13149,782.7105,1105.7217
13150,788.18945,1123.0669
13151,788.73566,1124.6705
13152,781.2136,1113.2355
13153,773.67865,1105.195
13154,772.50824,1109.4863
13155,772.9758,1118.3085
13156,770.9167,1123.9376
13157,767.87256,1126.2844
13158,765.53723,1126.8077
13159,766.09875,1123.6006
13160,771.1234,1113.846
13161,775.57385,1100.7087
13162,772.6546,1091.1162
13163,765.7879,1086.7192
13164,763.60986,1084.1971
13165,765.7985,1081.533
13166,766.32104,1078.7412
13167,765.9291,1076.7458
13168,770.61914,1076.668
13169,777.8423,1077.6183
13170,777.2515,1077.6936
13171,768.1599,1077.4374
13172,760.82935,1078.6204
13173,761.2038,1080.0846
13174,764.6138,1079.1826
13175,766.1475,1076.9581
13176,770.1012,1076.7472
13177,778.1648,1078.4818
13178,782.49396,1079.3116
13179,781.2101,1078.3965
13180,779.684,1077.1527
13181,778.65186,1076.3992
13182,778.66693,1076.3594
13183,781.9871,1077.3938
13184,785.3417,1078.6053
13185,786.29974,1078.6654
13186,787.3726,1078.4427
13187,786.2511,1079.3889
13188,779.0098,1080.8638
13189,770.64734,1081.4453
13190,769.04016,1080.4817
13191,775.63745,1078.0964
13192,784.1273,1075.707
13193,787.4839,1077.2019
13194,786.0194,1086.6594
13195,780.5877,1101.3844
13196,770.5147,1113.9846
13197,763.61066,1122.7894
13198,771.1777,1126.1648
13199,793.55975,1114.8417
13200,816.0611,1090.5422
13201,820.44696,1072.0021
13202,804.127,1066.6913
13203,781.84814,1062.2816
13204,767.3226,1049.3544
13205,762.01495,1034.0967
13206,760.5888,1028.5366
13207,761.7096,1036.2964
13208,769.9371,1051.4274
13209,783.97437,1064.8074
13210,791.5328,1070.3163
13211,782.8796,1068.8076
13212,762.7692,1062.2032
13213,744.9392,1048.9276
13214,737.6969,1032.0554
13215,737.5808,1019.3812
13216,738.3075,1011.7333
13217,743.5844,1008.91327
13218,762.16,1019.0561
13219,789.3883,1041.5698
13220,810.1599,1059.8691
13221,819.30115,1063.4208
13222,819.93787,1056.3099
13223,811.6546,1044.7775
13224,797.44617,1033.8445
13225,786.69763,1029.9622
13226,784.1741,1035.499
13227,789.7223,1047.1338
13228,803.54675,1061.7946
13229,821.5443,1077.6593
13230,830.48126,1090.2231
13231,818.16235,1093.8787
13232,791.82904,1089.8627
13233,771.7617,1085.9916
13234,764.7798,1086.9976
13235,763.04456,1091.0219
13236,761.8552,1094.1881
13237,762.55304,1094.7958
13238,766.26215,1094.1855
13239,771.48804,1094.8221
13240,774.9139,1097.3973
13241,774.4712,1100.4922
13242,771.8549,1102.6469
13243,770.79596,1103.5803
13244,773.06793,1104.6685
13245,777.4017,1108.3348
13246,780.8579,1114.6625
13247,783.2769,1120.5988
13248,792.16724,1125.0146
13249,812.30585,1128.0155
13250,831.9469,1124.0914
13251,835.81854,1108.6564
13252,823.92395,1089.7937
13253,807.89624,1079.5623
13254,798.0862,1078.6271
13255,794.9694,1079.2781
13256,793.58514,1077.4805
13257,794.21716,1075.4081
13258,799.84033,1076.1472
13259,807.99725,1080.352
13260,812.5538,1085.9453
13261,810.8001,1087.9524
13262,803.8727,1079.1495
13263,793.967,1058.0751
13264,786.7995,1037.2655
13265,787.9802,1029.543
13266,794.18134,1033.5143
13267,797.0079,1044.6483
13268,790.9634,1060.6622
13269,776.43036,1076.2175
13270,761.3809,1088.546
13271,753.5245,1099.1897
13272,752.87726,1107.3187
13273,757.2657,1109.901
13274,764.7959,1108.202
13275,771.86035,1108.0372
13276,776.4028,1112.5476
13277,779.936,1120.4084
13278,785.199,1128.6162
13279,791.23096,1132.18
13280,791.0254,1126.7266
13281,780.0279,1114.5571
13282,765.24677,1104.0973
13283,758.54095,1101.0105
13284,760.65314,1101.6636
13285,759.36017,1098.3956
13286,749.0796,1090.0635
13287,740.0182,1083.7225
13288,738.3136,1084.7924
13289,736.45667,1090.6102
13290,730.8879,1097.307
13291,729.6801,1104.8441
13292,739.863,1112.3516
13293,756.68164,1115.4708
13294,767.6908,1110.3008
13295,768.73083,1099.5422
13296,767.664,1091.4086
13297,768.9388,1090.2206
13298,768.58746,1093.1385
13299,764.7163,1095.8545
13300,761.1973,1096.2058
13301,761.5206,1094.4012
13302,764.3291,1092.2012
13303,765.2407,1090.4916
13304,762.9624,1089.1288
13305,763.0502,1089.2922
13306,770.34265,1092.9901
13307,780.32947,1098.314
13308,786.29486,1099.7577
13309,787.6646,1097.3022
13310,785.50476,1096.7866
13311,781.2885,1099.0703
13312,779.31464,1099.6154
13313,780.5471,1098.6989
13314,781.4346,1100.6001
13315,780.2926,1103.8436
13316,775.1967,1103.6991
13317,763.8651,1100.3508
13318,755.1676,1096.5096
13319,762.7478,1092.1667
13320,781.5978,1085.9792
13321,800.0359,1080.4703
13322,821.3506,1079.7191
13323,838.9692,1081.6376
13324,829.5466,1082.3446
13325,792.6553,1083.4534
13326,754.12384,1086.7053
13327,731.0391,1089.734
13328,721.4639,1091.1041
13329,720.6288,1093.2566
13330,729.2282,1098.5376
13331,744.96216,1105.6531
13332,759.3701,1112.5339
13333,765.0742,1120.8077
13334,759.39703,1132.0465
13335,746.8702,1139.2747
13336,737.51373,1133.2007
13337,736.68146,1118.4249
13338,742.05914,1107.3634
13339,747.5537,1101.5314
13340,747.3348,1095.9506
13341,743.0899,1092.4718
13342,744.6304,1097.8942
13343,758.5039,1115.4905
13344,777.5027,1136.4381
13345,787.9328,1146.3452
13346,786.7805,1145.7457
13347,780.9752,1142.7887
13348,774.6663,1135.1901
13349,766.64484,1121.3646
13350,756.0124,1107.7383
13351,746.8487,1097.6351
13352,745.50543,1087.292
13353,752.32184,1071.7053
13354,759.83826,1053.7634
13355,760.84265,1043.3802
13356,755.7236,1043.861
13357,752.3171,1049.6688
13358,758.17395,1057.1478
13359,771.0453,1066.3977
13360,781.2234,1076.243
13361,782.91907,1084.6952
13362,777.6711,1091.5294
13363,768.9431,1096.9281
13364,758.3253,1100.0443
13365,747.62994,1100.8561
13366,740.3207,1099.7871
13367,738.33185,1096.5028
13368,740.54364,1092.9421
13369,744.6282,1092.4603
13370,749.5103,1095.3398
13371,755.74255,1099.8359
13372,762.4331,1104.0508
13373,766.5023,1105.5516
13374,766.1008,1102.9381
13375,762.96106,1097.0991
13376,761.79913,1090.7426
13377,766.5189,1089.7394
13378,774.45636,1099.8486
13379,777.5007,1115.3846
13380,774.54254,1122.4736
13381,774.09955,1117.7333
13382,778.5911,1109.3823
13383,780.2693,1103.9088
13384,774.731,1102.2328
13385,766.25616,1102.2875
13386,759.73834,1101.4099
13387,754.8858,1098.8071
13388,750.6087,1095.905
13389,749.0976,1095.3264
13390,752.6941,1098.7793
13391,760.7845,1104.7625
13392,770.2196,1110.7046
13393,776.6834,1115.8907
13394,776.20337,1119.068
13395,768.4591,1117.6838
13396,758.5372,1112.7601
13397,752.8187,1108.556
13398,754.7294,1106.7592
13399,762.90533,1106.6022
13400,772.31195,1106.9553
13401,780.13544,1105.3207
13402,785.88556,1101.2808
13403,787.74115,1099.3895
13404,786.37335,1102.5353
13405,785.18463,1108.4551
13406,784.93475,1114.5524
13407,784.4267,1118.5118
13408,783.8386,1117.8171
13409,784.8021,1113.0914
13410,787.5286,1107.7101
13411,789.7592,1104.264
13412,789.47314,1102.6755
13413,786.5472,1101.439
13414,784.15137,1100.5044
13415,786.1914,1101.9434
13416,789.9656,1107.3175
13417,789.73425,1113.3138
13418,785.52026,1113.1321
13419,780.38446,1105.2378
13420,776.22174,1096.1117
13421,775.609,1093.065
13422,780.3142,1097.255
13423,785.407,1103.2606
13424,784.1505,1106.3148
13425,781.36487,1108.4622
13426,786.99774,1112.7467
13427,797.4604,1117.1558
13428,799.50336,1121.1473
13429,789.10095,1128.3209
13430,775.9913,1137.4628
13431,771.19446,1143.4552
13432,776.2528,1147.0488
13433,785.72894,1151.4984
13434,793.16736,1153.7638
13435,793.32935,1147.9061
13436,786.34973,1133.8784
13437,777.4214,1118.1324
13438,767.5432,1106.5991
13439,754.31915,1099.7731
13440,743.14874,1094.8895
13441,741.6292,1090.841
13442,745.92377,1089.4463
13443,751.85156,1093.2489
13444,767.48456,1101.6191
13445,793.82275,1107.7003
13446,815.92175,1105.1481
13447,828.3698,1098.4738
13448,842.6176,1098.7435
13449,863.07916,1110.4592
13450,874.51416,1127.3748
13451,860.97144,1140.9023
13452,832.10675,1149.0281
13453,816.46674,1153.3761
13454,827.25323,1153.247
13455,846.4784,1147.4631
13456,847.4517,1137.6376
13457,825.3415,1127.5825
13458,796.67725,1120.316
13459,777.23395,1115.5786
13460,769.9902,1112.0878
13461,769.5641,1110.791
13462,771.00757,1112.8302
13463,771.83496,1117.271
13464,770.87634,1121.9851
13465,767.15076,1123.841
13466,759.7545,1120.5963
13467,752.4745,1114.5791
13468,751.85345,1110.5127
13469,757.92523,1109.8241
13470,763.9843,1109.6533
13471,764.82837,1106.9612
13472,762.3929,1102.4049
13473,762.94403,1099.3267
13474,769.16284,1100.7311
13475,776.31384,1106.4851
13476,778.1304,1111.4205
13477,775.7002,1110.6757
13478,774.8704,1106.8019
13479,776.7696,1105.4175
13480,777.35114,1106.9465
13481,774.7383,1108.5398
13482,772.8814,1109.3248
13483,775.7744,1109.2495
13484,780.1707,1108.1251
13485,780.7243,1106.7831
13486,779.50726,1104.8203
13487,781.01166,1101.448
13488,783.3786,1099.6235
13489,783.07886,1102.4434
13490,781.3743,1107.3938
13491,780.4197,1110.5289
13492,779.81067,1113.0027
13493,781.0731,1117.2255
13494,786.7275,1121.3972
13495,792.13416,1123.166
13496,790.22925,1122.6958
13497,784.193,1120.4954
13498,782.7547,1117.6747
13499,785.7784,1116.3883
13500,784.7248,1115.9719
13501,775.1494,1112.7394
13502,762.0129,1107.1484
13503,752.03613,1103.6304
13504,746.20557,1101.6683
13505,743.30725,1098.7286
13506,743.47595,1098.0499
13507,743.81384,1102.8882
13508,739.90845,1111.6896
13509,734.60944,1122.9066
13510,738.3183,1134.9368
13511,756.6642,1142.1049
13512,778.6137,1139.9973
13513,786.6395,1132.5475
13514,780.2764,1126.1163
13515,774.4715,1122.6562
13516,777.982,1123.0597
13517,787.49866,1127.5781
13518,795.0265,1132.86
13519,794.4105,1134.3966
13520,787.8117,1129.9454
13521,783.8215,1121.4283
13522,786.9339,1114.1448
13523,794.04407,1112.5771
13524,798.18933,1117.4246
13525,793.6973,1123.7098
13526,782.5929,1123.3601
13527,774.37836,1116.1842
13528,776.18207,1111.7394
13529,785.6084,1115.4583
13530,794.2426,1123.2264
13531,795.66736,1128.7927
13532,790.86694,1128.2789
13533,786.6817,1123.2004
13534,788.26294,1120.0133
13535,795.2618,1121.2197
13536,802.97656,1123.0746
13537,804.4717,1121.6802
13538,797.48346,1115.2253
13539,789.3295,1106.9905
13540,789.7336,1105.2357
13541,800.313,1112.1443
13542,812.4232,1120.3971
13543,815.6568,1124.9141
13544,809.28925,1127.5272
13545,801.4937,1128.7848
13546,797.1071,1124.3534
13547,791.51086,1111.3373
13548,778.0776,1095.0406
13549,758.7431,1085.8967
13550,742.6915,1087.318
13551,736.691,1091.6462
13552,740.59564,1091.1415
13553,746.90765,1086.2122
13554,745.73425,1080.4039
13555,736.30115,1075.0645
13556,726.71686,1071.3751
13557,721.1159,1072.5441
13558,717.8455,1082.1237
13559,718.2488,1099.697
13560,728.3517,1119.408
13561,748.9005,1134.1636
13562,766.3772,1139.1168
13563,766.66797,1132.7958
13564,754.89594,1118.5322
13565,746.63904,1104.5535
13566,750.8508,1099.8821
13567,767.47076,1106.4137
13568,785.9252,1116.8837
13569,790.3918,1122.3301
13570,778.50946,1118.1487
13571,765.15924,1106.4258
13572,762.7707,1096.5883
13573,770.5069,1098.4028
13574,781.6695,1112.1365
13575,789.93396,1128.7958
13576,792.27905,1138.6306
13577,791.2768,1138.3422
13578,791.6301,1132.388
13579,794.1876,1128.8577
13580,795.69403,1132.651
13581,794.59375,1139.9167
13582,792.8623,1143.5349
13583,792.0571,1143.3596
13584,791.72424,1141.6853
13585,790.9275,1137.1761
13586,790.47845,1131.3715
13587,793.1232,1128.4264
13588,797.70044,1126.843
13589,795.6884,1120.5569
13590,782.6972,1106.7466
13591,767.4138,1088.6676
13592,759.5489,1071.0989
13593,762.6073,1056.6323
13594,780.5555,1047.141
13595,808.91315,1044.3442
13596,825.8368,1048.1823
13597,815.6163,1056.0879
13598,791.00037,1064.2756
13599,776.00574,1071.3468
13600,777.9366,1079.2833
13601,790.072,1090.5504
13602,806.8771,1105.7268
13603,821.27454,1123.0637
13604,825.32336,1140.5374
13605,819.67365,1154.824
13606,807.88086,1160.507
13607,791.46466,1156.4847
13608,776.41064,1146.7231
13609,768.24286,1135.0427
13610,760.64557,1121.9702
13611,745.0425,1103.4574
13612,727.0744,1079.8912
13613,717.29474,1063.0948
13614,716.1637,1061.1736
13615,719.5583,1065.3875
13616,725.8952,1064.709
13617,733.0572,1062.651
13618,736.24854,1067.7375
13619,732.6642,1077.5824
13620,728.1693,1084.2726
13621,733.2707,1085.8529
13622,749.1559,1085.1022
13623,767.93616,1087.9763
13624,785.3144,1100.5071
13625,797.71094,1117.1294
13626,799.09296,1125.7935
13627,794.9626,1128.0502
13628,798.84485,1135.2406
13629,810.3139,1147.0726
13630,817.6533,1152.2135
13631,816.8473,1146.8076
13632,811.64294,1137.2552
13633,804.3942,1129.4442
13634,797.7115,1125.3585
13635,796.02454,1125.1238
13636,799.7472,1127.4719
13637,805.3074,1130.7297
13638,810.5233,1134.4866
13639,812.6874,1138.9937
13640,806.63025,1143.1709
13641,793.0627,1144.545
13642,783.7076,1142.8973
13643,790.2335,1142.6191
13644,808.9214,1147.2771
13645,822.7143,1154.1534
13646,819.57404,1157.959
13647,803.1738,1157.3787
13648,785.4698,1155.0714
13649,771.2595,1152.3044
13650,754.7397,1147.2983
13651,735.7742,1138.5161
13652,726.40173,1125.7076
13653,734.39404,1110.4071
13654,753.67664,1097.0056
13655,771.28986,1089.058
13656,777.35516,1086.5938
13657,772.00854,1089.7075
13658,763.935,1099.5018
13659,761.87085,1113.1041
13660,767.4907,1123.7502
13661,774.42395,1127.7277
13662,776.60583,1126.8046
13663,777.02454,1125.1034
13664,782.31494,1126.0756
13665,791.5145,1129.2261
13666,796.7301,1129.6289
13667,794.5491,1124.8296
13668,790.9893,1119.6096
13669,791.13654,1118.4769
13670,791.80023,1119.6989
13671,791.10266,1122.3644
13672,793.33545,1129.2885
13673,799.42053,1138.618
13674,805.12115,1143.0183
13675,808.73114,1140.3223
13676,811.1186,1137.2145
13677,810.67474,1139.2579
13678,805.89935,1143.6008
13679,800.84375,1146.3455
13680,801.1634,1149.9446
13681,806.3347,1155.6678
13682,810.4862,1157.6681
13683,810.195,1152.818
13684,808.0907,1146.9506
13685,807.7933,1146.6356
13686,808.66455,1150.9475
13687,809.5698,1148.9595
13688,813.1746,1128.5184
13689,818.4414,1096.6681
13690,816.73193,1075.7622
13691,804.44464,1073.1963
13692,789.80743,1077.4507
13693,782.71027,1079.2593
13694,783.8731,1078.2134
13695,784.5116,1077.4675
13696,779.2277,1079.781
13697,775.903,1083.6719
13698,781.1336,1085.7393
13699,786.1039,1087.1926
13700,783.15015,1090.6555
13701,780.981,1093.9324
13702,788.3448,1094.2839
13703,797.3003,1094.2947
13704,795.80524,1097.1766
13705,786.0379,1099.6699
13706,776.1137,1096.0162
13707,765.4195,1086.5862
13708,755.0914,1078.2952
13709,754.9323,1076.8843
13710,766.2067,1082.2948
13711,777.6125,1091.2842
13712,779.4389,1096.945
13713,772.40814,1093.8185
13714,764.8266,1088.4078
13715,755.8882,1090.4254
13716,739.4703,1100.2476
13717,733.5056,1111.608
13718,762.88165,1117.1929
13719,808.75397,1114.2379
13720,827.2987,1107.2751
13721,810.0723,1103.8403
13722,780.3562,1108.2822
13723,755.34607,1118.5812
13724,738.99854,1129.3262
13725,728.7842,1136.5042
13726,721.3395,1137.8457
13727,718.42206,1131.839
13728,724.98016,1119.3378
13729,739.77124,1105.0468
13730,753.1813,1094.4891
13731,757.5263,1089.3159
13732,753.58093,1087.9707
13733,746.0726,1089.4852
13734,739.5143,1093.4982
13735,738.29785,1097.5793
13736,743.7611,1099.2859
13737,750.8024,1101.5873
13738,754.3426,1108.2599
13739,756.9208,1114.9352
13740,765.0089,1116.3038
13741,779.5746,1115.5372
13742,791.829,1116.2448
13743,795.3355,1117.4302
13744,796.5406,1119.417
13745,799.33014,1122.3777
13746,795.68353,1122.8387
13747,781.8084,1118.1781
13748,765.8564,1111.6042
13749,758.3666,1109.9852
13750,763.4196,1115.0939
13751,774.36304,1120.7166
13752,779.2215,1120.6223
13753,776.9001,1115.7812
13754,777.7301,1112.5762
13755,784.5395,1114.3859
13756,790.40857,1117.5067
13757,792.6297,1117.5596
13758,793.8084,1115.8373
13759,795.9758,1116.5709
13760,800.35034,1120.3387
13761,805.2931,1122.8651
13762,806.3566,1122.5575
13763,802.83435,1125.2184
13764,798.2481,1134.3724
13765,795.82733,1142.5962
13766,797.5736,1142.3751
13767,802.972,1138.2124
13768,807.4048,1136.7966
13769,806.468,1135.4209
13770,802.75806,1131.0171
13771,802.71375,1128.9116
13772,806.5525,1132.7406
13773,809.2349,1136.3512
13774,809.29816,1133.3853
13775,808.81323,1125.8593
13776,807.90076,1119.8176
13777,805.61,1118.7888
13778,803.04065,1122.1617
13779,800.9367,1127.181
13780,798.63416,1130.7645
13781,797.30457,1130.9142
13782,798.3893,1128.6245
13783,800.767,1126.6824
13784,803.6105,1127.118
13785,807.4925,1130.4229
13786,811.6644,1134.5135
13787,814.48645,1135.5914
13788,815.6948,1133.2307
13789,815.946,1132.2126
13790,815.53906,1135.6499
13791,814.46674,1139.9978
13792,812.096,1139.6401
13793,807.76935,1132.8163
13794,802.8237,1122.9987
13795,798.431,1114.5558
13796,793.7509,1106.717
13797,789.2593,1097.4297
13798,786.1688,1091.0768
13799,784.1335,1093.147
13800,782.5702,1100.2423
13801,780.96106,1103.6094
13802,779.67114,1100.4176
13803,779.24274,1096.08
13804,779.44806,1095.7158
13805,782.70264,1097.803
13806,789.195,1099.4708
13807,791.80914,1101.017
13808,789.20496,1100.7216
13809,788.62756,1096.7999
13810,790.2919,1094.2896
13811,789.9296,1097.2349
13812,789.59143,1101.9922
13813,792.26154,1106.823
13814,796.927,1114.773
13815,801.0468,1124.1385
13816,802.59125,1128.5219
13817,801.9397,1125.5669
13818,799.8211,1119.6675
13819,792.9088,1117.0704
13820,777.0532,1118.8038
13821,754.6905,1120.3308
13822,735.17755,1119.1855
13823,726.6565,1118.1102
13824,727.8944,1119.337
13825,732.6049,1122.457
13826,738.7521,1127.9563
13827,743.9036,1131.4048
13828,742.27185,1120.534
13829,738.36395,1095.4155
13830,750.1693,1078.4092
13831,785.6829,1088.5836
13832,823.818,1116.466
13833,832.2181,1131.3256
13834,803.29205,1112.5413
13835,764.0377,1071.0073
13836,749.403,1035.5801
13837,777.23517,1030.7157
13838,839.9945,1065.4366
13839,894.95215,1116.5322
13840,896.7117,1142.8152
13841,860.36884,1134.2354
13842,836.2591,1112.2697
13843,826.9832,1092.9313
13844,799.5758,1078.0967
13845,770.66547,1064.4631
13846,790.9226,1049.5991
13847,840.71045,1035.0995
13848,844.87683,1023.872
13849,792.29175,1017.615
13850,738.8774,1019.3186
13851,715.50195,1029.7401
13852,719.14514,1041.1069
13853,753.32495,1045.4838
13854,812.0173,1046.0133
13855,851.43555,1050.4644
13856,828.3697,1059.721
13857,765.1391,1068.0618
13858,732.53864,1069.7981
13859,765.05383,1064.6631
13860,827.30035,1058.0037
13861,867.20386,1055.4623
13862,875.41425,1058.2134
13863,873.8765,1062.7609
13864,872.6399,1065.5677
13865,865.5501,1066.9731
13866,850.70184,1068.9457
13867,836.66614,1071.5265
13868,831.31104,1073.0305
13869,833.3014,1072.091
13870,836.518,1069.112
13871,838.47797,1066.1055
13872,843.01227,1064.645
13873,851.54034,1064.7998
13874,850.05646,1067.515
13875,819.8563,1076.117
13876,768.68274,1093.5222
13877,725.3266,1117.3883
13878,705.7978,1136.9371
13879,717.3493,1142.3583
13880,771.57416,1139.014
13881,855.3393,1138.6355
13882,921.1492,1141.8748
13883,942.1266,1142.4617
13884,940.2531,1139.2892
13885,938.8938,1136.2048
13886,927.6273,1135.3491
13887,888.83386,1134.718
13888,835.6543,1128.9037
13889,800.13885,1113.3857
13890,791.21716,1093.552
13891,796.82385,1080.8114
13892,812.56665,1076.7767
13893,834.0802,1074.4508
13894,842.9309,1069.8645
13895,825.1279,1064.3959
13896,787.49585,1063.2279
13897,748.1984,1069.6346
13898,722.14215,1079.1798
13899,712.63403,1085.2491
13900,711.4672,1086.6761
13901,710.95654,1085.8901
13902,714.3372,1084.2714
13903,730.96954,1082.8182
13904,760.88794,1082.7853
13905,787.4293,1084.5826
13906,795.16833,1090.0555
13907,789.3049,1102.5212
13908,785.0788,1121.059
13909,788.25037,1137.3734
13910,793.7896,1142.1674
13911,796.71045,1135.5419
13912,797.0414,1126.3677
13913,794.76715,1120.5756
13914,790.1901,1117.5215
13915,787.3135,1115.7047
13916,788.5581,1113.5686
13917,792.58234,1110.6038
13918,797.88043,1110.0052
13919,802.5273,1112.4902
13920,804.656,1113.6497
13921,806.03394,1114.5049
13922,809.2208,1122.1377
13923,811.46484,1133.3162
13924,809.77936,1135.5107
13925,807.0377,1127.55
13926,804.90466,1119.6062
13927,800.058,1115.638
13928,791.627,1111.7966
13929,785.0715,1107.0723
13930,791.5993,1107.2457
13931,818.2106,1118.0604
13932,846.7532,1133.0668
13933,847.48785,1136.6498
13934,819.6353,1123.5892
13935,785.66486,1104.45
13936,759.33606,1091.9886
13937,744.95984,1089.2704
13938,744.5754,1091.1151
13939,750.12445,1094.4235
13940,747.503,1100.5822
13941,734.29846,1108.6785
13942,720.48364,1115.3119
13943,714.18286,1120.3763
13944,714.64484,1125.0002
13945,716.71124,1126.3987
13946,719.1936,1122.2189
13947,726.6504,1116.2533
13948,740.5894,1114.7346
13949,753.81024,1120.2294
13950,759.3108,1130.3994
13951,758.3822,1138.8937
13952,756.9007,1139.7357
13953,757.80634,1132.9404
13954,756.4374,1122.8723
13955,747.09674,1113.7644
13956,734.426,1108.208
13957,728.80817,1107.6442
13958,732.84033,1112.3175
13959,740.4067,1118.6636
13960,745.05176,1120.4623
13961,746.54553,1116.783
13962,752.15686,1115.1774
13963,767.6718,1122.1595
13964,787.3141,1133.8424
13965,800.24756,1141.7173
13966,803.7469,1143.6865
13967,803.02515,1143.3639
13968,803.5937,1143.4619
13969,808.22565,1144.5128
13970,815.30414,1143.9219
13971,817.63824,1136.4069
13972,809.7127,1123.4178
13973,795.36975,1115.3246
13974,782.7801,1117.073
13975,776.6654,1122.4443
13976,776.4976,1124.9746
13977,779.3717,1124.3286
13978,784.89166,1122.8907
13979,791.9382,1121.6147
13980,794.2337,1118.2983
13981,788.96,1112.5499
13982,782.6912,1109.8744
13983,781.6526,1112.7946
13984,784.6845,1117.6594
13985,788.97125,1123.3834
13986,793.8281,1129.9832
13987,798.4121,1134.7292
13988,801.26715,1135.414
13989,801.756,1131.6644
13990,802.17505,1127.8947
13991,805.7914,1129.7319
13992,809.60535,1131.3861
13993,807.02344,1121.8851
13994,798.6288,1105.5425
13995,789.4253,1097.0911
13996,781.31415,1099.2805
13997,777.0113,1103.9952
13998,779.07306,1108.1987
13999,782.83673,1112.7147
14000,783.6359,1114.8557
14001,784.91254,1114.3364
14002,789.936,1117.2444
14003,796.36017,1125.2855
14004,801.2794,1130.464
14005,803.62573,1125.0875
14006,803.18835,1108.8682
14007,798.745,1089.2103
14008,789.9588,1077.9923
14009,781.5099,1081.8292
14010,778.483,1096.2158
14011,781.24493,1110.3358
14012,786.12573,1115.5806
14013,787.0719,1111.8845
14014,782.6928,1106.6735
14015,779.3612,1106.5625
14016,781.4124,1111.2054
14017,785.8136,1114.9749
14018,789.12946,1114.2186
14019,791.5625,1112.152
14020,792.9383,1114.6326
14021,792.90826,1122.1829
14022,792.4694,1129.0797
14023,788.54895,1130.2048
14024,776.9344,1125.7605
14025,761.13916,1120.313
14026,747.9716,1118.8734
14027,740.5056,1122.5151
14028,737.5918,1127.9148
14029,734.7547,1129.1771
14030,731.5063,1121.2374
14031,733.6847,1106.4033
14032,738.3274,1095.7131
14033,732.01294,1098.4929
14034,713.601,1110.3392
14035,698.85455,1118.0548
14036,701.9664,1116.011
14037,723.4316,1108.9258
14038,747.9681,1101.8269
14039,761.88043,1094.153
14040,772.9775,1082.6519
14041,789.5298,1070.099
14042,795.7674,1067.163
14043,774.0492,1080.3698
14044,735.81494,1103.131
14045,714.0878,1123.1246
14046,726.208,1133.2513
14047,755.1277,1132.6298
14048,773.6114,1124.8777
14049,771.7979,1116.9698
14050,757.0836,1112.4542
14051,744.26306,1109.2449
14052,744.4831,1106.0624
14053,754.6331,1102.7393
14054,762.01056,1098.0013
14055,759.7613,1093.6855
14056,754.96045,1094.133
14057,758.0947,1100.092
14058,767.14636,1108.2463
14059,773.0143,1114.1765
14060,773.83344,1116.7201
14061,773.46655,1120.0026
14062,774.06757,1126.2281
14063,774.7762,1131.6774
14064,773.679,1132.9294
14065,771.23285,1130.6123
14066,772.4313,1127.993
14067,781.8655,1127.9292
14068,795.1474,1129.5461
14069,802.24286,1130.2535
14070,800.48804,1129.8254
14071,795.3864,1129.4142
14072,790.83997,1129.1177
14073,786.7831,1127.4011
14074,783.286,1123.5132
14075,781.31476,1119.6522
14076,782.2178,1117.4344
14077,787.3059,1115.366
14078,793.11615,1111.4707
14079,794.15955,1105.585
14080,794.4085,1099.0013
14081,801.8375,1093.1865
14082,813.4168,1091.3116
14083,819.05536,1097.6377
14084,814.48035,1109.2212
14085,805.0737,1116.0646
14086,799.5861,1114.4899
14087,799.9516,1109.4839
14088,802.6007,1104.7343
14089,806.9878,1100.4114
14090,812.08325,1096.8492
14091,811.35913,1095.5358
14092,802.84393,1097.8
14093,795.63586,1102.0171
14094,796.04535,1104.3446
14095,798.41223,1104.3516
14096,798.7877,1105.6653
14097,802.8625,1109.5334
14098,811.7393,1112.9644
14099,817.51337,1115.8115
14100,819.009,1122.9346
14101,822.792,1133.7908
14102,828.814,1140.132
14103,831.9857,1138.1943
14104,832.2986,1131.8146
14105,832.0122,1125.7927
14106,829.3271,1124.8069
14107,821.0875,1132.5944
14108,809.13586,1144.6107
14109,801.20386,1150.3234
14110,804.28815,1148.5371
14111,817.5456,1147.2491
14112,831.77844,1148.4022
14113,837.7999,1145.844
14114,835.36273,1136.7803
14115,829.3758,1127.1388
14116,821.5732,1121.107
14117,811.564,1108.6809
14118,801.36395,1075.2507
14119,792.265,1023.7161
14120,779.2309,971.9769
14121,760.7548,936.4045
14122,753.20807,934.4493
14123,774.96906,976.5548
14124,814.02106,1038.8821
14125,834.7167,1079.6398
14126,821.4597,1087.5721
14127,793.5386,1083.3279
14128,775.4864,1084.0492
14129,774.7941,1090.9563
14130,786.5737,1098.7114
14131,799.7724,1101.3508
14132,804.03265,1097.0077
14133,801.3977,1091.0776
14134,801.3125,1088.584
14135,805.0448,1088.6903
14136,807.27716,1089.8062
14137,805.8329,1092.0782
14138,800.7377,1094.2219
14139,794.3536,1093.6024
14140,794.5219,1091.4022
14141,804.84344,1092.5574
14142,817.2457,1098.0735
14143,822.7685,1104.5596
14144,819.67694,1110.1512
14145,810.8255,1114.0204
14146,801.34247,1114.4728
14147,795.50055,1111.3655
14148,793.5657,1107.4353
14149,793.42065,1105.925
14150,794.5698,1108.9275
14151,797.5503,1116.3291
14152,799.3098,1122.8949
14153,796.0541,1122.7961
14154,790.3907,1116.9132
14155,788.8922,1106.0472
14156,793.2635,1086.6895
14157,797.06665,1064.219
14158,793.6162,1053.9404
14159,784.9269,1061.063
14160,777.7964,1074.4479
14161,775.1017,1080.4187
14162,775.47003,1075.0635
14163,776.51624,1067.6582
14164,775.3596,1072.0178
14165,770.3445,1090.1376
14166,763.18634,1108.0037
14167,758.73303,1112.576
14168,762.7019,1106.4955
14169,773.7888,1098.9791
14170,781.3376,1093.2198
14171,781.28687,1090.0048
14172,783.51215,1092.2454
14173,792.27313,1099.7058
14174,799.16504,1107.0392
14175,802.871,1111.3981
14176,809.086,1114.4834
14177,811.466,1114.8729
14178,799.6539,1109.499
14179,778.82874,1102.4021
14180,763.7512,1099.6812
14181,762.04266,1100.472
14182,768.25366,1100.9044
14183,770.22327,1099.3096
14184,765.29596,1095.8805
14185,769.2452,1091.7847
14186,797.37054,1088.1622
14187,835.22217,1086.8264
14188,850.5161,1088.5265
14189,836.4731,1089.3937
14190,812.3492,1086.1625
14191,788.79736,1080.9982
14192,765.0093,1076.5403
14193,749.5614,1074.5184
14194,756.82117,1078.0245
14195,783.8027,1087.4209
14196,810.28845,1100.0955
14197,825.38684,1117.2391
14198,837.25555,1140.8394
14199,852.53015,1163.5676
14200,862.15454,1171.383
14201,853.12866,1158.7491
14202,821.4212,1136.3062
14203,774.9623,1118.7236
14204,734.8992,1108.6343
14205,719.6693,1098.6873
14206,723.4649,1085.6504
14207,727.36615,1075.667
14208,723.8666,1074.6328
14209,718.3779,1078.7812
14210,716.51166,1080.8218
14211,717.2738,1079.9208
14212,717.62024,1079.3881
14213,720.7952,1080.9121
14214,733.4826,1084.0762
14215,753.0837,1087.6243
14216,767.29047,1091.0414
14217,770.7795,1094.8005
14218,772.24445,1099.0244
14219,779.7871,1103.485
14220,790.1605,1108.0876
14221,796.8389,1112.9448
14222,798.53253,1117.5359
14223,797.06323,1119.5692
14224,794.2737,1116.3766
14225,790.693,1107.8461
14226,784.6638,1099.2133
14227,776.5646,1099.3715
14228,771.02655,1110.4208
14229,770.5113,1120.1207
14230,772.17694,1114.2007
14231,772.6687,1095.9951
14232,771.2895,1083.233
14233,771.8418,1088.9009
14234,780.2791,1110.7433
14235,792.38586,1131.2137
14236,796.4302,1133.4175
14237,792.7157,1122.9193
14238,792.99524,1120.3638
14239,803.93463,1134.1392
14240,818.947,1152.706
14241,826.4109,1159.9739
14242,825.61487,1147.9146
14243,824.08374,1119.2476
14244,823.69464,1089.9615
14245,820.00714,1077.891
14246,809.59265,1081.8611
14247,795.492,1087.1918
14248,784.8612,1086.5085
14249,781.3631,1082.2041
14250,783.32477,1077.0614
14251,787.50995,1072.6305
14252,793.1954,1072.4037
14253,800.85345,1078.4049
14254,806.4947,1086.5922
14255,803.9454,1089.9014
14256,792.9359,1085.3308
14257,778.9358,1077.1517
14258,769.5583,1072.3113
14259,773.39264,1076.0868
14260,790.6168,1090.7754
14261,806.10626,1110.0514
14262,806.8836,1120.8973
14263,800.17285,1116.1364
14264,799.24866,1099.0256
14265,803.2445,1081.6343
14266,802.9548,1077.5319
14267,794.4144,1086.8214
14268,782.3147,1096.1147
14269,776.5491,1095.8037
14270,782.1573,1089.2114
14271,792.9705,1085.3058
14272,800.27966,1087.8992
14273,802.4127,1094.0435
14274,803.2879,1098.7305
14275,806.7394,1098.5176
14276,813.0993,1094.6449
14277,819.9346,1091.6357
14278,825.204,1090.9498
14279,828.80164,1090.8966
14280,830.0267,1090.7173
14281,825.4435,1090.1649
14282,813.2858,1088.7151
14283,796.82404,1086.4662
14284,781.4768,1083.803
14285,773.3867,1080.8068
14286,775.54645,1077.9047
14287,781.7501,1076.7334
14288,783.6488,1079.3046
14289,781.93195,1085.6527
14290,782.7062,1092.4653
14291,788.21295,1095.0413
14292,795.9081,1092.0333
14293,801.6764,1087.8267
14294,802.43524,1087.0294
14295,799.4099,1087.7125
14296,797.5833,1085.7501
14297,798.6943,1082.5181
14298,799.5495,1082.1792
14299,798.19525,1085.2975
14300,792.56476,1088.6329
14301,779.912,1090.7112
14302,765.91486,1095.8605
14303,758.5232,1106.1564
14304,752.93604,1113.0913
14305,740.9738,1109.4122
14306,726.3565,1100.8508
14307,719.0894,1097.6034
14308,729.2841,1104.8938
14309,762.4115,1118.6733
14310,803.5467,1126.0288
14311,826.33636,1120.954
14312,827.17773,1111.7634
14313,823.92346,1106.2651
14314,822.7906,1104.3407
14315,813.21436,1103.8596
14316,792.09625,1104.4099
14317,769.7199,1106.7672
14318,752.3075,1111.1292
14319,736.33246,1116.9586
14320,722.9809,1122.6969
14321,725.04816,1124.7991
14322,748.86127,1120.3329
14323,778.7897,1111.6389
14324,793.0586,1106.3345
14325,788.6727,1110.8821
14326,780.9691,1124.664
14327,784.12,1140.514
14328,800.64124,1149.5068
14329,824.276,1146.141
14330,846.7657,1131.707
14331,865.39276,1113.2545
14332,878.5889,1099.1368
14333,878.5747,1094.5359
14334,862.2322,1097.6267
14335,838.37415,1101.0674
14336,816.9595,1100.5494
14337,800.51105,1098.8606
14338,788.22705,1100.6992
14339,782.0865,1106.8179
14340,782.07117,1112.808
14341,779.9707,1113.5994
14342,769.0153,1111.0604
14343,756.5407,1111.2637
14344,753.7024,1112.5226
14345,756.0841,1110.1113
14346,752.3412,1108.7592
14347,746.1541,1112.835
14348,748.9019,1115.8141
14349,760.45886,1111.7686
14350,773.03046,1104.6835
14351,781.3984,1101.6847
14352,782.0065,1105.3209
14353,772.54944,1113.0243
14354,758.3828,1118.7368
14355,754.1805,1116.2047
14356,769.76355,1104.4431
14357,796.3733,1091.0253
14358,815.7607,1087.7379
14359,819.6741,1098.7683
14360,813.658,1114.9254
14361,804.56433,1123.9214
14362,793.71625,1123.9203
14363,783.744,1122.093
14364,779.9544,1124.3225
14365,781.0239,1131.2386
14366,781.7949,1139.5192
14367,784.798,1144.039
14368,792.81085,1142.0531
14369,796.75696,1136.3932
14370,787.72766,1131.3425
14371,772.04114,1126.896
14372,759.9511,1118.4703
14373,750.23883,1101.4814
14374,739.42255,1080.6123
14375,733.3496,1067.863
14376,736.8963,1066.6134
14377,743.6696,1070.9352
14378,746.5449,1078.3309
14379,747.6993,1089.7511
14380,750.70807,1101.548
14381,754.09015,1106.6262
14382,755.62256,1102.9125
14383,755.4738,1096.5254
14384,756.25586,1095.6189
14385,759.87915,1102.1052
14386,764.6454,1110.3228
14387,769.553,1112.9634
14388,774.78796,1107.4429
14389,777.9003,1098.612
14390,778.5615,1093.533
14391,778.7871,1091.8508
14392,776.6619,1088.4022
14393,773.011,1084.6359
14394,774.47064,1085.5452
14395,781.1573,1087.8358
14396,786.40173,1084.0604
14397,787.70264,1076.1262
14398,786.7775,1073.3289
14399,786.0146,1076.5029
14400,788.9572,1074.9785
14401,796.54266,1063.0845
14402,804.3974,1048.9877
14403,808.4246,1043.055
14404,808.5526,1046.1023
14405,806.8435,1052.1592
14406,805.37915,1056.4724
14407,803.6226,1058.868
14408,799.448,1062.0836
14409,794.0499,1066.1681
14410,790.2163,1067.5599
14411,787.62103,1066.5328
14412,784.5195,1069.1074
14413,781.13983,1076.6372
14414,779.13477,1078.1835
14415,779.4653,1063.2072
14416,782.21063,1041.1318
14417,786.9094,1032.083
14418,790.237,1038.0793
14419,787.31305,1044.2727
14420,779.9669,1046.1934
14421,774.3681,1052.7286
14422,769.7859,1064.5107
14423,762.2281,1071.2671
14424,753.8585,1071.0515
14425,750.2278,1073.9071
14426,753.3157,1084.739
14427,759.4443,1096.204
14428,763.1219,1101.183
14429,766.07684,1104.0605
14430,775.23016,1112.4894
14431,783.7707,1120.5858
14432,775.6599,1116.6718
14433,753.0346,1104.976
14434,733.4573,1098.0797
14435,737.5283,1099.7788
14436,783.61237,1109.8027
14437,853.11957,1123.6243
14438,891.6532,1128.8367
14439,881.1317,1122.8547
14440,854.964,1117.844
14441,837.42194,1118.4413
14442,823.46857,1116.1097
14443,806.0865,1105.8163
14444,790.3084,1093.4783
14445,779.7547,1085.8917
14446,765.4986,1081.8568
14447,741.42755,1076.6605
14448,714.31067,1067.6101
14449,693.0691,1056.6096
14450,683.3224,1050.0707
14451,684.2174,1049.8613
14452,687.50586,1050.2869
14453,689.0927,1047.5918
14454,691.83545,1043.7194
14455,696.119,1041.3304
14456,699.563,1040.6123
14457,701.1791,1040.7538
14458,701.73285,1042.0674
14459,705.6516,1044.8032
14460,718.02325,1047.8639
14461,737.93695,1053.1232
14462,761.8477,1066.7184
14463,788.3281,1088.6434
14464,814.6675,1108.6415
14465,832.51227,1117.7974
14466,830.18524,1118.4244
14467,805.52893,1120.6636
14468,773.3786,1127.7612
14469,749.4596,1128.6958
14470,733.8453,1112.1953
14471,722.11,1085.0122
14472,718.27594,1067.0704
14473,725.431,1067.7228
14474,740.0781,1078.2726
14475,758.71826,1086.6387
14476,776.3527,1089.9777
14477,785.90906,1093.0923
14478,787.29785,1097.8641
14479,785.8499,1100.9733
14480,782.36194,1100.942
14481,775.2135,1099.1112
14482,767.95325,1097.8845
14483,765.29224,1100.9172
14484,765.00696,1108.3829
14485,762.8663,1114.762
14486,760.66907,1116.3923
14487,761.1787,1116.0928
14488,762.6577,1116.7778
14489,764.3477,1116.6735
14490,767.5183,1114.6255
14491,769.0679,1114.5581
14492,766.59955,1119.3142
14493,764.8289,1123.2584
14494,765.76404,1118.9375
14495,764.0545,1108.8124
14496,757.8918,1102.6205
14497,753.8798,1104.1876
14498,757.03577,1107.0907
14499,762.1765,1105.8043
14500,762.9188,1103.3423
14501,763.01733,1104.1876
14502,766.7638,1106.7395
14503,769.06805,1104.4906
14504,767.11597,1095.1245
14505,766.1992,1085.871
14506,767.87354,1083.1498
14507,768.7336,1083.8654
14508,769.1528,1083.641
14509,770.9752,1086.1796
14510,773.1233,1098.2734
14511,774.49347,1117.6082
14512,775.7551,1131.5242
14513,777.9667,1130.1304
14514,779.14856,1117.6138
14515,776.47076,1107.3676
14516,773.95593,1106.5951
14517,776.7281,1111.2312
14518,782.93475,1115.7351
14519,790.3324,1119.6367
14520,796.85846,1123.7351
14521,796.0925,1127.2643
14522,786.4874,1129.9227
14523,777.3105,1132.066
14524,774.9085,1133.0266
14525,771.0937,1130.9512
14526,755.4831,1123.8656
14527,735.0617,1114.1099
14528,735.352,1111.2163
14529,771.2674,1119.3958
14530,812.6165,1124.8495
14531,813.59937,1114.1456
14532,776.2172,1096.4773
14533,738.9269,1088.5099
14534,721.0635,1091.831
14535,716.6337,1097.961
14536,721.89966,1102.5519
14537,737.3585,1106.2999
14538,752.4258,1109.508
14539,760.1842,1112.42
14540,778.47076,1114.4438
14541,822.53064,1112.0355
14542,872.0926,1104.1189
14543,895.2799,1093.5472
14544,887.3658,1081.8923
14545,867.7976,1070.634
14546,853.2275,1061.5743
14547,843.53973,1053.6564
14548,828.6724,1047.2806
14549,802.9397,1046.6182
14550,773.59155,1051.8763
14551,755.8451,1057.8231
14552,756.10144,1061.6537
14553,762.09845,1063.0879
14554,757.7196,1060.353
14555,745.13007,1055.2728
14556,737.2413,1053.554
14557,735.3074,1055.4618
14558,732.6046,1057.2402
14559,728.0271,1059.6953
14560,724.3708,1067.5505
14561,725.7207,1082.0511
14562,736.0469,1096.838
14563,751.2957,1104.6696
14564,760.3905,1106.6665
14565,758.9393,1108.8602
14566,754.7445,1112.7875
14567,756.15027,1115.3739
14568,760.6026,1114.8593
14569,761.5016,1112.0927
14570,762.4784,1107.8599
14571,773.56024,1101.1294
14572,792.1956,1090.8138
14573,802.47656,1080.3062
14574,797.032,1076.582
14575,784.7848,1082.5795
14576,776.46094,1092.9093
14577,777.5126,1097.7747
14578,793.35004,1091.9836
14579,824.41296,1079.1068
14580,856.33734,1066.379
14581,872.54016,1059.3438
14582,871.6797,1059.9106
14583,855.2761,1065.6445
14584,818.968,1071.1144
14585,774.98627,1071.7317
14586,750.2728,1067.9868
14587,751.92804,1064.6967
14588,764.1564,1065.257
14589,771.3173,1068.9469
14590,766.549,1073.6628
14591,752.1382,1079.9119
14592,736.5457,1091.4546
14593,726.6192,1107.9381
14594,725.5111,1117.0277
14595,734.20166,1101.3212
14596,748.58954,1062.6855
14597,757.25885,1035.1973
14598,752.90424,1047.2899
14599,745.3257,1081.9792
14600,748.34766,1106.6495
14601,760.1762,1113.7986
14602,768.36926,1111.4338
14603,767.5223,1105.4238
14604,772.2679,1102.1562
14605,804.4421,1107.9253
14606,854.40375,1119.1808
14607,886.1762,1125.6951
14608,889.30676,1123.8304
14609,880.173,1117.8828
14610,865.84064,1112.9297
14611,846.37054,1110.7681
14612,827.73773,1108.9844
14613,812.7152,1104.9471
14614,798.0389,1101.6107
14615,785.3825,1104.621
14616,779.17664,1113.7686
14617,773.2251,1122.9744
14618,759.2761,1128.2845
14619,743.8871,1129.6783
14620,738.88324,1127.3911
14621,754.22565,1121.9032
14622,800.7653,1112.7828
14623,863.9021,1096.8457
14624,899.7276,1073.7628
14625,891.10144,1051.3312
14626,861.7717,1040.1482
14627,829.3355,1043.8529
14628,796.06213,1056.1453
14629,768.2279,1068.198
14630,750.1555,1077.9224
14631,738.638,1088.8563
14632,733.45593,1101.8236
14633,739.6234,1111.3035
14634,755.57074,1110.8212
14635,773.02405,1100.9624
14636,791.7748,1087.8784
14637,816.5463,1075.3684
14638,844.709,1062.9253
14639,873.75507,1046.6127
14640,905.1425,1022.2685
14641,927.9913,994.5839
14642,923.02466,975.05566
14643,892.7,966.41833
14644,861.8137,962.0102
14645,847.47906,960.8759
14646,844.4027,969.8281
14647,837.10913,987.57776
14648,824.12024,999.86566
14649,821.5594,1001.20905
14650,835.8021,1004.784
14651,845.6336,1019.7728
14652,826.57043,1039.2595
14653,785.3263,1051.4712
14654,744.5696,1048.0537
14655,708.7911,1028.5645
14656,675.867,1001.8993
14657,654.0195,978.18164
14658,649.62085,961.5926
14659,659.5035,951.7147
14660,676.92706,946.7536
14661,697.637,944.8124
14662,719.6777,944.7757
14663,742.68713,946.8837
14664,766.8436,950.77216
14665,780.969,951.5526
14666,761.9567,943.7461
14667,711.7562,932.91693
14668,686.3044,931.9358
14669,742.69147,942.6791
14670,854.0963,955.8758
14671,935.7866,965.82684
14672,951.85205,975.14014
14673,935.4608,991.8075
14674,920.5302,1020.2403
14675,908.50397,1053.2557
14676,892.8318,1076.216
14677,873.6541,1073.5299
14678,850.902,1042.6002
14679,823.3145,1013.825
14680,792.0165,1029.2224
14681,762.92194,1084.9554
14682,740.4546,1131.7937
14683,722.2913,1134.436
14684,714.2281,1099.1616
14685,734.3248,1059.7919
14686,781.7193,1039.4948
14687,825.5828,1025.3073
14688,844.0756,1003.30493
14689,844.34186,985.54456
14690,835.64307,980.1783
14691,817.98956,977.3942
14692,804.5197,976.11676
14693,821.22614,994.2904
14694,868.21387,1038.485
14695,905.43616,1082.8994
14696,895.2948,1101.5333
14697,844.5162,1100.2461
14698,792.1658,1095.3793
14699,769.70026,1087.9747
14700,780.0206,1073.6382
14701,802.7976,1059.5376
14702,811.34393,1059.2484
14703,795.56177,1073.0978
14704,779.77905,1086.2637
14705,795.70306,1089.1844
14706,828.48206,1090.2137
14707,834.7938,1097.2334
14708,808.1242,1084.0409
14709,769.9152,1008.09937
14710,728.9984,886.40576
14711,696.08844,797.9952
14712,690.93256,784.9823
14713,710.782,817.2611
14714,732.6079,855.15607
14715,745.8341,886.5524
14716,756.45734,913.97473
14717,769.60596,941.28796
14718,781.2715,967.9675
14719,784.6257,987.656
14720,779.14276,991.86554
14721,769.2206,975.62067
14722,759.5465,948.2532
14723,756.1508,930.698
14724,762.46674,931.88855
14725,768.59216,940.5532
14726,758.8805,942.81964
14727,734.2718,938.194
14728,703.8136,935.41064
14729,664.14685,939.95886
14730,619.8127,951.2209
14731,609.74994,963.78735
14732,674.1343,971.8547
14733,788.5262,976.05206
14734,879.5662,981.0462
14735,910.4941,988.1104
14736,896.96045,992.1203
14737,862.9054,986.11633
14738,825.4218,970.1022
14739,798.42596,951.93085
14740,788.3789,938.4925
14741,790.3495,929.89264
14742,792.899,922.04346
14743,784.848,909.1165
14744,760.2069,883.5301
14745,726.14923,841.9226
14746,699.6697,791.3249
14747,690.845,745.076
14748,698.8757,714.75555
14749,718.36475,701.9758
14750,740.2919,695.95905
14751,756.1258,686.1334
14752,764.4379,671.64355
14753,769.1417,657.16144
14754,774.1188,650.48676
14755,780.29736,659.4702
14756,786.068,685.3711
14757,789.6334,721.7166
14758,789.11334,759.3421
14759,784.03204,792.8072
14760,777.2929,820.3399
14761,771.8727,840.28625
14762,768.4966,851.87164
14763,767.04596,857.00635
14764,766.42694,859.2305
14765,764.68787,860.2417
14766,761.4928,856.837
14767,758.45105,844.90137
14768,756.6906,829.602
14769,756.5831,824.30566
14770,758.8724,835.4927
14771,763.16455,856.0929
14772,766.93427,873.8723
14773,767.9603,880.224
14774,766.3181,872.8835
14775,763.58734,855.7562
14776,760.625,835.6781
14777,757.8234,820.1854
14778,757.95337,818.0359
14779,764.29083,832.8525
14780,775.0595,855.2111
14781,783.8389,869.2814
14782,785.90924,867.86926
14783,782.4899,857.59155
14784,779.1774,850.154
14785,780.3746,850.45984
14786,785.3961,855.0423
14787,790.5224,859.74457
14788,793.43,863.9727
14789,795.66284,869.35126
14790,800.6033,877.2107
14791,807.5043,886.0891
14792,811.70184,892.61816
14793,811.71387,895.31635
14794,810.44446,894.6813
14795,810.23175,890.53796
14796,810.5477,882.6562
14797,810.5483,874.16565
14798,811.04816,870.1621
14799,812.0715,871.4343
14800,811.6423,874.37415
14801,809.2072,875.898
14802,807.5303,874.848
14803,808.7025,870.25714
14804,810.9743,861.19684
14805,812.32007,851.33545
14806,813.41974,848.4958
14807,815.1394,855.273
14808,816.16187,866.4074
14809,813.57043,873.62164
14810,804.8451,868.7903
14811,789.82825,848.2201
14812,771.86896,818.17175
14813,759.4501,799.37317
14814,761.2256,813.9179
14815,773.44867,853.7651
14816,783.31964,886.3902
14817,786.723,897.6817
14818,789.48804,899.3279
14819,794.7937,901.7461
14820,799.16003,903.55414
14821,799.1598,901.3189
14822,797.15234,897.5933
14823,797.3909,896.52905
14824,799.3246,894.9279
14825,799.4782,886.242
14826,797.2441,873.37836
14827,794.28955,864.23706
14828,791.21686,857.7559
14829,788.2275,850.30225
14830,786.1178,845.2154
14831,785.31,844.1276
14832,785.5708,842.77515
14833,786.35785,839.92084
14834,787.12274,839.2724
14835,787.7582,842.0994
14836,788.83344,845.445
14837,790.4218,847.2142
14838,791.11255,849.5548
14839,791.4038,859.0847
14840,795.1055,881.1383
14841,800.93164,909.4419
14842,799.18066,930.53174
14843,782.8707,939.9253
14844,755.1445,942.01715
14845,726.0154,941.2704
14846,706.3706,942.7911
14847,701.3296,951.02344
14848,707.54083,964.4872
14849,715.9682,977.91736
14850,718.55286,988.75665
14851,719.1833,999.6644
14852,731.07776,1014.1679
14853,755.57153,1030.3218
14854,778.6988,1043.4246
14855,786.83856,1051.821
14856,773.8326,1055.2987
14857,747.8263,1055.1138
14858,731.0183,1054.9764
14859,736.82,1055.7299
14860,753.9109,1054.2831
14861,763.83014,1050.1868
14862,770.7775,1049.3833
14863,797.39905,1058.728
14864,840.4181,1073.5975
14865,853.8686,1077.8136
14866,804.51306,1062.2935
14867,721.1762,1035.7198
14868,661.15753,1016.4968
14869,662.4213,1020.3614
14870,732.4704,1049.6735
14871,830.29956,1086.6449
14872,887.7556,1106.6123
14873,884.5649,1105.0028
14874,857.53796,1096.8687
14875,842.24335,1093.2927
14876,844.0159,1094.4258
14877,848.1119,1097.326
14878,832.0485,1099.9298
14879,782.0748,1099.7144
14880,718.0345,1092.8373
14881,679.5055,1079.9075
14882,689.56354,1072.9683
14883,752.94226,1085.5781
14884,844.742,1110.5762
14885,903.34515,1123.4222
14886,890.2558,1112.9917
14887,832.08014,1090.0674
14888,779.2041,1066.1788
14889,756.01514,1044.5193
14890,756.192,1027.8629
14891,762.92847,1019.2293
14892,766.40424,1017.04486
14893,766.7305,1016.96826
14894,766.93823,1016.6529
14895,767.60394,1016.1119
14896,767.0609,1015.3699
14897,764.5731,1014.07587
14898,761.77386,1012.2583
14899,760.3924,1010.44965
14900,760.17914,1009.2284
14901,759.51166,1008.481
14902,757.24835,1007.99695
14903,754.1033,1008.2664
14904,751.0857,1009.22235
14905,748.7659,1009.947
14906,752.9771,1011.9188
14907,774.46436,1020.4758
14908,808.4802,1040.0901
14909,827.0303,1069.1731
14910,815.17096,1097.7743
14911,790.08984,1107.1368
14912,769.15234,1083.082
14913,756.27045,1039.248
14914,752.89435,1008.51416
14915,755.163,1006.7004
14916,756.6216,1024.33
14917,757.77014,1044.0226
14918,761.7892,1051.4727
14919,766.85834,1042.3569
14920,768.4138,1024.1938
14921,766.58307,1005.2033
14922,765.6261,981.8492
14923,763.8669,945.8214
14924,757.33777,900.269
14925,752.40076,856.9076
14926,756.186,825.77997
14927,766.5185,818.4431
14928,779.6936,843.59155
14929,790.06995,887.99255
14930,790.21027,923.17554
14931,781.7479,935.7242
14932,771.2326,932.27826
14933,761.55304,923.92523
14934,760.0817,917.8398
14935,776.039,913.3048
14936,798.8964,898.34796
14937,801.72266,858.33325
14938,775.89667,797.6352
14939,741.1188,742.8652
14940,716.881,722.20764
14941,705.2791,746.88354
14942,702.0248,797.03864
14943,705.38293,834.91565
14944,712.3143,845.7062
14945,718.3695,843.12964
14946,721.87115,840.4561
14947,723.2594,839.4654
14948,723.3608,838.5866
14949,723.0789,838.034
14950,722.7609,838.2304
14951,722.65955,838.51965
14952,725.7271,838.8777
14953,736.31055,840.75024
14954,749.53815,844.93353
14955,750.6216,849.83527
14956,735.92914,853.6483
14957,719.9102,855.80817
14958,713.10767,852.5685
14959,711.71814,837.48596
14960,709.1252,812.10876
14961,703.5595,786.9264
14962,697.7149,769.91864
14963,695.78143,761.952
14964,698.72797,760.9233
14965,704.69824,768.9427
14966,712.76215,790.8909
14967,721.21204,820.2475
14968,726.21045,840.68915
14969,726.25665,846.26263
14970,724.0342,844.84454
14971,722.9011,844.66437
14972,725.3708,848.0515
14973,733.39935,853.8294
14974,745.57837,860.2497
14975,756.63477,866.35876
14976,762.5744,871.3723
14977,763.62244,873.2311
14978,761.9806,868.8764
14979,759.6416,857.6124
14980,758.65497,845.60956
14981,760.0783,841.6099
14982,761.8692,845.41016
14983,761.4833,848.7404
14984,760.16486,847.4417
14985,761.218,845.366
14986,765.19446,847.36444
14987,769.845,853.6635
14988,773.4534,861.2912
14989,775.7483,867.28955
14990,777.4291,870.6776
14991,780.07294,873.3709
14992,784.53046,878.20526
14993,789.4484,885.3803
14994,792.3678,891.7842
14995,792.2531,894.3312
14996,791.12836,891.704
14997,792.03455,882.47034
14998,794.92883,868.2529
14999,796.6836,857.25305
15000,795.4596,855.8113
15001,792.82153,861.1475
15002,790.82874,866.9395
15003,789.268,869.5499
15004,786.8726,868.3761
15005,783.3514,865.40533
15006,779.5788,864.12115
15007,776.7984,866.38745
15008,775.2623,870.9008
15009,773.2902,874.5794
15010,768.9247,875.14746
15011,763.03595,873.5466
15012,758.3424,873.58435
15013,756.50574,880.43097
15014,760.5195,900.9347
15015,772.3327,936.809
15016,782.68964,974.3201
15017,778.23706,996.80914
15018,761.1835,1007.34924
15019,745.69794,1021.0923
15020,738.04535,1041.2855
15021,734.7919,1058.5966
15022,735.4785,1066.5895
15023,743.86847,1066.1492
15024,758.5975,1061.5233
15025,771.1285,1057.3988
15026,774.01337,1053.3722
15027,767.63416,1043.6339
15028,757.69415,1027.2478
15029,749.4288,1011.11383
15030,746.7435,1002.82855
15031,752.3558,1007.0186
15032,763.5741,1021.8041
15033,772.35425,1038.055
15034,774.03265,1050.061
15035,773.8013,1063.3419
15036,780.522,1083.6879
15037,792.2117,1104.1099
15038,796.6709,1113.7738
15039,790.04193,1112.5792
15040,781.5806,1108.5504
15041,780.0251,1107.9902
15042,785.81726,1110.8569
15043,795.0883,1113.3425
15044,804.2392,1113.9528
15045,809.20447,1114.413
15046,807.2721,1116.8734
15047,803.15735,1125.0288
15048,804.65265,1140.1802
15049,808.5292,1144.5464
15050,804.1924,1108.9752
15051,792.9644,1038.6124
15052,785.28284,977.6987
15053,786.69403,956.0475
15054,798.1769,965.9117
15055,812.5221,985.4363
15056,814.0633,1001.5643
15057,796.36676,1016.10803
15058,771.32025,1035.6494
15059,757.3818,1059.8689
15060,762.24475,1082.0135
15061,776.9269,1095.8286
15062,790.84863,1102.1793
15063,806.02625,1107.564
15064,822.9821,1112.0375
15065,826.377,1108.2253
15066,805.7839,1095.6383
15067,782.3619,1084.4187
15068,790.7392,1082.8732
15069,835.94525,1085.3845
15070,890.93555,1080.2598
15071,924.4858,1068.1753
15072,921.04736,1058.9618
15073,892.05597,1056.9382
15074,862.80914,1061.8009
15075,846.49,1073.8247
15076,841.13873,1089.0352
15077,837.82086,1099.4371
15078,817.572,1103.3582
15079,760.4147,1103.3094
15080,680.8875,1094.9857
15081,623.0889,1071.7609
15082,604.1732,1036.7368
15083,605.96783,1004.1894
15084,613.4636,988.36523
15085,621.5644,989.5741
15086,624.22034,996.314
15087,622.5636,1000.0996
15088,635.88086,1001.56354
15089,686.02563,1005.83563
15090,761.2635,1016.3564
15091,822.8654,1032.9376
15092,856.293,1053.7114
15093,875.9436,1073.8431
15094,891.1366,1086.6268
15095,901.17255,1090.4742
15096,904.00415,1087.5809
15097,899.533,1079.298
15098,890.4498,1069.7694
15099,877.21783,1065.2158
15100,857.9373,1065.7535
15101,834.0519,1065.416
15102,810.82574,1061.1593
15103,794.44244,1056.5529
15104,790.1341,1055.5691
15105,798.1233,1056.0865
15106,810.4171,1052.121
15107,816.7358,1040.7214
15108,814.7968,1024.7148
15109,809.75146,1010.8595
15110,805.1695,1004.54047
15111,802.0507,1004.50104
15112,801.493,1006.24506
15113,802.1719,1008.1729
15114,800.9122,1009.9079
15115,797.427,1010.35236
15116,795.09326,1009.2282
15117,796.6747,1006.60706
15118,800.2116,1003.1189
15119,801.1549,1000.87726
15120,797.9427,1001.74243
15121,792.5269,1005.7744
15122,787.4547,1010.5887
15123,784.68164,1011.26843
15124,785.16376,1004.4606
15125,787.82623,993.9489
15126,789.8268,986.8904
15127,789.6609,983.13306
15128,789.5532,976.6519
15129,793.01294,968.1904
15130,799.7061,964.7008
15131,805.4691,966.996
15132,807.78595,969.4852
15133,807.2217,969.4522
15134,804.17255,969.65015
15135,798.45935,974.4243
15136,791.4015,984.804
15137,783.90405,997.41846
15138,773.6658,1010.6206
15139,759.0958,1027.2455
15140,744.48035,1047.3362
15141,737.0832,1068.2191
15142,737.87006,1090.6848
15143,735.77966,1111.1476
15144,717.24023,1117.662
15145,688.3069,1105.4021
15146,674.58386,1084.8826
15147,686.77966,1072.2856
15148,708.18915,1076.9183
15149,722.47375,1093.4875
15150,727.15027,1108.3156
15151,725.1071,1115.2518
15152,721.9915,1117.2823
15153,723.4883,1114.3356
15154,729.84326,1101.4954
15155,738.5198,1080.4358
15156,747.10486,1062.4865
15157,750.7866,1057.3011
15158,748.06506,1063.7495
15159,744.96545,1073.3137
15160,746.2819,1078.4482
15161,753.0066,1075.9963
15162,764.4297,1067.6105
15163,775.67206,1059.471
15164,781.44324,1057.4857
15165,782.37506,1060.0898
15166,782.4294,1060.5173
15167,782.8643,1056.6604
15168,781.5659,1049.995
15169,776.711,1039.3721
15170,769.63983,1025.8715
15171,764.1102,1015.2278
15172,763.7201,1008.6567
15173,768.8908,1000.9903
15174,775.0832,991.43164
15175,776.5147,986.89825
15176,772.1925,991.9216
15177,766.0249,1001.81036
15178,761.42535,1008.5315
15179,758.7963,1009.6955
15180,757.5861,1008.66425
15181,758.01624,1008.53894
15182,761.5887,1009.76685
15183,769.38824,1012.0385
15184,779.7216,1015.3401
15185,789.60596,1019.57355
15186,797.1254,1025.1477
15187,800.8827,1032.8737
15188,800.1825,1042.2393
15189,796.73926,1051.5198
15190,792.04083,1059.9641
15191,783.9914,1068.6532
15192,772.3507,1078.23
15193,765.2601,1085.4816
15194,770.09033,1086.6145
15195,779.3647,1084.4832
15196,779.404,1084.3577
15197,765.9889,1084.861
15198,741.9931,1081.8667
15199,715.1829,1081.7968
15200,697.39124,1098.8345
15201,692.95105,1130.4086
15202,696.6934,1155.9069
15203,705.2812,1162.8503
15204,717.34607,1154.3727
15205,727.82404,1140.4606
15206,734.30896,1130.161
15207,740.06415,1124.8608
15208,747.50665,1119.7695
15209,755.9965,1111.7213
15210,762.17847,1102.8267
15211,762.66864,1095.8569
15212,760.1749,1089.7568
15213,760.7283,1082.9524
15214,765.3577,1076.6185
15215,771.1096,1072.4435
15216,775.702,1070.7286
15217,778.2819,1071.4045
15218,779.1983,1074.5591
15219,778.9265,1079.3734
15220,777.97,1084.1017
15221,777.3997,1087.5413
15222,777.1998,1089.8804
15223,776.1704,1091.9541
15224,773.94183,1093.798
15225,771.1529,1095.0128
15226,769.4009,1095.7815
15227,770.71436,1096.2944
15228,774.0968,1096.7616
15229,775.7496,1097.3207
15230,774.49084,1097.4413
15231,772.6294,1097.127
15232,771.57776,1097.1688
15233,770.0538,1097.8383
15234,766.1798,1098.7898
15235,758.92596,1099.6901
15236,749.6952,1100.9884
15237,742.6395,1101.3693
15238,738.1677,1095.3342
15239,730.89056,1083.296
15240,719.5293,1078.6206
15241,711.20526,1090.3099
15242,713.0048,1108.0043
15243,723.0074,1115.18
15244,728.59094,1108.2725
15245,721.18176,1096.0278
15246,722.58093,1085.4761
15247,771.1634,1076.3864
15248,861.61176,1069.5824
15249,937.3213,1070.4017
15250,943.9124,1080.6036
15251,866.3358,1094.1008
15252,750.86584,1100.9366
15253,670.70984,1097.4784
15254,651.6031,1093.1047
15255,693.65393,1099.7284
15256,803.77325,1117.7384
15257,931.1465,1133.6182
15258,987.8572,1133.5403
15259,961.87366,1120.1222
15260,896.35956,1104.8334
15261,813.5227,1092.5142
15262,744.43115,1083.3892
15263,738.4521,1077.1055
15264,794.61035,1071.1089
15265,859.46106,1062.3304
15266,894.4671,1051.1562
15267,898.0056,1042.2777
15268,879.83844,1041.7891
15269,844.4844,1052.302
15270,803.5939,1068.3843
15271,779.7893,1079.3201
15272,777.08954,1080.3817
15273,775.4544,1076.8308
15274,772.0003,1073.8065
15275,792.2851,1070.0847
15276,844.8341,1065.1216
15277,902.26544,1062.9102
15278,930.4762,1062.01
15279,913.1972,1049.0665
15280,863.78143,1014.49713
15281,815.66626,971.15625
15282,792.3099,941.99585
15283,794.00525,933.8937
15284,808.01025,938.10925
15285,821.0168,946.4485
15286,826.7491,955.66455
15287,828.53265,964.4736
15288,829.0713,970.56256
15289,818.15424,967.06573
15290,787.3259,949.4603
15291,752.45593,929.20667
15292,735.5297,922.60474
15293,732.86566,926.1595
15294,730.75085,926.0636
15295,742.6349,928.46875
15296,791.5126,953.8501
15297,852.8623,997.1532
15298,873.64124,1024.0892
15299,850.5288,1015.283
15300,822.35315,983.99554
15301,807.87787,953.44617
15302,803.5639,937.71045
15303,806.0742,938.1783
15304,806.7477,954.8611
15305,794.04694,991.925
15306,778.703,1040.2283
15307,784.4618,1076.3319
15308,806.52026,1087.4077
15309,820.0775,1080.1289
15310,820.0568,1069.5048
15311,815.954,1064.3962
15312,810.9655,1062.5308
15313,805.47644,1059.9305
15314,801.5875,1057.1711
15315,800.42773,1056.1605
15316,802.3253,1056.9247
15317,806.3648,1057.6943
15318,809.74097,1057.5286
15319,810.842,1057.6095
15320,810.4494,1058.6871
15321,809.3818,1059.616
15322,807.8987,1059.6106
15323,806.4825,1059.4833
15324,805.7897,1060.2047
15325,805.9009,1061.6182
15326,805.93854,1062.7566
15327,805.2917,1063.4376
15328,804.67084,1064.9097
15329,805.44476,1067.9363
15330,808.21423,1071.5197
15331,811.48425,1074.4708
15332,812.7003,1076.4205
15333,811.2315,1076.9548
15334,808.6853,1075.8202
15335,807.63354,1074.6378
15336,809.7842,1076.2428
15337,813.5442,1082.2074
15338,815.68634,1092.5894
15339,814.8237,1105.0247
15340,812.35004,1114.5348
15341,810.62555,1117.6077
15342,809.53625,1112.8823
15343,807.43915,1100.1785
15344,805.1991,1084.8916
15345,805.30524,1075.5603
15346,809.112,1073.9506
15347,817.0502,1075.8215
15348,828.1352,1078.0198
15349,840.3279,1079.2002
15350,852.9273,1077.4305
15351,862.7775,1068.8024
15352,864.1887,1051.6671
15353,861.80817,1034.2671
15354,868.056,1028.0232
15355,883.06244,1032.2933
15356,895.0613,1037.17
15357,897.8514,1036.9995
15358,895.6064,1033.3904
15359,895.0823,1030.4275
15360,899.17395,1030.4917
15361,905.6891,1032.9559
15362,910.9922,1035.5831
15363,914.31274,1035.3872
15364,916.4662,1029.8838
15365,916.5175,1021.54376
15366,912.6497,1016.80524
15367,906.3512,1018.02057
15368,902.52783,1022.22205
15369,902.9778,1026.2427
15370,904.00964,1027.8313
15371,902.789,1025.6617
15372,900.9604,1022.0631
15373,900.6406,1021.47626
15374,901.668,1024.2352
15375,903.05,1025.6372
15376,903.72266,1021.95044
15377,902.8079,1015.48096
15378,900.10535,1011.1318
15379,896.3216,1008.5771
15380,893.7496,1003.75073
15381,893.91614,997.2043
15382,894.9853,993.4247
15383,895.04034,992.8809
15384,894.4616,991.6797
15385,894.1824,988.39734
15386,894.77185,985.52875
15387,895.69055,983.29865
15388,895.7552,977.99506
15389,895.3649,969.14075
15390,894.84766,960.4488
15391,892.26965,953.0199
15392,887.5357,946.9772
15393,884.4068,945.62805
15394,884.7075,949.99316
15395,885.0696,954.53357
15396,881.76904,953.17944
15397,875.79486,947.0586
15398,870.56226,942.4811
15399,866.66656,942.7724
15400,862.0751,945.93097
15401,856.1735,948.6554
15402,851.3991,950.44293
15403,850.2314,952.9441
15404,852.1182,956.3284
15405,854.9787,959.2627
15406,856.2478,959.42755
15407,852.8116,953.44403
15408,844.3908,941.31604
15409,834.05676,925.99335
15410,824.0115,908.4113
15411,815.282,892.9998
15412,811.1354,890.7964
15413,814.56036,906.82684
15414,821.63715,932.34174
15415,826.8195,958.26135
15416,830.785,984.8258
15417,833.1433,1006.5722
15418,833.3462,1013.9257
15419,839.4876,1015.58026
15420,854.31146,1025.6628
15421,861.6861,1039.7266
15422,841.96277,1043.5175
15423,799.2631,1034.5283
15424,769.18866,1030.4479
15425,781.32336,1045.8992
15426,811.23114,1068.5845
15427,806.65173,1079.1101
15428,763.72687,1075.5547
15429,726.2804,1066.8599
15430,722.98126,1060.9216
15431,749.87115,1061.3717
15432,784.8154,1065.4932
15433,803.3954,1066.138
15434,801.2179,1058.7485
15435,791.532,1044.314
15436,782.2368,1026.5377
15437,769.1852,1008.9009
15438,749.11847,993.69403
15439,733.97253,984.3565
15440,743.97534,986.9421
15441,783.12024,1004.1616
15442,831.34906,1029.8273
15443,863.8407,1052.993
15444,872.80096,1066.0203
15445,868.6237,1068.0673
15446,862.7386,1062.6737
15447,856.2642,1053.6558
15448,847.5168,1043.585
15449,841.2527,1033.9647
15450,842.6503,1025.706
15451,848.7047,1019.8072
15452,851.1228,1016.6292
15453,844.16675,1015.2135
15454,829.2756,1015.0745
15455,812.93585,1017.0876
15456,800.6476,1021.2173
15457,794.175,1025.3871
15458,792.18195,1027.2028
15459,791.952,1025.4808
15460,791.3081,1020.71436
15461,789.3425,1015.0287
15462,786.65265,1010.7483
15463,785.009,1008.4849
15464,785.57117,1007.5987
15465,787.30414,1008.13855
15466,787.95135,1010.4252
15467,786.1753,1011.5723
15468,782.30725,1006.68854
15469,779.2448,997.7032
15470,781.68646,993.1881
15471,791.24976,996.27716
15472,804.30426,1001.67816
15473,816.747,1004.4832
15474,827.86523,1006.37585
15475,838.01074,1012.73627
15476,846.2869,1025.2085
15477,850.9948,1039.3739
15478,850.47845,1049.1978
15479,845.0073,1050.5181
15480,838.032,1042.8472
15481,834.26605,1033.18
15482,835.3452,1031.5275
15483,838.0764,1038.1716
15484,838.4906,1044.2875
15485,835.7798,1044.5599
15486,831.98376,1040.429
15487,830.0759,1035.2736
15488,831.78784,1033.1201
15489,836.02167,1037.106
15490,839.37695,1045.5568
15491,838.7475,1052.4902
15492,834.9571,1054.1
15493,833.581,1053.6168
15494,840.21173,1056.349
15495,854.75446,1062.7089
15496,871.5462,1071.6411
15497,884.38806,1084.5702
15498,889.45306,1099.2052
15499,886.5567,1107.6387
15500,880.04175,1104.1617
15501,874.9391,1089.5057
15502,874.05505,1071.4607
15503,879.1591,1060.7426
15504,888.97095,1060.4426
15505,898.2121,1064.8904
15506,902.069,1068.2461
15507,898.4112,1067.1262
15508,888.8504,1059.8967
15509,880.3501,1050.1475
15510,878.5256,1045.3358
15511,880.0136,1048.1833
15512,877.71454,1054.2117
15513,869.76227,1057.1204
15514,860.7241,1053.8424
15515,855.0975,1045.1031
15516,851.52264,1032.9945
15517,846.7241,1021.65985
15518,841.0717,1015.166
15519,837.1812,1011.639
15520,836.3184,1008.37067
15521,837.93384,1008.26984
15522,841.7138,1013.7675
15523,846.87354,1021.9097
15524,850.53235,1026.0269
15525,850.4588,1019.3083
15526,847.4349,1002.0999
15527,841.1918,981.0691
15528,829.21045,958.9739
15529,815.4792,937.4567
15530,808.3527,921.22003
15531,806.0285,909.3011
15532,800.7025,898.7526
15533,793.16925,893.34827
15534,789.3953,895.03253
15535,790.27094,898.8895
15536,792.3557,900.78314
15537,792.9273,901.1854
15538,791.2496,904.32294
15539,786.93884,914.6964
15540,777.3689,928.7212
15541,762.1963,938.6948
15542,755.90826,953.3272
15543,774.9655,990.435
15544,802.59735,1038.523
15545,804.4044,1064.6978
15546,779.9363,1063.2919
15547,764.96045,1057.9843
15548,788.33185,1066.7124
15549,834.567,1084.1929
15550,857.6245,1091.9003
15551,836.1561,1082.204
15552,794.16876,1066.6381
15553,766.08563,1059.629
15554,759.7223,1063.2627
15555,760.9976,1069.7172
15556,760.0289,1072.5377
15557,755.7071,1071.7012
15558,744.6857,1070.5818
15559,725.8757,1072.1985
15560,721.07367,1077.6785
15561,762.97406,1084.9012
15562,843.16034,1091.4065
15563,912.4316,1099.2461
15564,940.95245,1108.8052
15565,936.48535,1113.8174
15566,918.00146,1109.4933
15567,898.1384,1095.8704
15568,878.9156,1076.2252
15569,858.2195,1057.4305
15570,839.2437,1044.4873
15571,828.59753,1036.8292
15572,826.8503,1032.4067
15573,826.6873,1030.2112
15574,821.9187,1029.0193
15575,812.8508,1027.1271
15576,802.7351,1024.3317
15577,794.6681,1022.38525
15578,790.4561,1022.4583
15579,789.18304,1023.995
15580,788.29425,1025.979
15581,786.82947,1027.7511
15582,786.38043,1029.0663
15583,788.3952,1029.8058
15584,791.4896,1029.753
15585,792.45435,1029.2878
15586,790.34283,1029.1854
15587,788.4346,1029.328
15588,790.31866,1029.6879
15589,795.5155,1031.1876
15590,800.7709,1033.6138
15591,803.555,1035.5581
15592,803.45905,1036.3661
15593,801.8776,1034.4403
15594,800.94037,1027.9918
15595,801.68646,1022.2172
15596,801.5049,1025.6764
15597,796.2907,1034.2062
15598,793.4079,1029.2878
15599,815.59955,999.52454
15600,868.59344,958.78723
15601,918.62115,932.26337
15602,933.23456,927.5253
15603,919.2608,931.3575
15604,902.64685,929.697
15605,897.6901,920.89124
15606,901.2504,912.10425
15607,906.6499,909.8176
15608,912.20483,914.1314
15609,916.12866,918.6971
15610,916.9668,917.3621
15611,913.9769,911.12506
15612,906.1376,906.25354
15613,896.29034,906.1526
15614,890.4221,908.5029
15615,893.0152,909.8526
15616,903.97766,908.5882
15617,916.37,905.09204
15618,916.3822,901.846
15619,897.06714,901.4781
15620,870.74915,904.20056
15621,852.77277,907.8861
15622,846.52966,909.85126
15623,848.2738,908.61053
15624,852.49585,904.7954
15625,857.5401,900.5879
15626,863.80206,898.75336
15627,868.22546,900.76904
15628,870.04865,904.4349
15629,870.8785,906.3337
15630,868.2611,906.78345
15631,860.88354,908.57513
15632,854.6508,912.15497
15633,854.82153,914.75415
15634,858.27594,913.18567
15635,862.0605,907.38086
15636,868.2669,901.25757
15637,874.7868,897.3835
15638,876.8887,892.5864
15639,872.56604,882.0194
15640,855.48505,865.80035
15641,817.40875,852.04266
15642,763.62274,848.6776
15643,716.2811,852.8992
15644,695.8726,857.814
15645,700.91077,860.825
15646,712.88306,861.56036
15647,717.8586,861.32404
15648,716.20447,863.6029
15649,715.3674,873.39465
15650,719.6198,894.467
15651,725.7665,922.8337
15652,728.06726,949.771
15653,732.18646,976.8143
15654,755.5664,1015.30023
15655,800.42706,1062.8425
15656,845.4038,1097.4796
15657,873.96576,1105.9834
15658,878.19446,1097.1187
15659,846.3185,1083.1655
15660,788.48505,1070.5693
15661,744.5441,1063.0616
15662,737.7637,1058.4753
15663,752.63403,1049.9436
15664,764.77167,1035.609
15665,767.5006,1022.1834
15666,768.23083,1018.1493
15667,772.1864,1024.5045
15668,775.0487,1033.0052
15669,770.69354,1036.6512
15670,758.21497,1038.2584
15671,743.3757,1043.0848
15672,746.3957,1050.7323
15673,789.8112,1059.9858
15674,861.0749,1070.5741
15675,920.47687,1078.864
15676,947.85736,1082.4998
15677,946.41766,1083.3591
15678,921.1623,1082.247
15679,881.0662,1079.2648
15680,849.2161,1075.96
15681,851.44806,1072.6686
15682,890.3775,1066.6174
15683,943.28296,1050.6418
15684,975.4399,1017.3789
15685,955.6023,973.5242
15686,883.4419,944.6231
15687,791.538,951.8956
15688,719.68744,984.30975
15689,688.3216,1011.0745
15690,681.8355,1021.75574
15691,672.1818,1031.8549
15692,654.6319,1053.0135
15693,646.23596,1077.9346
15694,663.2694,1090.9379
15695,703.60126,1084.5962
15696,748.48114,1067.5757
15697,780.0377,1054.9419
15698,793.6225,1052.5466
15699,799.60693,1056.1753
15700,808.6443,1059.8514
15701,815.9345,1060.2162
15702,812.82574,1058.0131
15703,801.8232,1056.0695
15704,791.1855,1055.1791
15705,785.7017,1053.6836
15706,784.98364,1049.5045
15707,786.2527,1041.9252
15708,786.6029,1032.4849
15709,783.6481,1023.23236
15710,778.0323,1015.00494
15711,775.2208,1009.6217
15712,779.71857,1010.8441
15713,788.60004,1019.9675
15714,795.69824,1033.0375
15715,798.7968,1043.6924
15716,799.7473,1048.1482
15717,801.2609,1048.8279
15718,804.67847,1050.1693
15719,809.8108,1051.3247
15720,816.46765,1050.3788
15721,824.2178,1050.9182
15722,831.1944,1055.9034
15723,836.1471,1060.6467
15724,840.2106,1059.3604
15725,844.5926,1055.1699
15726,849.9367,1055.2566
15727,859.0274,1060.0339
15728,874.4263,1066.1465
15729,892.57513,1075.1724
15730,906.46515,1090.6395
15731,912.9629,1107.2257
15732,913.97595,1114.4519
15733,913.4062,1113.0637
15734,913.4944,1112.0194
15735,913.0974,1111.3931
15736,909.54584,1103.6051
15737,902.1095,1088.3702
15738,894.42126,1075.4094
15739,891.9331,1072.4906
15740,895.2916,1078.1973
15741,899.046,1086.1923
15742,899.0842,1091.7533
15743,896.6196,1093.6964
15744,891.8651,1090.5997
15745,881.54474,1080.7365
15746,866.9515,1068.5886
15747,853.79626,1060.7678
15748,842.6506,1055.975
15749,832.27563,1051.1738
15750,826.2977,1049.4209
15751,827.173,1052.2231
15752,832.6942,1054.8632
15753,839.282,1053.5875
15754,844.0435,1049.98
15755,846.89514,1047.7653
15756,850.26764,1048.9385
15757,854.81635,1052.3546
15758,857.862,1055.3564
15759,857.8531,1056.5896
15760,857.2988,1056.4512
15761,858.86365,1054.8339
15762,861.8522,1050.7299
15763,864.7196,1046.3302
15764,867.5196,1046.0679
15765,869.9147,1049.1996
15766,871.019,1051.258
15767,871.5276,1052.1814
15768,871.84033,1054.974
15769,870.66986,1058.496
15770,868.2281,1058.7704
15771,866.7044,1055.4493
15772,866.05945,1049.9213
15773,864.1927,1042.0385
15774,862.0928,1035.8196
15775,861.77167,1036.8539
15776,860.01996,1040.3477
15777,852.23193,1036.028
15778,839.01654,1021.9653
15779,824.3577,1004.4678
15780,812.9355,991.6662
15781,809.71875,988.6962
15782,815.1877,992.16956
15783,822.2422,992.1232
15784,822.1262,981.5836
15785,811.4743,960.7728
15786,795.0811,936.92194
15787,782.5076,920.6002
15788,778.9104,916.1072
15789,783.2337,921.2401
15790,792.80035,934.7286
15791,801.89185,953.3518
15792,803.99536,970.4746
15793,798.9582,984.1338
15794,791.61633,997.9157
15795,791.45496,1016.84656
15796,808.7192,1044.411
15797,835.0131,1075.2454
15798,849.1491,1098.4316
15799,848.4146,1110.6447
15800,843.4746,1114.4452
15801,828.0508,1109.0333
15802,784.3695,1092.2494
15803,723.76025,1069.5421
15804,685.55194,1052.3921
15805,683.89825,1045.3346
15806,699.8023,1043.6752
15807,718.123,1043.2616
15808,734.7101,1044.5663
15809,746.6381,1048.0361
15810,753.5625,1050.9933
15811,756.0262,1052.8085
15812,752.36456,1057.1205
15813,743.04987,1064.3677
15814,732.18585,1069.8446
15815,723.727,1069.7921
15816,721.7814,1063.8607
15817,734.6438,1054.6348
15818,769.3672,1046.0037
15819,817.80347,1042.1764
15820,859.631,1048.5708
15821,880.18713,1064.6703
15822,879.5107,1077.9895
15823,869.21436,1077.5502
15824,859.5979,1067.3134
15825,852.51605,1057.9574
15826,847.488,1053.5265
15827,842.58514,1051.9608
15828,832.7975,1051.68
15829,818.1799,1052.1675
15830,806.3741,1052.7952
15831,801.0602,1053.4369
15832,797.8881,1054.1145
15833,794.4128,1054.9406
15834,794.03564,1056.4313
15835,799.155,1058.3608
15836,805.7381,1058.4761
15837,808.12054,1054.9581
15838,809.94885,1050.9366
15839,820.12036,1051.1833
15840,836.8646,1054.8065
15841,850.2363,1057.5056
15842,856.798,1057.7013
15843,861.2762,1057.1584
15844,867.89526,1058.4805
15845,875.4937,1061.4789
15846,881.2722,1063.1212
15847,885.16473,1062.4962
15848,887.5145,1060.8619
15849,886.8195,1057.8597
15850,883.3198,1053.8461
15851,881.0889,1050.2775
15852,883.15063,1045.8121
15853,887.03723,1040.8615
15854,887.67004,1039.703
15855,882.7568,1041.1394
15856,874.4776,1039.0779
15857,867.1822,1034.5642
15858,863.12396,1034.7191
15859,861.63007,1041.0619
15860,861.97784,1048.1001
15861,862.954,1050.3336
15862,862.2878,1046.9939
15863,860.42633,1042.7625
15864,860.9375,1042.2112
15865,865.3711,1044.22
15866,870.7233,1045.897
15867,872.76544,1046.2249
15868,870.7123,1044.2026
15869,867.4065,1040.667
15870,864.3551,1037.4025
15871,859.95197,1032.2013
15872,854.06586,1022.99646
15873,848.2209,1012.7227
15874,842.3365,1005.5561
15875,836.76294,1002.09344
15876,832.81384,998.2946
15877,831.2237,991.67816
15878,832.6793,986.37427
15879,836.2501,985.88995
15880,838.8537,985.4538
15881,837.5117,977.2532
15882,831.26526,961.4762
15883,821.76587,944.60547
15884,810.97107,928.5708
15885,800.4079,913.50574
15886,792.8658,904.009
15887,789.91266,902.2369
15888,789.2598,904.7714
15889,787.88293,908.4988
15890,785.8448,912.07684
15891,785.4241,914.79004
15892,787.35187,917.3781
15893,790.54535,921.6967
15894,794.6324,929.1963
15895,798.4044,939.35925
15896,798.2244,949.3013
15897,793.66876,959.1251
15898,793.7073,978.0979
15899,807.92773,1012.73816
15900,830.78314,1049.3674
15901,848.626,1071.3938
15902,858.2421,1084.3136
15903,866.1973,1099.9802
15904,873.81555,1115.9203
15905,864.98334,1122.415
15906,822.05133,1114.4552
15907,761.3055,1097.8506
15908,721.89954,1086.1787
15909,716.8806,1084.4084
15910,728.2488,1083.1794
15911,739.0403,1076.6577
15912,748.83154,1071.7363
15913,765.49646,1074.13
15914,785.987,1079.9725
15915,796.26404,1083.4817
15916,792.8514,1083.4094
15917,786.28314,1081.257
15918,787.3258,1079.3019
15919,803.5519,1082.9163
15920,839.1768,1096.9167
15921,883.3048,1113.9636
15922,910.1916,1119.1024
15923,906.87085,1108.7399
15924,885.2999,1090.8201
15925,861.5188,1073.0441
15926,841.3225,1060.9237
15927,825.63855,1056.5356
15928,814.60754,1055.9359
15929,806.0865,1053.5532
15930,798.69543,1048.4984
15931,794.02356,1044.6904
15932,792.3156,1045.1836
15933,790.6941,1048.435
15934,785.8252,1050.4724
15935,776.93274,1047.8705
15936,768.2123,1040.3242
15937,766.08514,1033.3818
15938,772.9965,1033.5817
15939,785.56805,1039.6222
15940,797.5227,1045.0388
15941,805.3633,1047.7047
15942,811.5693,1050.2546
15943,820.035,1053.9382
15944,830.2618,1056.9197
15945,838.9624,1056.5239
15946,845.6647,1051.6886
15947,851.51074,1045.4711
15948,853.5882,1041.9979
15949,848.62134,1040.9259
15950,841.4629,1040.8137
15951,840.9642,1042.7246
15952,848.9391,1046.4995
15953,859.63904,1049.9698
15954,866.59485,1051.0238
15955,867.7765,1048.6554
15956,866.4237,1045.2975
15957,865.84314,1044.6195
15958,865.8642,1045.8728
15959,866.104,1046.145
15960,867.3343,1045.928
15961,869.07764,1047.0769
15962,869.71,1047.379
15963,868.60944,1042.4271
15964,867.7292,1034.0247
15965,869.8493,1029.8066
15966,873.9513,1032.3961
15967,875.3865,1036.9015
15968,870.3708,1038.363
15969,858.6776,1035.9326
15970,845.7953,1032.7699
15971,839.95447,1032.5713
15972,841.7929,1034.0917
15973,843.67755,1033.4066
15974,842.23676,1031.6412
15975,841.94806,1032.8702
15976,845.0502,1035.6627
15977,847.22375,1035.205
15978,844.6533,1031.3546
15979,838.3208,1025.6396
15980,830.5913,1015.1774
15981,823.49884,998.6963
15982,818.6406,980.5039
15983,815.3511,965.2176
15984,812.0491,955.6746
15985,807.2299,950.4714
15986,799.1962,943.76874
15987,790.38165,934.6426
15988,786.71216,928.7976
15989,789.50916,928.5852
15990,794.6636,930.57153
15991,798.2897,932.4436
15992,800.3812,938.6011
15993,803.2986,955.764
15994,804.7094,980.2169
15995,799.9726,1001.1725
15996,796.3343,1020.3031
15997,807.8487,1049.0721
15998,829.9906,1084.3435
15999,840.494,1106.7056
16000,827.59784,1105.8544
16001,800.4942,1091.6447
16002,776.89307,1079.3176
16003,767.09534,1075.8439
16004,767.57117,1080.1074
16005,770.76276,1087.3059
16006,775.7477,1092.1691
16007,785.81805,1092.6042
16008,799.9607,1090.1732
16009,810.2371,1086.4589
16010,809.74,1082.1796
16011,800.6025,1078.4623
16012,791.3483,1076.2051
16013,791.9099,1077.2844
16014,810.3476,1084.6204
16015,843.4529,1095.4718
16016,872.5581,1100.8639
16017,879.9703,1097.2563
16018,867.3274,1090.2528
16019,848.98785,1086.1604
16020,833.54944,1087.4012
16021,820.8675,1089.8723
16022,804.7276,1076.3611
16023,773.7651,1025.0471
16024,729.3566,943.1778
16025,694.2617,873.4085
16026,684.3383,845.72046
16027,693.62463,851.1249
16028,712.5641,868.6866
16029,733.42926,885.9973
16030,747.57544,898.00476
16031,754.18335,905.49365
16032,756.06946,908.78156
16033,751.0193,904.1004
16034,742.3029,894.44666
16035,744.44147,896.7646
16036,767.4293,930.03455
16037,801.2613,991.26013
16038,824.8615,1049.1101
16039,830.04114,1076.2024
16040,826.10077,1076.8898
16041,824.42816,1071.8516
16042,828.2602,1071.8502
16043,830.62305,1068.3436
16044,817.05743,1040.8558
16045,779.70215,984.33875
16046,732.3542,925.4699
16047,698.05725,892.9121
16048,684.9494,887.98926
16049,693.9934,905.852
16050,730.1336,952.80817
16051,780.3581,1016.6919
16052,814.21765,1062.4257
16053,822.38226,1075.8689
16054,820.94,1072.9125
16055,822.21936,1069.0398
16056,826.19476,1068.232
16057,829.3901,1069.6066
16058,829.3274,1071.2014
16059,824.9734,1071.7668
16060,818.46075,1071.397
16061,814.6049,1070.5339
16062,815.0395,1069.5884
16063,815.85156,1068.9379
16064,813.1698,1068.4039
16065,807.31793,1067.7966
16066,801.4847,1067.9163
16067,798.1748,1069.2429
16068,796.0381,1070.2072
16069,790.88995,1068.8689
16070,781.97186,1065.4841
16071,776.33514,1062.3088
16072,782.64026,1061.6174
16073,802.18445,1063.3905
16074,828.73224,1064.895
16075,852.14276,1063.1272
16076,865.2252,1057.4504
16077,871.15717,1050.9795
16078,877.63477,1048.2297
16079,886.50146,1049.7721
16080,894.74506,1052.5895
16081,900.1379,1055.103
16082,902.5432,1057.0963
16083,902.80634,1057.4242
16084,902.4624,1055.8867
16085,900.4594,1053.2094
16086,891.96423,1048.8058
16087,879.213,1044.1395
16088,873.41254,1043.4043
16089,876.73004,1045.9004
16090,878.78894,1045.9479
16091,875.1474,1043.2395
16092,873.04944,1044.0864
16093,878.5115,1050.6793
16094,888.543,1057.5039
16095,895.08655,1058.6526
16096,893.11127,1053.822
16097,885.9506,1048.3315
16098,880.3905,1046.6726
16099,878.0133,1047.0455
16100,876.92444,1046.797
16101,877.1123,1047.4485
16102,877.7218,1049.432
16103,875.6639,1049.8606
16104,872.2623,1048.473
16105,872.0975,1047.9464
16106,873.2604,1048.3855
16107,871.7647,1048.5684
16108,870.75604,1048.677
16109,873.5044,1048.3169
16110,878.34686,1047.8542
16111,884.7475,1049.6283
16112,892.43616,1053.4713
16113,896.2733,1055.4061
16114,891.96533,1053.0583
16115,883.5887,1048.511
16116,877.04913,1041.1748
16117,871.5653,1024.731
16118,863.73456,999.93445
16119,853.56866,977.6069
16120,844.03613,964.49066
16121,837.6384,959.6792
16122,834.1776,960.404
16123,832.3272,963.9781
16124,831.4927,969.7616
16125,831.84686,980.9717
16126,832.1778,999.4025
16127,826.1949,1016.7237
16128,810.44104,1022.4123
16129,799.2009,1024.4994
16130,811.36194,1043.0626
16131,838.5145,1078.337
16132,851.0126,1109.1744
16133,831.6396,1120.7174
16134,786.84247,1113.9191
16135,742.1779,1098.921
16136,724.30255,1085.1583
16137,734.1254,1074.773
16138,754.0889,1069.3794
16139,772.853,1070.5133
16140,786.1475,1073.5181
16141,797.61346,1078.7222
16142,819.55597,1096.0913
16143,847.86505,1122.0594
16144,860.70764,1135.9973
16145,853.94666,1129.2037
16146,841.7403,1113.353
16147,832.0578,1103.3322
16148,824.6619,1100.6952
16149,810.0295,1080.9376
16150,771.4834,1010.9974
16151,716.5357,906.92865
16152,690.11584,844.91394
16153,726.9224,881.1368
16154,803.5544,984.02826
16155,863.98975,1071.0085
16156,882.91327,1099.4008
16157,876.8845,1090.7749
16158,867.8009,1079.1776
16159,863.46594,1076.3102
16160,861.5799,1078.5442
16161,857.05225,1080.0171
16162,849.6814,1077.508
16163,845.58276,1071.1566
16164,848.242,1064.5422
16165,853.4429,1061.4108
16166,856.862,1061.2064
16167,859.286,1060.8988
16168,862.5803,1059.5736
16169,867.57544,1058.61
16170,874.10516,1058.5967
16171,879.4132,1058.4884
16172,880.5518,1057.8395
16173,878.96344,1055.6721
16174,880.45465,1049.8014
16175,889.767,1042.9585
16176,902.73267,1041.7349
16177,907.9285,1046.813
16178,900.9033,1052.8307
16179,890.02106,1055.0854
16180,884.94965,1052.4899
16181,885.83154,1048.0085
16182,886.89624,1045.5571
16183,886.31036,1045.0502
16184,887.2446,1043.4355
16185,890.93634,1040.2627
16186,894.1678,1038.2715
16187,893.9942,1039.2673
16188,890.3813,1042.5007
16189,884.2634,1045.755
16190,877.72186,1047.0969
16191,874.139,1046.7394
16192,874.1147,1046.15
16193,874.7221,1045.6078
16194,874.27576,1044.8743
16195,873.1004,1044.2394
16196,871.5095,1043.6268
16197,870.73346,1043.4319
16198,871.1964,1044.5056
16199,870.0994,1045.6211
16200,865.5811,1044.663
16201,860.1353,1042.235
16202,856.7542,1040.3558
16203,854.9972,1039.3124
16204,853.4799,1038.8444
16205,853.1067,1039.2246
16206,854.92096,1039.5875
16207,857.5195,1038.5634
16208,858.14655,1036.7446
16209,855.0976,1035.3114
16210,849.3943,1033.6145
16211,844.95917,1032.0477
16212,845.7014,1032.8715
16213,849.40436,1034.4846
16214,848.5531,1032.0698
16215,842.00116,1026.569
16216,836.7714,1023.9749
16217,834.92615,1023.3175
16218,831.6036,1017.16046
16219,826.70355,1006.6231
16220,825.14856,1001.5703
16221,827.05133,1005.11127
16222,828.5803,1011.5381
16223,828.2149,1016.44
16224,825.6095,1019.40454
16225,821.4275,1021.5361
16226,819.35974,1025.2881
16227,820.3727,1033.3705
16228,820.1025,1047.3966
16229,820.56854,1069.3723
16230,830.9524,1096.3994
16231,849.0914,1116.2699
16232,861.07245,1121.8756
16233,853.5978,1117.1455
16234,818.91986,1104.4979
16235,771.19257,1088.9102
16236,742.48706,1083.6305
16237,746.2362,1090.2839
16238,769.11194,1091.0613
16239,789.95355,1075.4996
16240,795.6198,1055.3771
16241,790.52954,1044.3011
16242,785.45404,1042.1124
16243,781.0469,1042.6956
16244,775.93384,1043.7186
16245,782.16064,1051.4479
16246,811.7087,1076.4908
16247,849.6136,1112.1965
16248,867.0455,1132.3636
16249,858.06726,1125.8306
16250,838.66235,1106.8746
16251,820.953,1089.7458
16252,808.0715,1078.2576
16253,801.6525,1071.476
16254,801.81915,1067.7517
16255,805.9702,1066.8746
16256,810.7405,1068.0072
16257,814.1641,1069.175
16258,815.52625,1069.8219
16259,811.90326,1067.9222
16260,800.6127,1059.1368
16261,787.0963,1045.4758
16262,780.8727,1036.5284
16263,784.1762,1037.5079
16264,793.1383,1044.6823
16265,805.5956,1052.284
16266,820.2827,1057.0114
16267,833.57635,1057.982
16268,842.9258,1056.378
16269,850.0961,1054.7639
16270,858.2272,1054.2704
16271,867.10767,1052.809
16272,873.34625,1049.3988
16273,875.2885,1047.0115
16274,875.3367,1047.8761
16275,877.14954,1050.7281
16276,881.04926,1053.566
16277,883.1691,1055.6042
16278,881.0453,1056.3455
16279,877.1247,1054.8513
16280,874.5179,1051.3224
16281,873.17596,1047.3351
16282,872.0075,1043.9557
16283,871.6196,1042.0807
16284,872.7352,1042.9729
16285,874.0117,1046.3954
16286,873.662,1050.224
16287,871.3616,1052.7964
16288,867.6395,1054.1288
16289,863.37506,1054.2399
16290,860.30475,1052.3475
16291,859.6227,1049.0789
16292,858.8816,1046.5562
16293,853.97314,1045.3063
16294,845.0442,1044.2288
16295,835.6976,1042.2314
16296,827.5797,1038.5415
16297,820.6591,1034.7811
16298,816.7548,1034.4648
16299,817.86975,1038.0396
16300,821.98047,1042.0618
16301,825.0811,1043.3412
16302,826.61194,1041.8234
16303,828.7126,1039.3123
16304,832.00024,1037.5616
16305,835.22955,1038.4364
16306,836.2334,1041.4493
16307,832.68445,1042.6323
16308,826.02844,1040.9641
16309,822.2919,1040.9822
16310,824.69727,1045.3474
16311,829.39655,1049.9797
16312,831.42346,1049.7227
16313,830.82404,1045.8276
16314,828.7589,1042.304
16315,822.36975,1038.2299
16316,811.2877,1031.879
16317,801.35986,1026.2427
16318,795.891,1024.5892
16319,793.13904,1027.8324
16320,791.72876,1036.5048
16321,789.76587,1048.7184
16322,786.15656,1061.167
16323,789.083,1076.9937
16324,804.34235,1099.6256
16325,814.6827,1119.0924
16326,802.0745,1123.5723
16327,779.56757,1116.5171
16328,770.2502,1108.2543
16329,774.7818,1103.9199
16330,779.6006,1104.6069
16331,780.1976,1108.2498
16332,786.3173,1108.8436
16333,806.97217,1102.3185
16334,832.06836,1092.6826
16335,841.59235,1086.9298
16336,831.9185,1086.2336
16337,816.50885,1089.5779
16338,809.8432,1100.5198
16339,816.0305,1120.0872
16340,823.2012,1139.182
16341,817.1032,1145.6349
16342,800.81006,1134.3519
16343,788.7311,1110.7119
16344,787.5211,1086.7178
16345,792.4407,1071.2737
16346,796.89044,1064.879
16347,799.13226,1063.6595
16348,800.7581,1064.7731
16349,801.9361,1066.929
16350,800.0801,1068.0769
16351,794.3404,1066.1527
16352,788.6638,1062.5338
16353,786.72955,1060.9117
16354,786.99884,1061.2885
16355,786.3261,1059.5817
16356,786.8967,1054.8575
16357,794.7642,1050.8955
16358,810.8937,1049.8337
16359,829.3881,1050.7284
16360,844.1234,1053.3569
16361,853.0426,1058.324
16362,857.706,1064.9401
16363,859.98145,1070.8385
16364,859.58466,1072.1332
16365,856.9787,1066.9913
16366,854.7809,1060.0709
16367,854.3211,1057.3132
16368,855.79156,1058.5645
16369,859.3795,1060.7603
16370,863.5244,1063.2383
16371,865.3038,1065.4154
16372,863.63367,1063.906
16373,861.4713,1057.468
16374,862.01556,1050.712
16375,864.3607,1047.5986
16376,866.67633,1046.9636
16377,868.34125,1046.8746
16378,868.25806,1046.7213
16379,866.4244,1045.7604
16380,864.6634,1044.5647
16381,863.8047,1044.9237
16382,862.9678,1046.4694
16383,861.88135,1047.4089
16384,860.92004,1047.9044
16385,858.65796,1049.4559
16386,853.42065,1052.1036
16387,846.5708,1053.0891
16388,841.4624,1049.2139
16389,840.8593,1042.2523
16390,844.43176,1037.7795
16391,847.2392,1037.0211
16392,844.13855,1036.3141
16393,836.753,1034.3652
16394,831.74365,1033.5057
16395,831.51685,1034.3787
16396,831.7509,1034.5057
16397,828.44727,1032.2788
16398,823.41095,1029.5897
16399,821.60626,1029.4275
16400,824.83154,1031.9335
16401,830.1447,1034.7642
16402,833.0185,1035.904
16403,830.88916,1034.1185
16404,825.57855,1029.6226
16405,821.44714,1025.778
16406,820.5794,1025.7954
16407,821.1854,1027.3049
16408,820.1758,1025.5756
16409,816.84814,1021.40015
16410,813.13635,1019.3754
16411,809.6749,1019.83746
16412,805.1929,1019.4249
16413,800.7287,1017.53217
16414,798.8033,1016.23645
16415,797.34186,1017.439
16416,791.61285,1023.56006
16417,782.7864,1036.2156
16418,775.7619,1053.1826
16419,772.01587,1070.0468
16420,772.52795,1084.676
16421,778.2861,1097.4557
16422,785.8873,1108.2556
16423,790.3665,1116.1208
16424,790.81,1120.2546
16425,790.3497,1120.1846
16426,785.54645,1114.3763
16427,764.4079,1101.0077
16428,731.1375,1084.8383
16429,719.4738,1077.376
16430,756.682,1084.4985
16431,821.5709,1100.6188
16432,869.7362,1117.9382
16433,886.5827,1133.2169
16434,882.09503,1144.5427
16435,862.9365,1148.7267
16436,834.84155,1142.8594
16437,809.92236,1127.7356
16438,797.5482,1109.4097
16439,794.7459,1094.556
16440,794.29407,1084.3516
16441,794.68805,1076.5076
16442,794.312,1070.6116
16443,789.4422,1066.2328
16444,784.38043,1061.8414
16445,787.8221,1058.8887
16446,797.7563,1059.5011
16447,803.94196,1060.586
16448,801.89703,1057.15
16449,796.11273,1049.327
16450,792.7725,1041.2788
16451,794.1851,1036.4604
16452,799.7867,1035.6747
16453,809.3658,1037.1224
16454,823.84265,1039.3041
16455,841.8326,1042.8652
16456,856.6556,1047.6298
16457,859.3854,1050.3616
16458,848.3597,1048.1184
16459,835.43774,1043.0243
16460,833.12585,1039.3077
16461,838.6403,1037.2672
16462,841.8976,1035.8416
16463,840.8487,1036.1913
16464,841.028,1039.1927
16465,845.503,1044.4099
16466,850.92773,1050.634
16467,853.34595,1055.9266
16468,852.2133,1058.9757
16469,848.3448,1058.16
16470,842.5147,1051.5156
16471,836.45746,1042.0878
16472,832.76324,1036.9116
16473,832.20245,1037.175
16474,832.2593,1037.117
16475,830.14386,1033.7008
16476,826.2241,1030.2053
16477,822.63916,1029.8928
16478,820.05597,1031.9503
16479,817.74567,1034.491
16480,815.55,1037.4537
16481,814.5995,1040.9216
16482,816.7714,1042.5908
16483,822.6301,1039.5154
16484,828.86444,1032.3009
16485,830.63196,1024.9391
16486,827.6244,1020.3552
16487,822.5883,1017.19324
16488,814.87427,1011.432
16489,804.3941,1002.6811
16490,797.0005,994.3881
16491,796.23035,986.89856
16492,798.2001,979.45966
16493,799.846,975.01733
16494,802.12427,974.76776
16495,804.07056,975.6668
16496,802.18274,977.40137
16497,795.25793,983.7357
16498,785.2044,993.93677
16499,775.6618,1002.7761
16500,772.5959,1013.471
16501,778.91095,1034.9688
16502,790.0322,1064.013
16503,804.3544,1090.0659
16504,820.58496,1109.7174
16505,822.54803,1118.3379
16506,796.95135,1108.8104
16507,759.5208,1090.0452
16508,740.6146,1083.8186
16509,750.2478,1097.2657
16510,770.9819,1114.9685
16511,790.18243,1123.8367
16512,817.16254,1128.6743
16513,852.98816,1134.8002
16514,876.1384,1138.6581
16515,870.7122,1139.5629
16516,843.62213,1139.4573
16517,814.6551,1135.8444
16518,798.51685,1126.2341
16519,794.1824,1113.3534
16520,791.89,1102.1344
16521,786.7979,1094.9614
16522,781.6678,1090.9319
16523,779.45355,1087.3376
16524,779.80566,1081.6301
16525,782.3691,1074.0532
16526,787.8085,1067.994
16527,794.30304,1066.2222
16528,796.7636,1067.19
16529,793.4181,1066.4276
16530,789.8851,1062.184
16531,790.877,1056.7809
16532,793.8693,1051.9894
16533,796.9168,1048.5482
16534,802.70996,1048.3733
16535,812.2377,1052.1412
16536,823.9792,1058.1472
16537,836.55493,1064.6818
16538,847.6244,1070.238
16539,854.45355,1072.2015
16540,856.2384,1068.9324
16541,854.88153,1064.2904
16542,853.524,1064.0624
16543,853.2213,1065.9807
16544,852.8066,1062.8116
16545,852.9546,1054.7516
16546,856.3254,1048.0244
16547,862.50226,1045.0779
16548,866.48206,1043.6792
16549,864.7282,1041.2396
16550,860.9211,1038.2338
16551,859.717,1037.3673
16552,858.631,1038.6746
16553,855.70447,1040.1842
16554,855.18634,1041.4495
16555,857.357,1042.026
16556,856.4748,1040.9854
16557,850.9258,1039.0461
16558,844.7284,1037.6499
16559,841.84393,1036.9025
16560,842.89355,1035.8962
16561,845.11316,1034.3484
16562,846.3274,1033.2767
16563,847.3359,1033.7487
16564,847.81665,1035.086
16565,844.0904,1034.6981
16566,834.04395,1030.1296
16567,821.1445,1022.16754
16568,812.08295,1015.9693
16569,810.2057,1014.91504
16570,811.7516,1014.8758
16571,812.13214,1011.8828
16572,812.30005,1008.67834
16573,813.9437,1008.1898
16574,814.3906,1009.80096
16575,809.05414,1013.29376
16576,797.8261,1022.7614
16577,791.5796,1045.0941
16578,800.7968,1077.6792
16579,812.88464,1103.5455
16580,804.5204,1110.0115
16581,774.9086,1102.0813
16582,745.6792,1092.0339
16583,739.382,1085.8928
16584,760.27765,1080.9048
16585,784.3744,1072.87
16586,785.6392,1065.8088
16587,767.72217,1069.8469
16588,748.43317,1083.0253
16589,738.2076,1085.8121
16590,743.4513,1070.3334
16591,763.2637,1054.2029
16592,784.66583,1050.0671
16593,795.064,1050.9795
16594,794.9791,1048.2019
16595,794.85443,1040.4773
16596,803.123,1032.0405
16597,816.25226,1032.0549
16598,820.6504,1047.7797
16599,810.32007,1071.8901
16600,796.1106,1088.3942
16601,789.8979,1091.6523
16602,791.39984,1086.5835
16603,794.3265,1079.0466
16604,793.8927,1073.1626
16605,790.5819,1070.5608
16606,789.95056,1070.991
16607,794.4747,1073.5101
16608,799.3819,1075.2458
16609,798.62354,1070.1666
16610,791.209,1054.4783
16611,782.13385,1035.4103
16612,780.9549,1026.4624
16613,795.4284,1031.4619
16614,820.3419,1041.5726
16615,839.66003,1046.9309
16616,843.9535,1044.9254
16617,839.2374,1040.3657
16618,837.416,1039.1904
16619,842.2661,1040.4143
16620,847.5522,1038.2797
16621,846.0618,1030.9976
16622,837.37067,1022.0296
16623,828.53033,1016.5445
16624,826.6267,1017.989
16625,831.94867,1024.1886
16626,839.6434,1028.9292
16627,843.42413,1028.466
16628,840.6297,1025.1113
16629,836.3776,1024.1526
16630,836.37335,1026.3003
16631,838.4173,1026.8947
16632,838.2274,1024.5685
16633,837.2538,1023.1405
16634,838.1648,1023.9595
16635,839.10474,1025.0112
16636,836.6096,1025.0973
16637,831.21,1023.4279
16638,827.3152,1019.7978
16639,827.0183,1015.8514
16640,827.93646,1014.094
16641,828.03,1016.40875
16642,828.2009,1022.178
16643,829.13403,1028.7172
16644,828.7955,1034.2286
16645,824.8809,1037.1907
16646,818.8833,1035.2853
16647,816.206,1029.7136
16648,819.6955,1025.7197
16649,824.9512,1024.8597
16650,825.9494,1023.4111
16651,822.6163,1020.53546
16652,819.986,1019.90845
16653,821.27954,1022.3521
16654,824.4617,1024.5801
16655,825.804,1024.6605
16656,824.2583,1023.73236
16657,821.6779,1023.43616
16658,819.81537,1023.7384
16659,818.4751,1023.6991
16660,815.6679,1023.381
16661,809.27325,1022.9668
16662,800.9075,1022.1496
16663,794.4377,1025.1162
16664,791.30896,1041.2635
16665,793.53613,1072.2103
16666,805.3122,1104.5232
16667,824.7156,1123.4319
16668,838.6414,1127.8506
16669,834.09064,1126.3771
16670,810.17914,1122.0247
16671,776.77313,1110.6567
16672,754.74457,1095.5953
16673,764.544,1089.0161
16674,798.65137,1096.5059
16675,829.88104,1112.1606
16676,845.0857,1126.5299
16677,847.2809,1133.6573
16678,842.8651,1133.8668
16679,838.7664,1130.9315
16680,838.2865,1127.9446
16681,839.81067,1126.8611
16682,840.83704,1128.5304
16683,836.7897,1131.7227
16684,822.2529,1133.3593
16685,800.5553,1130.386
16686,780.8401,1121.829
16687,767.28046,1108.8634
16688,763.42456,1092.2981
16689,773.02167,1073.3048
16690,789.3439,1054.8336
16691,799.04126,1034.9401
16692,797.0937,1007.182
16693,788.13965,973.9489
16694,777.6263,946.59485
16695,769.38074,931.56775
16696,765.9886,926.7106
16697,767.0836,927.0548
16698,769.5702,928.2394
16699,770.0293,928.3395
16700,768.10693,927.78546
16701,766.5862,926.662
16702,766.7406,924.4514
16703,766.57855,921.832
16704,764.496,920.4187
16705,761.73395,920.8778
16706,760.5134,922.22125
16707,761.56964,923.31085
16708,764.0231,923.9508
16709,766.47656,923.99945
16710,767.8192,923.23804
16711,768.39026,922.6676
16712,771.1396,924.79596
16713,778.3716,931.3606
16714,787.14026,940.02185
16715,793.0502,946.15625
16716,796.0277,948.204
16717,797.91675,947.57544
16718,799.20215,945.8444
16719,799.97723,944.8526
16720,800.8321,947.4439
16721,802.29297,955.77515
16722,803.4075,966.9518
16723,802.4202,974.2258
16724,800.0304,975.4315
16725,799.49475,974.45874
16726,802.72003,974.53375
16727,807.7609,975.58026
16728,811.40656,976.7821
16729,813.2055,978.2599
16730,814.778,980.4205
16731,816.59204,983.1238
16732,818.07556,986.06854
16733,820.01495,989.7111
16734,823.10144,994.64014
16735,825.10443,999.7899
16736,824.64923,1003.29285
16737,824.599,1004.7757
16738,826.7551,1005.1494
16739,828.24927,1006.9827
16740,826.2979,1013.9702
16741,821.64154,1024.7637
16742,816.0197,1032.7906
16743,810.36115,1035.5973
16744,806.48834,1036.4066
16745,808.44794,1037.9774
16746,819.18085,1041.1802
16747,834.0349,1045.3953
16748,843.0799,1048.0938
16749,842.37256,1047.2865
16750,836.0877,1043.7576
16751,828.3692,1039.7128
16752,818.63257,1036.9604
16753,806.1977,1037.9076
16754,796.40985,1046.2491
16755,792.70685,1062.6399
16756,789.6452,1081.3853
16757,786.45544,1095.3501
16758,789.54755,1102.4929
16759,796.38354,1105.4681
16760,798.7831,1106.7281
16761,796.12445,1107.4496
16762,792.32227,1109.3933
16763,788.67444,1113.402
16764,784.0848,1118.7722
16765,779.96405,1124.3387
16766,782.4998,1124.097
16767,793.22925,1107.7965
16768,798.9981,1076.5436
16769,786.35474,1045.8955
16770,763.8164,1026.5778
16771,754.7653,1021.8307
16772,769.4381,1038.0598
16773,792.36957,1070.9742
16774,803.3045,1096.322
16775,801.85333,1097.7118
16776,799.845,1084.0624
16777,802.2289,1070.8843
16778,805.73914,1064.0033
16779,807.4373,1061.9886
16780,808.4409,1062.402
16781,810.38464,1063.7498
16782,812.0528,1065.2305
16783,811.27795,1066.9036
16784,807.5837,1068.2928
16785,802.1479,1066.8275
16786,797.7977,1060.8292
16787,798.27875,1053.4741
16788,804.01917,1049.388
16789,811.322,1048.583
16790,817.3012,1048.1362
16791,821.11346,1046.4517
16792,822.07336,1043.8314
16793,820.4477,1042.4878
16794,818.3996,1045.2548
16795,818.3189,1052.5807
16796,819.8955,1061.5302
16797,819.7816,1066.0776
16798,815.28546,1060.6863
16799,808.8768,1049.1075
16800,806.4474,1042.3231
16801,809.6719,1043.9258
16802,815.3053,1048.8887
16803,821.1408,1054.28
16804,826.87646,1060.3647
16805,831.7239,1066.0723
16806,835.23584,1070.0742
16807,838.5109,1072.6455
16808,842.36176,1073.9203
16809,845.09106,1073.1659
16810,842.9312,1069.9658
16811,834.2884,1065.3303
16812,823.6285,1061.9463
16813,817.7433,1062.0497
16814,818.27454,1065.387
16815,820.987,1069.0503
16816,821.2004,1068.8331
16817,817.05023,1062.5891
16818,809.9362,1051.814
16819,804.484,1040.9283
16820,804.40326,1034.5625
16821,809.0483,1032.4779
16822,816.076,1031.3585
16823,822.3712,1030.6622
16824,824.72394,1031.1364
16825,823.6263,1032.2991
16826,822.08026,1033.3651
16827,822.56665,1033.7128
16828,827.10156,1033.715
16829,834.422,1034.2235
16830,837.6941,1032.9081
16831,830.61,1025.281
16832,816.00574,1013.34155
16833,803.51373,1005.30475
16834,796.98834,1002.7879
16835,791.3005,999.4222
16836,783.4301,993.381
16837,777.0475,989.92957
16838,775.1704,992.065
16839,777.3052,997.55927
16840,781.20776,1003.8409
16841,782.4345,1009.98535
16842,778.70087,1017.0273
16843,777.50714,1030.1755
16844,789.5279,1054.458
16845,809.9706,1084.6007
16846,822.4772,1109.9067
16847,821.1152,1126.556
16848,807.56354,1131.2949
16849,780.2972,1117.8008
16850,745.17975,1092.7849
16851,717.0088,1075.7634
16852,704.61774,1076.5928
16853,712.76996,1090.6647
16854,743.70294,1110.1267
16855,781.1236,1126.3196
16856,806.48785,1133.5383
16857,825.9625,1134.9678
16858,843.5944,1136.1532
16859,845.8734,1136.9336
16860,832.6126,1132.1909
16861,818.8878,1118.7012
16862,811.5213,1101.9406
16863,806.9182,1090.7029
16864,801.0008,1086.4838
16865,794.47754,1084.4695
16866,790.8532,1078.9353
16867,791.8119,1066.546
16868,795.9041,1052.1124
16869,799.79156,1044.822
16870,801.1605,1045.5035
16871,800.5667,1047.6324
16872,798.2363,1047.358
16873,793.2847,1045.1309
16874,789.0196,1042.6554
16875,790.7499,1041.6052
16876,798.16486,1043.1344
16877,807.0901,1047.4182
16878,814.1414,1053.1312
16879,817.11896,1056.6116
16880,816.53876,1054.1461
16881,816.5218,1047.8971
16882,819.87115,1043.8511
16883,823.70355,1042.9346
16884,824.1819,1042.3942
16885,822.1628,1042.3442
16886,819.9228,1044.1638
16887,817.3608,1046.0972
16888,815.47784,1044.263
16889,817.6077,1038.6963
16890,823.33777,1034.6748
16891,827.5901,1035.3411
16892,827.2457,1037.83
16893,823.5259,1038.3872
16894,819.2002,1037.0374
16895,816.0674,1035.7427
16896,814.3676,1034.6108
16897,813.38513,1032.3043
16898,811.8502,1029.1561
16899,809.61725,1026.9037
16900,808.09827,1025.7699
16901,807.9098,1024.967
16902,808.7067,1024.5549
16903,810.2865,1024.8917
16904,812.002,1026.0281
16905,811.72723,1025.8365
16906,807.69745,1020.4517
16907,802.0413,1011.27106
16908,797.96,1005.2016
16909,794.94214,1005.02185
16910,791.63,1007.4888
16911,789.07166,1009.6747
16912,787.8691,1009.84076
16913,785.987,1005.7862
16914,781.60016,998.586
16915,776.2374,993.647
16916,773.26337,994.07117
16917,774.0286,997.6579
16918,776.6242,1001.2693
16919,777.5529,1003.5033
16920,775.41077,1004.2084
16921,773.62463,1004.77386
16922,776.14667,1006.8951
16923,781.51965,1009.9103
16924,785.434,1011.73395
16925,786.0681,1011.6314
16926,783.95197,1011.26526
16927,780.6504,1014.43176
16928,781.2193,1025.334
16929,792.3395,1046.4148
16930,812.34814,1075.9681
16931,829.63855,1106.5829
16932,833.52655,1128.0192
16933,823.0821,1134.014
16934,803.986,1125.683
16935,780.387,1108.2714
16936,760.49286,1088.7651
16937,755.63904,1073.2463
16938,762.2198,1063.6085
16939,771.6241,1060.2567
16940,786.4758,1062.2869
16941,801.5008,1064.6255
16942,803.5723,1061.6985
16943,798.4425,1052.5151
16944,801.8115,1044.367
16945,811.08075,1052.2787
16946,809.6756,1081.9918
16947,795.24817,1113.6517
16948,785.78973,1122.4066
16949,792.75494,1109.7002
16950,805.5893,1093.1508
16951,809.9938,1080.8405
16952,805.2021,1072.0308
16953,798.8355,1067.1167
16954,797.31464,1067.7208
16955,802.53534,1073.5736
16956,810.85175,1081.5021
16957,815.338,1086.4619
16958,812.24164,1084.5472
16959,805.36365,1076.3236
16960,800.8572,1066.1835
16961,800.19086,1057.6757
16962,802.5278,1051.9243
16963,807.58575,1049.8052
16964,813.57166,1051.6921
16965,818.63306,1056.3904
16966,823.70667,1061.3306
16967,829.57697,1063.2731
16968,833.6692,1062.2147
16969,833.6744,1062.3524
16970,831.5083,1064.6277
16971,830.62573,1064.9647
16972,831.3971,1063.3861
16973,831.3774,1064.6084
16974,829.3567,1067.2858
16975,826.561,1064.6877
16976,824.6661,1057.9653
16977,824.3592,1055.6783
16978,823.3881,1058.4105
16979,817.626,1057.9465
16980,808.0842,1052.2745
16981,800.3467,1046.9738
16982,795.1339,1043.739
16983,789.49335,1040.2468
16984,783.657,1036.9375
16985,778.74274,1036.3774
16986,774.207,1039.0587
16987,770.2854,1042.3206
16988,769.0224,1043.9641
16989,771.27795,1043.7886
16990,773.9626,1040.8696
16991,774.3802,1035.7646
16992,774.3978,1032.9976
16993,775.9318,1035.2955
16994,777.7198,1039.226
16995,777.8636,1039.6401
16996,775.3077,1035.4583
16997,771.00714,1029.7932
16998,768.6347,1026.5336
16999,770.4281,1027.1122
17000,773.75305,1029.1895
17001,774.986,1029.4738
17002,774.265,1027.9806
17003,773.7542,1027.3651
17004,774.4349,1028.6311
17005,776.52277,1029.9271
17006,779.0252,1029.4109
17007,778.6917,1027.6553
17008,774.0685,1026.4445
17009,769.38226,1026.1873
17010,769.4177,1026.16
17011,772.8628,1026.0203
17012,775.3019,1025.2887
17013,775.3549,1023.4897
17014,774.6308,1022.2754
17015,774.1064,1024.3008
17016,772.3895,1029.1598
17017,768.4775,1034.0101
17018,764.9446,1037.8661
17019,764.41077,1040.5785
17020,764.4638,1039.443
17021,760.25024,1035.3444
17022,751.70624,1038.3422
17023,747.35675,1056.3799
17024,755.4735,1083.0253
17025,767.477,1100.4845
17026,765.87415,1094.7124
17027,752.23584,1071.723
17028,741.7622,1050.8737
17029,736.53827,1040.9183
17030,730.96967,1037.8868
17031,732.2911,1043.8584
17032,756.8061,1068.86
17033,801.4228,1108.7892
17034,832.3296,1139.4586
17035,825.15234,1143.6394
17036,796.6501,1129.6587
17037,774.8704,1116.1115
17038,766.3903,1109.9342
17039,764.03467,1106.7267
17040,765.4389,1104.2535
17041,778.63916,1105.584
17042,806.9571,1110.7681
17043,827.0985,1111.6829
17044,811.16345,1099.6001
17045,774.8659,1077.314
17046,757.51953,1057.3599
17047,763.8256,1047.5999
17048,773.3238,1045.5541
17049,779.8264,1045.943
17050,787.4093,1045.8748
17051,794.3401,1044.3611
17052,798.01874,1042.2533
17053,800.55646,1041.4719
17054,803.2956,1042.5056
17055,804.7609,1043.9034
17056,804.6199,1044.7948
17057,803.53125,1045.696
17058,801.0515,1046.6488
17059,797.0031,1046.986
17060,793.13116,1046.7542
17061,791.13086,1046.9908
17062,790.75476,1048.8884
17063,791.93463,1052.9568
17064,794.6894,1057.97
17065,795.0319,1060.4208
17066,787.7347,1057.4265
17067,775.50543,1051.4956
17068,766.91583,1048.9675
17069,763.84174,1052.3462
17070,761.53107,1056.2865
17071,759.2615,1051.9731
17072,758.8929,1036.7668
17073,757.9782,1016.72723
17074,755.7235,1000.24316
17075,758.62476,995.79706
17076,772.7488,1008.33765
17077,795.45905,1030.9308
17078,814.28656,1048.739
17079,815.05695,1054.6956
17080,798.7505,1059.314
17081,784.61707,1081.112
17082,787.9213,1119.7067
17083,804.97003,1149.0522
17084,823.4866,1148.72
17085,835.28815,1126.0153
17086,837.8331,1100.2312
17087,830.3775,1080.6127
17088,817.6395,1066.9785
17089,812.26636,1059.7429
17090,819.5239,1058.912
17091,829.9223,1060.9855
17092,834.74713,1062.6696
17093,835.5566,1063.5287
17094,836.54236,1064.2396
17095,838.17737,1064.5099
17096,839.3043,1063.7109
17097,839.11346,1062.1418
17098,836.33813,1060.4406
17099,830.3094,1058.973
17100,822.36993,1057.6178
17101,814.2347,1055.9393
17102,807.3289,1054.5938
17103,804.10876,1054.9603
17104,806.6935,1056.545
17105,813.3041,1056.5944
17106,818.13916,1052.4972
17107,817.1026,1044.3546
17108,813.3086,1036.262
17109,813.29095,1033.056
17110,818.4421,1034.6276
17111,825.1168,1037.5057
17112,830.4312,1040.3524
17113,833.6352,1043.4172
17114,835.2242,1045.9868
17115,836.8333,1046.8835
17116,838.9585,1045.7417
17117,838.9376,1043.3229
17118,834.70294,1039.7104
17119,828.2479,1033.4537
17120,823.61865,1026.1355
17121,823.0725,1022.9246
17122,823.07446,1023.70557
17123,817.5491,1022.4091
17124,808.02423,1017.9335
17125,801.6543,1015.2969
17126,799.6147,1016.44104
17127,798.84644,1018.84393
17128,799.8256,1020.20966
17129,801.4689,1018.2927
17130,798.0314,1010.69635
17131,788.85284,999.6174
17132,780.2497,991.9151
17133,776.3038,992.098
17134,776.0848,999.09485
17135,777.2237,1008.6625
17136,778.73267,1016.3816
17137,780.8208,1018.6
17138,782.95264,1013.1239
17139,784.7273,1003.04443
17140,786.2623,995.19226
17141,787.2091,991.1384
17142,788.63385,987.16235
17143,792.0272,982.85254
17144,795.92316,981.4968
17145,797.9762,983.79144
17146,797.71234,987.37463
17147,795.3523,990.85693
17148,791.38055,994.64856
17149,787.50916,999.37134
17150,785.44525,1005.15735
17151,784.75214,1011.4201
17152,783.3487,1017.0448
17153,780.134,1023.0814
17154,778.0703,1036.3978
17155,782.6916,1063.4679
17156,794.6287,1098.2428
17157,809.6274,1127.3057
17158,821.8669,1142.7592
17159,822.87177,1142.1112
17160,811.5939,1129.3656
17161,799.94495,1118.8933
17162,798.5692,1122.5002
17163,810.1262,1133.7489
17164,832.49677,1139.6425
17165,854.9211,1138.5435
17166,864.5619,1135.2721
17167,863.4704,1134.1744
17168,861.3323,1138.427
17169,860.348,1145.7131
17170,859.0429,1149.6195
17171,854.8987,1146.7133
17172,844.51715,1138.5033
17173,829.6636,1128.3259
17174,816.07263,1118.7324
17175,807.0839,1110.9989
17176,802.6144,1105.3057
17177,799.9909,1101.7462
17178,795.75745,1101.0952
17179,789.8442,1103.942
17180,784.7303,1109.7792
17181,780.4903,1116.4285
17182,776.9061,1120.0588
17183,777.0806,1117.5117
17184,781.7189,1108.5398
17185,786.5881,1095.4214
17186,789.55176,1082.3113
17187,792.1589,1072.8348
17188,795.1688,1066.8997
17189,798.39954,1063.1406
17190,801.6211,1061.401
17191,802.97833,1060.4838
17192,800.6854,1058.721
17193,796.85834,1057.0786
17194,795.6171,1057.9167
17195,797.8849,1061.4718
17196,801.07715,1066.0662
17197,802.482,1070.28
17198,801.86163,1073.5255
17199,800.79803,1076.2571
17200,799.23865,1078.9559
17201,795.7313,1081.2748
17202,790.9373,1084.9775
17203,787.7819,1093.8726
17204,789.8296,1104.9183
17205,801.6403,1103.2651
17206,823.69055,1079.1146
17207,844.31287,1048.9269
17208,849.68274,1038.222
17209,839.78546,1048.0162
17210,823.435,1062.4679
17211,807.0114,1073.7219
17212,793.8545,1079.7859
17213,785.9777,1078.1226
17214,785.3871,1075.0265
17215,795.97943,1082.8925
17216,816.23535,1099.2747
17217,830.52014,1108.2543
17218,822.2881,1105.5957
17219,797.07336,1101.5938
17220,776.39087,1101.4364
17221,769.4329,1101.024
17222,768.8656,1098.16
17223,769.1341,1095.5538
17224,771.3205,1095.6648
17225,774.6109,1098.3611
17226,775.1115,1102.4966
17227,772.4694,1107.2373
17228,770.5875,1111.1615
17229,771.59247,1113.0975
17230,774.32196,1114.394
17231,779.7696,1118.8091
17232,795.47736,1131.2139
17233,824.98566,1146.4841
17234,844.0722,1125.4506
17235,813.8444,1014.1553
17236,739.5437,834.302
17237,677.3283,693.82385
17238,666.99274,648.70013
17239,697.4755,644.1028
17240,732.13525,620.0453
17241,738.8507,586.0101
17242,707.3553,599.8789
17243,647.9787,716.4409
17244,586.31976,915.8895
17245,560.1284,1084.275
17246,581.2603,1119.6783
17247,613.97076,1035.6718
17248,633.47034,921.7981
17249,657.7146,841.7198
17250,696.8759,804.65295
17251,735.1332,797.33136
17252,760.64,802.9141
17253,768.4193,806.34863
17254,752.36334,805.2746
17255,719.2899,812.9665
17256,696.47076,844.8646
17257,707.33,899.83325
17258,741.28925,956.4502
17259,762.4372,992.63495
17260,750.28595,1004.9916
17261,728.32935,1006.3216
17262,759.4244,1012.915
17263,880.1751,1032.5236
17264,1024.441,1060.2188
17265,1088.8512,1092.0986
17266,1063.8394,1127.7141
17267,1010.27313,1153.0457
17268,962.0185,1154.1138
17269,917.17346,1140.0088
17270,870.82526,1125.2826
17271,828.0337,1109.9935
17272,798.9166,1087.8536
17273,788.9173,1062.8573
17274,798.6559,1049.4133
17275,822.2531,1052.0154
17276,845.4313,1059.529
17277,856.77057,1062.8668
17278,854.812,1063.1316
17279,839.7923,1063.3613
17280,812.2615,1063.2792
17281,784.45575,1063.0294
17282,772.68304,1065.1061
17283,776.46747,1070.4558
17284,784.5099,1076.6974
17285,789.377,1081.0026
17286,786.27356,1082.6321
17287,775.8286,1082.5828
17288,766.3951,1081.5305
17289,764.46545,1078.6459
17290,769.20105,1072.4016
17291,773.9146,1062.5961
17292,770.6058,1051.3966
17293,763.2721,1042.4542
17294,782.261,1042.9054
17295,859.8829,1062.2484
17296,968.1652,1095.4998
17297,1030.2015,1116.7252
17298,1012.17505,1109.0612
17299,945.25354,1086.2512
17300,875.0609,1069.7344
17301,829.48676,1063.852
17302,809.43286,1061.4266
17303,801.45056,1057.7374
17304,798.13745,1053.1951
17305,799.4167,1049.2063
17306,804.5139,1046.4734
17307,809.99036,1045.8679
17308,814.62415,1047.7119
17309,820.2661,1050.7874
17310,826.02185,1053.1833
17311,828.20355,1053.7374
17312,828.751,1053.4141
17313,837.5218,1054.6104
17314,858.34485,1057.267
17315,877.24567,1058.7738
17316,875.6247,1058.8566
17317,852.9257,1058.8522
17318,826.90985,1057.8486
17319,814.9262,1055.7443
17320,822.69977,1056.1973
17321,839.41833,1060.9075
17322,827.3352,1061.0845
17323,751.54346,1040.3545
17324,649.56,997.8253
17325,601.80096,961.50494
17326,624.1683,957.4757
17327,672.5604,978.6097
17328,716.7246,1002.42816
17329,750.37994,1018.43506
17330,771.2884,1027.2303
17331,778.6626,1031.6508
17332,776.6316,1033.9435
17333,772.21564,1034.4637
17334,770.36993,1032.7427
17335,771.71655,1029.91
17336,773.62115,1028.6614
17337,774.9311,1031.7505
17338,778.30365,1039.0939
17339,784.04095,1046.5428
17340,787.2607,1050.9701
17341,784.9731,1053.7567
17342,779.56915,1055.483
17343,775.3734,1051.8127
17344,775.94495,1039.5151
17345,781.6346,1022.65326
17346,789.1937,1007.7752
17347,796.81323,997.1241
17348,805.3591,991.4495
17349,814.74554,994.5527
17350,826.4621,1008.8667
17351,840.6864,1029.3657
17352,837.15857,1048.4913
17353,785.5486,1061.5802
17354,701.6976,1062.6842
17355,648.03894,1050.2765
17356,654.057,1034.5541
17357,689.90356,1023.06274
17358,719.0384,1012.9176
17359,730.0403,1002.7206
17360,727.39746,995.83563
17361,720.9456,994.31555
17362,721.3972,998.03613
17363,732.5834,1004.9346
17364,742.2494,1005.117
17365,724.0479,979.4711
17366,668.5432,923.13696
17367,614.1037,866.6728
17368,608.43585,845.46735
17369,643.65546,857.75476
17370,673.553,875.9046
17371,676.1593,879.85693
17372,662.5764,867.69244
17373,647.53186,851.881
17374,638.34424,848.3972
17375,640.33044,861.9835
17376,656.4307,885.593
17377,678.2656,911.92194
17378,688.2132,937.3953
17379,683.9404,957.5034
17380,681.0484,967.28424
17381,675.2537,969.326
17382,647.03564,973.4017
17383,628.6308,984.6743
17384,701.60754,997.58105
17385,873.5301,1000.21014
17386,1022.1558,986.95526
17387,1047.5981,975.1896
17388,999.5576,993.1069
17389,970.558,1038.5089
17390,975.1215,1078.9822
17391,976.6357,1095.3488
17392,937.3735,1095.6184
17393,850.7391,1094.4506
17394,761.31116,1096.1838
17395,719.031,1096.7815
17396,722.5856,1094.445
17397,738.3844,1090.4504
17398,744.55206,1085.5121
17399,740.83655,1083.2588
17400,744.97455,1091.6437
17401,774.1911,1110.2158
17402,814.35645,1123.2863
17403,832.51624,1120.5883
17404,821.23737,1110.8417
17405,799.14166,1103.626
17406,781.7898,1098.1891
17407,774.21533,1093.7133
17408,776.97125,1093.4347
17409,788.918,1099.4485
17410,803.7296,1111.3861
17411,811.1121,1127.4971
17412,809.6743,1143.0546
17413,806.9116,1151.2421
17414,805.39984,1148.9697
17415,802.6831,1139.7119
17416,798.837,1130.142
17417,797.3346,1125.0475
17418,802.2084,1124.684
17419,812.5377,1125.6659
17420,821.46985,1124.9247
17421,821.98315,1122.6571
17422,810.9326,1119.8824
17423,792.30023,1116.3816
17424,776.052,1112.1991
17425,768.3569,1107.8848
17426,765.5866,1104.4574
17427,761.7886,1103.1262
17428,759.1269,1103.14
17429,763.29425,1102.377
17430,771.98645,1101.3696
17431,778.05756,1102.8867
17432,779.99164,1107.3424
17433,781.76587,1113.3827
17434,785.4166,1119.9757
17435,789.313,1124.991
17436,791.9025,1127.1715
17437,792.8298,1128.1051
17438,793.69305,1128.5862
17439,797.62646,1126.7548
17440,805.18085,1120.9523
17441,815.7848,1114.7252
17442,828.73224,1116.5828
17443,837.1088,1127.7657
17444,833.9459,1137.5048
17445,824.6047,1138.0479
17446,819.65894,1133.4542
17447,820.56085,1130.3885
17448,819.0861,1129.9186
17449,808.92755,1130.1354
17450,797.9241,1131.1631
17451,801.092,1133.7463
17452,817.8197,1135.8851
17453,829.2469,1134.9817
17454,822.1325,1131.5433
17455,805.88605,1128.513
17456,798.2502,1126.2657
17457,800.22485,1121.1167
17458,801.05756,1112.3597
17459,797.49457,1105.7694
17460,796.2407,1108.2279
17461,809.2289,1121.3114
17462,839.6313,1137.2773
17463,869.5625,1145.4567
17464,879.1198,1144.3813
17465,869.1415,1140.208
17466,849.8302,1136.4847
17467,823.4579,1131.5404
17468,793.8332,1124.1355
17469,773.3448,1117.6449
17470,767.1621,1115.869
17471,767.89935,1117.5665
17472,768.693,1118.3235
17473,769.0229,1116.0167
17474,770.99536,1113.8457
17475,775.88696,1119.4114
17476,781.3786,1134.6036
17477,782.93835,1146.4283
17478,779.5351,1143.6503
17479,774.3756,1135.9312
17480,776.7401,1137.3069
17481,797.68005,1144.6228
17482,829.49774,1146.8369
17483,853.4881,1143.7292
17484,863.52985,1143.4926
17485,854.54205,1144.1548
17486,826.76434,1134.107
17487,803.0898,1113.9393
17488,800.7774,1097.3289
17489,810.7224,1090.4281
17490,816.9055,1088.9127
17491,813.4992,1092.9205
17492,805.4986,1106.2516
17493,800.7207,1121.1428
17494,801.62854,1125.8314
17495,804.23724,1123.5712
17496,806.8133,1124.8156
17497,814.7853,1131.5817
17498,828.39655,1138.8447
17499,838.08405,1141.8849
17500,838.8266,1140.236
17501,835.1886,1136.9385
17502,834.3352,1135.2695
17503,838.8773,1136.2233
17504,841.93585,1137.7349
17505,835.7065,1137.178
17506,824.5659,1134.0808
17507,818.2235,1129.5322
17508,817.37384,1124.9634
17509,816.0302,1120.9175
17510,810.75305,1117.1287
17511,800.8998,1116.3978
17512,785.6727,1124.3582
17513,768.47046,1140.2231
17514,759.93854,1152.6143
17515,765.4888,1150.9666
17516,775.02454,1137.4554
17517,776.74786,1123.7537
17518,774.12616,1118.3336
17519,783.05774,1120.0521
17520,812.7913,1124.2137
17521,848.072,1127.8027
17522,864.5715,1129.1636
17523,860.4902,1129.9948
17524,851.08984,1133.2509
17525,844.8057,1137.8944
17526,840.26306,1140.8132
17527,834.6368,1140.6621
17528,828.45996,1138.3641
17529,825.19965,1136.565
17530,826.7078,1136.6313
17531,828.69946,1135.8486
17532,823.75433,1131.0635
17533,810.4726,1123.5858
17534,795.7219,1117.5784
17535,784.6419,1115.343
17536,775.1955,1115.9857
17537,769.728,1117.3553
17538,775.6218,1117.5712
17539,785.90405,1115.8977
17540,785.14056,1113.6448
17541,776.2738,1114.7831
17542,775.6699,1123.3833
17543,786.4562,1135.5675
17544,796.6294,1140.3665
17545,800.3405,1134.5497
17546,802.3921,1125.7971
17547,803.05115,1119.6283
17548,797.26215,1114.6661
17549,788.20776,1110.033
17550,793.1733,1110.5785
17551,826.0082,1121.5051
17552,867.4657,1137.9984
17553,882.347,1148.7653
17554,869.53064,1149.6392
17555,854.94543,1144.8236
17556,846.9118,1140.5735
17557,831.2012,1141.098
17558,802.09705,1143.8395
17559,782.7148,1143.0201
17560,800.63556,1139.6898
17561,843.64276,1138.3746
17562,869.19464,1137.9733
17563,858.6806,1133.9879
17564,833.2304,1124.6082
17565,829.04395,1115.8308
17566,865.2717,1118.5394
17567,908.2965,1132.8702
17568,894.06915,1145.4976
17569,816.82764,1146.1561
17570,744.5026,1135.1425
17571,728.79047,1118.2861
17572,755.67596,1103.2358
17573,785.3088,1096.3889
17574,795.3934,1097.6489
17575,789.7044,1100.5914
17576,796.4561,1103.602
17577,845.20483,1113.1068
17578,916.73584,1129.6523
17579,953.256,1143.9126
17580,930.5362,1147.6718
17581,871.7167,1139.008
17582,812.5341,1123.1653
17583,779.5912,1110.9523
17584,779.56006,1110.4319
17585,806.3041,1121.7034
17586,844.10144,1136.673
17587,869.0283,1144.5883
17588,872.5,1143.9432
17589,864.65717,1141.2114
17590,849.9322,1136.8125
17591,826.5743,1126.2441
17592,807.94775,1115.7047
17593,815.42126,1118.745
17594,849.20447,1133.8251
17595,888.31323,1145.3645
17596,906.55743,1145.4938
17597,885.8024,1137.0917
17598,839.2579,1124.9164
17599,800.63983,1114.5186
17600,782.71326,1110.597
17601,776.98535,1112.1797
17602,777.4958,1113.9575
17603,781.9183,1112.9343
17604,785.8502,1111.191
17605,789.50934,1112.4879
17606,798.0109,1118.1198
17607,807.66833,1124.9773
17608,809.6868,1127.582
17609,806.0505,1124.5735
17610,804.238,1120.8873
17611,805.8261,1120.9716
17612,808.16046,1123.6692
17613,809.45795,1125.4904
17614,810.5449,1125.2875
17615,812.5917,1124.1545
17616,814.5316,1122.3574
17617,813.404,1118.1204
17618,807.90393,1111.8265
17619,798.87305,1111.9336
17620,783.7717,1127.5015
17621,762.6963,1149.4973
17622,751.09235,1156.666
17623,764.0144,1144.6042
17624,788.4255,1128.9412
17625,798.9838,1122.4602
17626,793.2106,1123.8854
17627,783.22736,1125.0364
17628,772.54297,1122.4939
17629,766.5743,1119.6082
17630,790.9136,1120.6952
17631,864.0713,1129.4016
17632,944.358,1144.4023
17633,960.25903,1154.0458
17634,904.57935,1147.8551
17635,835.68024,1131.3359
17636,797.1271,1118.2312
17637,786.50934,1113.2006
17638,784.78723,1111.6586
17639,781.0609,1111.2012
17640,775.8275,1113.7393
17641,779.1808,1117.5222
17642,803.7282,1112.4131
17643,844.8781,1088.6346
17644,872.58685,1053.5762
17645,864.35223,1030.9536
17646,831.5822,1039.4249
17647,800.04083,1076.3468
17648,787.9158,1114.2627
17649,793.3599,1120.4615
17650,795.7141,1093.1412
17651,789.1128,1065.8585
17652,793.2259,1071.2372
17653,816.7111,1105.8804
17654,844.77466,1137.5502
17655,865.7071,1147.308
17656,879.35834,1145.5925
17657,883.7806,1146.3617
17658,866.1259,1144.4868
17659,812.24866,1123.8392
17660,740.1743,1084.9644
17661,694.3387,1051.2616
17662,687.8681,1039.2228
17663,695.7507,1039.8855
17664,700.14105,1038.3694
17665,706.9939,1034.5231
17666,734.3157,1035.7892
17667,787.3764,1043.1526
17668,838.17194,1050.6481
17669,856.34375,1051.3862
17670,849.0285,1043.5802
17671,836.08044,1034.625
17672,818.3624,1035.0765
17673,792.59705,1043.852
17674,763.53754,1048.0908
17675,738.7361,1042.821
17676,726.3573,1036.1044
17677,728.21185,1033.9895
17678,737.44714,1035.6793
17679,750.0702,1037.8169
17680,768.40424,1034.5435
17681,790.5653,1022.456
17682,807.689,1008.4518
17683,815.3443,1003.547
17684,818.36365,1009.87915
17685,822.5122,1020.4433
17686,828.3793,1028.1958
17687,833.08417,1031.118
17688,834.60406,1030.778
17689,833.946,1029.5847
17690,833.28534,1029.0309
17691,832.8781,1029.2793
17692,831.4691,1029.9395
17693,829.43866,1029.1235
17694,827.7681,1024.974
17695,825.5735,1020.1715
17696,822.7882,1018.44116
17697,820.141,1018.7728
17698,817.86273,1018.74646
17699,819.2286,1017.71
17700,826.829,1015.84546
17701,836.517,1013.90173
17702,842.38403,1012.4825
17703,842.681,1012.3564
17704,840.508,1013.1837
17705,839.9251,1012.3819
17706,841.10266,1009.6918
17707,843.2589,1007.36743
17708,846.2231,1005.518
17709,846.4726,1002.9664
17710,840.86005,1000.14374
17711,833.18835,1000.1867
17712,829.34595,1006.7741
17713,826.5893,1017.6655
17714,817.07306,1017.8982
17715,802.2808,990.16364
17716,792.3354,944.6953
17717,790.8189,905.0034
