frame,x,y
0,789.8148,771.18585
1,791.72955,770.0981
2,789.417,770.1185
3,784.86163,770.5993
4,784.3195,770.60406
5,790.1266,770.4334
6,796.88135,771.0907
7,798.7356,772.856
8,796.2328,774.32043
9,792.71906,773.8328
10,788.53723,771.9781
11,782.0023,771.0452
12,775.0324,772.237
13,772.5329,774.59906
14,773.82983,776.24414
15,773.9157,775.6591
16,774.2458,772.8659
17,779.19403,770.0834
18,787.4618,769.29926
19,796.4839,769.8732
20,803.2275,770.91174
21,802.80096,772.8952
22,797.86365,775.07446
23,797.66345,775.5182
24,801.95404,774.3407
25,801.8762,773.15454
26,797.44006,772.0999
27,796.93744,770.3284
28,801.6138,768.219
29,805.21686,767.07605
30,804.17426,767.67126
31,800.03107,769.5277
32,795.2924,771.02185
33,790.26373,771.19977
34,786.0173,770.6545
35,786.8074,770.0147
36,793.172,769.3937
37,799.16626,768.69995
38,799.5181,768.47644
39,793.40814,769.9944
40,784.7694,772.09766
41,780.4066,771.83344
42,783.3221,770.07117
43,789.6283,770.235
44,793.25977,772.2563
45,793.0074,773.51385
46,792.2384,773.37823
47,791.9896,772.8912
48,791.7307,772.3141
49,793.7474,771.4578
50,798.24976,770.8107
51,800.36896,770.77966
52,797.42755,770.8103
53,792.1342,770.6415
54,786.94604,770.98206
55,781.1164,771.86444
56,775.7167,772.7164
57,776.11896,773.66626
58,783.86896,774.61786
59,793.1663,774.98145
60,798.8295,774.6815
61,800.00476,773.5704
62,797.15393,771.45905
63,792.2209,769.3166
64,789.4974,768.3977
65,790.7036,768.52014
66,792.71094,768.6635
67,792.7192,768.8084
68,791.31384,769.5628
69,791.00415,770.1236
70,792.9667,769.2302
71,794.57886,768.03217
72,792.87103,768.46423
73,790.25073,769.8614
74,791.3553,770.4169
75,795.2108,769.73083
76,797.6138,768.6339
77,798.5367,768.4317
78,800.13794,769.67114
79,800.70233,770.96216
80,797.6835,770.7215
81,793.3802,770.01306
82,791.0031,771.0316
83,790.72504,773.27496
84,792.4239,774.08075
85,795.10254,772.533
86,795.88995,770.3361
87,795.203,768.84766
88,796.55066,768.3408
89,798.8829,769.2763
90,798.65735,770.9015
91,797.7738,771.0277
92,799.2235,769.1355
93,799.79626,767.4973
94,796.1783,768.0431
95,792.9855,769.353
96,794.5846,769.43036
97,796.884,769.127
98,796.4573,769.6026
99,795.5141,770.298
100,796.0133,770.52466
101,798.26984,770.2286
102,801.927,769.5575
103,805.4394,768.8967
104,806.3267,769.2632
105,802.6386,770.88196
106,795.7413,771.83734
107,790.99493,770.8633
108,792.0949,769.7963
109,795.12384,770.8368
110,793.5827,773.42444
111,788.67847,774.948
112,787.0094,773.6042
113,790.3912,770.5806
114,796.1988,768.483
115,801.4083,768.24384
116,802.6263,769.3614
117,800.3943,771.17194
118,799.8736,772.5884
119,802.1446,772.37946
120,801.71857,770.7495
121,795.5137,769.49536
122,787.8243,769.6468
123,783.6876,770.51404
124,784.45636,771.09564
125,788.8772,771.04346
126,792.00146,770.7602
127,791.36584,770.5889
128,792.4879,770.432
129,797.0586,770.39453
130,799.4761,770.3899
131,799.3353,770.2272
132,800.0199,770.40186
133,799.8739,770.92883
134,796.8693,770.7667
135,794.9163,769.5656
136,797.599,768.50323
137,801.07806,768.61426
138,800.74915,769.17303
139,798.3342,769.257
140,796.61426,769.1989
141,796.40356,768.76984
142,798.4526,767.47736
143,800.4495,766.7902
144,798.331,768.14276
145,793.3679,770.5768
146,790.91376,772.5895
147,792.5927,773.67487
148,794.9036,773.4091
149,795.2604,771.7078
150,794.4724,769.73645
151,794.37115,768.421
152,797.0532,767.62616
153,801.90393,767.62744
154,804.2989,768.49567
155,802.1496,768.8909
156,798.3538,768.6074
157,795.4221,769.50507
158,792.9602,771.9267
159,790.68994,773.929
160,790.0635,774.17505
161,790.9074,773.0008
162,790.7993,771.43677
163,789.7664,770.2641
164,788.91406,770.1294
165,786.56506,771.4461
166,782.74963,773.1117
167,780.9988,773.38043
168,782.995,772.2419
169,787.185,770.7718
170,791.4241,769.70905
171,794.55396,769.38086
172,796.1544,769.4145
173,795.6932,769.6693
174,794.1258,770.1363
175,793.5094,769.79663
176,792.6101,768.91016
177,789.34125,769.3097
178,786.29126,771.1776
179,786.6198,772.8914
180,787.8611,772.74097
181,786.1175,770.72504
182,782.4157,769.4362
183,780.416,770.31934
184,783.32666,771.3784
185,791.7799,771.6582
186,801.95087,772.6858
187,809.4703,774.9922
188,811.36926,777.73694
189,806.80176,779.87665
190,801.5533,781.60236
191,804.3565,785.549
192,814.3257,792.17163
193,819.8565,796.4369
194,816.5892,795.2321
195,814.7159,790.6029
196,821.8655,783.4856
197,833.3875,774.8917
198,841.3908,768.65063
199,843.85724,765.87866
200,845.00433,764.25366
201,848.9848,763.4648
202,852.999,764.68134
203,849.87836,766.9288
204,838.7118,768.415
205,827.1791,768.69495
206,822.8029,768.05225
207,824.65344,766.92926
208,825.1435,765.9521
209,821.2753,765.62054
210,817.71204,765.839
211,816.7494,765.64954
212,816.5004,763.80853
213,817.6939,760.40045
214,820.0343,758.1203
215,818.8511,759.7959
216,814.72864,764.1508
217,819.1112,767.40314
218,842.35266,767.6146
219,875.2606,763.6642
220,893.9505,753.6249
221,889.362,739.8304
222,875.41595,732.0419
223,866.6729,737.6562
224,865.7475,751.9779
225,868.5148,765.4483
226,871.8894,772.81177
227,876.622,771.6111
228,880.99194,764.4517
229,880.6566,759.52124
230,875.88257,758.4429
231,866.68097,753.9711
232,851.5916,745.4187
233,841.9028,743.7375
234,856.39,755.3969
235,891.1455,772.47687
236,918.65204,784.87866
237,924.86444,790.3497
238,919.93555,788.7955
239,909.4696,780.91565
240,884.663,773.16656
241,848.3239,771.19525
242,826.631,771.5236
243,836.3849,768.54236
244,855.289,763.8815
245,846.7947,763.2683
246,810.92596,767.2474
247,790.6146,768.6407
248,813.4063,761.7634
249,851.8828,751.33923
250,867.73694,745.9558
251,860.1124,746.2468
252,850.472,747.43317
253,852.5945,748.684
254,863.86414,752.4477
255,870.28705,757.5379
256,861.80646,758.5573
257,842.4824,753.99445
258,825.1991,750.1342
259,818.84,752.77515
260,819.82153,760.3709
261,820.60486,767.72577
262,820.80585,771.1563
263,821.6859,770.52655
264,821.92303,767.98676
265,823.02686,763.2688
266,826.5862,754.9458
267,828.99286,746.66895
268,828.25476,744.0002
269,828.56104,746.8263
270,831.6555,751.3891
271,835.16797,755.2734
272,840.5324,756.1806
273,848.99774,753.7942
274,859.4028,755.6319
275,878.23553,768.0991
276,911.40247,783.0913
277,946.4352,789.8929
278,962.13806,790.9966
279,956.52997,792.5574
280,957.76154,792.6676
281,982.02313,787.2255
282,991.64514,779.2214
283,955.414,774.2826
284,910.8261,772.1871
285,896.6607,768.6621
286,881.1041,748.709
287,813.9719,690.0979
288,713.7803,605.76074
289,645.99,548.69025
290,632.3952,547.9198
291,647.1038,581.8579
292,675.68225,621.0258
293,718.0153,654.61597
294,758.11096,677.77704
295,775.9906,688.3442
296,766.8961,691.03345
297,727.4463,690.30536
298,660.94965,689.8097
299,590.18396,691.8799
300,537.8768,690.6724
301,522.18823,683.5466
302,563.7455,684.1179
303,644.11346,693.79846
304,688.69293,683.17944
305,669.8623,648.4725
306,654.3616,633.6453
307,681.80634,655.5431
308,710.7004,678.52875
309,702.1831,671.26605
310,669.7189,640.2764
311,659.80853,621.4039
312,699.45087,639.7881
313,756.6929,674.74005
314,781.14795,687.7585
315,770.24567,673.9983
316,762.62115,661.60516
317,778.5443,663.829
318,795.5615,667.0841
319,788.6459,668.6208
320,765.9042,675.7666
321,751.72003,682.6569
322,754.3645,683.9526
323,754.4296,685.08685
324,728.1586,690.4224
325,684.7536,698.5215
326,654.9056,706.2354
327,646.80804,711.0859
328,646.99005,711.2747
329,652.21857,704.8679
330,670.7159,691.84467
331,695.64655,678.5815
332,708.63513,671.2902
333,715.6893,666.87225
334,747.5116,661.9446
335,817.2115,662.22266
336,895.4473,675.8699
337,939.185,702.8506
338,934.01984,731.5913
339,892.7788,748.38025
340,838.7202,749.82513
341,798.19275,743.13995
342,782.57434,735.81635
343,781.6307,727.3182
344,781.608,713.8385
345,780.7858,701.4244
346,789.9853,706.08234
347,815.92737,733.5214
348,840.7599,769.71265
349,837.14056,799.23474
350,808.4582,816.81024
351,785.05707,822.6894
352,782.8122,823.0595
353,793.1516,823.6767
354,801.96967,814.0051
355,802.97815,775.8868
356,803.1454,720.8349
357,813.2611,691.7296
358,831.26733,705.7912
359,846.1593,735.7914
360,847.5068,760.77295
361,828.8419,786.63196
362,801.26294,817.3062
363,781.8132,842.5259
364,752.4467,843.67725
365,681.0481,804.0721
366,596.64014,737.8505
367,570.92816,690.59674
368,618.85645,686.9393
369,686.15356,706.8292
370,721.2587,721.06256
371,716.959,723.2557
372,692.1849,723.2222
373,659.0857,727.0497
374,626.3699,734.86285
375,613.09937,745.64307
376,629.0575,754.75616
377,656.5757,759.8783
378,669.25464,767.4402
379,657.3967,781.1048
380,628.0212,794.78406
381,591.2864,800.2827
382,563.8419,788.96173
383,587.55096,756.3719
384,712.5386,720.12744
385,918.28326,706.56085
386,1085.3953,708.13544
387,1139.4685,697.3232
388,1141.034,674.9696
389,1133.6643,655.56006
390,1079.5107,637.4011
391,977.09595,622.04767
392,872.1113,620.9777
393,799.23267,634.9395
394,775.56885,654.47064
395,790.79156,671.22296
396,810.308,681.08734
397,812.10406,685.459
398,799.9096,689.18317
399,787.43335,694.57336
400,789.9482,697.0798
401,809.0082,691.00415
402,821.1689,681.20715
403,810.3059,678.43866
404,791.3943,684.3321
405,781.02216,692.8056
406,777.6085,699.5184
407,775.66504,703.09265
408,773.87976,703.6286
409,772.54144,702.4979
410,772.5737,701.8811
411,775.3169,703.3781
412,780.87506,706.6198
413,786.65137,710.0424
414,788.57245,712.3766
415,784.2874,713.06555
416,775.94775,712.1766
417,769.1693,710.20667
418,769.31476,708.7324
419,779.96484,710.0685
420,800.23035,714.4406
421,821.7758,719.52344
422,836.76544,722.5438
423,847.16174,719.43384
424,854.8006,708.2159
425,851.3235,697.97644
426,834.2526,699.91156
427,817.34076,709.4911
428,810.9853,715.14703
429,811.48346,715.6939
430,815.23193,716.4079
431,826.931,717.99603
432,849.2267,716.9068
433,873.7807,712.5294
434,891.7988,708.6147
435,906.7622,707.752
436,922.0327,708.57043
437,914.87976,708.5728
438,840.46747,705.3475
439,683.6601,699.45496
440,496.76416,701.99176
441,367.75146,721.3276
442,348.7673,743.50977
443,402.56372,752.4852
444,444.00275,751.7652
445,442.2325,747.7551
446,431.85483,735.6461
447,456.33466,716.8697
448,537.0552,716.93713
449,646.76184,754.9579
450,729.2331,805.71783
451,792.0111,826.8845
452,913.3537,808.38715
453,1092.8064,772.7367
454,1197.065,735.5699
455,1150.6288,695.44885
456,1046.1658,659.74695
457,984.8596,639.1746
458,946.50836,629.76544
459,854.3193,628.7896
460,693.48425,643.80383
461,545.64667,670.2552
462,491.3042,689.23444
463,513.6827,694.22504
464,548.20013,693.02954
465,564.0418,695.6803
466,568.77423,714.38275
467,577.05914,749.57263
468,569.26624,777.8793
469,506.32956,777.98035
470,403.02167,754.9687
471,330.65704,721.70496
472,341.43332,677.15936
473,422.4166,621.1672
474,520.2296,577.09863
475,586.8803,584.52234
476,608.12506,659.569
477,609.145,760.4051
478,617.77216,822.5307
479,626.46326,829.72845
480,621.6794,811.82
481,624.7439,795.923
482,656.5724,790.87286
483,689.2187,793.1874
484,683.3384,796.35876
485,650.3884,801.43665
486,628.35846,815.3384
487,625.64215,839.6139
488,638.6159,866.41064
489,676.0303,886.7238
490,726.5628,898.44763
491,752.144,908.17285
492,730.0456,926.66095
493,680.2591,951.1955
494,643.97516,953.61456
495,626.7474,905.7777
496,596.077,818.6118
497,551.6993,730.3494
498,522.4209,661.6081
499,515.3458,614.21796
500,535.56665,590.8231
501,585.0135,585.8604
502,640.46246,585.87335
503,683.056,588.9324
504,710.8917,601.9273
505,715.08374,628.6882
506,687.76825,668.47253
507,657.9973,709.9134
508,661.94653,734.9445
509,686.11707,736.79456
510,698.14886,725.47076
511,694.3624,716.6143
512,681.567,714.5177
513,651.72156,710.1555
514,609.15796,700.2228
515,609.3595,704.4309
516,703.6081,752.88654
517,840.1419,838.2872
518,906.2183,906.59393
519,875.8334,922.6882
520,825.57196,904.74506
521,804.2968,886.3597
522,791.6116,886.9576
523,772.82336,909.8799
524,759.8015,943.0005
525,755.24805,968.4806
526,753.235,977.38965
527,766.12494,968.3757
528,809.5192,942.39954
529,854.53265,914.4974
530,853.643,912.46954
531,816.16016,942.5945
532,787.92737,977.34973
533,785.21924,993.8418
534,800.1455,998.7228
535,822.8109,1002.86224
536,840.1974,1002.10034
537,844.7209,993.50824
538,840.88104,984.2984
539,836.8008,980.43494
540,836.7642,981.7388
541,840.68146,985.1141
542,845.69244,986.6691
543,849.4098,984.7851
544,851.71436,981.4626
545,852.4116,979.2782
546,851.841,979.0954
547,853.12006,980.7183
548,858.1449,983.04095
549,862.6006,983.6112
550,859.5154,981.0472
551,848.62805,977.1339
552,835.4549,972.9943
553,822.1564,966.7238
554,810.6359,960.22
555,806.83075,962.0699
556,810.2735,973.7373
557,799.8192,969.34
558,737.5659,906.5456
559,624.1496,784.73254
560,535.02106,665.9565
561,528.56635,606.39844
562,566.7534,603.16486
563,590.17944,621.16016
564,593.7279,633.5294
565,602.7296,636.2145
566,637.85834,659.7016
567,701.67834,747.41
568,773.44147,878.37305
569,830.3258,970.05615
570,869.3052,991.089
571,893.87354,984.0528
572,901.13367,983.01825
573,891.0999,985.68066
574,872.1791,983.9052
575,854.69824,979.68494
576,842.84534,978.2605
577,834.3615,979.4978
578,827.1957,980.11163
579,822.46686,979.68915
580,822.22504,979.87225
581,826.456,980.8288
582,832.34845,982.18134
583,837.3972,984.4643
584,841.10406,987.0349
585,843.2095,988.07794
586,843.7867,987.73926
587,844.0106,987.65344
588,843.5217,988.1801
589,839.86237,988.4734
590,832.0153,987.8407
591,823.14667,986.6031
592,819.1533,985.83325
593,821.1024,986.1025
594,823.198,987.28375
595,822.03705,988.5603
596,820.4337,988.69543
597,821.19495,987.855
598,823.0801,987.7835
599,823.2449,989.08545
600,821.35547,990.13477
601,820.42255,989.716
602,822.04407,988.8542
603,822.4405,988.96967
604,817.8028,989.843
605,810.72076,990.0374
606,806.6857,989.38556
607,806.8232,989.8032
608,807.71185,991.9521
609,807.41223,994.10345
610,807.41583,994.9821
611,808.1663,994.873
612,807.4215,995.24805
613,804.939,997.2528
614,803.8969,999.30975
615,804.724,999.17303
616,803.88025,997.36847
617,800.3449,995.68225
618,796.364,995.2446
619,792.9451,996.60144
620,789.53564,999.23724
621,785.80273,1001.3786
622,781.794,1001.0667
623,778.2034,997.9997
624,775.791,993.8563
625,774.36975,990.5578
626,773.5352,988.94836
627,773.49744,988.72437
628,774.5985,988.82623
629,775.6273,988.4113
630,774.96985,988.34106
631,774.15546,990.28925
632,775.37585,993.5301
633,776.9398,995.4275
634,776.2835,995.427
635,774.9057,995.36456
636,776.1008,996.06604
637,779.26306,996.33575
638,780.206,995.7586
639,776.42065,995.8611
640,770.85376,995.842
641,771.6105,989.90063
642,781.32806,973.76575
643,783.48883,949.3962
644,757.92224,920.5811
645,715.34717,894.52936
646,686.46783,881.44305
647,679.5092,880.37054
648,687.1334,880.5769
649,714.42664,880.3482
650,756.11084,885.9281
651,780.147,897.24866
652,766.9113,913.44135
653,732.8357,940.2346
654,708.84937,974.67883
655,711.25323,1000.1837
656,731.6293,1008.29297
657,755.0322,1006.85315
658,777.4489,1003.99506
659,800.5082,1001.71185
660,821.94385,1001.80524
661,836.30853,1004.7197
662,840.721,1007.25854
663,837.2621,1006.6374
664,830.49945,1002.5526
665,823.22864,995.6837
666,817.6631,988.3411
667,816.12646,984.80084
668,815.41345,986.7336
669,812.755,990.7091
670,814.95776,993.7436
671,827.2256,997.1906
672,842.59735,1002.47833
673,847.0038,1004.0023
674,831.4396,984.49176
675,807.46423,939.74225
676,796.45465,911.28217
677,799.92035,935.8968
678,805.1629,983.3446
679,806.5408,1007.79626
680,804.5525,1007.0244
681,801.3748,999.8868
682,799.8394,996.1991
683,799.042,995.62585
684,795.64056,994.79193
685,791.8306,991.33777
686,793.84503,985.48474
687,801.055,980.0692
688,805.9405,977.3495
689,803.4393,976.75977
690,793.95026,976.99506
691,781.0959,978.00867
692,769.9542,979.6637
693,765.4724,980.7629
694,771.53796,981.2425
695,788.074,981.5791
696,805.58905,978.2497
697,811.5342,967.1907
698,806.10065,952.23517
699,800.0161,942.19855
700,798.88586,941.2118
701,802.0639,947.0981
702,808.9034,957.04083
703,814.91785,968.15656
704,814.209,970.8813
705,812.2285,948.00116
706,815.63165,899.76746
707,813.5544,869.61584
708,798.87317,893.91473
709,787.0681,942.2147
710,788.71405,968.71405
711,795.32025,972.5683
712,797.8259,972.13275
713,794.8831,974.53125
714,788.8713,975.7471
715,784.0203,960.984
716,782.8274,924.1612
717,779.8079,896.4933
718,770.0347,909.3797
719,760.8445,943.7955
720,758.95325,966.9562
721,761.54443,971.2585
722,768.59,948.69293
723,780.07324,896.3931
724,782.8513,857.7252
725,770.12445,876.1823
726,761.31445,925.30035
727,773.8221,957.89935
728,797.4619,969.4928
729,811.16455,975.8059
730,808.0966,981.3865
731,801.06885,971.14136
732,805.88354,921.15393
733,819.3909,837.68475
734,820.08124,762.518
735,805.853,723.4395
736,806.1955,718.1274
737,822.6453,746.44684
738,818.8153,814.277
739,789.54156,899.9717
740,764.3549,958.1568
741,758.35114,971.87396
742,765.2081,965.2701
743,774.40643,963.7443
744,782.113,972.1705
745,789.1162,981.9149
746,784.82605,973.7958
747,740.90485,923.033
748,642.9882,823.63275
749,530.74304,699.8891
750,475.03253,590.4108
751,506.3418,529.8675
752,587.8454,525.7482
753,658.39075,551.84247
754,685.3321,579.4984
755,677.99915,601.63
756,661.358,624.8978
757,647.2677,652.1423
758,635.2804,675.4616
759,625.2002,684.7027
760,618.4101,679.8598
761,616.6376,671.7152
762,620.7506,670.1869
763,630.3227,676.8356
764,650.2737,689.3143
765,686.0449,704.8275
766,726.06506,716.7674
767,752.2783,718.196
768,765.5089,710.4667
769,774.4766,700.0561
770,776.95306,688.63354
771,770.70966,673.6725
772,760.3679,657.954
773,744.939,650.84735
774,723.58093,657.76636
775,714.0251,672.40485
776,730.826,684.2285
777,756.9061,690.86316
778,770.1296,695.58234
779,772.50964,698.7624
780,775.4086,698.4438
781,780.52576,693.9315
782,783.97345,687.33215
783,786.71576,683.71936
784,790.1895,686.295
785,787.64307,691.22675
786,774.53925,693.532
787,761.74426,693.6731
788,763.7332,693.28723
789,779.83875,692.2304
790,797.75836,691.7722
791,806.15094,693.2949
792,792.349,691.2477
793,750.68506,677.3484
794,711.2892,659.544
795,715.8336,658.5544
796,755.7039,675.81104
797,788.6247,690.66394
798,799.73303,691.4607
799,803.78674,684.459
800,811.3288,678.9556
801,818.4118,679.26917
802,820.9736,684.5479
803,820.7448,690.3625
804,814.5847,692.9487
805,796.00653,692.4395
806,769.9571,690.9167
807,749.6454,689.53674
808,740.0731,688.2986
809,737.39636,686.77875
810,740.2644,685.2192
811,752.2931,684.21295
812,771.27106,682.0215
813,781.55347,672.2699
814,772.84216,652.2665
815,762.94476,636.46783
816,772.3708,641.23865
817,788.0108,658.88947
818,786.0073,671.344
819,769.0551,675.11035
820,757.23334,677.0145
821,760.09314,680.70154
822,773.44794,684.92395
823,793.3611,688.41425
824,816.70465,691.4852
825,836.74414,694.33655
826,847.7351,695.78894
827,843.34656,693.0607
828,817.88074,685.8551
829,782.5452,680.87415
830,761.9009,684.1539
831,766.26685,691.0461
832,788.6682,692.75885
833,819.5568,686.9527
834,845.713,678.82166
835,852.82684,677.90735
836,840.4889,693.71783
837,824.3886,732.4195
838,820.6496,791.6542
839,829.89764,857.04254
840,841.05145,912.4814
841,847.6486,951.5971
842,847.0913,973.7407
843,835.4044,978.547
844,816.6645,971.0075
845,800.3027,963.0075
846,789.87305,962.1814
847,787.3238,963.5578
848,794.2773,960.52576
849,805.87415,957.0554
850,814.94556,959.14343
851,818.3556,965.08453
852,817.29565,969.7788
853,815.2202,970.4064
854,814.22327,967.98706
855,813.5821,965.7362
856,811.17737,965.37354
857,806.8686,965.84845
858,805.4867,965.7116
859,811.38995,966.487
860,818.92456,969.6089
861,812.41254,967.4327
862,782.88074,950.02924
863,748.08704,927.29565
864,735.64514,922.52014
865,745.3914,939.0573
866,757.2197,958.51654
867,762.1533,967.57007
868,762.3666,966.68317
869,759.2321,961.2113
870,753.18085,954.4375
871,746.83417,946.26917
872,744.2638,936.0719
873,747.5227,926.27515
874,754.54675,921.3114
875,760.7597,922.34827
876,763.1908,926.689
877,764.2553,933.2768
878,769.1021,943.7103
879,777.38855,956.1757
880,782.9264,965.837
881,782.40045,972.1911
882,778.7913,977.73865
883,776.06586,982.86884
884,774.95026,988.1619
885,775.1519,995.7179
886,777.0279,1005.1091
887,779.8849,1012.67914
888,782.6288,1015.8788
889,784.9849,1015.1768
890,786.6298,1012.33325
891,787.0605,1009.09534
892,786.89886,1006.19073
893,787.26544,1002.80237
894,787.42285,998.1103
895,785.74274,992.9801
896,782.26764,989.24945
897,778.4901,987.5956
898,775.3602,987.16095
899,771.87006,987.22046
900,765.75134,988.392
901,755.83234,991.46814
902,743.8102,994.38916
903,732.5742,992.2507
904,723.57574,983.6562
905,717.20294,975.0876
906,714.0452,973.64966
907,716.039,978.18866
908,724.7253,981.69354
909,738.4618,979.0663
910,754.66724,971.3496
911,772.23944,963.234
912,788.9439,959.0493
913,794.3684,958.5387
914,772.99713,941.29224
915,739.2066,879.59625
916,745.61896,797.3874
917,805.063,760.37286
918,862.50635,788.4098
919,874.9292,838.3516
920,831.3366,853.4015
921,733.2102,802.976
922,633.57855,714.6108
923,606.24347,648.4245
924,646.86115,626.08813
925,695.2779,627.88806
926,725.34216,636.8464
927,749.0349,653.1845
928,782.0653,697.8515
929,827.94403,791.1789
930,869.76624,898.1773
931,886.8623,953.6876
932,879.02057,955.95105
933,859.6549,956.10095
934,839.3457,972.98047
935,824.28156,987.70953
936,816.7568,992.17224
937,813.03094,993.4605
938,808.24115,990.6837
939,801.7416,979.12177
940,794.11694,964.8127
941,786.4376,957.082
942,784.00305,958.619
943,792.9389,969.2939
944,810.5176,984.14777
945,824.9259,992.0194
946,828.50714,988.6742
947,826.187,981.5142
948,827.3622,979.7646
949,833.79614,986.0551
950,840.119,994.22943
951,842.19946,995.6809
952,839.52527,988.48627
953,832.1666,978.3903
954,819.9463,972.8241
955,808.12744,975.4513
956,806.9575,984.276
957,811.76843,991.42096
958,797.89044,985.44147
959,756.2511,961.7372
960,712.9401,932.53986
961,694.8251,916.35565
962,701.73615,918.7115
963,720.939,932.41895
964,742.9702,949.05927
965,764.3728,963.8741
966,786.5357,974.9109
967,807.59985,981.64954
968,821.79877,985.44165
969,827.3894,987.7436
970,826.42706,988.1625
971,821.65765,987.0235
972,817.3481,985.6196
973,817.60034,983.199
974,820.23956,978.2878
975,817.31134,972.6135
976,808.346,971.5457
977,804.21,979.2466
978,808.84503,990.26636
979,806.9013,986.0762
980,779.39404,950.69916
981,732.41364,898.30396
982,697.8488,867.8416
983,694.97656,878.4066
984,709.9387,909.9023
985,725.0613,934.9314
986,743.6893,950.5857
987,771.6722,967.65784
988,798.8574,985.0236
989,814.2168,993.62067
990,820.12317,992.6057
991,822.1875,986.80896
992,819.2788,979.8815
993,810.21796,977.47327
994,801.28284,985.9001
995,801.8886,998.4676
996,819.3339,988.0434
997,851.82874,931.35754
998,879.79834,847.2162
999,885.2822,784.3199
1000,870.7308,773.7646
1001,841.30524,820.0514
1002,803.88806,904.6682
1003,777.7953,982.15027
1004,774.46857,1016.56726
1005,785.7601,1015.9956
1006,800.28894,1007.1084
1007,816.16437,1001.84656
1008,835.20135,998.1311
1009,851.7298,992.026
1010,856.6863,984.1439
1011,849.6705,978.4433
1012,838.1823,977.25757
1013,829.5243,979.7314
1014,826.48224,983.6053
1015,826.8697,986.9825
1016,828.0308,989.186
1017,830.71216,990.5016
1018,836.1024,991.65924
1019,843.48267,993.73755
1020,852.00775,997.32764
1021,860.24567,1001.34814
1022,864.9111,1003.8513
1023,863.4973,1004.6741
1024,857.9597,1005.66516
1025,853.88196,1007.1097
1026,854.71814,1007.2071
1027,858.05206,1005.99866
1028,858.7518,1005.08154
1029,855.1347,1004.26215
1030,850.19824,1002.86554
1031,846.2661,1002.00415
1032,842.1591,1002.8339
1033,837.6646,1004.7634
1034,835.70667,1006.56476
1035,837.0575,1007.8013
1036,838.05005,1008.65186
1037,835.724,1009.1494
1038,831.2988,1009.0209
1039,827.96436,1008.0353
1040,826.7573,1005.9501
1041,824.53503,1002.901
1042,817.79083,1000.28973
1043,809.3326,999.06396
1044,805.52094,998.3505
1045,806.3435,998.31854
1046,806.73,1000.725
1047,805.7444,1005.2148
1048,806.8216,1009.1535
1049,812.6207,1010.6414
1050,821.5581,1009.20337
1051,827.2908,1006.11365
1052,826.57074,1004.1395
1053,823.8792,1004.0762
1054,822.8561,1004.2704
1055,822.19653,1003.9764
1056,820.2875,1002.97876
1057,817.09186,1000.3669
1058,814.4886,997.1909
1059,815.31195,996.424
1060,819.11707,998.42804
1061,821.82794,1000.1004
1062,821.308,998.82184
1063,820.0623,994.86554
1064,821.2114,990.5751
1065,823.3507,989.11145
1066,822.47723,992.6427
1067,819.3499,999.3564
1068,819.1427,1004.39545
1069,822.612,1005.5167
1070,824.14984,1004.2439
1071,820.8328,1000.7983
1072,817.3601,993.9931
1073,817.6049,986.4532
1074,817.28925,982.3947
1075,811.4864,980.28345
1076,802.2964,971.65497
1077,794.8733,949.48315
1078,795.16394,921.82776
1079,806.4978,906.8447
1080,819.8051,907.28687
1081,821.3807,908.40247
1082,812.30707,902.33734
1083,804.2538,895.3476
1084,801.81085,893.92584
1085,801.15027,897.615
1086,797.2822,902.716
1087,789.92346,905.3923
1088,786.8784,903.7564
1089,793.1503,900.5726
1090,801.3058,901.27356
1091,802.92395,908.1777
1092,799.36597,918.29834
1093,796.69025,925.7727
1094,797.96027,926.3294
1095,802.2036,921.53046
1096,806.68524,917.4173
1097,807.9937,918.48895
1098,802.7967,925.9392
1099,789.3086,938.8537
1100,769.7629,952.5937
1101,751.1194,962.4979
1102,740.1643,971.0266
1103,738.46246,982.1716
1104,744.09357,992.90485
1105,755.8277,998.62604
1106,770.77747,999.9826
1107,780.21735,1000.1375
1108,776.64325,1001.1042
1109,765.40204,1002.8631
1110,759.7829,1003.7011
1111,764.761,1001.5313
1112,774.14154,995.085
1113,779.8982,983.64215
1114,778.96344,963.36774
1115,773.81903,934.5718
1116,767.9773,916.6941
1117,763.6892,927.4855
1118,763.01746,952.49054
1119,765.8839,966.84796
1120,768.7854,965.93256
1121,768.33234,957.76056
1122,767.3164,949.49023
1123,774.0555,945.6305
1124,789.55884,945.8274
1125,802.7253,944.6893
1126,804.11414,938.5526
1127,796.14856,929.5136
1128,787.19885,921.9825
1129,781.14087,918.5542
1130,776.7354,918.64246
1131,773.5725,919.48474
1132,771.9982,918.8128
1133,770.9043,916.60803
1134,770.82,914.10736
1135,773.75616,912.1314
1136,777.5948,911.2295
1137,778.2107,912.1672
1138,776.5522,914.82745
1139,776.1558,917.5818
1140,776.98804,919.061
1141,777.11993,919.70447
1142,776.82306,920.91156
1143,778.05316,923.6524
1144,781.67645,928.1097
1145,786.5053,933.7424
1146,790.9032,939.23425
1147,793.77673,943.0422
1148,793.9509,944.1454
1149,791.25323,942.2862
1150,787.8778,938.6871
1151,786.0048,935.7074
1152,785.23553,934.92847
1153,784.1832,936.0674
1154,782.538,936.9075
1155,781.65045,935.87866
1156,784.05756,934.83673
1157,790.1205,935.4425
1158,796.4087,935.5808
1159,799.51074,933.37994
1160,799.7815,930.3621
1161,800.2146,928.34467
1162,802.3782,927.16833
1163,805.0442,926.4196
1164,806.46173,926.60803
1165,806.20294,927.56555
1166,804.3265,927.6719
1167,800.529,926.6188
1168,795.9114,927.2662
1169,792.89746,932.1287
1170,791.61786,938.2851
1171,790.3108,936.0893
1172,788.8521,917.4401
1173,787.70355,890.2483
1174,785.37573,873.8336
1175,775.5235,877.8157
1176,750.121,898.38684
1177,717.1913,924.74695
1178,702.13385,939.29736
1179,718.4418,929.4477
1180,750.13007,906.4691
1181,767.4642,897.26166
1182,757.49274,912.5848
1183,739.10846,933.67413
1184,739.6683,935.75946
1185,758.4593,918.4298
1186,770.40906,898.4024
1187,763.90283,883.91064
1188,754.431,877.1326
1189,758.5445,879.5934
1190,772.23236,885.4447
1191,783.0348,891.911
1192,787.6718,906.2141
1193,788.6168,928.65704
1194,786.58295,947.2178
1195,781.98315,954.5014
1196,777.29083,954.8254
1197,775.44604,953.92413
1198,776.35834,952.5308
1199,777.84784,949.9406
1200,780.16785,947.4029
1201,785.42224,946.06213
1202,792.6244,944.1745
1203,796.4812,938.9936
1204,793.8153,930.4278
1205,788.3261,921.8438
1206,784.87756,918.2875
1207,784.6169,922.7373
1208,786.14996,932.7537
1209,785.9637,942.5471
1210,781.53955,948.4498
1211,775.13165,950.6337
1212,771.131,950.8297
1213,771.4797,950.2767
1214,774.09607,949.2616
1215,775.18427,948.0598
1216,773.9156,947.3229
1217,773.0776,946.63055
1218,774.7867,944.4889
1219,778.6607,940.91565
1220,783.1449,938.941
1221,786.279,941.8683
1222,787.12244,944.87634
1223,785.6593,928.9142
1224,779.7287,886.76013
1225,768.5817,856.19617
1226,759.25745,873.09424
1227,758.5919,912.3294
1228,763.40497,933.87396
1229,767.1803,935.5555
1230,768.57733,932.0672
1231,769.71387,930.61945
1232,772.408,931.5823
1233,777.5094,932.8023
1234,783.97723,932.025
1235,788.1308,929.20154
1236,787.8616,927.0473
1237,786.65906,927.69147
1238,788.6645,930.4488
1239,792.22797,933.56836
1240,793.5622,935.82306
1241,792.9751,936.6871
1242,793.0145,936.6724
1243,794.01666,936.67834
1244,794.16833,936.4748
1245,792.7427,935.37317
1246,791.36475,934.0438
1247,791.428,933.7868
1248,792.4816,935.0233
1249,793.7365,937.40314
1250,795.24054,939.9912
1251,797.09216,941.3839
1252,798.14624,940.5341
1253,796.5817,937.74805
1254,792.235,934.60876
1255,786.94275,932.6881
1256,782.68304,932.6627
1257,780.469,934.12946
1258,780.1097,936.32074
1259,781.24835,939.03906
1260,782.95715,941.6246
1261,782.33307,942.7001
1262,778.8397,942.5436
1263,775.9932,942.86615
1264,774.7013,944.06744
1265,772.93256,945.10583
1266,771.5281,944.7879
1267,772.432,942.7502
1268,774.04407,940.18384
1269,774.13947,938.09467
1270,773.97797,935.5733
1271,774.71515,931.958
1272,774.8126,928.88446
1273,774.5009,928.89777
1274,776.2774,933.8671
1275,780.8741,943.5827
1276,786.8583,953.53467
1277,790.97253,956.1063
1278,786.8299,942.91064
1279,771.222,915.1728
1280,755.88275,898.51013
1281,756.693,915.3691
1282,769.7203,948.3399
1283,778.9343,969.3506
1284,779.84344,974.58356
1285,778.1135,971.85095
1286,776.63904,966.91473
1287,775.18713,963.8021
1288,774.2962,964.12036
1289,773.9568,965.6439
1290,773.3966,963.84576
1291,774.12537,957.0389
1292,778.6859,948.33685
1293,785.14386,941.66626
1294,788.631,937.47406
1295,787.0454,931.21814
1296,780.22156,918.8166
1297,769.04205,905.23346
1298,758.08777,899.78156
1299,753.8058,904.56537
1300,755.5897,916.3859
1301,753.9208,931.8562
1302,747.63525,943.6631
1303,748.4274,944.44116
1304,757.7348,938.79315
1305,762.28204,938.5354
1306,756.14514,943.6403
1307,749.3482,941.8112
1308,750.12195,931.5592
1309,747.84973,925.85297
1310,727.20514,927.19476
1311,692.70276,925.0012
1312,666.21954,917.24115
1313,668.22754,914.0134
1314,702.2842,924.20496
1315,744.4574,945.3016
1316,761.77515,966.3067
1317,756.6077,979.2884
1318,761.78485,982.0754
1319,777.4311,971.44037
1320,753.84576,932.69934
1321,660.0688,843.11035
1322,547.98706,711.9383
1323,513.36285,600.7512
1324,579.2621,561.69446
1325,667.4343,580.2528
1326,706.2504,612.4646
1327,697.9666,639.70233
1328,677.36774,663.12836
1329,670.5315,682.53644
1330,687.66095,697.1926
1331,721.8079,708.33624
1332,755.7927,716.23883
1333,774.19824,720.6359
1334,770.97815,722.2171
1335,754.53046,720.80286
1336,743.75226,713.6416
1337,748.9776,703.09625
1338,751.713,713.32214
1339,719.5873,776.26746
1340,659.26666,878.6439
1341,617.4283,960.82306
1342,614.084,982.0058
1343,630.27997,951.89264
1344,656.643,914.9437
1345,700.1027,917.20325
1346,750.07245,961.45624
1347,777.85724,1008.7104
1348,773.3136,1035.6215
1349,753.8549,1048.5791
1350,732.0934,1043.6432
1351,698.87775,1010.3716
1352,650.98413,967.0017
1353,611.36414,936.18646
1354,600.77386,906.37634
1355,620.15424,860.0547
1356,674.2359,804.7333
1357,760.52124,755.9088
1358,833.8178,724.08246
1359,861.59546,721.59155
1360,889.8345,758.09314
1361,952.72296,816.6876
1362,989.8462,861.11084
1363,954.4801,887.3069
1364,891.71295,916.4292
1365,849.1157,944.0325
1366,822.5426,956.0313
1367,796.07733,956.10297
1368,766.9812,950.90985
1369,743.3309,943.5105
1370,734.7425,937.6369
1371,739.33704,933.03174
1372,745.5234,925.72437
1373,747.2789,917.4397
1374,746.5978,913.4673
1375,744.5698,910.9391
1376,739.6688,903.1861
1377,730.971,892.27954
1378,719.4049,884.7854
1379,708.0434,882.3533
1380,700.39594,884.6806
1381,696.9582,893.0717
1382,695.6455,906.61334
1383,694.87195,920.73895
1384,693.61725,931.30566
1385,690.8595,938.11035
1386,687.4652,943.66095
1387,686.9492,947.7174
1388,692.4056,946.9945
1389,701.1151,945.567
1390,703.22064,956.6864
1391,691.8381,983.60944
1392,675.788,1008.45795
1393,677.9203,1004.0081
1394,711.4902,956.4624
1395,757.10425,890.2337
1396,784.0406,851.7626
1397,787.0152,855.8798
1398,779.36145,879.4191
1399,770.9654,899.087
1400,765.0071,906.7427
1401,761.6193,905.5431
1402,758.2217,903.4762
1403,745.52545,903.1268
1404,716.1064,903.51575
1405,682.34607,908.01575
1406,668.02216,920.7852
1407,680.5668,939.8203
1408,705.1174,955.745
1409,726.14014,958.07776
1410,742.6373,945.1016
1411,754.4997,928.22235
1412,750.53467,924.2986
1413,725.66223,938.1588
1414,696.7963,956.0561
1415,685.462,962.9989
1416,692.0679,959.2572
1417,701.0125,953.5586
1418,703.70856,950.3605
1419,704.1881,949.857
1420,707.3163,953.1429
1421,712.3145,961.6927
1422,716.9544,972.8295
1423,721.1401,980.676
1424,725.5333,981.87976
1425,729.8217,977.584
1426,733.3491,972.5099
1427,735.7594,971.6875
1428,737.2468,974.75354
1429,738.18665,976.76697
1430,737.47577,975.39703
1431,733.4942,972.205
1432,727.1746,968.14233
1433,722.413,963.7772
1434,722.9253,962.12164
1435,727.4987,965.40704
1436,729.8098,971.14154
1437,726.1246,975.4092
1438,719.58276,976.03577
1439,714.3809,971.50604
1440,712.0962,963.49194
1441,712.99634,957.4209
1442,713.8331,954.54694
1443,709.71796,950.27936
1444,702.6646,941.7286
1445,698.45337,929.84015
1446,695.80927,917.2028
1447,691.05273,907.49756
1448,687.9016,904.0512
1449,690.5303,906.8356
1450,695.01636,909.6561
1451,696.17505,905.3855
1452,694.2721,897.4987
1453,691.9363,896.2186
1454,690.60223,902.4875
1455,690.3749,909.1249
1456,691.18713,913.6736
1457,693.03754,917.8258
1458,695.3469,921.44183
1459,697.36707,924.612
1460,698.83624,928.3727
1461,699.6481,931.76276
1462,699.1751,934.24365
1463,696.58563,937.2337
1464,692.81213,939.3029
1465,690.6867,937.8189
1466,691.12427,934.8739
1467,691.92285,934.2424
1468,691.4652,936.2955
1469,690.28253,939.0204
1470,689.00415,942.03577
1471,687.28485,947.5991
1472,685.486,955.37274
1473,684.95416,957.8515
1474,684.21185,942.7386
1475,678.9191,908.25494
1476,669.41205,878.4269
1477,664.2033,877.62634
1478,670.25073,895.4061
1479,681.6281,907.3644
1480,686.5618,908.84454
1481,683.87714,907.6131
1482,682.5474,901.2889
1483,690.9048,877.124
1484,711.07947,844.34406
1485,734.9959,840.7241
1486,750.29535,877.5426
1487,754.3426,918.0212
1488,749.3546,922.41693
1489,733.5119,880.15735
1490,717.00134,819.75745
1491,719.40356,788.04956
1492,736.0738,794.5315
1493,749.54755,809.0843
1494,767.43805,811.7207
1495,799.108,807.32166
1496,818.06036,808.0054
1497,795.3487,821.1994
1498,749.6519,845.7365
1499,723.6835,872.6587
1500,725.34534,892.9397
1501,729.7868,903.83167
1502,731.5081,902.5973
1503,754.34375,884.7996
1504,792.6155,868.00244
1505,791.43304,891.8814
1506,735.16235,956.9738
1507,683.01874,1010.67957
1508,677.04596,1022.3985
1509,700.8923,1010.8847
1510,725.97284,1000.3153
1511,739.3396,996.42377
1512,743.7713,993.5121
1513,748.00305,984.216
1514,755.1359,966.2762
1515,761.46375,946.7529
1516,762.8912,935.0086
1517,762.656,931.0999
1518,768.0361,930.3882
1519,778.3638,932.18414
1520,786.58826,936.04425
1521,789.7767,939.3356
1522,791.66693,940.99274
1523,795.033,941.87555
1524,787.1444,940.929
1525,749.4633,937.11456
1526,696.7249,936.94934
1527,668.5608,948.86597
1528,674.10626,967.17944
1529,691.6078,965.00775
1530,712.29156,916.76
1531,751.61566,842.53375
1532,820.42053,793.63727
1533,882.36694,791.66064
1534,872.58636,828.271
1535,786.83044,887.7987
1536,693.48926,941.0305
1537,644.4762,962.8328
1538,633.8372,956.98016
1539,635.0749,942.4117
1540,634.69165,931.23553
1541,633.97784,925.245
1542,640.62695,919.0789
1543,656.0061,907.9338
1544,666.20306,898.2861
1545,661.79456,903.97516
1546,656.2837,929.6295
1547,663.8096,962.3641
1548,681.118,983.7008
1549,700.1594,988.9737
1550,715.8893,986.5078
1551,724.42786,983.7499
1552,725.5118,983.2036
1553,723.01984,983.69977
1554,720.4355,982.8426
1555,719.2214,981.23804
1556,719.6833,981.54315
1557,720.8725,984.0137
1558,722.56366,986.5854
1559,725.28937,987.9612
1560,727.2632,988.6238
1561,726.1946,989.69147
1562,723.37213,991.133
1563,721.8033,991.7037
1564,721.971,990.9549
1565,722.3375,989.7491
1566,721.93726,989.11523
1567,721.4287,989.9897
1568,722.3781,992.808
1569,722.592,994.6928
1570,713.5503,985.8391
1571,690.22833,957.3726
1572,661.14386,919.1038
1573,640.7383,893.72626
1574,642.565,891.996
1575,676.26917,908.7984
1576,726.8547,931.8796
1577,758.80707,949.0666
1578,758.52924,959.3632
1579,742.55347,971.0154
1580,728.981,986.0138
1581,724.38226,997.5576
1582,726.7705,1001.68665
1583,730.4414,1001.44904
1584,731.8185,1000.4446
1585,731.4909,999.9203
1586,730.4006,1000.8119
1587,728.2608,1003.1439
1588,726.09656,1005.0361
1589,725.1082,1005.312
1590,724.49756,1005.49255
1591,724.38727,1007.25256
1592,726.7008,1009.4903
1593,731.42914,1010.11505
1594,736.3164,1008.7824
1595,739.23175,1006.3352
1596,739.50006,1003.70514
1597,739.39105,1001.99536
1598,742.66595,1002.49725
1599,750.09314,1005.6164
1600,756.8,1007.57324
1601,750.7875,995.82135
1602,721.88904,958.4852
1603,684.9377,910.52893
1604,677.48395,888.6784
1605,715.08984,906.32825
1606,765.27313,938.32025
1607,778.84344,952.40497
1608,739.2883,939.1989
1609,679.5964,915.5492
1610,643.83057,902.09973
1611,639.6477,899.42505
1612,649.7817,893.1803
1613,666.16614,874.2529
1614,682.89484,849.0168
1615,681.42725,837.20874
1616,656.7701,850.0477
1617,636.8932,878.1888
1618,646.9726,913.6605
1619,676.68085,953.28424
1620,699.6297,984.94916
1621,705.7804,1000.98474
1622,703.2119,1006.6786
1623,701.26294,1007.071
1624,702.857,1003.126
1625,706.1886,997.7285
1626,708.81903,995.18024
1627,710.68066,996.87427
1628,712.39825,1000.8589
1629,713.9233,1004.5201
1630,715.3713,1006.8833
1631,716.38965,1008.3467
1632,717.19086,1009.5655
1633,720.21576,1011.30927
1634,727.46735,1013.6591
1635,736.89795,1016.1132
1636,743.5435,1019.5007
1637,744.407,1022.9139
1638,737.07306,1013.9186
1639,717.0628,975.4953
1640,689.11334,917.14136
1641,669.53986,873.78815
1642,666.2643,862.3258
1643,678.49805,873.88043
1644,710.5967,900.9465
1645,754.80676,935.50934
1646,783.76746,960.7912
1647,782.2819,970.553
1648,759.6067,977.0315
1649,732.8251,989.985
1650,714.8512,1004.2109
1651,708.9393,1010.98834
1652,710.7664,1010.27954
1653,715.8236,1007.7249
1654,721.9855,1006.2134
1655,727.3417,1005.14844
1656,729.7525,1004.0929
1657,729.5077,1003.3542
1658,728.7877,1003.28937
1659,728.44135,1004.01373
1660,728.19104,1004.9214
1661,728.204,1005.3492
1662,729.1184,1005.32666
1663,731.5035,1005.1118
1664,734.707,1004.89087
1665,736.70215,1004.9161
1666,736.71875,1005.3971
1667,737.1911,1006.13293
1668,739.6757,1006.36786
1669,740.80273,1005.68506
1670,739.14905,1005.0613
1671,740.9184,1006.50055
1672,748.0601,1009.0318
1673,745.65204,1000.4684
1674,717.223,965.27325
1675,673.629,914.0997
1676,643.1821,880.17926
1677,637.09937,877.81635
1678,653.6845,896.4662
1679,692.6383,925.06226
1680,737.48413,954.30664
1681,759.3444,975.0616
1682,751.7551,988.47095
1683,731.98645,1000.9556
1684,715.80286,1011.92706
1685,708.6125,1017.6226
1686,707.2119,1017.82886
1687,705.9977,1015.38324
1688,704.4241,1013.97845
1689,703.9737,1015.1745
1690,704.1889,1017.5645
1691,704.8353,1019.3776
1692,705.90753,1020.4518
1693,706.6134,1021.7846
1694,706.6332,1024.0717
1695,706.821,1026.7017
1696,708.29254,1028.1852
1697,711.20184,1027.6371
1698,715.75024,1025.7781
1699,723.3957,1025.2758
1700,733.4898,1029.0166
1701,740.2199,1033.2778
1702,732.9271,1020.48816
1703,703.03644,973.69104
1704,662.40497,909.7152
1705,644.3436,872.2597
1706,671.4536,882.6885
1707,729.5813,922.25586
1708,779.57275,957.9057
1709,794.49963,972.82135
1710,778.5254,976.74036
1711,752.6049,986.93524
1712,736.1394,1003.7983
1713,734.77,1014.2355
1714,738.73486,1013.4466
1715,738.37854,1009.0023
1716,734.1537,1007.52783
1717,729.83606,1009.2859
1718,726.6725,1011.908
1719,724.3445,1013.4683
1720,722.9399,1013.7938
1721,723.7416,1014.23926
1722,727.1551,1015.65625
1723,731.3775,1017.5603
1724,734.8917,1019.58484
1725,737.42004,1021.856
1726,738.5796,1023.9408
1727,738.66266,1024.728
1728,739.1819,1023.5581
1729,740.96857,1021.97186
1730,743.1486,1023.63477
1731,742.8477,1028.1602
1732,734.35876,1021.1395
1733,713.107,983.49695
1734,684.0001,924.6265
1735,659.52277,880.50006
1736,651.8959,867.12134
1737,672.13306,873.5267
1738,717.21497,894.38226
1739,760.1442,926.1086
1740,777.41144,951.8774
1741,771.09894,964.6947
1742,754.5007,978.07184
1743,739.6277,998.1372
1744,734.6047,1013.8688
1745,737.01697,1018.20764
1746,738.07104,1016.1953
1747,735.5075,1013.97504
1748,733.50323,1013.02325
1749,734.1425,1012.512
1750,735.7195,1011.7379
1751,736.4334,1011.17316
1752,736.8041,1011.4625
1753,738.29047,1011.87103
1754,741.1729,1011.4369
1755,745.3756,1010.23
1756,750.03796,1008.6321
1757,751.04034,1007.94434
1758,744.3747,1009.99365
1759,733.9723,1013.1737
1760,730.132,1013.81757
1761,736.6794,1012.4827
1762,744.933,1012.0493
1763,745.12103,1012.14056
1764,738.86865,1010.84125
1765,733.4881,1007.8115
1766,730.3697,1003.9158
1767,727.7065,1001.5113
1768,726.56433,1004.2269
1769,725.84735,1010.37775
1770,716.569,1003.3876
1771,690.9522,964.30023
1772,659.18274,907.25104
1773,642.1814,871.3069
1774,647.69934,864.6312
1775,665.50476,861.7791
1776,674.7533,854.19556
1777,663.5895,857.0849
1778,649.77057,878.84265
1779,656.0763,914.3038
1780,676.2931,950.899
1781,691.5537,973.6476
1782,697.5778,978.8934
1783,699.6352,975.9672
1784,700.1921,973.3005
1785,700.11865,973.84106
1786,702.55304,978.6351
1787,709.4309,986.1973
1788,716.0197,991.7595
1789,716.1377,991.75977
1790,711.9364,987.14777
1791,710.6239,980.8236
1792,713.69763,974.14813
1793,716.5479,967.6071
1794,717.50824,963.2978
1795,719.799,963.59424
1796,724.1889,967.93805
1797,727.2286,973.2651
1798,726.3332,977.2275
1799,721.58124,980.3384
1800,714.6603,984.54517
1801,708.9053,989.9962
1802,708.60187,995.01105
1803,715.4144,998.1771
1804,725.40265,998.62274
1805,732.33887,996.5752
1806,734.1442,994.42896
1807,733.82745,995.59125
1808,734.2985,1002.1347
1809,733.169,1009.8417
1810,721.10187,1001.60254
1811,691.2123,960.0905
1812,657.3264,897.7027
1813,646.09875,848.45166
1814,666.41986,828.66266
1815,704.287,837.27075
1816,737.55725,873.0265
1817,751.16034,921.67584
1818,745.56085,958.00494
1819,727.0981,974.4017
1820,704.38275,980.75586
1821,690.31616,984.3954
1822,690.2126,988.8035
1823,698.7375,996.7551
1824,708.91223,1006.0873
1825,716.0686,1011.4809
1826,719.53644,1011.2808
1827,721.55835,1008.4031
1828,723.2425,1005.56757
1829,724.30554,1002.8117
1830,724.5097,1000.1193
1831,724.3896,999.0399
1832,725.39014,999.9198
1833,727.57227,1000.9494
1834,729.5098,1001.1716
1835,731.21924,1002.32587
1836,733.6159,1007.4367
1837,735.1406,1014.5622
1838,729.4372,1006.6437
1839,711.44336,961.2512
1840,689.7529,887.0321
1841,680.71454,824.9889
1842,692.3007,801.87787
1843,722.02,816.8245
1844,755.0365,860.5808
1845,771.8886,913.33057
1846,767.2524,951.7065
1847,746.21515,973.0328
1848,718.1427,986.91675
1849,699.0359,995.02765
1850,697.75806,996.4799
1851,707.45654,994.26605
1852,716.6346,991.8024
1853,719.0516,991.4037
1854,716.49164,993.1642
1855,715.33716,995.36017
1856,718.28796,997.36414
1857,722.39856,999.6287
1858,725.0236,1001.51
1859,726.31573,1002.0914
1860,726.6529,1002.1115
1861,726.1298,1002.3069
1862,725.66077,1001.6842
1863,726.27026,1000.00165
1864,728.22174,999.67566
1865,731.4977,1003.74036
1866,733.9023,1009.8397
1867,726.10004,999.7403
1868,699.25696,951.0303
1869,665.0664,877.36725
1870,649.71173,821.5949
1871,664.92596,799.7294
1872,697.06116,801.1988
1873,715.479,825.9343
1874,703.7753,870.4622
1875,683.72705,913.137
1876,681.3806,943.9438
1877,693.64044,968.8368
1878,704.77795,986.24615
1879,707.6163,992.2539
1880,705.2606,991.31903
1881,704.39526,989.91156
1882,708.2965,991.6042
1883,714.7154,996.0735
1884,719.20496,1000.286
1885,720.21387,1002.39215
1886,720.756,1003.10284
1887,723.7875,1003.7185
1888,727.9022,1004.3887
1889,730.58105,1004.4123
1890,731.783,1002.7884
1891,733.5503,999.99066
1892,738.5951,1000.3199
1893,744.7264,1004.22723
1894,740.2011,993.24786
1895,713.67194,943.476
1896,672.30634,868.9565
1897,640.2869,814.40344
1898,639.68665,796.3823
1899,675.5336,803.1028
1900,724.2926,833.2146
1901,748.09595,883.0283
1902,735.58344,930.1505
1903,708.49493,958.7622
1904,690.6722,974.38745
1905,689.40466,989.94885
1906,698.57886,1008.7327
1907,708.5827,1022.85913
1908,713.9825,1026.9089
1909,714.53827,1024.2314
1910,713.2046,1020.4754
1911,714.6998,1018.1314
1912,721.0885,1016.66925
1913,729.08734,1015.9253
1914,734.2944,1016.6447
1915,734.3402,1017.5573
1916,729.5832,1016.4947
1917,724.2301,1013.5637
1918,721.9686,1010.6023
1919,721.68866,1009.2873
1920,721.5758,1009.8668
1921,722.0574,1011.2158
1922,723.8485,1012.51135
1923,726.4741,1013.3421
1924,728.0806,1013.2562
1925,728.0971,1013.19495
1926,728.9448,1014.6796
1927,731.2157,1016.1082
1928,729.7707,1010.8635
1929,715.74817,986.9766
1930,683.7105,936.25574
1931,645.8597,875.2112
1932,631.4915,834.76416
1933,652.96454,820.1888
1934,682.8916,814.8418
1935,689.36285,816.5806
1936,677.4032,841.2578
1937,671.1608,893.78296
1938,678.8126,950.436
1939,692.6437,984.4673
1940,704.7725,996.4735
1941,713.0578,1001.37476
1942,717.7917,1005.6434
1943,718.99274,1008.5285
1944,717.5265,1009.63434
1945,715.04333,1009.77594
1946,712.9986,1009.4234
1947,712.9974,1008.7021
1948,715.2207,1008.5458
1949,717.4539,1010.1925
1950,717.93054,1013.28925
1951,717.28796,1015.83673
1952,717.998,1016.37616
1953,721.7544,1015.1957
1954,727.2038,1014.38043
1955,731.79895,1016.61957
1956,732.4887,1017.89667
1957,721.8375,1001.21277
1958,692.3967,953.4007
1959,655.6735,891.63196
1960,646.7148,847.991
1961,681.8331,831.0934
1962,721.51166,834.29974
1963,723.721,862.4631
1964,706.16534,915.53674
1965,702.5948,967.40894
1966,710.3363,989.04596
1967,710.97906,972.37195
1968,695.77625,927.2686
1969,670.7947,884.63257
1970,655.842,881.1787
1971,664.13794,919.51166
1972,684.9217,968.01996
1973,699.2901,997.67993
1974,702.2208,1004.54877
1975,701.0075,1001.3375
1976,702.1272,997.09406
1977,704.7953,992.7123
1978,705.543,989.05164
1979,705.0232,989.224
1980,706.50256,994.0939
1981,710.2953,1000.2825
1982,713.607,1003.34576
1983,716.10364,1003.1738
1984,722.4709,1005.5373
1985,733.84204,1011.92236
1986,735.66547,1003.86017
1987,709.8438,955.25653
1988,671.126,877.6161
1989,660.7932,825.09094
1990,687.3142,835.5464
1991,716.13605,893.4426
1992,723.2001,957.38324
1993,711.77045,996.641
1994,678.80786,986.3273
1995,610.9246,892.4122
1996,535.24725,715.74915
1997,525.16614,548.61676
1998,598.26904,494.87448
1999,673.92456,539.5844
2000,685.4586,593.2684
2001,651.2142,613.52856
2002,629.0944,621.21027
2003,675.13293,659.7344
2004,795.2286,748.82556
2005,903.5576,846.88086
2006,920.8954,891.4842
2007,880.6513,877.4265
2008,848.57886,851.3593
2009,826.00214,857.7747
2010,789.33276,909.24945
2011,757.0108,962.473
2012,769.51587,951.4082
2013,817.3899,880.9928
2014,845.62866,822.5915
2015,829.8019,816.5135
2016,802.35425,845.5957
2017,803.9868,877.9298
2018,828.46375,889.3463
2019,820.81525,867.4768
2020,728.0183,817.279
2021,570.08856,753.25134
2022,448.85278,690.91113
2023,430.60495,646.32275
2024,471.96524,625.1381
2025,509.02396,621.4969
2026,530.65826,633.68665
2027,549.6241,660.7718
2028,571.03973,688.88165
2029,598.82117,701.7312
2030,650.1509,703.75525
2031,740.0988,718.3041
2032,847.3429,756.685
2033,922.4547,802.2927
2034,934.7119,832.653
2035,893.20953,842.0105
2036,832.5893,839.3427
2037,786.56683,835.79254
2038,767.90063,835.7264
2039,767.93024,835.3788
2040,769.92944,829.0461
2041,765.16766,819.2759
2042,756.7701,816.0766
2043,751.041,821.09894
2044,750.8565,824.5445
2045,753.2678,822.42725
2046,753.6897,822.92114
2047,753.61096,833.7205
2048,758.4046,850.5566
2049,772.28326,853.21875
2050,800.08405,821.3519
2051,849.1576,767.31244
2052,915.7637,726.00946
2053,963.9229,707.2354
2054,957.62054,698.6289
2055,912.5107,697.26056
2056,862.4472,694.9764
2057,816.3322,672.42926
2058,788.7458,637.17334
2059,813.8032,617.30975
2060,897.97614,614.7938
2061,986.0923,608.24664
2062,1007.91504,591.6494
2063,951.6267,586.97974
2064,859.61847,618.2075
2065,774.8516,682.26874
2066,716.57153,753.0398
2067,684.53546,802.7779
2068,663.614,817.1218
2069,634.5149,802.20636
2070,598.7506,779.3047
2071,578.26117,767.72516
2072,585.73035,769.9546
2073,622.31665,775.5143
2074,688.4435,777.4744
2075,765.8819,777.3006
2076,819.29266,778.09625
2077,833.34344,781.46356
2078,818.8408,788.7608
2079,782.7287,798.7733
2080,722.63477,805.9917
2081,655.00275,810.1722
2082,612.15076,817.49585
2083,601.6433,820.9192
2084,605.81964,797.1399
2085,618.12427,741.27277
2086,643.9552,693.3887
2087,677.56506,700.0377
2088,706.2233,751.72455
2089,727.60095,793.9849
2090,746.901,794.2001
2091,758.61926,766.62354
2092,748.6185,740.46027
2093,733.80695,728.9198
2094,776.9565,731.6517
2095,898.11017,744.96844
2096,1000.6088,758.60864
2097,991.5309,760.7892
2098,907.6479,750.1524
2099,829.05255,733.7513
2100,778.9731,720.5174
2101,750.6235,716.3034
2102,740.00964,721.0058
2103,737.7128,733.9436
2104,730.31537,755.93353
2105,717.6485,783.60913
2106,708.4763,809.9066
2107,700.63477,829.82404
2108,684.8976,842.6278
2109,662.33307,851.3313
2110,645.04016,859.1829
2111,642.4363,866.1917
2112,652.0966,872.2337
2113,666.70605,879.4504
2114,680.1861,890.4249
2115,685.7508,908.4173
2116,684.4969,932.5202
2117,688.16547,950.30994
2118,703.2898,948.2043
2119,724.9862,930.6222
2120,745.7766,915.8597
2121,762.0626,913.7924
2122,774.0464,920.33234
2123,781.34863,931.98004
2124,780.3332,950.49756
2125,771.15125,968.2236
2126,763.32196,969.5206
2127,764.4193,958.55554
2128,770.90375,960.54266
2129,776.2847,983.49347
2130,775.1321,1001.1045
2131,761.3126,987.4227
2132,738.398,952.59283
2133,722.43555,925.64294
2134,722.17523,917.5907
2135,731.14514,921.0192
2136,741.49274,927.78503
2137,748.7533,932.37604
2138,750.07404,932.41956
2139,748.32196,931.6091
2140,748.7631,933.8218
2141,752.213,937.4191
2142,755.92816,939.28345
2143,757.0959,939.373
2144,755.64844,940.01776
2145,754.45825,942.3321
2146,756.02106,944.4562
2147,760.01074,944.1537
2148,764.0435,941.53534
2149,765.4299,939.5548
2150,761.89923,943.2628
2151,753.2816,955.293
2152,743.3802,970.08453
2153,737.2183,978.52856
2154,735.79004,978.94653
2155,736.1775,976.9535
2156,736.93,977.5801
2157,739.90564,980.8943
2158,745.93835,982.55
2159,752.07465,979.41235
2160,755.31494,973.4427
2161,756.1861,968.9744
2162,756.2812,967.66595
2163,756.3797,965.3758
2164,759.292,956.6103
2165,766.8421,946.61383
2166,773.13885,952.9703
2167,768.09155,978.3018
2168,734.82214,982.1147
2169,658.8808,912.5205
2170,569.07874,780.64923
2171,518.37054,661.2975
2172,513.54425,606.0152
2173,522.0781,603.9953
2174,522.9816,621.00555
2175,514.72675,631.23615
2176,507.88348,630.39954
2177,535.3689,654.058
2178,630.5956,752.25684
2179,762.61365,903.7355
2180,847.693,1012.15106
2181,846.6628,1026.1057
2182,797.6984,987.5729
2183,758.6709,955.15314
2184,753.0172,947.5191
2185,766.5694,953.04877
2186,778.5951,956.43787
2187,782.04877,953.5187
2188,778.5584,949.01013
2189,771.5591,947.14874
2190,764.7042,947.7348
2191,759.3956,948.8183
2192,755.7213,949.482
2193,755.42,949.70667
2194,759.54846,949.5753
2195,764.68317,949.23846
2196,765.5791,951.2605
2197,760.87024,962.22504
2198,753.94855,984.3197
2199,748.922,1007.07117
2200,747.0411,1018.1777
2201,747.1222,1017.57513
2202,747.51733,1012.78864
2203,747.3631,1008.7261
2204,747.3874,1006.10474
2205,748.64325,1002.2536
2206,750.82776,993.51337
2207,752.4048,981.11053
2208,751.68066,970.0062
2209,749.5707,962.44806
2210,749.46246,958.5306
2211,753.24603,959.52515
2212,759.20886,965.16656
2213,754.90466,960.3962
2214,714.66565,910.2106
2215,633.2412,799.6594
2216,555.1918,674.14026
2217,530.09454,596.69135
2218,554.3713,582.085
2219,585.973,604.2271
2220,593.9029,635.52637
2221,581.2728,660.52325
2222,571.3034,672.17175
2223,579.807,667.1686
2224,602.9325,651.2901
2225,618.67487,649.7536
2226,602.95135,695.8748
2227,564.1586,787.3411
2228,546.0962,869.25116
2229,574.3189,895.1751
2230,624.2598,877.69556
2231,659.3789,855.72186
2232,677.04913,856.4603
2233,698.738,890.57745
2234,728.32,943.1888
2235,747.48224,981.80585
2236,748.0227,990.3866
2237,739.1068,978.8438
2238,729.8063,965.3473
2239,727.94025,966.10205
2240,741.27673,987.52545
2241,762.11646,1014.7056
2242,765.23267,1026.2126
2243,727.2186,1025.553
2244,651.88446,1026.5514
2245,600.53015,1009.9433
2246,655.49915,952.32574
2247,798.0947,890.49384
2248,903.2604,874.5471
2249,904.5258,889.6917
2250,857.4744,897.0798
2251,828.8618,890.68933
2252,826.91956,879.87897
2253,831.9079,868.1649
2254,827.1638,857.48376
2255,800.1781,848.39264
2256,753.6533,833.28784
2257,733.12006,806.48773
2258,787.5432,781.46
2259,894.89,776.143
2260,1005.26483,782.6016
2261,1092.886,776.98267
2262,1125.2125,757.9228
2263,1091.1685,744.57794
2264,1025.3904,739.364
2265,955.2687,730.9949
2266,883.4352,726.11334
2267,814.85065,736.6842
2268,765.697,752.7274
2269,746.4014,759.3683
2270,749.4738,762.49036
2271,758.8397,777.1629
2272,765.33673,803.1855
2273,770.9701,827.18494
2274,781.3437,841.61206
2275,796.56915,849.386
2276,796.1249,850.8236
2277,737.0758,837.84766
2278,611.93414,808.69464
2279,484.6772,781.5343
2280,414.49295,783.15576
2281,401.84113,814.5273
2282,423.54764,844.6151
2283,453.37207,854.62195
2284,471.17847,856.8121
2285,478.91028,864.8979
2286,491.62094,873.01324
2287,521.5315,869.3017
2288,576.13293,868.54456
2289,655.7228,904.958
2290,737.31195,975.60596
2291,787.53973,1028.58
2292,806.3421,1016.1078
2293,812.67255,940.2039
2294,798.2643,856.7881
2295,757.11346,820.98987
2296,726.3436,833.53613
2297,739.5166,867.58856
2298,774.4188,903.95337
2299,781.7502,925.01886
2300,747.7737,918.6123
2301,705.40643,888.93414
2302,682.04553,848.5932
2303,672.9551,812.212
2304,673.68085,801.07135
2305,691.3047,831.14075
2306,720.54944,889.6031
2307,744.6296,942.9412
2308,756.35077,971.0001
2309,759.76843,977.75
2310,758.6556,975.0645
2311,754.2434,971.2117
2312,746.3715,969.9475
2313,727.8962,971.96
2314,687.9851,975.8711
2315,634.989,979.17725
2316,598.9376,979.0789
2317,595.5358,973.11725
2318,612.47894,962.0435
2319,635.6206,950.95514
2320,660.7385,944.43835
2321,681.6359,943.76636
2322,690.0885,948.6311
2323,688.9348,955.9872
2324,688.5224,960.8961
2325,691.76575,962.24084
2326,695.11456,962.11847
2327,696.58716,960.7103
2328,696.35925,957.2597
2329,696.1535,953.0739
2330,697.78723,950.2247
2331,700.4728,949.39233
2332,702.3152,949.37195
2333,703.21234,948.3426
2334,703.24744,946.4236
2335,698.435,945.5024
2336,683.09534,946.4134
2337,666.58704,948.1686
2338,692.204,948.39685
2339,802.3295,942.6903
2340,947.4127,928.92633
2341,997.0521,915.654
2342,894.0904,917.6489
2343,722.80115,938.0008
2344,594.141,955.9609
2345,524.5595,938.53986
2346,467.14548,877.8489
2347,416.38605,810.7531
2348,405.56586,780.054
2349,457.0775,786.5232
2350,580.23627,801.9558
2351,734.04675,810.36816
2352,832.7079,813.94
2353,846.53864,818.016
2354,819.2375,823.7674
2355,794.7319,826.55035
2356,783.0181,822.1238
2357,772.49854,816.03345
2358,754.90015,818.98517
2359,737.1445,833.1826
2360,726.4564,851.66705
2361,716.7914,869.10236
2362,701.5639,883.4548
2363,686.02203,888.7944
2364,675.4552,879.19385
2365,667.16516,860.67053
2366,658.04297,844.09296
2367,648.25586,830.1426
2368,649.1104,824.2967
2369,682.24615,848.61664
2370,741.648,904.8726
2371,784.29614,956.8144
2372,787.3721,976.5813
2373,771.95795,973.32526
2374,761.8758,967.8272
2375,758.9949,967.33514
2376,755.8727,965.74475
2377,748.36224,956.4452
2378,736.8714,942.97656
2379,726.1434,936.8475
2380,721.5174,946.10443
2381,720.8728,967.3243
2382,717.5004,988.9401
2383,711.4768,1002.66364
2384,708.3551,1007.73926
2385,709.7598,1004.1862
2386,712.55896,991.29407
2387,713.5646,973.7383
2388,714.313,961.0175
2389,721.66376,960.03534
2390,738.2632,970.7404
2391,755.1917,987.0658
2392,762.18274,1001.72095
2393,760.2506,1011.08344
2394,757.12854,1015.4035
2395,757.21643,1017.4869
2396,760.1538,1021.53015
2397,763.4147,1027.6194
2398,765.37024,1029.9899
2399,766.78326,1026.0078
2400,768.16675,1020.4899
2401,768.18964,1018.39056
2402,767.05066,1019.6874
2403,767.7304,1021.65106
2404,771.15045,1022.07654
2405,774.8055,1021.0667
2406,776.3891,1021.6151
2407,775.01355,1026.7728
2408,772.3457,1031.058
2409,774.0634,1010.575
2410,782.1182,947.1779
2411,788.0549,877.46234
2412,790.7909,860.4097
2413,803.13965,895.4068
2414,818.584,938.6597
2415,811.7527,968.02576
2416,784.2258,985.656
2417,761.3758,994.1419
2418,751.4869,994.93994
2419,746.6852,993.29486
2420,744.3071,993.4062
2421,745.341,994.782
2422,748.02167,995.2813
2423,749.7205,994.3843
2424,748.4384,994.4113
2425,744.10175,997.9074
2426,739.90106,1000.409
2427,740.4876,985.8485
2428,745.1971,946.01404
2429,743.98096,909.0457
2430,732.18726,910.23914
2431,721.66284,941.3585
2432,721.4579,971.9396
2433,725.3101,991.1109
2434,729.802,997.9356
2435,746.33636,974.74634
2436,773.3639,907.2374
2437,772.7739,833.64465
2438,722.36865,808.6956
2439,660.338,824.3652
2440,629.1967,838.46576
2441,632.8954,845.05383
2442,663.6236,869.28064
2443,711.2409,920.5318
2444,753.85175,971.676
2445,771.64496,981.5856
2446,761.2422,935.9747
2447,741.2311,870.70197
2448,754.2811,831.97546
2449,824.9313,819.1204
2450,906.8465,809.7475
2451,922.10315,804.9522
2452,850.39124,817.25574
2453,748.895,856.34607
2454,686.7556,924.0293
2455,677.3718,995.3041
2456,690.12866,1032.6434
2457,701.1581,1031.1702
2458,704.6015,1017.9524
2459,700.05396,1011.9313
2460,690.73395,1009.9615
2461,682.8359,1004.63556
2462,678.2332,996.47534
2463,673.33514,985.25757
2464,666.6119,966.2797
2465,665.74524,943.0954
2466,684.1831,928.3874
2467,722.82764,925.129
2468,764.8606,914.9365
2469,789.8298,878.3099
2470,779.36804,829.55585
2471,734.4957,802.9177
2472,688.2687,804.9788
2473,669.53845,819.3718
2474,676.21466,838.7252
2475,693.0862,858.20703
2476,710.95654,863.573
2477,728.2516,846.81726
2478,740.3957,817.5474
2479,737.46277,795.669
2480,719.1242,799.00836
2481,699.6418,825.4731
2482,690.54565,853.0223
2483,690.0396,868.04126
2484,692.0377,875.455
2485,693.1324,882.0374
2486,694.92847,886.13916
2487,706.76373,878.87024
2488,728.51337,858.2248
2489,732.3755,844.19965
2490,700.6662,856.2015
2491,663.35504,882.30865
2492,652.63934,900.2164
2493,659.15356,908.2955
2494,660.09076,915.3755
2495,652.6693,921.1035
2496,648.62195,919.2805
2497,652.9642,911.0222
2498,659.02405,904.24866
2499,660.79205,902.55023
2500,659.3108,903.29126
2501,658.63995,904.2993
2502,661.4442,905.68097
2503,665.6799,907.24805
2504,664.95264,907.89417
2505,657.313,907.38574
2506,650.7371,907.29565
2507,653.9584,908.40314
2508,667.163,907.9949
2509,683.871,902.71936
2510,695.2968,894.5153
2511,693.86127,888.854
2512,679.423,886.42175
2513,665.66406,885.0302
2514,674.56586,886.37756
2515,714.4057,888.69104
2516,766.36304,882.91254
2517,799.1007,869.2142
2518,796.98444,861.1901
2519,772.50323,865.5358
2520,748.1098,875.4656
2521,734.5947,884.4762
2522,729.1418,893.34625
2523,723.0326,904.7978
2524,712.14105,916.31323
2525,701.72046,920.56146
2526,695.96234,913.65015
2527,686.5785,900.336
2528,668.39087,886.4688
2529,680.4787,866.7541
2530,794.63104,833.90686
2531,998.8722,799.0678
2532,1151.488,778.0591
2533,1148.1729,769.6388
2534,1044.4716,767.3944
2535,946.47455,768.0482
2536,893.0183,768.0801
2537,864.98883,770.9938
2538,844.1399,787.83704
2539,866.42523,821.6041
2540,977.3207,852.50726
2541,1114.4916,852.31195
2542,1162.6035,822.4093
2543,1119.2502,795.1305
2544,1064.0531,791.3861
2545,1028.0227,803.8225
2546,991.5171,816.99493
2547,945.28577,821.7102
2548,903.8369,818.07117
2549,880.8074,814.28656
2550,877.0307,816.5967
2551,888.3643,821.0289
2552,906.8712,819.4251
2553,910.8065,815.8761
2554,865.8008,833.7515
2555,765.9833,885.7631
2556,664.5135,943.1104
2557,613.2962,970.1834
2558,601.6544,966.15594
2559,596.14087,944.93915
2560,593.88965,915.60913
2561,623.2842,887.8192
2562,708.5871,866.2062
2563,817.41034,849.535
2564,879.6475,838.0816
2565,875.904,829.6684
2566,845.65546,822.4698
2567,818.77136,824.86743
2568,794.74677,848.01215
2569,769.65765,891.6046
2570,748.2744,939.1496
2571,735.3582,966.55835
2572,730.0109,958.5301
2573,728.39844,919.9891
2574,727.43665,876.9562
2575,726.71155,854.1484
2576,726.7119,850.3945
2577,725.7776,854.0371
2578,720.81555,870.3977
2579,711.1783,911.0981
2580,701.2572,963.5074
2581,695.86597,998.859
2582,694.7792,1008.202
2583,696.58234,997.63873
2584,701.5,966.3394
2585,707.5461,922.03723
2586,711.70154,884.7793
2587,713.6819,859.82416
2588,713.6909,843.3272
2589,713.7339,844.59607
2590,724.2727,874.6214
2591,752.77527,925.92804
2592,771.8898,966.1918
2593,721.8825,956.6239
2594,590.5837,893.5283
2595,478.34543,815.69434
2596,492.1579,763.8672
2597,573.62573,750.11755
2598,568.4671,761.09375
2599,460.77032,771.1712
2600,370.4061,757.53033
2601,352.92892,718.5787
2602,365.60272,670.37335
2603,381.41907,625.8901
2604,418.05722,590.53674
2605,481.1706,569.5724
2606,541.2868,573.244
2607,570.85583,610.0325
2608,578.26917,668.00275
2609,588.7194,719.4624
2610,608.4645,749.4428
2611,625.3628,761.2247
2612,626.9199,761.62195
2613,609.1962,757.4883
2614,581.3497,756.24817
2615,558.5863,758.80554
2616,544.4045,757.9495
2617,528.54803,748.9283
2618,509.6177,737.3137
2619,522.9587,735.5789
2620,631.145,750.5083
2621,838.0969,766.71545
2622,1036.9741,761.76227
2623,1131.0012,744.8269
2624,1142.7433,740.73694
2625,1125.6368,749.3613
2626,1077.3458,757.424
2627,996.1596,758.09247
2628,920.145,748.9678
2629,869.26794,736.6243
2630,826.36487,733.1872
2631,788.69366,742.06836
2632,768.059,764.15204
2633,754.74805,806.63617
2634,735.3967,862.4079
2635,719.2961,905.51044
2636,715.23535,924.06854
2637,714.17175,928.05707
2638,710.8206,928.1832
2639,713.01196,929.2669
2640,722.5523,930.27734
2641,725.66376,923.3546
2642,707.4099,904.70557
2643,664.167,882.73315
2644,597.3797,868.5769
2645,513.6222,868.7444
2646,441.01105,882.36804
2647,420.65143,891.79407
2648,457.60156,873.02203
2649,503.75937,826.9864
2650,516.05084,781.19714
2651,498.56442,758.1182
2652,476.12552,759.1205
2653,465.94913,773.927
2654,480.08716,789.9404
2655,525.3356,798.3878
2656,583.0927,799.83026
2657,615.31396,800.4726
2658,609.3694,803.9697
2659,588.6265,808.5564
2660,580.08545,810.3567
2661,595.9254,811.43
2662,629.09216,822.6576
2663,657.7012,848.0858
2664,684.70667,869.2702
2665,756.9888,866.8258
2666,878.36926,850.16736
2667,949.9561,839.6216
2668,900.6945,842.3189
2669,796.7504,860.2555
2670,731.8941,889.25665
2671,714.97345,912.53156
2672,708.48834,911.8561
2673,693.89453,882.92804
2674,683.78595,846.81714
2675,696.7713,833.705
2676,726.31433,847.0713
2677,749.21423,867.78876
2678,758.0974,885.59064
2679,760.4341,902.0971
2680,760.2823,917.86426
2681,757.8769,931.18243
2682,754.22723,942.4285
2683,751.6869,955.5572
2684,752.3054,973.4069
2685,754.80505,994.01306
2686,757.0956,1013.4467
2687,761.48444,1021.56366
2688,769.604,999.0151
2689,768.49756,927.4658
2690,736.66,801.03845
2691,679.9517,654.4729
2692,635.8211,561.5136
2693,627.3766,554.2476
2694,647.9853,594.39465
2695,679.7723,637.6502
2696,704.40765,664.20496
2697,719.5699,671.64
2698,736.9228,670.0063
2699,757.6863,666.0935
2700,771.65485,658.4848
2701,770.20496,659.87994
2702,748.98047,711.45123
2703,712.27844,834.36456
2704,677.128,968.9945
2705,659.2232,1034.8661
2706,657.6847,1032.241
2707,662.8435,1013.0922
2708,670.6276,1004.14215
2709,682.1967,1003.547
2710,694.47784,1003.01154
2711,698.12555,989.9753
2712,689.33215,954.6267
2713,679.1999,906.54974
2714,682.09576,865.56274
2715,699.28894,840.71216
2716,721.6169,833.21985
2717,738.84717,838.9023
2718,745.5278,847.67944
2719,746.9856,856.18884
2720,752.4545,866.8391
2721,759.8461,876.7403
2722,759.1525,882.38617
2723,750.3673,886.3919
2724,747.56946,891.60236
2725,759.8735,896.3225
2726,773.32074,899.20654
2727,765.2171,902.6127
2728,734.8756,909.03955
2729,704.74854,917.94653
2730,693.5208,927.05347
2731,701.3348,935.8591
2732,718.31793,946.73615
2733,734.8053,960.52905
2734,740.711,968.14105
2735,727.53625,954.45306
2736,702.0035,922.73413
2737,683.8879,897.7718
2738,681.35297,893.8173
2739,685.7967,902.3591
2740,691.85645,910.5651
2741,708.1242,913.2698
2742,743.395,912.293
2743,784.5275,912.6745
2744,806.89844,916.8242
2745,808.7661,921.99524
2746,807.92255,925.4305
2747,808.7833,929.1194
2748,799.25604,937.23505
2749,777.8322,949.55554
2750,761.2916,961.64777
2751,761.78186,972.28
2752,773.40515,982.46356
2753,782.6318,989.89197
2754,781.78296,992.6689
2755,773.84216,992.9588
2756,767.10596,993.61255
2757,765.6046,995.3043
2758,766.3824,996.8381
2759,763.81915,996.82355
2760,758.40704,995.4082
2761,766.30774,995.70575
2762,804.8535,1002.1179
2763,859.3682,1013.72064
2764,889.8583,1021.89154
2765,868.1219,1016.0327
2766,793.7239,993.5935
2767,703.38354,969.1276
2768,649.8319,961.8765
2769,641.7074,971.47296
2770,645.1911,982.7939
2771,640.97644,988.0105
2772,634.3519,990.18414
2773,629.5541,994.0236
2774,625.0324,997.04626
2775,628.19214,986.4136
2776,662.5935,957.7493
2777,736.152,933.37787
2778,794.8695,928.2551
2779,769.2835,920.4509
2780,678.6674,893.5669
2781,605.32367,865.3097
2782,581.68933,853.8958
2783,582.4837,855.5821
2784,587.06793,857.99084
2785,593.39856,855.0205
2786,601.34674,849.68
2787,606.7577,848.7909
2788,604.36115,854.79504
2789,606.8947,864.4843
2790,667.8477,875.44055
2791,826.2245,886.1
2792,999.38367,890.1765
2793,1036.9994,886.01715
2794,905.09424,891.711
2795,714.1384,924.1272
2796,587.3862,964.02936
2797,560.38306,979.36237
2798,585.5745,970.8999
2799,609.27673,958.8269
2800,620.629,951.40906
2801,632.37714,950.4765
2802,653.13495,963.2578
2803,683.4287,996.00757
2804,717.90216,1038.6604
2805,747.2597,1067.6737
2806,764.1795,1070.3136
2807,761.6073,1043.0071
2808,733.41296,980.1048
2809,693.02057,901.084
2810,668.473,850.38947
2811,668.0945,843.96564
2812,678.8205,858.56836
2813,689.5154,870.9391
2814,692.3106,875.3486
2815,680.0618,875.339
2816,659.0288,875.9276
2817,646.4621,880.4505
2818,649.717,889.55194
2819,662.13794,901.943
2820,673.1385,915.09033
2821,674.2399,924.8849
2822,663.37933,924.78296
2823,644.4995,909.2071
2824,624.5724,883.91925
2825,613.6679,867.0161
2826,618.756,870.4731
2827,633.4229,885.53705
2828,644.12897,894.7159
2829,647.5657,893.008
2830,651.18304,887.9467
2831,659.64386,885.7743
2832,670.065,886.1395
2833,678.7243,885.24695
2834,686.26654,880.1694
2835,693.36163,871.25165
2836,694.27765,859.967
2837,683.44653,847.3224
2838,669.7521,842.05396
2839,669.5369,858.9587
2840,682.6535,893.94574
2841,693.67816,922.2183
2842,694.7639,928.39197
2843,690.98596,916.35846
2844,688.2578,899.3132
2845,687.1911,890.35736
2846,686.0794,891.8788
2847,681.9732,896.25476
2848,671.8697,896.3911
2849,660.0332,891.20795
2850,655.52936,885.5106
2851,661.1165,885.34247
2852,675.30743,891.5138
2853,687.8467,896.33466
2854,665.7162,885.67413
2855,581.2517,854.00104
2856,457.067,820.17365
2857,348.32013,807.9125
2858,283.4879,815.5404
2859,248.34619,825.1964
2860,233.713,826.9452
2861,258.39313,824.3242
2862,321.29715,822.3747
2863,384.4818,815.0996
2864,418.38812,794.3564
2865,430.24228,765.5041
2866,458.10562,745.5247
2867,531.1241,746.537
2868,622.52106,762.7714
2869,679.6253,778.4659
2870,691.3565,789.73224
2871,681.60675,812.03125
2872,667.6968,855.23517
2873,656.9709,899.978
2874,654.0166,921.49286
2875,655.9934,922.93915
2876,653.32526,922.28357
2877,635.2708,919.92926
2878,594.3805,898.41
2879,535.8687,856.241
2880,480.24387,819.67126
2881,451.55927,806.49615
2882,474.0876,808.1838
2883,558.473,815.4092
2884,662.75446,829.1192
2885,718.85486,847.1756
2886,715.45544,862.58777
2887,693.4629,872.16235
2888,678.73016,876.8923
2889,668.958,878.6354
2890,659.64813,879.9457
2891,653.46515,882.587
2892,650.8265,886.101
2893,644.3274,889.4705
2894,635.0924,893.28613
2895,661.0009,899.5655
2896,767.0523,906.0912
2897,915.6479,903.7995
2898,1011.7293,891.47595
2899,1031.9233,883.43445
2900,1013.1867,885.7115
2901,969.1655,884.1781
2902,919.7943,868.4687
2903,906.90076,845.7483
2904,928.21967,829.34534
2905,927.6587,828.5391
2906,869.9144,842.51587
2907,799.9854,852.3766
2908,791.3784,834.28345
2909,824.95166,797.66565
2910,791.12524,783.2485
2911,645.58936,810.5033
2912,484.39474,858.95825
2913,416.6486,897.11646
2914,438.147,905.7005
2915,479.18787,883.9873
2916,499.50125,851.39215
2917,499.7632,834.63135
2918,496.3085,840.43036
2919,505.87955,852.3478
2920,534.98364,856.1926
2921,575.01733,855.85706
2922,610.1786,863.9381
2923,632.2438,880.8458
2924,644.9565,894.3147
2925,654.7905,900.291
2926,663.049,906.6017
2927,667.0795,916.4355
2928,665.5945,925.1449
2929,661.64795,933.2867
2930,659.9427,946.30444
2931,661.4361,960.6791
2932,662.98566,966.7778
2933,662.88824,964.2538
2934,663.30994,960.59296
2935,667.30774,959.6501
2936,677.38837,963.32837
2937,693.81647,974.9874
2938,711.85,992.23535
2939,726.79913,1007.45703
2940,739.2788,1017.7287
2941,749.9858,1024.7808
2942,755.1424,1028.607
2943,750.5729,1026.7643
2944,739.11847,1018.21594
2945,730.2588,1006.4274
2946,729.88293,997.76855
2947,735.0405,996.2188
2948,738.2623,999.1715
2949,735.2332,1000.6353
2950,729.15326,999.7442
2951,725.1763,1000.70557
2952,724.6579,1003.9562
2953,727.9922,1005.3472
2954,735.72687,1003.713
2955,745.05865,1001.7124
2956,750.1126,999.77637
2957,747.4755,994.9771
2958,741.24176,987.5362
2959,738.94617,982.62897
2960,741.82666,982.5625
2961,744.73773,983.84576
2962,744.311,982.88464
2963,741.51373,979.52966
2964,737.2986,975.97473
2965,730.90564,974.27246
2966,722.393,974.7771
2967,713.08276,976.7132
2968,705.18335,979.3181
2969,701.186,980.6482
2970,701.88354,974.6486
2971,706.3645,956.90375
2972,711.95135,938.9718
2973,714.0633,938.99194
2974,710.045,950.04877
2975,704.24005,946.385
2976,704.6341,927.54987
2977,709.77576,925.2484
2978,709.46643,957.2706
2979,701.7854,999.0773
2980,695.9773,1009.4493
2981,698.3711,973.00745
2982,698.32294,921.2998
2983,677.9814,901.59564
2984,646.26263,917.22345
2985,634.4391,932.50854
2986,649.6351,928.2615
2987,667.6355,911.08704
2988,667.93256,889.8332
2989,652.31244,872.9359
2990,635.22125,868.9127
2991,626.04865,876.2601
2992,624.70703,885.0542
2993,629.9087,887.94446
2994,640.8393,882.20624
2995,648.20337,866.7702
2996,623.2785,838.35815
2997,543.7648,789.81854
2998,449.57556,722.37537
2999,408.69135,653.7181
3000,429.2284,604.5142
3001,476.97327,584.6998
3002,528.1957,590.387
3003,565.0318,605.1461
3004,578.2297,611.5566
3005,582.29016,609.59174
3006,598.1062,613.19763
3007,627.5532,628.50684
3008,658.4254,649.8212
3009,684.30066,670.53925
3010,707.8556,688.0908
3011,725.82526,701.96216
3012,715.7996,712.834
3013,654.5795,729.9342
3014,567.48035,776.49493
3015,523.7493,865.5438
3016,545.8568,964.9934
3017,582.45416,1024.4783
3018,610.1248,1032.8718
3019,668.3729,1009.6728
3020,753.9271,971.2804
3021,802.26556,933.15436
3022,795.1143,910.16583
3023,771.16364,905.89703
3024,748.34503,913.738
3025,714.2807,920.18744
3026,679.13934,901.5765
3027,695.2707,843.02594
3028,799.1306,774.15607
3029,951.1087,738.7217
3030,1068.4493,733.21826
3031,1106.2725,731.545
3032,1076.0164,729.63635
3033,1009.82434,731.7279
3034,937.6997,737.45264
3035,874.88104,747.728
3036,823.3053,764.43695
3037,784.5441,784.5019
3038,757.64404,796.9205
3039,738.88336,794.8878
3040,727.527,789.1694
3041,722.89923,797.0341
3042,721.6074,822.1191
3043,722.0985,850.74677
3044,727.56903,865.15985
3045,737.1203,863.1958
3046,740.0061,862.03546
3047,727.61456,876.4888
3048,704.51935,900.74475
3049,682.7994,920.08453
3050,669.82837,932.4809
3051,664.2661,945.37225
3052,662.3652,958.12476
3053,662.6782,963.53033
3054,664.89386,960.9995
3055,673.00006,954.1643
3056,694.19696,944.37665
3057,724.80914,936.2498
3058,749.73456,936.6586
3059,759.9903,944.05035
3060,756.0102,948.2996
3061,739.65424,941.9157
3062,718.1024,928.72546
3063,704.0467,918.50665
3064,701.50757,914.3658
3065,703.76263,912.48737
3066,705.6524,910.4868
3067,706.89923,909.71735
3068,706.5783,911.3317
3069,701.6838,913.1629
3070,692.1625,912.9535
3071,682.9457,911.68463
3072,678.8499,910.9634
3073,683.2505,911.6024
3074,698.7544,914.7856
3075,720.22754,920.4133
3076,736.0488,926.1551
3077,741.76117,930.2313
3078,741.8371,932.9727
3079,741.1428,935.44226
3080,741.83246,937.79913
3081,742.4096,938.8995
3082,738.27545,937.7479
3083,727.88745,935.18726
3084,716.92755,933.11444
3085,712.2583,932.42975
3086,714.22327,932.64105
3087,717.6619,932.17303
3088,715.8736,929.017
3089,704.8503,923.87933
3090,689.8083,920.57733
3091,680.6763,919.9576
3092,678.69995,917.7471
3093,677.95636,910.53876
3094,675.68317,899.48334
3095,672.7062,888.193
3096,670.5903,880.844
3097,673.25006,882.0599
3098,685.26733,894.4084
3099,702.8085,912.9061
3100,714.555,927.05884
3101,718.1852,931.8534
3102,723.75696,930.17804
3103,736.2331,926.00476
3104,745.2323,922.1537
3105,738.58124,920.8163
3106,721.0381,922.47437
3107,708.1232,925.6784
3108,705.7193,927.6572
3109,708.1169,925.81866
3110,709.4698,920.6761
3111,709.72473,916.23804
3112,712.69824,915.23315
3113,718.6934,915.00525
3114,722.89575,910.36743
3115,723.5364,899.9173
3116,723.8511,887.97284
3117,725.1453,881.0418
3118,725.6662,881.9835
3119,727.0004,886.48785
3120,733.5957,888.4193
3121,744.4418,887.0226
3122,752.4078,883.98047
3123,751.8477,879.784
3124,742.0528,877.7835
3125,725.4072,883.4362
3126,708.23956,895.8529
3127,698.4494,907.0937
3128,695.8741,911.373
3129,692.92596,909.2138
3130,686.7157,903.9532
3131,685.58356,900.327
3132,700.80176,903.1304
3133,728.5774,911.5566
3134,750.9765,919.1834
3135,758.80475,921.75665
3136,757.43317,920.51044
3137,752.8778,920.5406
3138,746.612,928.6308
3139,739.96313,945.96326
3140,735.1483,962.5128
3141,731.73254,964.6685
3142,726.51074,949.51984
3143,718.8335,930.5016
3144,712.2551,922.1435
3145,709.7116,919.8945
3146,709.2045,909.1779
3147,705.11633,889.83264
3148,697.75433,875.88837
3149,704.3673,876.14905
3150,758.61,885.5417
3151,872.4482,894.93555
3152,974.76184,903.0459
3153,962.5074,912.17084
3154,844.81396,917.24634
3155,728.01794,911.3641
3156,675.1342,899.6947
3157,676.9277,894.2222
3158,706.0613,897.0644
3159,740.3121,901.8333
3160,767.10065,905.2645
3161,786.0742,907.9958
3162,791.039,908.7936
3163,749.09515,900.7725
3164,633.0317,879.4387
3165,479.33115,860.34265
3166,370.0156,865.28973
3167,353.7101,884.0967
3168,405.14346,886.8886
3169,461.23233,866.78253
3170,491.27917,839.14844
3171,509.5681,820.0641
3172,530.0947,818.25995
3173,548.19745,832.63086
3174,557.4289,854.0251
3175,560.4437,870.09283
3176,564.47076,872.076
3177,571.4406,862.78674
3178,575.93854,853.2041
3179,574.4973,849.2008
3180,569.76245,853.6023
3181,566.817,871.9507
3182,573.69385,894.76404
3183,594.11304,898.99164
3184,618.0207,884.9014
3185,639.49744,878.0129
3186,667.3764,891.25226
3187,697.81396,911.87897
3188,717.5091,917.7292
3189,742.2356,891.479
3190,809.55383,841.7341
3191,930.5106,812.9247
3192,1049.7212,828.19196
3193,1087.9297,849.62195
3194,1047.3358,843.0675
3195,996.248,822.1821
3196,967.86554,807.73694
3197,953.2475,798.9302
3198,943.30005,788.0308
3199,937.71924,780.2317
3200,937.9228,789.8515
3201,939.58,817.11597
3202,936.70044,843.4236
3203,928.5186,849.3216
3204,911.68396,830.6294
3205,879.6935,804.9564
3206,839.9778,793.1288
3207,815.47174,794.9888
3208,820.22675,800.1002
3209,841.28546,806.10455
3210,853.1018,816.611
3211,844.9108,832.5171
3212,821.84326,846.52527
3213,790.655,849.6191
3214,759.1917,844.58954
3215,734.53876,844.32367
3216,715.6179,856.08014
3217,701.6577,874.03784
3218,698.90344,887.058
3219,706.11346,889.773
3220,707.64795,885.94916
3221,692.51135,883.39996
3222,669.3896,885.76904
3223,653.36365,890.9274
3224,647.15137,898.4599
3225,642.935,910.86523
3226,635.958,925.96027
3227,628.99896,937.89594
3228,625.2757,944.6619
3229,624.5435,948.1448
3230,625.84406,949.96484
3231,628.9188,950.4536
3232,632.955,949.90796
3233,635.1643,948.09375
3234,632.7644,943.5307
3235,627.822,937.4398
3236,625.56055,934.9414
3237,626.66455,936.4307
3238,626.53125,930.8494
3239,621.75836,907.44025
3240,617.0469,879.4979
3241,623.7326,876.77185
3242,642.7783,902.78015
3243,659.4505,929.8614
3244,664.22473,939.7177
3245,662.123,937.62854
3246,660.40247,933.8097
3247,661.08105,931.8683
3248,662.7021,930.96027
3249,663.07684,930.4766
3250,662.1469,930.61523
3251,664.897,930.42755
3252,677.7247,928.4382
3253,698.0497,925.126
3254,713.39075,922.84576
3255,710.3688,924.0088
3256,683.36597,929.93005
3257,645.3187,938.3978
3258,620.13116,944.624
3259,615.11383,947.01184
3260,619.0099,947.42
3261,622.6011,947.1954
3262,624.10913,945.943
3263,622.99274,942.4913
3264,621.08624,936.70996
3265,629.4273,926.8303
3266,659.0592,909.4229
3267,696.7666,891.18024
3268,710.5192,888.7072
3269,687.3196,908.378
3270,648.06836,934.94867
3271,620.8341,940.62335
3272,611.14905,911.01385
3273,607.38885,866.3641
3274,603.8678,840.10986
3275,604.5793,840.85016
3276,612.3064,857.61646
3277,623.10126,883.93634
3278,631.7647,914.1921
3279,639.2048,936.6408
3280,649.6842,945.51
3281,664.4839,946.54785
3282,680.6778,945.5207
3283,692.1406,942.5946
3284,694.5661,938.73914
3285,691.08563,937.2134
3286,687.8084,938.2546
3287,686.40393,939.45135
3288,685.49396,940.6808
3289,684.9994,944.05786
3290,686.19617,949.61365
3291,689.79584,954.60504
3292,694.57306,957.4903
3293,697.219,959.4763
3294,695.16833,962.5491
3295,690.3861,967.6263
3296,686.81744,972.3743
3297,683.4046,971.0186
3298,675.67456,960.5777
3299,664.85034,946.6711
3300,659.45856,937.39667
3301,666.1355,933.2003
3302,681.3278,929.3328
3303,697.3497,924.4621
3304,710.7877,921.1611
3305,711.3886,919.0846
3306,686.1442,906.8621
3307,651.65826,873.13544
3308,627.3208,836.9598
3309,584.4668,831.99335
3310,506.23233,853.0127
3311,443.0169,869.17
3312,437.24664,873.3071
3313,468.6528,876.7495
3314,498.39044,887.60583
3315,511.4514,909.1011
3316,516.3094,937.09174
3317,525.70764,960.90625
3318,539.0835,973.7066
3319,544.8872,977.2459
3320,536.15704,970.56744
3321,517.14636,946.2273
3322,500.02347,914.15955
3323,495.42462,903.8553
3324,503.18234,925.0171
3325,514.6766,950.6995
3326,516.1279,938.36804
3327,494.18845,865.78235
3328,457.48184,767.8962
3329,434.82376,711.4466
3330,436.44046,715.91724
3331,444.79797,743.6813
3332,447.6939,765.7347
3333,458.67337,798.8355
3334,497.5388,870.20074
3335,554.2784,957.3964
3336,595.94885,1005.01544
3337,610.0783,1001.5859
3338,610.0966,983.2125
3339,607.8204,974.5617
3340,605.07294,971.92334
3341,601.3169,966.8653
3342,597.57196,960.6374
3343,595.2591,958.31696
3344,594.04724,959.49054
3345,592.88196,960.7811
3346,592.01624,962.3874
3347,592.1747,965.9746
3348,593.36053,969.3972
3349,594.75806,968.1283
3350,595.0285,961.67725
3351,593.788,954.8242
3352,592.636,951.5432
3353,593.0471,951.3247
3354,593.81287,950.9042
3355,592.97296,946.80896
3356,590.7499,937.6876
3357,587.57916,925.8351
3358,584.243,916.2805
3359,584.86865,913.4547
3360,591.4842,917.33844
3361,599.3976,923.125
3362,603.77313,924.96265
3363,603.6644,920.1961
3364,599.2572,912.2082
3365,592.34717,908.0922
3366,587.157,910.93524
3367,586.32935,916.4946
3368,588.7638,918.3154
3369,591.6719,913.8322
3370,592.6364,906.22833
3371,590.3439,902.88086
3372,584.8734,908.95435
3373,579.9076,919.31116
3374,581.3055,923.44415
3375,588.0103,919.5229
3376,592.4979,914.11316
3377,593.84827,910.48395
3378,597.454,906.7051
3379,600.7983,903.76587
3380,594.80566,906.3129
3381,580.38165,912.40576
3382,567.84216,913.1776
3383,561.9465,906.62317
3384,562.7029,901.08105
3385,571.9163,903.4669
3386,586.46094,911.076
3387,597.0583,917.01117
3388,598.77826,919.9648
3389,593.6982,922.3884
3390,586.94604,922.60803
3391,584.57196,918.7006
3392,589.46564,915.6182
3393,598.2878,918.4164
3394,605.4259,924.0216
3395,609.1226,927.1121
3396,610.5416,927.8762
3397,608.6605,928.4801
3398,602.021,926.8443
3399,593.63184,919.3681
3400,586.929,907.6165
3401,580.6867,898.32355
3402,574.3352,897.26697
3403,571.65247,903.7263
3404,574.06964,911.3237
3405,574.7704,914.39923
3406,568.41876,908.90686
3407,579.0318,886.3273
3408,659.80255,844.7251
3409,810.6025,808.85834
3410,927.7376,803.3697
3411,929.5741,813.33496
3412,862.34393,811.6517
3413,795.56805,802.44525
3414,730.61365,806.7381
3415,662.78156,825.46356
3416,616.77795,844.4473
3417,599.53064,869.0917
3418,590.5853,918.1023
3419,580.62585,978.75714
3420,575.09033,1009.0035
3421,562.02527,984.82935
3422,521.2181,918.0655
3423,476.80414,846.40875
3424,496.73834,810.4116
3425,604.9247,820.50604
3426,720.8819,851.8007
3427,748.6369,870.86145
3428,698.6752,864.899
3429,647.33954,846.94354
3430,629.53973,834.65674
3431,632.4429,833.1617
3432,638.885,837.6965
3433,641.31775,843.3063
3434,638.9434,848.73724
3435,635.93207,854.5182
3436,636.3765,859.9816
3437,639.45734,863.10986
3438,641.4419,866.261
3439,639.915,876.7097
3440,635.7173,893.3711
3441,628.78784,905.31226
3442,613.5293,909.8983
3443,585.8323,914.0614
3444,553.68976,918.28546
3445,546.23486,909.6417
3446,612.54095,870.039
3447,769.79767,803.09875
3448,945.7525,743.50696
3449,1033.0956,719.68494
3450,999.8055,726.0471
3451,900.1509,741.92
3452,804.58234,758.16046
3453,749.4624,777.9037
3454,729.9612,802.9612
3455,723.2101,830.21075
3456,716.45416,855.6159
3457,715.42554,873.75507
3458,729.21075,879.0304
3459,745.7403,872.5518
3460,738.9868,863.73804
3461,705.5599,863.607
3462,667.69885,877.61816
3463,644.18146,902.25256
3464,636.39526,926.1288
3465,634.0691,937.0883
3466,629.8898,934.3807
3467,629.6132,931.77106
3468,645.63605,941.5244
3469,681.9307,960.5528
3470,725.68787,978.33887
3471,756.9791,989.3092
3472,768.4789,993.05963
3473,769.3862,991.8942
3474,770.08875,989.7735
3475,769.1052,989.4669
3476,754.26196,990.66766
3477,719.80225,989.3607
3478,684.7214,980.2062
3479,680.5202,963.5397
3480,725.1375,949.3168
3481,811.74384,949.2331
3482,900.63824,963.30255
3483,949.5033,979.31256
3484,966.8299,984.67926
3485,987.20435,975.4763
3486,997.0367,955.6145
3487,928.9265,922.26636
3488,753.7662,866.77423
3489,553.0255,807.272
3490,438.48065,783.90063
3491,428.6209,806.12836
3492,466.56137,838.9269
3493,508.75217,842.9354
3494,546.3866,814.84534
3495,581.5915,787.0622
3496,614.0259,786.3603
3497,639.6589,805.9841
3498,654.4128,825.52606
3499,659.19147,836.484
3500,659.14105,840.7864
3501,658.42883,844.0451
3502,657.10895,853.36414
3503,650.7975,869.3243
3504,633.6989,880.7353
3505,605.86,876.8677
3506,578.42834,862.4859
3507,565.2527,850.9575
3508,567.42163,847.9952
3509,574.8153,850.6265
3510,580.6333,855.07275
3511,584.7779,859.6393
3512,588.102,862.9783
3513,590.3832,863.7665
3514,590.34314,862.56506
3515,586.2324,859.41974
3516,578.27545,853.48956
3517,567.5824,852.6408
3518,554.3301,869.7135
3519,546.0655,901.98004
3520,566.4786,938.1564
3521,633.6576,978.96826
3522,718.39014,1022.1057
3523,751.0237,1051.9656
3524,694.0662,1060.5461
3525,595.88837,1049.9534
3526,538.69916,1022.8502
3527,543.914,985.97095
3528,573.7023,945.67224
3529,596.04645,906.3154
3530,607.25775,878.59064
3531,616.70416,872.38116
3532,628.6283,886.6973
3533,637.3446,911.7602
3534,638.6192,933.62463
3535,639.237,943.7115
3536,652.0571,948.1936
3537,681.0994,959.6895
3538,715.1175,978.0454
3539,739.97266,990.37354
3540,751.3487,990.3078
3541,753.481,984.3202
3542,752.83307,981.6625
3543,752.8658,984.8723
3544,752.5332,986.6404
3545,750.6597,977.5997
3546,748.8527,958.2173
3547,748.88336,936.3215
3548,750.79974,917.3664
3549,754.5407,904.6731
3550,759.9264,899.8063
3551,764.4786,900.0115
3552,765.094,901.67676
3553,762.3575,902.5404
3554,760.5215,900.9424
3555,763.4636,898.17145
3556,771.2507,898.0088
3557,779.57776,901.1665
3558,783.43964,904.6335
3559,781.45416,906.5006
3560,774.5959,907.0718
3561,764.01624,906.5248
3562,753.41895,904.8869
3563,746.6526,905.0529
3564,741.7425,912.0902
3565,735.82196,924.977
3566,730.23865,934.46387
3567,725.5436,933.85187
3568,721.3942,925.81134
3569,719.23816,917.96796
3570,718.8291,915.157
3571,719.1563,914.15405
3572,722.4893,908.3075
3573,730.0272,898.3666
3574,737.8826,891.30554
3575,742.2962,889.59076
3576,743.1172,890.30054
3577,741.7243,891.27606
3578,739.9866,892.0128
3579,739.24896,892.35614
3580,739.847,892.7362
3581,742.68805,893.7371
3582,748.11224,895.6432
3583,753.83344,898.1091
3584,757.3394,899.3449
3585,757.354,898.3837
3586,751.0046,898.5947
3587,736.89844,904.34656
3588,725.2631,914.95746
3589,731.5324,926.1745
3590,753.0539,934.5283
3591,770.9569,938.8086
3592,776.12946,940.11554
3593,773.21045,937.5315
3594,766.5773,927.10876
3595,758.8786,911.3779
3596,754.38196,900.07
3597,754.73474,897.58746
3598,757.02075,899.90546
3599,757.01215,901.2562
3600,752.516,898.03314
3601,746.60443,891.04663
3602,744.51263,884.80084
3603,745.806,882.44244
3604,745.93506,883.6516
3605,744.06213,886.4683
3606,743.605,888.56665
3607,745.798,888.45795
3608,746.51227,886.337
3609,741.679,883.4531
3610,733.419,881.1985
3611,727.2277,879.9024
3612,725.95654,879.3455
3613,731.06335,881.8174
3614,744.4081,890.2198
3615,762.1963,901.52765
3616,775.13324,909.31006
3617,779.65326,911.75964
3618,779.14197,910.8429
3619,774.5291,909.1085
3620,764.1992,909.55365
3621,751.5305,912.21735
3622,743.8622,913.52905
3623,743.46576,912.2683
3624,744.6619,911.37177
3625,740.6097,913.458
3626,732.10254,917.95215
3627,729.1472,922.77673
3628,740.4077,926.65576
3629,760.9311,928.4812
3630,776.19196,928.3331
3631,777.67487,929.6292
3632,768.6644,935.199
3633,758.25104,942.8019
3634,753.3512,947.3298
3635,754.4875,943.35223
3636,757.5109,927.9281
3637,757.38525,907.8586
3638,752.8872,894.37506
3639,747.70654,888.2962
3640,744.1116,884.68555
3641,741.07947,882.6458
3642,738.3825,881.32043
3643,736.70154,879.43427
3644,735.72845,878.0702
3645,734.5601,878.3051
3646,734.3404,881.31586
3647,737.324,888.8707
3648,741.2864,899.24005
3649,742.15576,907.13184
3650,743.6555,909.9013
3651,754.36285,909.5737
3652,772.81885,909.38385
3653,786.38184,911.0435
3654,786.49915,912.76245
3655,774.63336,909.0512
3656,757.1127,897.1871
3657,742.043,883.44403
3658,734.798,876.0306
3659,734.466,875.31934
3660,737.51416,878.32007
3661,741.8613,885.3934
3662,746.8432,895.9262
3663,750.226,905.84937
3664,745.1772,915.26544
3665,728.04004,929.0353
3666,712.502,944.7452
3667,724.20215,952.8637
3668,777.6899,950.7514
3669,856.343,941.8113
3670,910.13684,927.21875
3671,894.3988,912.88367
3672,821.80164,910.1748
3673,755.4075,918.14734
3674,742.8709,920.546
3675,771.23035,908.0947
3676,790.9695,892.9917
3677,772.88574,891.82605
3678,734.19165,901.09534
3679,705.66455,906.89294
3680,690.36316,908.63477
3681,677.8893,912.76526
3682,670.08905,917.5023
3683,672.1361,918.0861
3684,682.71643,915.17096
3685,695.1241,912.2575
3686,702.4979,910.93695
3687,706.02545,910.2019
3688,711.0546,908.4721
3689,717.49646,906.41235
3690,722.55255,907.6265
3691,726.9292,913.4362
3692,732.82294,919.2646
3693,740.1621,920.9869
3694,746.91876,919.707
3695,750.98145,918.4644
3696,750.8246,919.40424
3697,746.5651,922.4659
3698,742.2996,924.1646
3699,742.7411,920.6947
3700,745.1003,913.7395
3701,741.7942,909.03033
3702,733.0864,908.994
3703,727.5651,911.4899
3704,729.5956,913.97986
3705,735.2868,915.8411
3706,738.47577,917.7015
3707,735.17316,919.5536
3708,727.1819,920.2127
3709,723.12195,919.0833
3710,729.43335,917.32635
3711,739.29584,913.4771
3712,738.85864,900.8508
3713,724.5899,878.59406
3714,703.37494,858.2874
3715,680.71124,849.9747
3716,659.7169,852.4906
3717,644.05646,860.85944
3718,635.3366,870.3446
3719,630.7582,872.51984
3720,626.6635,860.8143
3721,623.4102,843.4151
3722,621.59875,835.743
3723,621.6695,839.42944
3724,640.27435,847.2405
3725,701.69836,860.199
3726,790.1625,880.2402
3727,855.2069,899.68164
3728,877.30005,910.2021
3729,874.8421,910.66437
3730,853.16675,905.29004
3731,800.6613,900.4062
3732,728.0192,897.86475
3733,644.90454,890.48846
3734,533.47394,868.77936
3735,425.3072,833.4874
3736,395.60263,799.9126
3737,445.7659,784.69403
3738,523.1711,790.9451
3739,605.88293,808.9156
3740,681.77936,824.9043
3741,720.9298,834.9956
3742,715.0085,849.4691
3743,694.2006,873.85785
3744,685.22174,897.2064
3745,691.56116,908.5295
3746,709.8428,911.7402
3747,733.5077,916.28925
3748,751.99066,924.57153
3749,759.4988,933.82983
3750,758.59735,941.40515
3751,754.3908,945.68274
3752,749.3799,945.74097
3753,744.47644,943.97064
3754,742.11694,946.39886
3755,743.8574,954.99603
3756,745.3848,966.7005
3757,741.29175,979.3022
3758,734.55536,987.414
3759,733.0983,983.20734
3760,738.79016,970.3373
3761,746.59796,961.66956
3762,751.061,961.8233
3763,749.8471,965.57654
3764,744.3249,968.2731
3765,737.6027,969.38196
3766,730.94104,969.86847
3767,723.27856,969.7123
3768,715.0231,968.8519
3769,710.4604,969.39453
3770,712.6965,973.5123
3771,716.60547,979.85034
3772,711.33887,985.1984
3773,690.5134,986.9771
3774,662.0587,976.8453
3775,658.1915,936.803
3776,727.6877,867.4067
3777,869.26,812.0051
3778,983.0363,803.603
3779,980.43445,816.8201
3780,899.5555,819.0803
3781,822.0935,811.11017
3782,769.5149,801.95996
3783,731.2284,796.7946
3784,703.5652,800.02264
3785,683.8356,810.00183
3786,670.2006,821.6219
3787,667.0912,832.89825
3788,676.56104,842.96857
3789,690.60547,849.60864
3790,699.06866,852.0023
3791,701.7202,853.41724
3792,709.51904,858.5902
3793,731.36676,865.04474
3794,751.2691,865.10455
3795,720.97327,864.0281
3796,613.27094,874.6628
3797,491.09827,891.21497
3798,449.09622,899.22534
3799,492.46405,900.61774
3800,558.136,904.452
3801,607.8244,911.36646
3802,639.9779,917.7153
3803,661.6292,922.26337
3804,677.65125,926.16125
3805,690.5761,931.7008
3806,700.9937,939.69525
3807,708.03485,947.36487
3808,711.31335,952.66266
3809,711.65796,956.0665
3810,710.1962,954.9286
3811,707.8922,945.2113
3812,705.6671,931.25354
3813,703.37823,922.865
3814,699.2186,922.1914
3815,693.393,923.4052
3816,692.2113,921.57715
3817,702.638,916.0729
3818,720.21423,909.8447
3819,730.8399,905.5989
3820,728.05597,902.282
3821,719.60736,898.15924
3822,715.288,894.1419
3823,715.76843,891.61084
3824,716.43585,889.6092
3825,715.89325,885.5999
3826,714.1576,878.84015
3827,709.91943,871.76666
3828,706.1476,867.2738
3829,706.6711,866.8391
3830,705.57153,868.7478
3831,707.3516,860.97644
3832,756.6672,831.26184
3833,885.4331,796.6503
3834,1024.84,788.1236
3835,1065.8147,803.82825
3836,1001.5434,819.5865
3837,911.88696,828.42596
3838,846.98785,838.554
3839,802.0441,851.0084
3840,761.86957,858.90765
3841,724.43427,861.4626
3842,694.75616,864.31635
3843,674.8825,869.95746
3844,662.25275,877.78656
3845,652.4507,887.9306
3846,646.0168,898.70776
3847,656.2822,902.6623
3848,694.0773,891.33185
3849,730.5651,867.5729
3850,710.191,850.1351
3851,621.493,862.84564
3852,512.4094,906.4282
3853,438.446,946.0551
3854,424.96054,953.1384
3855,456.89142,938.80835
3856,500.20685,928.29254
3857,535.8509,931.13025
3858,562.2562,936.8717
3859,581.2992,926.41064
3860,592.56165,895.4527
3861,597.61865,862.9447
3862,605.4567,849.5372
3863,622.76105,856.99963
3864,643.3303,875.12427
3865,657.6398,897.5631
3866,664.77606,919.7866
3867,670.2699,936.40326
3868,676.8059,947.2495
3869,681.7388,945.73535
3870,694.75146,911.33795
3871,758.52057,845.45526
3872,906.0785,793.17773
3873,1067.5972,788.417
3874,1113.0906,808.41895
3875,1024.1593,818.7725
3876,899.4652,819.0246
3877,805.80804,820.7045
3878,740.7934,823.7037
3879,695.9459,825.22455
3880,677.6049,826.4309
3881,681.1808,829.15454
3882,670.50415,835.3141
3883,612.5709,843.7832
3884,550.2461,846.8594
3885,556.0574,840.2453
3886,593.5843,827.7757
3887,571.4744,806.4674
3888,522.51373,772.42596
3889,552.0825,741.5735
3890,655.7603,729.9946
3891,747.1813,729.8173
3892,796.559,728.6127
3893,827.68567,725.17725
3894,847.34045,723.1467
3895,837.93964,738.84204
3896,789.54565,796.1524
3897,729.98444,884.2467
3898,705.9711,954.3659
3899,724.17584,976.5949
3900,750.5232,963.87866
3901,762.86304,943.0981
3902,767.99664,931.93134
3903,779.23065,934.27606
3904,797.4108,942.21564
3905,811.42615,946.8955
3906,810.95483,946.40753
3907,796.75934,938.4255
3908,781.1137,918.2875
3909,775.4815,895.9686
3910,774.3848,895.07245
3911,760.2759,913.8907
3912,735.1845,913.668
3913,736.432,870.6738
3914,803.7992,812.7313
3915,929.525,780.25006
3916,1046.1637,775.8798
3917,1088.2961,776.8173
3918,1058.7793,772.2477
3919,1004.3401,767.4447
3920,953.4722,766.9389
3921,900.10547,767.4473
3922,837.3358,765.90576
3923,782.1886,765.1266
3924,749.36456,767.75616
3925,733.8841,773.73553
3926,729.95953,785.2057
3927,732.609,804.1291
3928,727.0231,827.5549
3929,704.382,851.96405
3930,676.32227,874.8475
3931,658.9968,893.3805
3932,658.323,908.7487
3933,672.093,923.27826
3934,691.60144,933.8804
3935,705.7733,937.2212
3936,711.52527,937.1208
3937,714.6374,940.57135
3938,719.35754,947.512
3939,724.5089,952.13916
3940,728.08765,952.8521
3941,728.601,952.55365
3942,725.28864,952.99493
3943,720.3249,952.9861
3944,716.8018,951.0828
3945,715.09937,948.54156
3946,714.59924,946.9228
3947,715.6245,945.66614
3948,716.8588,944.69324
3949,715.944,945.1945
3950,713.9528,945.8241
3951,714.60266,940.8234
3952,719.2031,926.0453
3953,723.93066,907.73676
3954,724.0933,897.77875
3955,720.8958,898.98816
3956,718.6071,904.72253
3957,718.2042,909.9362
3958,718.22174,913.8941
3959,717.0488,916.9512
3960,713.99854,919.4379
3961,710.6318,920.83405
3962,708.9131,920.09894
3963,708.5509,917.7182
3964,709.6176,915.57446
3965,717.00024,916.3443
3966,735.2514,922.6598
3967,757.0619,932.85767
3968,768.83514,941.13556
3969,768.15295,944.5826
3970,762.7009,945.1379
3971,757.9917,945.2578
3972,754.67377,945.3532
3973,751.02295,944.3535
3974,745.3139,941.4657
3975,738.0574,937.3566
3976,731.4673,933.6646
3977,727.39557,931.5535
3978,726.53595,930.73376
3979,727.8937,930.0904
3980,729.04193,929.5251
3981,727.9904,930.8677
3982,724.544,936.5835
3983,720.95374,946.6898
3984,720.5454,956.5511
3985,722.8407,960.99896
3986,722.68585,961.25916
3987,717.3738,962.76624
3988,710.3495,966.8901
3989,706.19604,969.95544
3990,706.2802,969.394
3991,708.9079,966.95056
3992,711.1824,965.86426
3993,711.25653,967.2989
3994,708.9726,969.8686
3995,705.29626,971.35754
3996,702.1144,971.1999
3997,701.8764,972.0947
3998,707.66754,977.65314
3999,720.0088,984.1419
4000,731.7574,979.3208
4001,736.11115,962.72327
4002,737.4495,949.8617
4003,741.88745,941.68365
4004,745.74744,924.91797
4005,742.49695,902.94073
4006,732.9052,889.81024
4007,723.1479,887.57904
4008,718.03,889.9114
4009,719.2824,893.76953
4010,725.10004,898.7978
4011,729.679,902.1122
4012,728.71875,899.8774
4013,724.1298,892.8847
4014,718.1546,886.80963
4015,708.9121,887.48663
4016,697.70514,897.00525
4017,691.0709,912.52606
4018,691.01807,927.1736
4019,692.62585,934.2225
4020,692.3231,933.46655
4021,692.6357,932.42804
4022,697.93207,939.49146
4023,707.3707,954.65216
4024,716.0299,969.315
4025,721.28595,976.83
4026,722.9936,977.73737
4027,721.7251,975.55164
4028,719.8295,973.2939
4029,720.0099,972.78827
4030,722.77466,973.7909
4031,727.3679,973.9756
4032,733.26776,972.14954
4033,739.4652,969.667
4034,744.4581,967.0354
4035,747.90497,963.58417
4036,750.8545,960.43134
4037,754.06366,959.48334
4038,756.5727,961.3103
4039,755.5708,965.4522
4040,746.2744,969.7848
4041,725.09784,971.4057
4042,697.5475,969.81415
4043,675.22534,965.8215
4044,663.2854,960.4754
4045,659.3885,956.69
4046,659.4832,955.82135
4047,660.51556,955.3467
4048,661.79456,954.2966
4049,663.4766,954.7669
4050,665.1612,953.7201
4051,667.32275,938.48737
4052,671.9926,904.6823
4053,681.26154,875.8473
4054,693.7999,876.3656
4055,702.77527,895.76074
4056,702.5496,910.487
4057,696.68176,916.0043
4058,692.1246,918.53217
4059,689.80054,919.84485
4060,687.1687,918.9873
4061,683.8026,916.9001
4062,681.1052,915.7737
4063,681.655,916.30786
4064,688.56744,915.3151
4065,700.63135,908.7666
4066,710.3103,898.9269
4067,712.0616,892.3723
4068,708.54236,890.9704
4069,703.4427,891.9487
4070,696.50446,893.55096
4071,690.33887,894.4808
4072,691.1994,893.7182
4073,701.4437,896.1636
4074,719.0237,909.1006
4075,739.4092,926.8487
4076,754.89557,933.7852
4077,756.4679,927.2912
4078,740.4866,918.9879
4079,725.4727,913.0907
4080,757.92426,899.3084
4081,862.9904,869.75385
4082,992.5679,835.0159
4083,1077.4813,813.7951
4084,1106.7041,811.21295
4085,1107.7466,817.80347
4086,1099.395,822.9097
4087,1088.4904,816.80853
4088,1068.8181,789.85394
4089,1015.9614,750.8154
4090,904.0806,734.26074
4091,744.4856,765.5501
4092,605.5487,826.4603
4093,547.89667,876.844
4094,553.74335,901.7601
4095,572.3234,913.06525
4096,584.61566,921.19495
4097,595.8616,925.3423
4098,614.0927,917.08167
4099,638.09485,893.7178
4100,653.03064,870.482
4101,650.79156,864.21643
4102,643.7841,874.334
4103,644.9013,891.59094
4104,651.99896,908.05206
4105,656.37177,918.8073
4106,653.87024,925.7835
4107,648.6308,931.9262
4108,646.1563,933.70874
4109,645.2471,927.99884
4110,642.3408,919.2534
4111,638.41394,913.42676
4112,638.0456,910.9262
4113,643.71643,910.63745
4114,651.5939,913.7768
4115,656.4861,919.9506
4116,662.33246,925.3522
4117,683.60156,927.1096
4118,728.4747,926.7213
4119,775.5188,928.4872
4120,787.66364,935.33325
4121,761.50903,944.8527
4122,730.9689,950.9115
4123,720.9675,951.2246
4124,729.90405,949.60956
4125,745.4404,949.893
4126,756.275,951.9799
4127,755.594,954.7117
4128,742.4945,958.0203
4129,725.4347,960.7983
4130,716.68005,961.50415
4131,717.76074,960.4266
4132,720.37915,956.7806
4133,719.06744,948.15405
4134,715.21295,936.6616
4135,712.22107,928.1911
4136,710.5662,923.9692
4137,708.6855,921.2052
4138,706.71094,921.5601
4139,706.7637,929.77344
4140,709.60925,943.04565
4141,712.85114,952.0868
4142,714.02356,953.53973
4143,713.9186,951.3338
4144,716.6442,948.0556
4145,725.759,942.7305
4146,736.2073,935.98224
4147,734.7108,931.8561
4148,718.1382,930.0112
4149,717.57404,919.2689
4150,791.6132,894.5861
4151,948.531,875.1936
4152,1089.1444,874.1103
4153,1116.1448,875.4377
4154,1061.7068,870.5738
4155,1012.92206,868.1646
4156,988.32874,867.0867
4157,962.7667,860.54456
4158,937.7195,850.796
4159,933.17566,843.8724
4160,947.90137,841.68567
4161,960.75525,843.234
4162,962.15027,848.2184
4163,970.9709,854.2739
4164,1010.0697,852.2475
4165,1043.8759,834.8131
4166,974.7366,817.489
4167,778.089,834.6175
4168,581.1236,889.7468
4169,507.89548,937.3623
4170,539.1221,944.361
4171,590.4611,927.2978
4172,622.16974,912.74866
4173,639.1533,905.4404
4174,653.7967,901.46295
4175,670.5284,904.52905
4176,686.4443,919.003
4177,698.19116,936.9252
4178,708.8462,946.70526
4179,724.1622,949.7842
4180,741.3753,951.7634
4181,750.4421,946.75696
4182,748.01697,928.945
4183,742.0667,908.1844
4184,741.2511,897.91486
4185,744.97375,897.9106
4186,745.6648,899.9988
4187,738.074,900.44385
4188,724.8814,900.52905
4189,713.6016,901.146
4190,708.85876,901.2562
4191,709.79694,901.7876
4192,713.65985,906.94464
4193,718.6123,918.8047
4194,723.29175,932.1176
4195,726.454,939.14233
4196,728.23346,938.7649
4197,729.564,935.14777
4198,730.4325,932.16534
4199,730.37524,931.8737
4200,729.2368,932.93994
4201,727.8349,930.8513
4202,730.6829,920.1244
4203,741.643,901.2206
4204,752.7357,888.0189
4205,752.3112,892.0306
4206,743.3037,903.2757
4207,736.38605,906.8655
4208,735.35016,903.0297
4209,738.1619,898.88556
4210,742.973,897.4671
4211,753.3194,899.58606
4212,771.6265,905.784
4213,784.21484,912.4479
4214,769.2065,911.04645
4215,712.8436,894.44586
4216,619.8943,869.9915
4217,524.2851,859.3199
4218,461.51163,866.06116
4219,435.61346,867.5564
4220,434.9689,851.17615
4221,447.7474,824.5573
4222,463.63055,799.7158
4223,481.61255,788.21967
4224,503.5099,796.6812
4225,524.7328,822.2456
4226,541.2832,854.45715
4227,550.73694,882.4113
4228,547.5716,899.37866
4229,542.6516,893.3789
4230,581.94214,855.04846
4231,715.62463,810.7944
4232,926.04565,799.34894
4233,1097.6777,811.1372
4234,1127.2441,813.05066
4235,1045.929,804.74634
4236,950.2086,802.16315
4237,880.3125,810.5648
4238,827.0661,829.62695
4239,782.2762,852.63947
4240,747.1577,868.23865
4241,721.4367,873.8588
4242,701.0197,876.9097
4243,684.6896,884.7835
4244,677.3605,898.35895
4245,684.34174,911.9278
4246,702.33746,919.2277
4247,718.192,920.0625
4248,721.9481,919.57074
4249,718.1857,922.00757
4250,716.88196,926.85864
4251,720.14886,930.8269
4252,723.4697,933.47626
4253,722.56805,937.88074
4254,718.81433,943.5358
4255,721.58984,942.6536
4256,737.8825,928.32196
4257,757.4152,905.81555
4258,763.12775,888.01263
4259,755.31964,880.3522
4260,747.7793,879.34216
4261,748.1052,880.6758
4262,756.1075,882.6912
4263,771.55164,886.68756
4264,788.8798,894.2143
4265,785.0655,900.8177
4266,743.25397,893.7975
4267,694.68933,865.76514
4268,666.07184,831.3108
4269,619.9324,814.741
4270,537.28503,822.3629
4271,453.07776,836.33167
4272,399.0415,838.546
4273,399.61252,830.68787
4274,449.39294,819.82935
4275,508.0012,812.6173
4276,554.8292,824.6693
4277,592.8961,862.3894
4278,623.8515,908.58374
4279,647.3284,940.51263
4280,662.1068,943.4413
4281,664.4372,910.58276
4282,653.3475,858.1319
4283,635.60864,823.7894
4284,625.9308,826.4956
4285,642.3028,851.8623
4286,689.65015,878.8795
4287,746.01495,898.40137
4288,779.6517,910.3383
4289,777.90985,915.439
4290,748.85376,913.3324
4291,712.4542,907.00995
4292,690.92706,902.8169
4293,689.4209,903.1506
4294,695.6552,904.28864
4295,698.6868,902.0524
4296,697.23553,897.1481
4297,698.42084,899.3677
4298,709.87006,921.61346
4299,726.89,961.2831
4300,736.8397,998.72186
4301,733.42377,1010.7989
4302,714.964,980.418
4303,684.7511,917.885
4304,656.9407,863.334
4305,642.0087,843.83923
4306,637.49115,851.22107
4307,648.27356,867.015
4308,687.95483,882.23895
4309,744.78107,892.9072
4310,783.57434,895.30804
4311,790.39276,892.45746
4312,779.5545,900.229
4313,764.76654,934.32104
4314,750.37195,984.2881
4315,738.8656,1020.0674
4316,732.6454,1028.8033
4317,731.4696,1021.7157
4318,732.43964,1012.6868
4319,733.08325,1007.8969
4320,733.1398,1007.36304
4321,733.8659,1008.4235
4322,736.1291,1007.4284
4323,738.09,1001.6895
4324,737.92096,993.5212
4325,739.11884,987.50494
4326,745.5395,984.0993
4327,752.84503,983.3487
4328,753.6059,988.61993
4329,747.8715,999.5631
4330,742.4277,1009.8361
4331,741.5803,1014.09644
4332,741.58704,1010.9567
4333,737.4693,1002.17444
4334,735.59717,992.8527
4335,747.48114,987.8831
4336,761.61676,980.8573
4337,737.461,948.02716
4338,647.9289,868.81494
4339,520.32117,757.6216
4340,416.08746,663.68195
4341,375.12134,626.063
4342,412.23505,631.60876
4343,533.17804,642.0809
4344,692.6037,649.24097
4345,811.1385,665.2339
4346,869.59076,685.1555
4347,897.63434,695.57007
4348,888.4488,699.0965
4349,815.8258,707.9321
4350,717.5827,724.09705
4351,669.1406,741.1188
4352,679.7321,754.4623
4353,699.8162,759.90765
4354,703.0727,754.19434
4355,692.23444,740.40106
4356,667.5154,727.23364
4357,638.5677,723.27625
4358,645.15405,732.5492
4359,721.20746,752.71155
4360,829.3176,771.5366
4361,907.29236,775.4414
4362,963.73395,765.5635
4363,1008.2159,752.70435
4364,990.7632,744.0029
4365,921.69366,737.6267
4366,884.911,724.42505
4367,889.354,704.3572
4368,874.33405,692.09045
4369,830.72375,694.71924
4370,790.1299,704.46576
4371,760.8561,717.5697
4372,737.8466,739.62225
4373,723.15326,772.42786
4374,715.1299,806.04846
4375,695.5914,824.2287
4376,650.4369,820.13824
4377,599.6557,805.8206
4378,570.3328,798.06305
4379,559.03284,799.095
4380,570.9012,800.79535
4381,660.0791,802.4998
4382,862.60297,811.80664
4383,1098.9238,822.2037
4384,1213.2775,808.42365
4385,1144.4955,764.3326
4386,990.69,718.07715
4387,870.5548,694.2255
4388,811.3529,694.31085
4389,786.7885,711.073
4390,779.53015,734.5125
4391,788.19653,753.7104
4392,799.77985,767.33185
4393,786.5035,785.9166
4394,743.337,815.9658
4395,695.78143,848.15466
4396,664.6128,869.88837
4397,651.47797,883.2934
4398,649.9868,900.1372
4399,653.2781,924.8595
4400,659.1793,949.885
4401,669.8149,962.31354
4402,682.9028,956.01324
4403,693.43365,940.1554
4404,704.0637,930.6046
4405,718.91223,934.60315
4406,732.4384,948.22894
4407,736.439,962.944
4408,729.6909,972.60657
4409,720.33844,978.2358
4410,722.90826,988.06616
4411,742.0938,1006.6964
4412,758.52966,1016.0203
4413,747.3882,989.9528
4414,713.69055,940.118
4415,687.1204,906.7467
4416,682.6057,903.4996
4417,690.5095,911.58655
4418,697.85034,914.70264
4419,699.322,911.9928
4420,694.6536,907.70123
4421,686.78564,903.4588
4422,681.44586,899.9934
4423,682.8766,898.07764
4424,688.15826,896.9272
4425,690.4034,895.98584
4426,688.49225,895.4204
4427,686.3609,894.66486
4428,684.4429,894.29626
4429,681.61096,896.12573
4430,682.5496,900.62354
4431,693.1759,907.085
4432,709.1585,913.3098
4433,718.8459,915.8643
4434,718.4308,914.33734
4435,714.299,911.9439
4436,712.1627,910.55396
4437,711.29596,908.1426
4438,708.25775,902.0771
4439,702.90924,894.3319
4440,698.43744,890.2001
4441,698.3689,891.8573
4442,705.84595,897.61066
4443,720.0507,904.6037
4444,734.23346,909.77466
4445,742.3105,912.07355
4446,742.8898,913.2653
4447,735.9293,915.1936
4448,722.81396,917.69464
4449,709.93744,919.65686
4450,705.7843,923.1896
4451,713.0099,933.2899
4452,724.5244,947.19293
4453,727.5877,949.8869
4454,715.74347,931.97015
4455,698.43353,909.12994
4456,691.06683,904.24426
4457,694.9351,910.96643
4458,699.67615,905.9341
4459,701.17596,889.18964
4460,699.5219,876.2628
4461,690.00684,867.3935
4462,673.6194,854.6862
4463,661.0908,841.88947
4464,656.91425,840.7358
4465,655.41364,856.9714
4466,652.7341,881.61774
4467,651.7824,898.30225
4468,660.0104,902.4055
4469,682.9091,902.22095
4470,712.2922,902.9504
4471,731.3493,902.7795
4472,735.69226,901.21716
4473,733.7485,900.5003
4474,730.2467,899.88605
4475,722.7892,896.49713
4476,710.77454,891.3828
4477,699.80206,888.0101
4478,695.67413,887.12274
4479,699.06665,889.22156
4480,706.94635,895.9796
4481,712.01495,903.536
4482,705.67346,903.79974
4483,690.8838,896.6502
4484,680.29974,890.90564
4485,675.75543,893.11487
4486,667.1868,902.71405
4487,653.2847,913.4838
4488,645.3699,915.7076
4489,650.5006,903.6342
4490,661.5882,883.4536
4491,665.3813,866.47174
4492,658.8115,855.2822
4493,652.6401,846.7589
4494,657.70044,843.9475
4495,674.4991,852.3578
4496,692.78674,866.8395
4497,700.83704,875.5639
4498,700.80383,877.7597
4499,705.3182,883.06384
4500,716.89825,893.9421
4501,726.49915,903.515
4502,730.32983,907.7015
4503,731.6501,907.5635
4504,728.93646,904.10516
4505,716.4789,898.06964
4506,697.59467,892.0803
4507,684.0517,889.37085
4508,680.1683,890.69934
4509,680.17206,894.24164
4510,678.974,897.5293
4511,676.6201,898.5687
4512,674.56244,897.74396
4513,670.23193,900.13226
4514,658.2633,911.8801
4515,639.2791,931.28546
4516,622.95294,948.752
4517,622.69806,954.6034
4518,644.7499,944.644
4519,671.57385,928.2803
4520,672.7321,923.9794
4521,646.5246,935.25635
4522,621.16254,948.6298
4523,614.0177,956.8751
4524,622.5756,964.3829
4525,642.48486,973.39465
4526,668.63214,975.0898
4527,690.86584,957.8286
4528,701.73444,927.6144
4529,701.8818,905.59357
4530,696.77686,900.1603
4531,692.8731,900.33606
4532,694.0237,895.12494
4533,698.6277,885.3398
4534,702.8427,878.10986
4535,705.60455,876.85175
4536,707.1082,878.79626
4537,706.2062,879.291
4538,702.36615,876.18195
4539,696.4125,871.9117
4540,687.5817,873.75604
4541,674.2214,888.01215
4542,659.91016,909.51697
4543,651.1634,925.01697
4544,646.5458,926.6867
4545,638.87335,913.38574
4546,628.9497,891.0681
4547,627.67975,877.821
4548,643.2313,889.54224
4549,669.10284,917.8816
4550,689.85284,939.51245
4551,699.861,942.8799
4552,706.9511,931.7102
4553,716.8417,915.37317
4554,723.75464,902.4105
4555,718.88,894.5116
4556,703.67426,892.5806
4557,688.0752,902.6021
4558,678.46875,922.99207
4559,674.9271,941.4514
4560,675.1453,950.80994
4561,676.26666,953.7413
4562,676.19696,954.7076
4563,674.85645,955.6022
4564,673.4551,956.10004
4565,672.4668,955.56256
4566,671.42615,954.1182
4567,670.47144,952.33307
4568,669.9721,950.9177
4569,668.3995,950.1656
4570,663.8069,949.59595
4571,657.71936,949.2534
4572,652.9273,949.85284
4573,650.19336,950.935
4574,653.2494,951.75916
4575,667.8784,953.1948
4576,689.95496,955.3238
4577,710.8188,954.0406
4578,732.73193,944.7249
4579,757.7558,931.0266
4580,774.88336,922.36066
4581,774.9271,920.5371
4582,762.69244,919.3415
4583,749.5374,916.15674
4584,742.2514,913.7821
4585,739.1865,914.01434
4586,735.51654,915.89404
4587,729.97174,917.86017
4588,724.92596,919.3893
4589,722.2997,921.3019
4590,720.96594,924.9733
4591,718.51337,931.4098
4592,718.3409,938.1396
4593,731.6105,931.7409
4594,754.4838,901.7573
4595,755.2506,874.09827
4596,721.8827,882.1418
4597,688.5829,909.7034
4598,680.61536,922.8427
4599,686.111,919.81726
4600,689.72644,914.5262
4601,689.6665,912.4125
4602,688.73425,911.9045
4603,688.705,911.3031
4604,690.8408,911.1089
4605,695.4336,912.2801
4606,699.5298,913.8
4607,699.4219,912.82996
4608,696.18835,908.0842
4609,694.2763,900.4158
4610,695.7617,890.3142
4611,699.95233,879.9678
4612,705.54407,873.9473
4613,710.36383,873.50494
4614,712.2309,875.701
4615,711.00757,877.8863
4616,707.9906,879.58813
4617,705.4203,882.2951
4618,706.84216,887.1827
4619,713.4705,892.1481
4620,720.9078,894.26337
4621,724.011,894.97864
4622,723.0923,898.2203
4623,721.02075,903.99493
4624,717.71893,908.17535
4625,712.3786,907.51654
4626,707.5303,902.8467
4627,706.0122,898.3101
4628,707.05774,897.9615
4629,711.755,904.0365
4630,725.41235,916.6252
4631,743.832,931.353
4632,751.75305,941.57404
4633,744.221,944.77637
4634,731.30707,942.4648
4635,721.8727,936.8036
4636,716.7928,930.61066
4637,714.0814,927.0876
4638,713.994,927.0954
4639,718.273,928.0349
4640,725.49304,927.8704
4641,731.1754,927.82056
4642,734.35284,928.3543
4643,739.3257,927.74194
4644,747.00507,926.38306
4645,751.20044,926.4643
4646,747.8562,927.4042
4647,740.4706,926.5695
4648,734.6977,923.3317
4649,733.5886,919.571
4650,736.8381,917.11554
4651,741.1382,915.64935
4652,743.0952,913.6715
4653,742.7988,911.78937
4654,743.82635,913.7289
4655,748.68915,922.8297
4656,753.8065,937.5095
4657,753.12036,952.3592
4658,745.92566,964.12854
4659,736.43665,973.3124
4660,729.38165,979.9397
4661,727.14764,982.41754
4662,728.33093,981.14685
4663,730.3801,978.44476
4664,731.00494,975.16693
4665,723.8967,971.2038
4666,701.9452,967.3943
4667,672.2192,965.3857
4668,654.76965,967.634
4669,658.4541,975.4217
4670,670.63965,982.7096
4671,675.12866,977.2604
4672,670.7533,954.0945
4673,667.48267,922.1853
4674,671.1403,895.48816
4675,678.5205,881.4979
4676,684.69586,878.23267
4677,691.8433,879.80005
4678,705.1811,880.6306
4679,719.57166,875.467
4680,723.4782,863.9414
4681,713.1343,855.29846
4682,691.6005,858.9713
4683,667.24994,871.2645
4684,657.69434,882.4826
4685,679.6302,891.8809
4686,727.7313,903.10016
4687,769.52783,915.08875
4688,776.5082,926.3245
4689,755.98914,935.6883
4690,732.24,937.84296
4691,713.34357,929.04944
4692,698.4051,914.9298
4693,691.89526,903.45496
4694,695.0441,894.5144
4695,701.6596,885.41547
4696,704.7168,879.5552
4697,700.53625,880.57935
4698,691.7605,884.95294
4699,684.60516,886.4672
4700,680.81006,883.78015
4701,678.83936,879.9227
4702,681.964,877.9666
4703,696.3652,879.6908
4704,717.9703,885.5501
4705,729.1028,897.69354
4706,718.42236,919.73065
4707,698.066,941.0393
4708,688.4551,938.38525
4709,693.25977,911.7926
4710,702.2392,888.0051
4711,707.45685,880.9692
4712,705.2198,882.2203
4713,694.8535,882.94415
4714,682.0528,882.7303
4715,674.55725,884.27155
4716,674.05743,888.0469
4717,679.1064,890.54083
4718,690.3842,888.3579
4719,704.0501,883.6953
4720,710.67847,881.41644
4721,707.2973,884.24097
4722,700.3351,894.0793
4723,698.5593,909.3425
4724,700.3893,920.5674
4725,680.8738,915.92773
4726,615.9009,895.82837
4727,521.35925,876.99884
4728,439.30576,865.05743
4729,404.6109,841.7002
4730,428.07632,799.7344
4731,482.47327,760.43207
4732,521.70465,748.21454
4733,520.12506,769.3279
4734,488.37506,809.98016
4735,475.03558,840.6572
4736,545.7652,838.21564
4737,716.0855,821.38464
4738,900.4955,826.1496
4739,985.1015,843.3029
4740,957.4114,842.06586
4741,894.83545,829.23267
4742,846.618,829.71454
4743,808.67303,845.99634
4744,775.7186,864.5785
4745,753.05493,877.83655
4746,739.2944,887.08563
4747,728.0413,892.9289
4748,721.7674,894.06683
4749,726.1256,892.85626
4750,731.0653,892.40594
4751,723.37604,893.43304
4752,713.9333,897.8056
4753,721.37354,906.3114
4754,740.4384,914.3734
4755,752.42975,917.6177
4756,752.3112,917.2936
4757,747.8338,916.2517
4758,745.2758,915.2092
4759,746.6321,914.64905
4760,750.78876,915.5493
4761,754.4482,917.51465
4762,756.5761,918.65594
4763,759.56573,916.9021
4764,765.01697,911.26025
4765,770.16156,904.8192
4766,767.4842,907.74243
4767,753.274,929.6729
4768,736.38556,961.1805
4769,721.2426,974.0063
4770,697.57526,951.83856
4771,676.402,906.85913
4772,696.3295,860.53687
4773,766.38586,826.6171
4774,848.1765,808.7791
4775,902.3858,800.674
4776,931.1591,795.03094
4777,960.1066,794.33936
4778,969.5648,811.2138
4779,914.5047,854.3848
4780,822.82294,904.58563
4781,765.82495,921.71295
4782,751.0159,893.22864
4783,732.7903,854.5115
4784,689.6792,846.3659
4785,637.0595,872.49414
4786,597.5072,907.2177
4787,583.2823,927.06555
4788,588.7758,928.85114
4789,597.63165,923.01764
4790,598.78906,918.18195
4791,593.5301,917.4417
4792,598.89734,922.7481
4793,634.72516,935.80597
4794,692.7829,948.4719
4795,747.25323,934.6941
4796,787.88275,880.1261
4797,802.2501,826.8305
4798,776.6597,833.8462
4799,736.02264,890.4238
4800,716.95215,938.60205
4801,719.69336,956.6845
4802,724.0677,961.0785
4803,718.2468,964.9512
4804,697.05896,966.8382
4805,656.82605,959.18463
4806,609.05817,940.3339
4807,579.41547,920.4328
4808,577.36707,911.16925
4809,590.075,911.55365
4810,604.37006,913.0267
4811,614.7624,913.80396
4812,622.27966,916.62317
4813,632.5616,919.3995
4814,647.1466,917.2977
4815,660.26227,910.1055
4816,665.7601,904.30414
4817,662.16656,906.73
4818,653.68896,916.34796
4819,647.135,926.49866
4820,644.6137,932.5212
4821,642.95435,930.54205
4822,640.11945,916.75006
4823,637.42004,896.6083
4824,636.57513,882.8728
4825,637.4738,879.771
4826,637.90216,881.6892
4827,634.5658,883.6378
4828,627.4979,883.79175
4829,623.80524,881.76715
4830,630.9881,878.31
4831,644.87006,874.52466
4832,653.27594,871.93365
4833,652.343,874.43585
4834,648.65906,886.0113
4835,648.7668,902.9123
4836,654.5182,915.3319
4837,663.4858,918.91974
4838,668.08777,917.48444
4839,660.74945,916.6133
4840,647.11993,917.96844
4841,642.5625,918.97
4842,650.0909,917.99445
4843,658.7476,914.57117
4844,662.4148,906.34924
4845,663.34796,895.0269
4846,663.05176,888.2359
4847,661.0769,889.1712
4848,657.47424,894.0554
4849,652.1921,898.8326
4850,645.68835,901.2913
4851,640.1005,900.98517
4852,637.2696,899.387
4853,636.8537,898.14966
4854,637.9186,897.3615
4855,640.0693,895.7578
4856,642.4763,892.6827
4857,643.93317,890.2503
4858,643.96246,892.5314
4859,644.1241,899.91345
4860,647.0999,907.08417
4861,652.2381,910.2021
4862,653.2555,911.62775
4863,643.56683,915.1428
4864,628.5583,920.6425
4865,632.8965,927.6721
4866,677.88184,938.9813
4867,742.9758,952.2094
4868,786.0617,956.19543
4869,804.42004,944.16797
4870,828.1475,922.7266
4871,863.4532,904.2025
4872,875.1695,898.7319
4873,833.53375,910.50574
4874,769.0869,929.74585
4875,740.65326,938.8305
4876,758.30316,933.9107
4877,784.5632,925.511
4878,792.38403,921.06793
4879,785.1794,920.8994
4880,774.17487,923.37683
4881,762.7053,926.2465
4882,752.34766,927.692
4883,754.076,924.96564
4884,786.9687,909.2
4885,851.0504,872.0106
4886,922.26483,821.0307
4887,1001.45166,772.3667
4888,1095.9453,734.0521
4889,1163.0515,709.20465
4890,1166.6609,693.8569
4891,1125.0676,674.0138
4892,1066.3575,643.19293
4893,1002.4549,611.73315
4894,946.63873,594.98846
4895,921.36066,594.92737
4896,928.39935,599.4003
4897,930.6758,618.31146
4898,891.52454,692.9036
4899,824.67725,825.35333
4900,779.55743,944.4363
4901,777.5709,991.9783
4902,796.37006,986.0378
4903,801.52515,967.20703
4904,759.85486,951.13983
4905,663.6121,946.7818
4906,563.1084,961.4612
4907,516.6557,984.2138
4908,520.3675,995.875
4909,538.1399,990.97797
4910,553.29645,978.94196
4911,564.48346,968.93933
4912,574.7178,959.6812
4913,597.1393,943.3727
4914,653.5462,919.9906
4915,744.7467,906.60986
4916,828.6485,915.5188
4917,861.51843,929.2814
4918,846.93463,919.32916
4919,818.98663,884.2513
4920,802.18115,859.2447
4921,798.70905,871.466
4922,797.7259,901.85
4923,791.2698,919.97437
4924,781.54065,922.2477
4925,773.01447,921.1235
4926,756.7303,925.5884
4927,710.4961,934.0021
4928,633.02686,938.30524
4929,566.00287,933.1471
4930,550.4553,920.3243
4931,577.208,907.5091
4932,609.4175,901.6385
4933,628.61456,901.5539
4934,637.55133,900.1545
4935,642.35736,894.1533
4936,645.76385,886.5456
4937,647.7907,880.7891
4938,648.5703,880.31525
4939,649.965,889.39575
4940,652.7081,904.9266
4941,655.08453,916.02966
4942,656.2806,917.85846
4943,657.8599,914.9616
4944,661.47284,912.09204
4945,666.0107,909.67194
4946,666.6777,904.8131
4947,659.31055,894.67834
4948,647.0923,881.31946
4949,638.2022,870.9973
4950,635.84503,866.95844
4951,636.5599,867.1842
4952,636.8635,869.2091
4953,636.0446,872.5439
4954,634.5205,876.731
4955,632.9075,880.5308
4956,632.4773,883.27496
4957,635.63055,882.3181
4958,643.3419,871.9874
4959,651.5983,853.3986
4960,654.7987,838.0468
4961,651.9473,834.3263
4962,645.8217,839.3715
4963,639.2901,845.86365
4964,635.294,850.4127
4965,637.4599,855.9891
4966,647.3632,866.0377
4967,660.86884,877.09717
4968,670.5096,883.55054
4969,673.4697,886.243
4970,673.3477,889.3536
4971,673.4812,893.7894
4972,674.1305,897.2984
4973,675.42615,897.96704
4974,676.8347,896.46075
4975,675.31824,894.12665
4976,669.2848,890.6777
4977,662.0567,886.9292
4978,658.98834,887.763
4979,662.545,897.30695
4980,669.1768,910.96515
4981,673.1967,919.6123
4982,674.4224,921.0673
4983,675.47943,919.157
4984,675.9333,917.0981
4985,675.8137,917.283
4986,676.8964,919.4828
4987,678.0278,918.58185
4988,676.05225,910.25397
4989,671.1472,897.0776
4990,667.0016,886.0715
4991,665.94965,881.3654
4992,667.15314,880.1581
4993,669.00214,876.3982
4994,670.3084,868.67377
4995,670.67285,861.358
4996,671.22797,857.4649
4997,672.27106,855.97943
4998,671.1692,856.7611
4999,666.1371,862.17487
5000,659.63184,871.7797
5001,654.2437,880.6319
5002,647.97974,885.501
5003,643.4498,888.5648
5004,666.95184,895.1084
5005,743.9786,908.0614
5006,836.92053,923.57837
5007,879.6813,936.7527
5008,874.7661,945.6343
5009,865.4048,944.8267
5010,853.7669,932.22485
5011,820.55414,918.48047
5012,775.10626,913.0055
5013,745.4581,914.5866
5014,744.7203,920.3234
5015,758.02325,927.4005
5016,760.91864,930.7024
5017,750.17267,928.41315
5018,740.46484,925.3033
5019,739.2328,926.75165
5020,744.2435,931.2654
5021,753.2302,932.7902
5022,762.82745,930.5189
5023,761.59644,934.1166
5024,736.0702,953.40216
5025,691.2712,980.37726
5026,646.0376,999.56244
5027,607.9446,1010.805
5028,579.9627,1014.8827
5029,567.7941,1001.56476
5030,563.42065,972.113
5031,558.0767,944.29407
5032,570.3504,932.01697
5033,624.8268,935.21674
5034,700.26404,946.397
5035,744.19684,960.20233
5036,743.9568,972.14935
5037,729.9256,974.6393
5038,725.6112,962.1845
5039,731.0475,938.4953
5040,724.4129,917.5889
5041,682.2164,913.16187
5042,621.14935,923.0498
5043,584.991,930.9579
5044,585.9539,925.1403
5045,601.3815,910.38855
5046,614.4682,900.6122
5047,626.97815,903.05865
5048,642.82135,913.6498
5049,656.0878,924.28467
5050,660.40906,929.69305
5051,660.31976,929.8427
5052,662.72424,927.4578
5053,667.07794,923.3792
5054,670.44226,917.5563
5055,673.03094,912.3741
5056,674.6608,910.4594
5057,671.63635,911.4735
5058,662.21954,913.5806
5059,651.3196,915.74005
5060,644.08655,917.184
5061,639.8138,917.5914
5062,636.35,918.8873
5063,633.9262,924.05914
5064,633.5884,932.2532
5065,633.5801,933.5261
5066,626.4377,915.19275
5067,610.8239,883.90015
5068,611.8078,867.482
5069,663.1257,880.4892
5070,752.40625,906.625
5071,818.7256,925.67786
5072,814.95593,937.6141
5073,751.6888,949.0601
5074,693.76733,954.40845
5075,698.469,948.25604
5076,751.4152,940.09796
5077,797.8797,938.54596
5078,806.3391,937.9266
5079,780.6815,930.28143
5080,746.76434,916.98285
5081,729.3088,905.0785
5082,729.39514,899.27594
5083,732.31824,899.29614
5084,731.7302,901.5784
5085,734.22925,904.8889
5086,746.7442,912.7879
5087,766.04144,924.04156
5088,783.50653,929.3978
5089,797.6672,924.9621
5090,806.58466,916.9409
5091,787.87616,912.1085
5092,720.66296,912.45807
5093,636.2447,913.90985
5094,592.76416,906.6973
5095,599.972,886.44336
5096,625.89935,865.19147
5097,650.272,859.4476
5098,671.9593,869.9798
5099,692.7629,885.01544
5100,709.39655,898.13184
5101,714.2129,912.76154
5102,706.04114,930.54004
5103,694.1097,946.05945
5104,685.93524,955.15625
5105,681.8356,958.6736
5106,680.7964,958.88214
5107,682.57733,957.81537
5108,686.20044,956.96936
5109,689.499,956.43115
5110,690.6196,955.8136
5111,690.78723,955.98267
5112,693.64465,957.32385
5113,700.40967,958.36035
5114,708.44147,958.1467
5115,716.75574,957.71094
5116,727.8578,958.7461
5117,740.2987,961.04254
5118,748.1321,961.5172
5119,751.1248,956.9665
5120,755.22675,947.5573
5121,762.9845,938.5081
5122,772.1647,936.3435
5123,780.89594,941.2274
5124,786.75977,947.0497
5125,781.5481,947.49365
5126,758.0913,938.8507
5127,726.8523,923.6959
5128,706.59186,912.306
5129,698.5213,912.6619
5130,692.6006,920.9436
5131,687.5901,926.8101
5132,690.0661,923.166
5133,702.68835,909.0371
5134,715.86017,890.9975
5135,718.7205,880.3204
5136,714.36676,881.1899
5137,709.6985,886.4524
5138,705.691,887.6964
5139,702.96356,883.45
5140,701.5857,877.87714
5141,697.7092,875.5678
5142,687.6137,877.60815
5143,674.9274,881.23474
5144,667.6196,883.2976
5145,666.50073,884.2276
5146,666.1291,885.8202
5147,665.7148,887.25073
5148,671.8961,890.25146
5149,691.0004,901.1383
5150,717.97595,918.53
5151,739.53754,931.4851
5152,750.4858,935.2168
5153,753.65234,934.6139
5154,748.34875,934.42004
5155,733.6805,936.0657
5156,717.0452,939.05426
5157,707.9094,941.5146
5158,705.919,942.5107
5159,703.4929,943.4581
5160,697.6449,945.1459
5161,692.4163,946.0542
5162,693.1634,945.79407
5163,702.4953,946.9062
5164,717.3995,951.66425
5165,730.50085,959.07965
5166,738.0977,965.3787
5167,741.6745,963.6045
5168,742.0507,944.70105
5169,739.7786,910.50464
5170,737.34174,880.1738
5171,737.6806,868.2128
5172,741.0482,868.2774
5173,740.62115,867.9597
5174,727.27515,862.42267
5175,703.6603,853.4889
5176,684.2529,846.87787
5177,678.3976,846.79456
5178,682.5152,851.7276
5179,687.66815,856.8564
5180,687.86914,858.8489
5181,682.517,859.7359
5182,674.7044,864.77527
5183,672.1098,875.73553
5184,683.90295,890.12823
5185,706.49664,903.82086
5186,724.6088,912.29535
5187,732.1961,913.8254
5188,735.5876,908.9935
5189,739.02203,897.91315
5190,741.1041,883.91034
5191,740.9933,873.8677
5192,739.2494,870.3961
5193,732.5047,870.61444
5194,716.11975,871.0593
5195,696.44446,867.32074
5196,687.4561,855.4576
5197,691.80066,839.1952
5198,700.7411,828.0847
5199,708.1252,826.04694
5200,710.79706,828.0666
5201,706.53467,828.594
5202,699.38,828.3305
5203,697.4876,830.88257
5204,702.6334,836.1779
5205,704.58624,840.2177
5206,690.9041,839.9942
5207,665.69275,837.295
5208,648.41016,837.564
5209,654.80835,845.4198
5210,686.4937,860.3388
5211,726.34937,875.37036
5212,749.5368,882.88727
5213,750.5745,881.6455
5214,743.7698,876.1591
5215,739.8278,873.2716
5216,736.735,878.9296
5217,728.4906,892.8439
5218,716.3536,907.4693
5219,706.88617,915.051
5220,701.0664,914.0618
5221,694.62683,907.48846
5222,686.1163,898.042
5223,678.25604,886.7114
5224,674.8645,872.75726
5225,679.5526,859.56085
5226,692.1214,860.3734
5227,703.63855,881.52075
5228,704.16614,908.2601
5229,696.1975,924.2311
5230,690.741,929.13275
5231,693.42993,930.94995
5232,700.864,933.24725
5233,707.0208,934.24945
5234,710.8786,934.77167
5235,715.6448,939.11273
5236,720.8396,945.43787
5237,723.38995,940.7771
5238,725.6906,915.0531
5239,732.03235,881.1572
5240,740.0294,862.83124
5241,744.41473,863.0057
5242,744.49384,867.08844
5243,742.23236,867.42175
5244,736.27686,866.33575
5245,723.15234,866.5607
5246,706.0134,867.79144
5247,695.5311,869.83966
5248,698.4786,874.4157
5249,710.9445,880.643
5250,724.27045,883.4743
5251,733.6243,880.6416
5252,739.2136,876.2733
5253,742.4164,874.28595
5254,743.6583,873.68115
5255,743.0788,873.4681
5256,742.5867,876.7424
5257,745.8205,885.89386
5258,751.95306,895.7807
5259,752.05884,897.7454
5260,735.6298,892.1647
5261,700.93066,888.69055
5262,663.13794,892.96936
5263,643.0276,900.6787
5264,641.6883,902.8025
5265,643.79456,894.08655
5266,641.4054,879.19977
5267,639.4185,866.9289
5268,647.70245,859.04724
5269,673.11566,853.6577
5270,708.6684,852.69745
5271,732.5173,856.65137
5272,731.43365,861.16565
5273,716.9242,862.8237
5274,706.26746,861.68463
5275,704.138,859.98413
5276,707.7949,860.1396
5277,713.81866,862.3211
5278,716.18646,864.4849
5279,707.82935,864.10535
5280,690.20026,860.01636
5281,673.1575,853.22894
5282,662.9559,845.95984
5283,659.8194,841.83875
5284,666.60754,847.817
5285,688.4842,868.8734
5286,718.6586,895.92523
5287,739.7104,910.64343
5288,745.2132,907.1018
5289,743.1599,896.3359
5290,741.8498,889.8732
5291,743.01483,888.9349
5292,738.61426,888.298
5293,716.4632,883.2379
5294,679.84955,873.391
5295,648.59503,863.8301
5296,634.8749,859.96576
5297,635.8806,860.98816
5298,648.18494,861.05566
5299,670.51636,856.1669
5300,693.6222,849.6369
5301,703.2839,850.10815
5302,696.3299,861.9077
5303,683.6459,880.7247
5304,676.8818,900.5557
5305,678.7623,917.15375
5306,684.72205,926.2562
5307,687.42523,928.2454
5308,681.8909,929.01135
5309,672.00354,930.8778
5310,665.17194,930.47406
5311,657.9637,926.4221
5312,641.48755,921.12836
5313,622.9073,913.3058
5314,620.75616,897.2917
5315,636.24695,874.7097
5316,652.75574,856.7701
5317,661.4499,850.2461
5318,665.17053,851.5262
5319,663.51154,855.6282
5320,653.1859,861.6596
5321,640.10266,868.5249
5322,635.0964,873.1594
5323,638.4455,874.95135
5324,643.07245,875.91364
5325,652.5876,877.063
5326,679.0816,878.6377
5327,717.2394,881.1947
5328,742.94135,884.66504
5329,746.7275,888.93005
5330,744.3326,894.74994
5331,749.0312,901.8827
5332,753.28204,908.54065
5333,743.6336,912.7253
5334,722.0276,910.86084
5335,701.7055,899.5235
5336,690.4263,882.74005
5337,686.94855,870.18945
5338,685.494,865.4975
5339,680.73303,864.3347
5340,672.55115,864.1802
5341,665.0437,867.93066
5342,665.8467,876.4249
5343,682.964,885.0771
5344,710.5438,889.98883
5345,730.68677,890.9224
5346,736.22345,889.3409
5347,734.2577,887.3081
5348,731.41907,885.8683
5349,729.59186,882.5499
5350,729.88684,873.4111
5351,733.08105,860.86316
5352,737.17017,853.4331
5353,736.5073,854.3754
5354,725.2519,856.6377
5355,705.3682,849.1646
5356,687.74524,828.78625
5357,679.8131,806.4996
5358,679.66693,795.41016
5359,683.5026,796.0956
5360,686.72235,799.59045
5361,681.94183,798.6644
5362,668.33386,793.5314
5363,656.0043,788.8458
5364,654.5372,786.81445
5365,666.12115,785.68665
5366,687.3755,784.4101
5367,708.7622,785.2842
5368,721.3754,790.26447
5369,726.38837,797.1773
5370,724.7535,801.5572
5371,709.2966,801.4456
5372,681.76294,799.67096
5373,657.56256,799.9313
5374,646.9531,802.296
5375,648.6352,804.9742
5376,657.05743,807.35913
5377,666.56036,809.3433
5378,672.03394,810.2562
5379,670.23395,810.1011
5380,663.9672,810.1218
5381,661.51666,811.3195
5382,669.2308,814.2646
5383,685.77386,819.7309
5384,701.7258,827.15656
5385,709.3001,834.41113
5386,714.7718,841.30835
5387,730.607,849.8725
5388,754.5271,859.57904
5389,770.1467,866.9718
5390,765.7478,871.3797
5391,740.75085,877.0519
5392,703.6904,887.79987
5393,670.1729,902.48676
5394,652.1115,917.6357
5395,649.5171,930.647
5396,657.64233,939.4684
5397,674.3942,943.37976
5398,694.29645,944.07837
5399,706.2492,943.7792
5400,707.05133,942.711
5401,709.6944,938.84924
5402,729.1205,930.85614
5403,758.6593,922.50757
5404,771.9172,921.4652
5405,755.26483,930.08496
5406,725.13153,940.6245
5407,704.61084,943.62537
5408,697.78143,937.11
5409,697.2878,924.8167
5410,698.39777,911.7899
5411,696.4767,903.15826
5412,689.41095,899.8654
5413,682.5534,897.4326
5414,678.57983,895.2507
5415,673.03406,899.29877
5416,666.1349,911.6724
5417,664.96014,926.91925
5418,673.50836,938.0333
5419,689.58484,941.5721
5420,705.7845,939.91583
5421,713.9185,938.0621
5422,714.9361,938.56604
5423,717.4049,941.0172
5424,725.78864,943.68994
5425,737.19806,945.5643
5426,746.1392,947.595
5427,749.8578,949.89514
5428,750.4146,948.245
5429,750.32446,938.9457
5430,749.4362,926.8686
5431,747.9011,920.44836
5432,747.1805,920.1867
5433,747.2911,919.16064
5434,746.0488,912.4408
5435,742.10876,902.9595
5436,737.2198,896.82513
5437,733.9747,894.73145
5438,732.87885,893.60266
5439,732.8184,892.81683
5440,733.57367,893.6524
5441,736.3502,895.9006
5442,739.932,898.73016
5443,735.2772,904.44714
5444,712.57855,915.9219
5445,680.63983,929.13635
5446,660.376,935.3511
5447,655.5911,931.73724
5448,653.17596,925.2066
5449,644.5096,924.51276
5450,632.635,929.7612
5451,625.43085,934.165
5452,625.01086,934.7008
5453,626.6082,933.6834
5454,626.29865,933.2286
5455,624.6555,933.22205
5456,626.2195,932.2638
5457,635.1618,929.8428
5458,649.4166,927.1889
5459,666.0712,925.42645
5460,686.9081,926.0868
5461,704.81464,934.0659
5462,703.21735,953.40515
5463,685.89923,973.5156
5464,683.3656,964.569
5465,711.1241,912.3593
5466,740.5963,857.60614
5467,739.5038,848.59314
5468,718.9775,872.49365
5469,705.1917,889.14764
5470,698.5486,885.3295
5471,688.636,868.84607
5472,677.15784,852.38336
5473,670.5273,844.66077
5474,668.74713,844.0819
5475,669.72845,844.30695
5476,673.16284,842.9197
5477,674.90027,842.9412
5478,667.39954,849.14594
5479,651.34235,861.85724
5480,639.09375,875.0193
5481,645.7467,884.7909
5482,677.918,894.0674
5483,721.15656,902.4565
5484,747.919,902.3696
5485,749.13885,891.16626
5486,739.3597,876.96686
5487,732.0032,868.2972
5488,729.6568,865.3868
5489,731.0923,864.21625
5490,734.1872,863.45056
5491,735.83276,864.1133
5492,733.0256,864.98883
5493,724.5759,862.82526
5494,714.4353,858.1598
5495,708.1846,854.4575
5496,703.6584,849.78516
5497,694.6655,840.078
5498,681.0939,833.45416
5499,666.6579,845.0626
5500,655.24115,871.6739
5501,651.24835,892.2717
5502,654.54803,896.84973
5503,659.6562,892.9767
5504,662.78406,888.953
5505,663.5051,887.28766
5506,661.6327,888.4175
5507,658.3577,890.7783
5508,661.2812,888.33234
5509,679.93317,874.8014
5510,709.1997,853.1202
5511,730.77435,833.4814
5512,736.6671,821.97626
5513,734.8707,818.56555
5514,733.8574,820.39496
5515,734.7929,823.14105
5516,735.43054,824.7818
5517,735.1326,826.70825
5518,735.73676,829.6868
5519,736.6342,832.2092
5520,728.0295,832.2329
5521,698.9274,828.8303
5522,659.0892,823.87994
5523,633.658,821.72876
5524,630.4289,825.2538
5525,634.8727,833.22314
5526,634.0095,841.3241
5527,628.8487,845.5084
5528,627.17706,845.9465
5529,632.62085,846.5238
5530,642.3352,849.76324
5531,650.81366,854.4557
5532,655.1286,857.77216
5533,657.2691,858.3316
5534,657.2605,858.9058
5535,649.55115,864.92706
5536,633.9588,876.95593
5537,619.6897,888.72906
5538,614.787,894.921
5539,625.1955,895.2903
5540,654.62427,892.86017
5541,690.10046,891.53326
5542,709.395,892.51025
5543,709.91547,893.6049
5544,706.4,893.2176
5545,706.67377,892.7418
5546,706.5953,895.6345
5547,701.96716,904.7913
5548,698.01746,918.0448
5549,703.7757,926.53217
5550,719.7651,923.7623
5551,737.148,915.83923
5552,747.12897,913.1617
5553,749.523,915.46924
5554,751.87225,915.9967
5555,759.40283,913.7304
5556,767.102,912.48395
5557,761.9192,914.4923
5558,736.25214,919.74817
5559,701.64935,926.05817
5560,675.87585,929.8209
5561,658.6278,929.65216
5562,643.902,927.8944
5563,645.7327,934.82117
5564,682.4482,965.59906
5565,739.43634,1011.88776
5566,775.0097,1029.0093
5567,767.3052,983.00226
5568,734.0789,904.2381
5569,708.1734,867.1191
5570,706.5859,912.1663
5571,719.7081,999.18365
5572,724.9601,1043.0212
5573,707.7391,997.646
5574,671.9382,900.90247
5575,640.64264,826.9285
5576,647.0079,811.48065
5577,704.81146,842.3236
5578,781.9302,888.1421
5579,830.04,918.0774
5580,837.46924,919.95087
5581,821.1196,905.9853
5582,783.3624,894.36273
5583,716.5568,891.87177
5584,648.4046,898.78613
5585,630.39453,915.2883
5586,666.6991,933.7324
5587,713.3683,942.5757
5588,740.7848,942.12024
5589,750.13684,941.1365
5590,754.1084,943.10315
5591,761.9963,946.9289
5592,771.986,952.973
5593,778.05145,961.37573
5594,779.8334,969.0921
5595,779.0787,973.2366
5596,774.1263,975.9714
5597,764.3466,981.51117
5598,753.1752,990.34937
5599,741.2566,998.8952
5600,720.23346,999.2093
5601,680.30005,982.1444
5602,628.34204,950.7292
5603,588.6362,921.7538
5604,576.30133,906.27405
5605,583.849,902.02014
5606,597.9203,904.01965
5607,612.1868,908.2094
5608,624.87585,910.3524
5609,634.5426,909.3268
5610,639.52277,906.9868
5611,641.6329,904.95355
5612,646.15125,904.0856
5613,655.8374,905.0563
5614,668.7047,909.3468
5615,681.9699,918.2945
5616,696.36426,927.90765
5617,713.26984,930.9888
5618,728.3169,927.6564
5619,735.60223,924.387
5620,736.4457,923.62
5621,736.2902,922.8752
5622,737.5151,920.62286
5623,740.0145,917.96686
5624,743.5051,917.4996
5625,746.9205,921.25616
5626,749.6883,927.91504
5627,753.6632,933.8791
5628,759.3317,937.12
5629,761.06683,938.48645
5630,751.8589,940.9309
5631,733.87274,946.0789
5632,718.9675,948.367
5633,716.10223,938.07544
5634,722.3932,915.8702
5635,729.1081,895.7334
5636,732.2205,888.1337
5637,733.5932,890.4597
5638,735.6943,895.894
5639,738.4597,901.20703
5640,740.3534,905.50195
5641,741.2015,908.65906
5642,742.169,911.1202
5643,743.70306,912.84924
5644,745.29755,913.6511
5645,745.1415,915.30286
5646,740.688,921.1014
5647,733.55347,930.3625
5648,729.7338,935.1751
5649,731.54144,928.2925
5650,735.405,914.0826
5651,738.54944,904.06903
5652,741.51294,902.77386
5653,744.08026,906.2413
5654,744.9655,910.48175
5655,744.9684,914.488
5656,745.72156,918.17554
5657,747.5599,920.91406
5658,750.16626,922.1656
5659,752.895,923.0355
5660,755.41656,925.2158
5661,757.775,928.33734
5662,757.55927,930.9289
5663,751.05597,932.5796
5664,740.814,932.1274
5665,735.7612,927.1507
5666,740.0765,919.49347
5667,747.73706,916.6392
5668,750.7785,922.6505
5669,749.2477,932.1028
5670,748.65186,937.4872
5671,750.64655,938.2702
5672,752.63995,937.9217
5673,751.05634,935.8405
5674,742.92786,928.08594
5675,732.4619,916.5964
5676,729.50037,910.0802
5677,735.4444,912.2016
5678,741.62036,918.9877
5679,742.138,927.6388
5680,739.80145,936.7145
5681,740.701,942.2174
5682,746.25696,941.22186
5683,749.81256,934.82135
5684,743.3178,924.95715
5685,729.3664,912.9693
5686,719.86334,901.9984
5687,720.82043,895.8246
5688,726.51685,895.6426
5689,728.5498,900.08716
5690,724.8989,906.2758
5691,719.57996,911.39496
5692,715.41223,914.3441
5693,709.4121,916.30566
5694,698.9043,919.90643
5695,693.2555,924.58264
5696,706.09753,925.3074
5697,731.2357,920.1923
5698,749.50903,913.60284
5699,757.1144,910.19116
5700,760.162,911.23425
5701,749.82837,912.48694
5702,710.19336,904.2276
5703,650.94543,883.5739
5704,604.4517,861.9582
5705,587.0469,850.57465
5706,590.1583,848.821
5707,603.28296,851.6826
5708,623.44995,857.49945
5709,648.5067,866.8036
5710,672.8996,880.06714
5711,687.51337,896.0774
5712,686.8103,910.1844
5713,680.9873,917.85315
5714,686.9065,919.493
5715,704.4955,918.23315
5716,718.2797,916.93713
5717,717.6612,920.00745
5718,704.29816,930.4559
5719,689.5609,937.82166
5720,685.3314,920.77466
5721,687.27386,875.836
5722,679.15924,827.4094
5723,657.076,798.33466
5724,632.78436,791.2859
5725,615.32104,804.45703
5726,603.719,839.2879
5727,596.7434,882.67346
5728,595.8189,911.05365
5729,598.6089,920.1256
5730,603.59326,922.1239
5731,615.5125,922.84814
5732,636.2475,924.11255
5733,658.4693,929.5582
5734,671.0218,934.533
5735,669.68677,930.49976
5736,670.6157,929.894
5737,700.2435,960.396
5738,753.8147,1016.6936
5739,791.19366,1054.4376
5740,791.41583,1050.9492
5741,780.5974,1031.5856
5742,795.03577,1028.8463
5743,834.5441,1046.5121
5744,863.22626,1063.0088
5745,844.41656,1048.2385
5746,768.8561,983.6355
5747,673.48627,888.53784
5748,616.61847,809.41705
5749,616.01117,770.3652
5750,642.74146,759.388
5751,663.162,755.3632
5752,663.0572,745.16125
5753,648.694,724.5304
5754,631.632,697.62714
5755,615.78375,675.4638
5756,602.30225,668.14014
5757,593.89453,676.02606
5758,590.692,687.9872
5759,592.3364,692.9489
5760,598.7206,696.3199
5761,600.9699,703.5062
5762,591.73346,693.0492
5763,578.1617,655.7473
5764,566.79816,634.28815
5765,571.8081,668.01196
5766,614.65204,739.3599
5767,673.9133,807.8504
5768,698.7311,858.55707
5769,672.61414,897.0234
5770,616.8049,916.53815
5771,569.7621,885.25916
5772,569.2559,780.3345
5773,615.888,646.15314
5774,669.198,564.31335
5775,697.7111,555.42896
5776,707.3177,582.935
5777,714.9851,621.6686
5778,724.9945,664.3772
5779,731.56836,702.55707
5780,729.0018,729.94165
5781,722.65204,746.535
5782,723.3752,751.9546
5783,727.04126,746.5528
5784,720.0026,739.47394
5785,704.6054,742.4183
5786,694.5985,756.29645
5787,694.14166,772.41943
5788,698.3641,783.3324
5789,700.3597,787.5715
5790,695.73615,789.16406
5791,686.85803,793.59216
5792,674.1021,796.3565
5793,651.6817,775.2325
5794,623.4579,712.44305
5795,603.8078,633.05383
5796,592.85187,585.83246
5797,582.4344,580.80884
5798,605.35156,593.00134
5799,725.31287,614.02936
5800,921.04803,648.13104
5801,1053.724,679.06323
5802,1036.6656,691.58075
5803,939.9985,702.3534
5804,892.13983,731.5328
5805,975.9399,770.37164
5806,1151.2252,794.67175
5807,1265.3405,789.1678
5808,1240.6805,757.66394
5809,1148.108,717.27997
5810,1067.7297,681.1356
5811,1016.20276,652.9406
5812,984.57684,633.64197
5813,965.25024,623.6995
5814,956.2601,622.2664
5815,958.6561,624.8482
5816,968.7932,625.03156
5817,971.0861,625.0008
5818,943.8556,645.898
5819,886.8667,712.7892
5820,828.9265,811.0309
5821,777.0254,879.76733
5822,699.5893,870.865
5823,601.97833,796.34955
5824,539.8993,709.52795
5825,532.81537,651.7931
5826,552.16455,633.25525
5827,586.19727,664.9834
5828,646.7881,761.51685
5829,723.1686,888.3115
5830,776.8639,975.6123
5831,788.4984,1000.64874
5832,775.8502,992.609
5833,763.27625,978.56085
5834,759.39325,970.6751
5835,761.44946,977.39233
5836,762.51373,998.07623
5837,752.04846,1008.2873
5838,724.53436,975.0866
5839,690.564,904.80237
5840,660.25824,837.24945
5841,626.86224,789.7135
5842,592.84265,761.127
5843,580.92096,756.759
5844,597.36053,760.7627
5845,619.8071,740.09424
5846,627.8098,698.75574
5847,625.90015,672.7243
5848,640.77203,669.5114
5849,689.67505,664.6439
5850,733.17065,648.7368
5851,692.0317,640.38226
5852,548.19464,663.3346
5853,384.1602,719.0533
5854,291.40906,775.8685
5855,282.27277,803.9226
5856,314.44183,809.7917
5857,360.45258,811.1505
5858,415.45004,811.3037
