frame,x,y
0,785.75824,658.1119
1,790.6986,653.3422
2,793.06757,651.38055
3,793.12573,654.0332
4,791.0786,658.0265
5,785.34033,658.40485
6,776.8626,657.0552
7,771.606,659.3305
8,774.8091,662.9186
9,785.66736,659.466
10,801.6498,647.9934
11,821.804,637.6281
12,842.06616,635.0414
13,855.64294,638.24005
14,859.3531,642.9056
15,855.5481,646.3107
16,850.00665,646.83575
17,848.0088,644.75934
18,850.36426,642.19037
19,854.3742,641.6577
20,858.65955,644.331
21,863.6507,648.5746
22,867.3961,651.4351
23,866.4945,650.3277
24,860.9628,643.89056
25,852.6757,636.99316
26,839.62286,642.8456
27,818.13074,669.5488
28,793.0273,704.0579
29,776.47577,723.55286
30,773.4586,722.62695
31,777.9966,713.8418
32,782.8936,708.19476
33,785.7696,707.6575
34,787.4254,708.96954
35,790.492,708.21277
36,801.2671,702.9925
37,825.8632,691.2159
38,859.22986,672.18933
39,884.73236,652.39795
40,890.75574,646.4674
41,880.2726,663.15546
42,861.516,686.7151
43,843.72656,690.0387
44,837.3229,673.266
45,827.6566,664.1535
46,763.2623,678.46246
47,626.7037,703.79486
48,494.62482,721.96454
49,470.94403,724.59985
50,590.98315,706.5907
51,790.2855,673.0964
52,943.5887,647.208
53,986.82526,644.6581
54,965.8345,657.7361
55,915.92114,679.20276
56,807.93207,714.52454
57,658.39795,755.3227
58,557.9547,775.3822
59,548.8365,771.1003
60,582.74347,774.2649
61,611.0669,810.3279
62,638.79016,871.11676
63,692.642,943.5851
64,776.3295,1024.4803
65,862.70795,1093.8605
66,916.76556,1128.1355
67,921.2106,1134.2009
68,890.08795,1131.746
69,856.2287,1124.8328
70,844.20496,1110.5203
71,860.88184,1093.7074
72,895.3541,1080.2667
73,923.4436,1068.9554
74,926.11975,1059.089
75,900.6987,1054.2932
76,861.23016,1053.899
77,829.95496,1052.408
78,814.0037,1050.7809
79,803.77246,1057.5698
80,797.7655,1063.43
81,809.09735,1012.8373
82,844.3687,853.9841
83,882.0609,646.2067
84,888.7497,522.1279
85,860.0093,521.9351
86,819.13666,580.0575
87,779.04834,654.6421
88,737.1774,756.21155
89,705.04645,869.7212
90,708.72974,956.21136
91,753.0492,1020.849
92,808.5384,1084.7223
93,846.22296,1132.1824
94,869.6571,1146.3573
95,888.2905,1134.3335
96,886.36444,1104.0736
97,853.4609,1056.8925
98,808.6507,1000.255
99,775.5155,961.5612
100,765.526,968.5373
101,778.05316,1009.02625
102,799.2483,1046.1543
103,813.92365,1064.23
104,816.4724,1072.972
105,809.1654,1084.987
106,800.4954,1102.1406
107,795.76855,1113.639
108,792.0258,1107.1084
109,793.2352,1088.5089
110,807.4117,1077.8514
111,822.6941,1081.234
112,816.9638,1087.1604
113,793.021,1087.6913
114,775.2822,1086.3887
115,771.6796,1087.9636
116,767.0981,1090.3193
117,752.97375,1089.9291
118,738.5434,1088.6483
119,733.3643,1088.7805
120,734.41943,1089.829
121,734.06433,1093.315
122,733.4349,1098.8387
123,738.3727,1099.8778
124,744.74786,1092.6108
125,739.4349,1081.4434
126,718.527,1073.081
127,698.9179,1069.9072
128,699.1987,1069.228
129,711.6083,1066.793
130,714.1758,1060.7781
131,701.8787,1053.1311
132,684.21484,1047.2852
133,667.45746,1045.8884
134,652.4005,1050.5524
135,641.2415,1058.5955
136,657.72076,1058.5792
137,740.47925,1040.357
138,869.7556,1014.6196
139,955.62085,1001.8322
140,951.80554,1000.37695
141,905.4756,994.01056
142,875.9774,981.03174
143,874.7075,972.1122
144,879.4499,974.1043
145,871.4186,987.2886
146,856.164,1009.7021
147,849.15955,1041.491
148,855.9857,1082.9304
149,873.8288,1123.4998
150,894.975,1142.4922
151,908.1667,1132.0991
152,907.412,1107.7067
153,900.61,1087.1366
154,899.7646,1076.1306
155,893.94885,1073.9451
156,856.91046,1075.6321
157,796.2475,1073.0151
158,753.71967,1064.8895
159,750.862,1059.6941
160,772.8073,1060.3068
161,791.40576,1056.7496
162,786.79144,1044.2887
163,765.6066,1034.9165
164,749.0333,1041.6407
165,741.7779,1062.9039
166,737.88873,1083.8206
167,736.5387,1088.9391
168,735.05994,1077.3243
169,733.17004,1063.6542
170,736.64386,1062.0024
171,743.5015,1070.901
172,746.7654,1077.8202
173,740.76263,1075.8982
174,718.3432,1069.1724
175,687.6408,1063.8256
176,674.32465,1062.083
177,687.1598,1061.7067
178,705.8124,1056.7335
179,708.73096,1043.571
180,698.1928,1028.4088
181,687.9778,1021.03937
182,678.455,1021.2944
183,665.89435,1022.4772
184,651.04736,1023.9442
185,625.7463,1028.6273
186,594.80536,1034.6309
187,613.1858,1034.4016
188,731.82837,1021.16675
189,890.811,999.454
190,973.78143,980.042
191,966.6692,964.20044
192,933.7489,950.6739
193,901.5472,947.38196
194,867.74725,959.00183
195,841.58435,977.80743
196,833.69714,995.9301
197,855.4625,1016.48987
198,914.9564,1044.5477
199,982.1192,1070.358
200,1007.43774,1076.1166
201,993.62054,1058.5731
202,981.734,1032.1217
203,975.2538,1016.8791
204,946.70557,1026.3376
205,897.76935,1054.6863
206,856.9934,1078.8376
207,841.56665,1075.7933
208,853.23816,1039.7568
209,880.1387,991.68475
210,891.61584,965.0726
211,862.14685,976.7079
212,804.66705,1015.9983
213,762.0217,1056.8932
214,760.81415,1081.8126
215,792.5904,1094.2979
216,840.53186,1101.5371
217,889.4594,1098.877
218,916.5433,1081.3018
219,911.226,1055.8242
220,890.07007,1037.4552
221,865.76575,1038.5739
222,826.359,1059.6786
223,768.17554,1087.1289
224,720.26074,1100.3971
225,717.8917,1086.6681
226,770.3412,1054.2095
227,848.1998,1027.7502
228,902.3208,1024.5544
229,910.1908,1036.8616
230,889.57056,1042.9354
231,865.54236,1033.157
232,837.8758,1019.20557
233,786.97345,1018.6015
234,714.3994,1035.515
235,659.8835,1057.5095
236,666.2978,1066.3568
237,735.9305,1052.1525
238,819.2182,1023.11694
239,849.8324,1000.9329
240,807.0772,1000.2896
241,741.01404,1013.5829
242,724.5033,1023.224
243,780.0345,1025.7156
244,857.1959,1031.3699
245,891.75885,1045.3656
246,880.63837,1061.4923
247,867.8179,1070.7123
248,871.51495,1067.6566
249,871.60175,1051.3934
250,855.5928,1027.5829
251,832.3654,1010.397
252,800.2529,1013.0037
253,743.127,1032.733
254,673.7887,1052.4601
255,637.0706,1055.6154
256,657.9636,1037.276
257,723.4305,1008.42426
258,796.36993,989.78827
259,834.5615,992.16095
260,826.87024,1004.85175
261,802.6286,1010.7105
262,791.01154,1005.35547
263,782.2952,993.7808
264,747.7244,979.5108
265,695.693,967.4805
266,667.60345,964.39105
267,678.18365,968.1856
268,704.2107,968.33276
269,722.8012,958.5953
270,730.04395,944.1518
271,730.34296,936.0309
272,723.2802,938.43945
273,708.6281,944.2205
274,706.04504,945.85785
275,742.84265,944.8293
276,807.635,946.7787
277,865.98334,953.71533
278,917.368,962.197
279,967.1992,966.0933
280,979.32477,962.3345
281,919.4384,955.91095
282,815.7945,955.5679
283,740.6001,961.95233
284,736.1991,966.9199
285,779.1533,966.6744
286,806.53827,965.80725
287,771.54565,968.1642
288,696.1463,974.4042
289,650.6463,985.08624
290,676.0697,996.85516
291,749.7603,1002.12054
292,804.70514,997.8063
293,790.3179,988.6213
294,733.09534,980.1661
295,695.4223,972.4279
296,690.3583,963.5965
297,691.1516,957.39056
298,692.53503,958.18335
299,717.6288,960.5414
300,773.1076,954.25684
301,829.3641,940.82416
302,863.28174,932.87866
303,883.52167,934.9179
304,885.4054,936.4555
305,841.2251,927.26996
306,766.1037,912.6001
307,717.9098,907.76184
308,715.236,919.9353
309,720.0417,941.47076
310,697.843,958.5863
311,661.26996,962.6104
312,649.808,954.7226
313,675.33246,942.8133
314,712.0274,935.29095
315,735.1122,935.10345
316,742.05005,937.1289
317,739.63605,932.58295
318,730.4016,918.4928
319,717.52167,903.677
320,712.5416,901.33673
321,724.0019,916.08386
322,738.06024,941.9582
323,733.1557,967.45306
324,724.4656,980.2767
325,754.51514,975.86523
326,824.761,963.427
327,889.80334,955.8489
328,922.2295,954.56146
329,936.913,953.9681
330,957.191,951.61755
331,976.63684,944.9068
332,965.6244,934.6056
333,916.23193,930.95874
334,856.87445,940.2818
335,819.45447,955.27094
336,808.2906,966.5594
337,807.88293,972.37854
338,806.6291,972.94727
339,797.9879,968.03345
340,776.8231,964.2195
341,751.21375,970.34076
342,746.7257,984.9382
343,783.9886,999.17883
344,849.6832,1007.1307
345,907.199,1008.62604
346,934.83527,1008.4737
347,934.9959,1012.28894
348,914.59796,1020.6197
349,874.00977,1029.3282
350,825.82434,1036.1544
351,799.9623,1044.5405
352,804.76654,1055.771
353,815.0417,1062.7128
354,807.7377,1060.2728
355,784.2922,1053.7006
356,763.90674,1051.1317
357,772.41235,1054.4276
358,825.0416,1059.4435
359,897.6939,1062.4427
360,939.4783,1062.8279
361,926.1567,1060.6962
362,873.80066,1056.6777
363,816.85364,1053.1382
364,783.11285,1050.1703
365,770.7599,1043.6171
366,761.9363,1033.2559
367,752.41425,1026.2302
368,747.57306,1027.4415
369,748.72906,1035.2784
370,763.00745,1046.9979
371,804.64703,1059.3832
372,863.88367,1067.7567
373,905.47235,1069.8265
374,915.34686,1066.4565
375,912.02435,1060.1848
376,913.26166,1055.5702
377,920.76654,1054.9246
378,924.8248,1054.9413
379,904.05444,1054.2324
380,839.72675,1056.8218
381,754.09955,1062.0989
382,704.39185,1062.9985
383,722.21387,1056.9763
384,790.54395,1047.6802
385,864.9541,1038.0028
386,904.1138,1029.6252
387,905.2929,1026.3523
388,898.87915,1032.1285
389,896.85156,1042.9786
390,875.1115,1046.169
391,824.4769,1035.0643
392,779.07416,1015.92676
393,769.9167,995.69763
394,792.8909,976.3405
395,824.1583,960.73486
396,843.6133,953.52985
397,853.2174,957.5472
398,869.1003,974.0958
399,897.0399,1004.41144
400,923.80664,1045.9753
401,931.6113,1089.0802
402,915.37244,1122.541
403,878.76263,1141.2623
404,828.63293,1146.2816
405,778.3317,1142.5702
406,744.8317,1134.8324
407,737.90015,1122.8802
408,746.1493,1107.771
409,742.6339,1096.2192
410,716.0233,1091.1089
411,688.30774,1088.2252
412,690.96265,1082.7764
413,731.1713,1072.9047
414,785.6912,1062.7563
415,814.80066,1059.0739
416,795.60834,1060.7344
417,759.76404,1056.789
418,772.3192,1036.9067
419,852.00793,1006.6777
420,940.5857,985.19037
421,958.41907,983.2343
422,868.82367,997.90295
423,721.23016,1023.99457
424,623.42865,1055.9379
425,626.6874,1084.4135
426,690.3651,1099.7362
427,771.96063,1098.6812
428,870.7958,1086.7849
429,969.31683,1072.7461
430,1020.37213,1061.1674
431,1021.73486,1053.0732
432,1012.3361,1050.6136
433,983.92584,1056.6858
434,890.474,1071.3777
435,756.6148,1090.568
436,677.08057,1109.363
437,690.90796,1127.5153
438,750.4221,1146.2463
439,797.45197,1160.6091
440,809.1239,1163.1146
441,804.08875,1152.4316
442,815.25244,1132.2952
443,843.3234,1105.1938
444,865.65674,1072.4196
445,877.56354,1038.9059
446,884.47766,1013.4899
447,891.5649,1001.67944
448,913.22217,999.4747
449,940.8818,999.5575
450,940.958,1000.43756
451,912.63446,1004.19965
452,871.59,1011.291
453,804.7327,1020.49133
454,718.8469,1030.4766
455,656.3634,1040.2239
456,628.38794,1049.7263
457,619.3908,1060.2513
458,631.6037,1070.8138
459,671.1938,1078.4738
460,728.67523,1084.1262
461,780.319,1090.5498
462,804.5195,1095.5652
463,802.9536,1093.611
464,791.06976,1082.474
465,778.35803,1065.0391
466,764.5019,1046.3865
467,739.4554,1030.5092
468,697.96045,1019.0327
469,657.9952,1015.0362
470,648.03296,1023.8959
471,682.6136,1044.454
472,763.6544,1065.6909
473,883.3169,1077.1498
474,998.7709,1079.0719
475,1049.78,1076.9254
476,1031.1711,1069.6097
477,993.6,1055.718
478,978.12946,1044.8668
479,989.8887,1046.4541
480,1011.11206,1055.6382
481,1009.7876,1061.9802
482,945.4144,1063.988
483,815.964,1071.1523
484,697.45465,1093.1334
485,668.5751,1126.272
486,717.3743,1157.0103
487,777.8608,1176.0332
488,810.1695,1181.2963
489,811.82733,1173.8871
490,799.5621,1157.5416
491,799.7967,1137.7274
492,825.239,1115.5217
493,860.2034,1087.6824
494,885.54126,1056.3026
495,897.09424,1028.7446
496,905.8867,1008.6579
497,932.04895,995.99384
498,970.6286,991.79895
499,988.1357,996.7309
500,970.13275,1006.978
501,923.0123,1013.3122
502,841.9995,1004.5631
503,734.4942,976.6773
504,647.18335,945.5137
505,615.6536,941.8815
506,623.15955,973.3237
507,641.2305,1012.7997
508,666.3631,1041.365
509,706.9403,1062.802
510,759.8327,1079.8204
511,803.1235,1086.555
512,816.66205,1074.7318
513,804.42114,1044.0558
514,785.0626,1010.025
515,767.7675,991.14655
516,744.31433,990.2722
517,708.5606,998.3734
518,676.4382,1010.98236
519,670.02655,1030.5913
520,691.9326,1056.0118
521,727.4025,1077.1924
522,766.3471,1081.8643
523,825.80444,1065.1488
524,921.935,1034.2828
525,1013.2284,1005.9911
526,1038.0952,993.56866
527,977.84064,994.098
528,843.609,995.02515
529,694.0452,992.9951
530,625.0344,996.3792
531,659.69,1010.0658
532,732.53156,1028.2365
533,782.34973,1040.8439
534,796.1944,1042.3656
535,794.21936,1036.0944
536,799.3077,1029.8943
537,816.3774,1025.993
538,833.11096,1018.2784
539,843.0237,1004.2434
540,857.2068,990.4293
541,861.5766,980.3608
542,815.2294,971.2575
543,732.8988,963.50446
544,672.6439,957.58344
545,641.2115,948.8286
546,618.3016,940.91785
547,626.2156,947.72595
548,690.2793,970.47424
549,776.2334,994.2159
550,827.3357,1007.4152
551,837.6298,1009.1981
552,841.2244,1004.6788
553,855.82245,1000.4983
554,869.3202,999.5152
555,866.46643,999.6577
556,853.47266,998.24445
557,850.6944,993.08344
558,863.51776,981.6101
559,859.7779,964.0694
560,800.17346,947.5416
561,710.0648,942.56146
562,658.173,951.7527
563,661.31024,965.708
564,686.0666,972.38495
565,709.0422,968.30237
566,724.10626,961.5524
567,733.34296,963.6341
568,745.8129,980.9243
569,761.9419,1012.7765
570,768.63214,1049.5203
571,759.087,1076.79
572,739.63226,1088.1238
573,717.18164,1088.625
574,701.6987,1084.9573
575,709.74347,1075.7477
576,742.79694,1055.575
577,786.5178,1025.4354
578,828.9026,993.79297
579,839.67566,970.45935
580,789.6052,961.094
581,733.7321,963.07733
582,766.5058,967.22424
583,868.2989,968.117
584,919.5918,969.1984
585,864.3427,972.86456
586,764.91614,974.79846
587,705.4287,972.6229
588,692.75226,967.367
589,677.6298,958.2768
590,646.0104,950.3436
591,632.7301,953.5697
592,664.0431,964.31915
593,726.2881,967.3146
594,781.35925,958.1782
595,808.08826,948.4233
596,819.9215,949.7208
597,839.5571,962.31323
598,878.4681,979.5664
599,934.0886,996.46
600,980.6173,1008.2964
601,968.1005,1004.28973
602,870.0156,975.6801
603,740.55347,936.159
604,665.9676,915.5087
605,659.5113,928.2177
606,675.0226,966.21545
607,691.61597,1013.7348
608,718.56396,1051.9861
609,751.5491,1063.0735
610,771.8273,1045.5316
611,775.6467,1017.5781
612,775.65204,996.005
613,779.3949,980.8879
614,783.84503,966.3
615,785.2959,952.7999
616,784.0853,942.8442
617,780.82434,935.9601
618,774.17065,931.73254
619,765.7212,930.16907
620,764.88043,928.96954
621,788.5337,923.2404
622,847.5748,911.7806
623,912.93915,903.82166
624,923.3925,912.71576
625,860.2512,942.1558
626,773.40344,980.8816
627,718.0658,1011.44257
628,703.34576,1025.7037
629,710.7423,1028.0682
630,737.53796,1025.0634
631,793.68243,1021.4971
632,859.7226,1022.6087
633,885.17523,1028.9775
634,843.96204,1032.8627
635,769.97876,1026.2081
636,717.79034,1009.8586
637,703.52655,992.01874
638,713.2835,979.69366
639,745.08765,975.20355
640,802.12415,977.63153
641,861.9447,982.6206
642,881.7206,985.70197
643,838.6282,986.8044
644,762.6467,984.2591
645,710.15106,969.49396
646,704.29364,941.43536
647,729.3415,921.09564
648,759.56036,930.59955
649,768.1471,960.3386
650,747.6395,980.6987
651,722.5399,979.1863
652,713.1505,965.62915
653,710.5846,953.8349
654,698.2443,952.11536
655,675.4804,962.758
656,654.1882,980.55206
657,646.76245,993.7539
658,659.7963,996.9059
659,683.2024,999.3793
660,697.0191,1010.80853
661,699.63934,1026.5931
662,711.6378,1035.3446
663,747.8376,1031.0076
664,793.5139,1016.1495
665,824.34674,1001.7743
666,840.5779,999.07947
667,853.7363,1006.6563
668,868.3486,1014.4232
669,887.4142,1017.70294
670,904.5281,1020.5361
671,906.657,1032.0037
672,891.27795,1059.8484
673,863.73895,1100.9924
674,835.9993,1139.4907
675,825.7196,1159.7577
676,835.43066,1160.6946
677,848.76495,1151.124
678,854.1069,1139.0347
679,851.59546,1130.4338
680,841.188,1126.1287
681,823.4187,1118.0027
682,802.90356,1100.598
683,781.4636,1081.8492
684,761.3889,1072.842
685,749.23267,1076.4677
686,746.81555,1087.9556
687,753.8218,1095.051
688,772.95636,1084.6832
689,796.4548,1058.6146
690,806.05444,1032.6147
691,793.7784,1017.7454
692,759.8981,1011.597
693,703.5624,1004.66693
694,650.4103,989.56555
695,671.26575,968.3227
696,809.4779,949.8495
697,984.9526,938.61127
698,1065.7885,931.06586
699,1032.6698,922.03186
700,970.17725,911.78467
701,940.85156,907.45844
702,945.6697,915.1589
703,964.16583,931.99713
704,988.73895,949.751
705,1015.61346,964.86487
706,1008.43915,982.66235
707,918.85645,1012.56726
708,779.02515,1057.4098
709,694.4076,1106.6702
710,708.8144,1144.0742
711,769.5003,1160.9684
712,817.73645,1161.7229
713,837.2341,1158.4542
714,837.86487,1157.5476
715,835.93317,1152.2979
716,844.65326,1132.4391
717,867.4901,1097.5026
718,897.0954,1057.4465
719,919.8033,1021.3053
720,932.521,990.2199
721,951.58813,963.70544
722,975.8696,944.9074
723,977.9572,936.77435
724,955.86646,939.2392
725,924.1824,948.9288
726,868.1982,960.63873
727,781.84485,972.2014
728,702.911,983.21704
729,660.13464,991.5923
730,645.1013,998.6729
731,646.55707,1009.0451
732,661.9462,1022.55664
733,690.7656,1035.9448
734,734.8048,1048.7495
735,783.76294,1062.177
736,816.20483,1076.5865
737,828.0755,1091.1384
738,833.25653,1104.2224
739,838.0368,1114.6631
740,832.71497,1122.4187
741,804.3916,1128.2239
742,758.4958,1132.8337
743,720.34485,1136.1967
744,710.97534,1136.684
745,735.8186,1131.5603
746,796.1525,1118.3735
747,887.36005,1096.1204
748,970.417,1067.0294
749,994.3991,1036.2269
750,968.7888,1009.9306
751,946.0898,993.6796
752,948.49884,989.0243
753,959.6967,996.45746
754,939.6216,1019.03687
755,851.7338,1054.0262
756,731.48883,1089.1178
757,671.5391,1114.3394
758,705.34033,1130.9642
759,779.4723,1145.8732
760,830.1757,1160.5073
761,835.8584,1169.1306
762,819.0975,1168.3099
763,815.3895,1161.696
764,836.59,1152.9891
765,863.7586,1139.3136
766,875.946,1115.9841
767,877.237,1086.1445
768,880.0119,1058.8481
769,885.76605,1037.65
770,894.96643,1018.62366
771,903.6773,1000.8635
772,896.6543,990.33325
773,857.8304,988.7399
774,784.63513,990.24786
775,707.8037,993.9148
776,666.5703,1003.5106
777,655.8427,1014.9599
778,653.3596,1021.0374
779,663.9837,1024.044
780,694.1252,1031.2195
781,731.4603,1044.0183
782,761.3856,1058.2755
783,781.614,1069.9237
784,800.83844,1077.0635
785,820.42236,1078.3146
786,830.29443,1074.3112
787,829.5987,1070.8341
788,828.9239,1074.0616
789,831.6436,1081.601
790,832.10486,1083.448
791,829.8083,1074.7634
792,828.6346,1061.8721
793,819.6893,1050.9468
794,789.23285,1037.2378
795,753.98566,1009.63007
796,745.68414,971.842
797,755.6787,955.9548
798,758.62854,984.173
799,765.6609,1030.6409
800,789.00446,1056.5863
801,807.7964,1054.509
802,805.4421,1042.2164
803,793.09033,1035.8099
804,801.2323,1034.2426
805,856.4159,1029.291
806,931.1301,1022.1477
807,960.6178,1020.3242
808,939.4425,1025.0704
809,924.41144,1029.2417
810,943.582,1024.0557
811,974.36847,1006.8164
812,993.4748,984.8887
813,994.2526,971.8155
814,958.2408,976.8971
815,859.43976,998.73114
816,720.3147,1030.2037
817,610.65796,1063.7762
818,565.2581,1090.4911
819,563.05255,1102.561
820,592.0496,1095.6729
821,673.62177,1068.0282
822,803.9854,1028.293
823,912.97736,996.12354
824,940.38885,982.4938
825,916.4756,981.7278
826,903.3303,984.06195
827,915.6595,983.18915
828,935.0543,975.71875
829,943.84503,965.04926
830,933.452,964.7543
831,911.22314,986.18854
832,895.2431,1019.9047
833,889.05853,1042.6074
834,877.16187,1043.9288
835,855.4438,1033.949
836,846.6249,1027.2588
837,870.3263,1027.811
838,903.67035,1029.6392
839,887.80414,1031.9332
840,796.9148,1042.5679
841,688.6718,1059.5702
842,638.2534,1068.8756
843,653.30536,1066.7759
844,696.4408,1063.4081
845,736.7228,1064.3043
846,778.12915,1062.7408
847,854.69574,1049.4742
848,954.39923,1025.8867
849,1008.45776,1003.7454
850,992.85986,991.50085
851,944.09875,989.0227
852,877.36224,996.43695
853,780.30035,1015.81714
854,683.1822,1041.5447
855,649.6841,1060.9222
856,699.45245,1061.8658
857,802.0992,1037.3103
858,902.6421,996.83405
859,946.16156,964.22107
860,927.4424,953.2512
861,867.1293,962.99524
862,763.37555,988.2292
863,644.55304,1017.58264
864,580.52484,1037.719
865,587.11743,1046.3821
866,619.5735,1048.7168
867,651.027,1047.34
868,677.7387,1043.6174
869,694.7182,1039.2257
870,704.5423,1035.0461
871,709.0558,1031.8302
872,702.4314,1029.7157
873,698.4839,1027.1208
874,721.26697,1021.98724
875,753.3121,1014.65173
876,753.69025,1008.4782
877,727.95935,1006.7549
878,716.2461,1010.01117
879,729.8423,1015.9338
880,752.9944,1020.4962
881,776.88727,1020.5736
882,790.0765,1016.0255
883,771.7533,1009.91425
884,728.55707,1007.41284
885,699.8337,1010.09186
886,707.2292,1012.441
887,733.3406,1010.9247
888,757.09045,1010.44244
889,779.6259,1014.7634
890,803.52344,1019.5051
891,818.4006,1020.05023
892,820.14325,1017.6027
893,813.02637,1013.06775
894,797.25104,1005.8047
895,775.39233,1004.81165
896,747.87665,1021.4492
897,706.9382,1043.3899
898,671.8711,1046.4093
899,688.99554,1030.1794
900,758.92206,1011.70544
901,826.48413,999.36145
902,851.5555,993.8165
903,835.35925,997.58014
904,804.0625,1009.6372
905,805.55194,1016.31476
906,874.4921,1002.23975
907,968.41943,973.21564
908,1011.00354,948.3257
909,997.3864,932.24243
910,955.6865,923.1329
911,865.0578,933.1477
912,722.5948,969.6239
913,604.2838,1012.95996
914,570.42993,1038.9662
915,595.07355,1045.7759
916,634.35583,1041.2574
917,678.83386,1026.4749
918,720.56866,1005.2279
919,740.2824,990.1657
920,737.98175,990.9826
921,735.5805,1006.4115
922,747.4088,1027.1422
923,765.33704,1043.0743
924,775.08704,1051.5079
925,778.9793,1056.7677
926,788.7188,1060.9543
927,802.3786,1062.1646
928,800.6471,1060.4021
929,768.16876,1057.6141
930,721.68396,1054.7996
931,700.5487,1051.2104
932,721.4097,1044.3562
933,762.0814,1033.5112
934,791.4456,1022.0456
935,798.175,1014.6391
936,789.78937,1012.7094
937,779.1074,1009.24023
938,774.8423,993.95416
939,776.16003,970.34564
940,770.8352,959.92773
941,742.76385,981.4693
942,691.47626,1023.6098
943,640.83594,1052.0011
944,625.96014,1050.2471
945,666.8808,1031.687
946,741.43304,1015.16974
947,802.21674,1008.8482
948,821.6044,1009.3842
949,800.00806,1009.40375
950,755.25305,1005.9645
951,711.5434,1001.186
952,682.3273,997.88446
953,670.0042,996.09717
954,679.3127,994.3712
955,716.46747,994.06213
956,766.77454,997.84985
957,789.9186,1004.9689
958,758.0605,1012.9277
959,694.86053,1020.29407
960,676.5226,1020.8053
961,764.4567,1003.2216
962,908.48083,970.7085
963,989.98914,944.85956
964,978.43976,936.1386
965,943.6293,931.67004
966,938.83105,919.9449
967,961.0938,906.8565
968,977.0088,904.6543
969,932.68335,922.52826
970,800.46173,962.80145
971,648.3312,1008.87695
972,576.80304,1034.6881
973,584.66473,1037.1566
974,599.2649,1034.9775
975,607.2126,1038.602
976,652.41974,1042.875
977,731.23956,1041.5217
978,786.34625,1034.8861
979,795.1838,1026.1759
980,785.64935,1018.4975
981,779.0226,1014.56506
982,764.62085,1013.6311
983,729.1442,1012.4611
984,700.6431,1011.63
985,722.786,1012.3525
986,771.84143,1011.08215
987,776.0115,1006.52203
988,724.5575,1002.15765
989,674.1915,1001.0114
990,664.55804,1005.3735
991,688.83234,1014.11865
992,718.7709,1020.93396
993,725.17206,1021.7935
994,698.0995,1019.04535
995,670.05695,1016.1628
996,690.50757,1014.99786
997,753.8147,1016.2684
998,801.7253,1016.0057
999,810.3496,1009.0329
1000,808.1351,998.0891
1001,811.4099,990.4085
1002,809.3866,990.8216
1003,802.46515,999.71783
1004,805.3906,1009.2153
1005,818.7877,1006.3862
1006,823.92206,989.7263
1007,812.22644,977.80865
1008,797.54553,985.2614
1009,787.5131,1001.12537
1010,776.42596,1009.2064
1011,764.16223,1007.64606
1012,747.2924,1002.29944
1013,711.3697,999.1949
1014,662.8842,999.7478
1015,640.1265,998.6049
1016,666.45337,991.18286
1017,717.68445,981.8346
1018,752.5329,977.8308
1019,756.1228,976.48816
1020,739.683,966.5261
1021,716.8527,944.8113
1022,689.55597,927.13385
1023,650.9462,933.9514
1024,619.1703,964.2425
1025,658.9963,992.4674
1026,808.5834,996.44403
1027,984.2492,981.1894
1028,1059.739,965.8093
1029,1028.8164,958.00946
1030,976.1481,954.73553
1031,948.0425,952.64636
1032,939.388,949.09796
1033,938.5534,943.83704
1034,939.82904,939.8162
1035,940.8389,938.652
1036,940.8981,938.34485
1037,939.9739,935.18604
1038,941.44,926.66376
1039,949.7471,915.1628
1040,955.388,909.89935
1041,939.11066,919.0458
1042,906.69403,936.4381
1043,893.82275,947.27106
1044,918.354,947.6305
1045,941.32495,942.03754
1046,900.8353,938.46277
1047,796.9895,956.4538
1048,697.5408,998.702
1049,650.22314,1031.716
1050,662.5704,1036.2355
1051,736.1742,1030.4495
1052,836.8662,1032.0027
1053,897.37866,1041.7656
1054,897.1272,1055.9154
1055,870.9795,1070.5917
1056,849.23456,1079.9314
1057,838.8775,1079.7847
1058,836.62024,1073.5972
1059,838.8624,1066.3009
1060,846.5251,1055.568
1061,856.43677,1039.3597
1062,858.7442,1022.9392
1063,850.2633,1011.9163
1064,827.9718,1011.2124
1065,778.9209,1025.3743
1066,708.6485,1047.3297
1067,652.39453,1061.699
1068,633.5801,1063.8682
1069,649.4509,1059.4731
1070,692.6381,1051.2638
1071,742.9777,1040.0653
1072,763.6399,1029.5333
1073,737.9057,1022.3678
1074,692.8007,1018.4497
1075,674.9443,1016.45496
1076,696.9076,1010.88806
1077,717.0521,993.62354
1078,709.1848,968.117
1079,713.85974,952.33765
1080,758.063,957.89154
1081,795.0365,980.5101
1082,777.6576,1010.93964
1083,724.1349,1037.676
1084,687.16364,1049.8944
1085,700.8199,1048.3367
1086,762.4931,1042.1547
1087,832.97687,1037.6721
1088,864.39166,1035.8152
1089,843.1678,1034.8756
1090,787.99304,1034.3181
1091,730.97424,1034.2944
1092,707.5806,1031.6338
1093,730.6874,1023.7741
1094,786.28455,1015.2788
1095,858.5139,1012.1253
1096,927.44305,1013.06213
1097,966.6405,1012.38556
1098,977.696,1006.74646
1099,986.3908,997.8233
1100,994.20856,991.7031
1101,981.6687,992.9912
1102,947.65393,998.3173
1103,907.69556,999.083
1104,873.6004,990.453
1105,845.5288,979.888
1106,811.0447,983.16046
1107,775.52625,1000.82605
1108,774.5755,1015.2872
1109,815.7129,1020.0714
1110,858.54346,1020.5561
1111,874.3513,1014.0392
1112,871.60876,1002.49384
1113,866.85645,1000.52686
1114,865.4061,1009.74786
1115,863.6159,1014.51776
1116,858.80554,1010.0186
1117,856.8001,1007.41693
1118,859.8787,1011.19574
1119,845.7392,1013.88385
1120,791.72876,1011.0527
1121,730.0333,1006.8217
1122,718.9879,1007.46844
1123,753.2013,1014.4672
1124,765.3244,1020.0881
1125,712.5352,1013.35004
1126,632.7943,996.70184
1127,610.8663,987.24994
1128,678.6774,994.09247
1129,767.05176,1006.58014
1130,781.34344,1010.0244
1131,707.0912,1001.7472
1132,612.9781,988.3212
1133,564.69385,976.8252
1134,564.4964,971.0751
1135,574.90356,970.45435
1136,579.81683,972.94434
1137,599.46295,978.4279
1138,654.414,986.4348
1139,737.20764,995.013
1140,803.29626,1001.6065
1141,802.7427,1003.12427
1142,750.79315,1000.31213
1143,713.6366,998.2108
1144,721.1059,997.5128
1145,760.1037,994.2902
1146,814.0335,987.65857
1147,861.21893,980.34546
1148,881.2328,974.9553
1149,869.21387,971.3891
1150,822.92126,968.0904
1151,755.5441,966.5875
1152,709.8049,969.5862
1153,702.7958,976.22156
1154,703.9883,985.0009
1155,702.17487,994.14685
1156,721.58704,997.6445
1157,758.0329,991.9297
1158,767.4718,982.86725
1159,735.753,977.58716
1160,709.5076,975.39453
1161,733.57526,972.10126
1162,794.2015,968.0241
1163,844.7647,965.86395
1164,860.92303,965.8635
1165,854.3536,968.0474
1166,851.14966,971.11694
1167,868.7759,969.2614
1168,904.4113,960.29364
1169,935.5857,951.63776
1170,939.7769,950.3359
1171,916.575,954.31744
1172,875.6174,957.6446
1173,821.931,958.7791
1174,769.0428,961.57776
1175,735.8606,970.362
1176,726.7856,984.39905
1177,726.87915,997.94617
1178,713.4595,1006.3801
1179,685.2011,1008.9896
1180,673.2206,1005.93475
1181,701.6132,997.8964
1182,750.6051,988.25256
1183,779.165,980.3859
1184,771.96906,974.60913
1185,748.6465,970.1455
1186,748.62646,965.7707
1187,807.68097,959.20984
1188,912.51044,951.0832
1189,996.9344,947.0175
1190,998.11273,951.0518
1191,895.52734,961.8455
1192,737.038,977.55786
1193,626.9179,995.2823
1194,645.4594,1004.6434
1195,789.24744,993.10175
1196,960.27716,964.0177
1197,1040.5385,939.68427
1198,1018.90936,938.5768
1199,973.1836,958.7582
1200,955.4992,985.27795
1201,962.9714,1005.27435
1202,954.9235,1015.7074
1203,879.1862,1020.58466
1204,746.2569,1026.0674
1205,648.31055,1040.4579
1206,651.6574,1069.3387
1207,725.3946,1104.087
1208,796.6659,1125.407
1209,825.2167,1123.1495
1210,823.5302,1102.9758
1211,825.7902,1075.1458
1212,845.5854,1046.2611
1213,870.3027,1019.821
1214,884.0355,998.49554
1215,892.4137,983.6054
1216,917.3613,974.14087
1217,946.11,967.6081
1218,934.7944,961.15295
1219,888.3076,954.4406
1220,860.3329,951.58716
1221,869.1846,955.05634
1222,866.39557,959.5252
1223,796.3327,959.0446
1224,682.9552,957.1096
1225,608.1574,961.35974
1226,600.1146,972.84143
1227,625.18933,987.09814
1228,662.6192,1000.64655
1229,711.083,1013.1554
1230,754.148,1024.8175
1231,771.00385,1033.568
1232,765.20074,1037.1654
1233,752.6735,1034.1564
1234,739.9921,1021.80194
1235,733.5448,1003.4691
1236,738.1238,994.5638
1237,732.69824,1001.45953
1238,702.7805,1007.7197
1239,690.0133,1000.6694
1240,745.53107,988.4077
1241,860.2545,980.88275
1242,965.98914,976.4746
1243,1001.1186,971.85126
1244,975.1215,969.5042
1245,937.99786,971.1589
1246,915.7402,974.8515
1247,909.3719,980.54114
1248,915.0878,990.2153
1249,925.99835,1003.4441
1250,934.5681,1018.85187
1251,939.9156,1035.5411
1252,941.3062,1048.4253
1253,914.15955,1050.3611
1254,825.92725,1043.1727
1255,712.512,1036.4695
1256,666.31116,1035.1403
1257,709.15125,1036.6355
1258,766.6389,1035.3882
1259,775.6292,1027.3342
1260,746.9027,1015.04767
1261,727.45715,1007.13324
1262,742.86346,1010.4619
1263,780.7176,1022.4942
1264,817.5905,1033.7782
1265,846.95465,1035.7692
1266,867.39136,1024.0461
1267,873.3649,1004.8693
1268,870.2376,993.9416
1269,858.7116,994.0632
1270,822.8767,990.5786
1271,769.9905,978.023
1272,735.64813,967.2513
1273,733.01697,965.9015
1274,743.4298,972.42596
1275,746.27765,985.2072
1276,733.1034,1000.2872
1277,713.6806,999.5988
1278,711.4494,974.1682
1279,737.4001,958.48694
1280,772.6836,979.6778
1281,789.9373,1004.5436
1282,785.0568,1000.2178
1283,771.0509,980.1108
1284,749.8212,965.8536
1285,710.3503,962.8878
1286,657.4852,968.2008
1287,628.44525,975.6848
1288,672.88617,980.7863
1289,798.8986,987.0209
1290,929.33636,1000.6242
1291,973.70325,1018.6643
1292,940.58673,1031.5751
1293,900.75574,1034.7312
1294,886.2775,1032.7509
1295,886.0628,1033.6255
1296,887.7078,1040.1238
1297,891.2428,1048.6562
1298,898.691,1053.841
1299,891.6946,1049.4022
1300,831.8029,1032.0227
1301,719.783,1015.0448
1302,632.5385,1024.138
1303,643.63495,1065.2048
1304,733.2888,1113.4874
1305,818.7627,1141.2136
1306,847.47943,1141.8429
1307,834.6925,1128.061
1308,821.9415,1111.831
1309,825.71967,1086.3304
1310,835.80554,1044.2854
1311,843.1829,1009.9471
1312,847.1376,1007.4063
1313,847.3199,1018.5391
1314,853.5633,1020.0748
1315,879.2699,1016.6473
1316,906.6286,1014.1806
1317,902.4169,1007.3422
1318,866.3875,997.6332
1319,812.4584,993.6499
1320,741.77936,996.65515
1321,676.0052,1002.96295
1322,647.9222,1009.8218
1323,648.58777,1013.3764
1324,650.1858,1012.84924
1325,652.1385,1012.744
1326,664.8185,1017.32025
1327,691.4861,1029.8384
1328,732.53204,1051.411
1329,774.8745,1074.2391
1330,795.1308,1085.2747
1331,788.4836,1079.3488
1332,770.9977,1061.5105
1333,757.27625,1040.3094
1334,750.9648,1023.0471
1335,741.2857,1012.9336
1336,710.60315,1010.1996
1337,667.5853,1012.06604
1338,662.59674,1005.9745
1339,744.64764,984.57043
1340,894.7041,973.3597
1341,1024.412,997.9799
1342,1066.5948,1037.03
1343,1035.7826,1056.6864
1344,983.66864,1053.4496
1345,942.86237,1038.5941
1346,921.106,1021.74133
1347,913.0412,1012.4577
1348,910.7777,1016.0732
1349,913.58594,1029.0192
1350,925.2676,1043.7524
1351,932.7304,1052.8636
1352,894.559,1045.7479
1353,788.7225,1017.689
1354,671.416,988.7218
1355,627.6677,989.9659
1356,671.9694,1023.6978
1357,748.8348,1059.2366
1358,803.41034,1071.3363
1359,822.73975,1061.0681
1360,825.847,1040.4877
1361,832.00494,1019.0563
1362,845.69653,1004.1313
1363,860.5148,996.9827
1364,866.97217,988.3692
1365,866.61255,972.2618
1366,878.7429,960.22144
1367,911.9981,965.65125
1368,938.85406,980.236
1369,932.1936,985.5453
1370,907.3836,979.6903
1371,882.1453,969.92175
1372,831.13654,954.4195
1373,742.06213,934.9484
1374,662.22235,924.1563
1375,633.905,926.55347
1376,646.0374,935.11926
1377,672.21704,945.2998
1378,705.2456,956.7744
1379,747.87775,967.5366
1380,790.7486,974.32056
1381,815.04407,974.90704
1382,816.3031,967.35626
1383,808.31024,951.4316
1384,807.5334,929.6584
1385,811.092,907.69666
1386,790.0393,897.51904
1387,735.4795,908.3123
1388,684.9044,932.72437
1389,670.79565,957.6031
1390,694.71826,981.0956
1391,746.9334,1006.46735
1392,804.476,1028.9741
1393,854.3396,1041.8792
1394,917.30664,1049.5879
1395,987.72,1059.24
1396,1015.8825,1066.5284
1397,990.74414,1063.7949
1398,948.3991,1052.9095
1399,910.1685,1042.1962
1400,884.91113,1036.8467
1401,888.98376,1036.3038
1402,921.816,1037.3888
1403,960.7648,1036.3441
1404,989.1619,1030.1779
1405,991.7283,1017.7423
1406,934.821,1001.43335
1407,811.594,989.687
1408,694.5022,989.1044
1409,665.9175,995.4292
1410,718.8294,1000.568
1411,788.89935,999.81946
1412,836.28064,991.7486
1413,858.734,978.432
1414,871.9057,964.2787
1415,889.2593,952.2453
1416,901.42993,941.3231
1417,877.5556,930.92847
1418,800.1859,925.0139
1419,711.4727,929.64606
1420,678.9782,947.0523
1421,695.46906,966.6953
1422,695.56116,970.22284
1423,667.0064,956.42194
1424,666.4232,948.31354
1425,733.49677,962.53296
1426,828.98645,985.722
1427,882.7444,995.8438
1428,881.8925,990.0896
1429,860.924,977.675
1430,846.64087,965.29846
1431,853.2023,958.03687
1432,880.8323,957.27655
1433,913.26227,958.2313
1434,937.37225,955.9438
1435,948.1683,949.1365
1436,951.4764,943.66315
1437,966.716,948.953
1438,987.6069,958.24115
1439,961.2515,949.50684
1440,856.71106,918.5269
1441,729.0021,886.9112
1442,660.7491,873.93506
1443,665.31396,883.12854
1444,697.9427,909.27814
1445,725.97345,939.6055
1446,746.1436,958.59436
1447,761.9842,962.6022
1448,772.31757,960.1308
1449,774.51404,957.66315
1450,768.81805,955.2171
1451,762.46246,953.2928
1452,775.4633,955.758
1453,827.4659,963.0095
1454,898.8544,969.52545
1455,940.9705,972.3088
1456,938.779,973.01404
1457,904.62067,971.07733
1458,836.0826,963.71423
1459,747.8547,955.2229
1460,687.6006,953.908
1461,670.3243,953.1135
1462,661.1199,938.3005
1463,642.9652,917.79877
1464,647.8575,916.3535
1465,705.24054,937.81665
1466,786.52405,960.3899
1467,835.60736,967.0556
1468,841.36536,960.714
1469,832.4679,950.90454
1470,829.2663,944.9373
1471,838.98364,948.45154
1472,861.51056,958.3682
1473,889.6748,965.9154
1474,919.75366,971.30646
1475,943.9314,977.3564
1476,947.651,978.00385
1477,932.993,969.0903
1478,905.3967,953.5826
1479,850.60724,935.8874
1480,773.0766,924.05743
1481,712.66547,922.1469
1482,690.62335,922.0662
1483,691.3505,920.3241
1484,698.02686,926.8277
1485,706.0043,949.1312
1486,719.67444,983.9535
1487,747.6656,1020.21924
1488,781.2151,1040.6306
1489,795.24445,1031.5062
1490,784.2407,999.06506
1491,770.2422,964.3492
1492,772.5326,939.9271
1493,785.23834,925.4862
1494,788.49005,920.70496
1495,778.2313,923.83636
1496,769.44635,924.20795
1497,770.00073,912.27527
1498,772.6602,891.4321
1499,773.1022,872.26843
1500,776.6401,862.7944
1501,785.381,862.7279
1502,791.64233,860.3909
1503,787.773,846.16205
1504,776.37616,828.2903
1505,767.5093,821.31866
1506,767.23834,828.3559
1507,771.99207,843.57715
1508,778.7376,861.85864
1509,796.0439,881.5875
1510,833.24084,902.9705
1511,878.2382,924.9434
1512,897.6097,940.4862
1513,869.55383,939.4911
1514,813.4705,922.0107
1515,768.9042,900.1645
1516,751.63025,884.32245
1517,756.04834,877.3201
1518,780.59644,879.5403
1519,820.6968,889.33044
1520,855.2667,900.6128
1521,856.18274,908.43964
1522,811.62445,914.38617
1523,749.3291,920.51843
1524,716.7364,926.0368
1525,727.7741,933.3355
1526,759.0957,946.0804
1527,783.1978,961.0838
1528,782.50165,970.17816
1529,759.3398,968.9473
1530,732.0917,961.03705
1531,709.5856,954.1886
1532,690.2883,952.47864
1533,676.67804,953.57416
1534,669.7136,952.8823
1535,667.05774,949.2756
1536,672.137,946.1566
1537,688.18884,945.2319
1538,709.6737,941.3408
1539,731.0,928.64557
1540,750.74316,910.7449
1541,767.2978,897.759
1542,782.5404,894.01434
1543,801.237,894.9584
1544,820.28796,894.96545
1545,818.7573,895.0489
1546,770.0549,902.07965
1547,681.51294,919.55597
1548,603.9521,945.255
1549,584.04205,979.2041
1550,623.4579,1021.63947
1551,688.74365,1061.5415
1552,749.2264,1081.702
1553,797.08105,1077.4852
1554,829.3877,1060.834
1555,840.7309,1047.5118
1556,839.9228,1044.0311
1557,840.80884,1044.9398
1558,847.3673,1041.6371
1559,859.27014,1027.399
1560,873.5552,1005.38873
1561,882.2446,1001.0339
1562,870.753,1033.0281
1563,831.7547,1080.0854
1564,789.93207,1112.215
1565,777.0422,1125.417
1566,786.0733,1131.2462
1567,790.9668,1138.2074
1568,784.46954,1147.3257
1569,772.5417,1157.9226
1570,761.752,1168.5864
1571,757.3916,1174.4052
1572,764.3711,1172.7224
1573,785.66797,1166.6608
1574,810.4178,1160.2502
1575,823.76685,1155.2848
1576,844.9463,1149.1992
1577,907.47986,1134.9601
1578,982.23254,1109.1378
1579,1001.7005,1076.1597
1580,954.4489,1043.612
1581,864.0102,1022.9809
1582,748.5543,1026.4489
1583,666.3429,1047.5068
1584,698.92346,1060.9894
1585,849.1361,1055.7322
1586,1005.44257,1044.8285
1587,1056.4409,1040.0071
1588,1016.6582,1040.2474
1589,970.63007,1042.6747
1590,955.88684,1046.7864
1591,962.8396,1050.1315
1592,973.5887,1050.1847
1593,953.4888,1053.2544
1594,865.1559,1070.9855
1595,745.11633,1099.4227
1596,693.7072,1115.5481
1597,739.3269,1104.564
1598,802.2602,1078.2339
1599,814.85297,1059.0048
1600,798.3263,1052.9148
1601,804.5832,1048.2966
1602,839.31854,1037.9795
1603,875.99896,1025.5619
1604,903.21545,1011.0671
1605,918.5305,987.0629
1606,905.0213,957.94543
1607,846.24506,948.3889
1608,763.2553,966.7308
1609,709.6998,988.67126
1610,712.14294,999.60693
1611,747.02814,1007.6675
1612,781.63245,1015.8867
1613,801.18225,1018.0125
1614,796.5376,1011.94415
1615,759.62994,1004.94476
1616,710.2563,1008.1182
1617,697.5643,1021.4526
1618,744.3953,1027.1683
1619,813.0299,1012.0637
1620,850.9767,988.7504
1621,847.8955,977.0999
1622,826.80396,978.52686
1623,811.35986,981.69617
1624,818.58167,980.2907
1625,852.5488,976.8161
1626,892.56055,974.1885
1627,905.36194,968.5582
1628,881.4302,959.18427
1629,847.36957,961.8126
1630,829.33167,985.0484
1631,822.0732,1009.1817
1632,810.56793,1018.047
1633,799.90533,1019.6558
1634,798.0354,1025.7512
1635,790.7071,1038.0906
1636,768.89624,1050.64
1637,752.7228,1057.5646
1638,760.73846,1058.9391
1639,784.86316,1055.7002
1640,801.5392,1046.5535
1641,807.7173,1031.5769
1642,841.55774,1011.52246
1643,923.55005,987.2703
1644,1005.2232,962.51263
1645,1030.8821,944.8692
1646,986.03326,945.45734
1647,871.39764,970.9214
1648,725.59064,1013.5943
1649,632.3936,1055.9897
1650,636.1727,1081.071
1651,720.7423,1078.2758
1652,850.2341,1052.4857
1653,960.0253,1023.9392
1654,991.4259,1007.87524
1655,965.0244,1002.571
1656,941.4904,1002.82294
1657,942.7753,1010.8119
1658,958.1396,1028.0938
1659,975.3405,1047.9769
1660,986.41473,1060.3772
1661,990.9244,1060.5687
1662,996.78296,1053.6313
1663,1009.08203,1049.5045
1664,1020.58307,1051.0455
1665,1016.51434,1053.4652
1666,989.86066,1056.2527
1667,952.14185,1062.4713
1668,923.45245,1068.6267
1669,911.96136,1069.5018
1670,911.1684,1068.4982
1671,913.2263,1071.4681
1672,914.60785,1075.478
1673,915.3166,1073.8837
1674,920.69,1066.93
1675,934.59436,1059.9464
1676,947.2421,1056.3354
1677,943.7043,1054.0609
1678,925.181,1049.072
1679,908.19476,1045.31
1680,904.3215,1050.7742
1681,910.0835,1059.7194
1682,916.3035,1057.627
1683,918.3555,1044.2244
1684,917.03204,1032.5404
1685,917.97766,1029.7805
1686,922.55054,1032.6823
1687,904.12396,1036.499
1688,821.26587,1040.44
1689,694.6155,1044.9938
1690,618.2113,1049.4766
1691,643.89764,1053.2142
1692,720.15344,1054.1654
1693,776.9886,1049.2996
1694,804.5575,1039.3713
1695,826.97296,1028.1798
1696,855.53955,1017.8473
1697,884.3236,1008.6264
1698,902.2935,1001.3057
1699,903.654,997.55554
1700,881.9766,998.1938
1701,829.894,1001.894
1702,769.00586,1005.7273
1703,740.8483,1006.729
1704,749.61255,1004.147
1705,756.9639,1000.5239
1706,733.6149,999.8836
1707,693.2755,1004.991
1708,676.2619,1013.55585
1709,701.87,1017.12445
1710,747.5915,1009.7048
1711,778.987,995.2307
1712,784.3133,982.7265
1713,769.63324,979.57367
1714,737.46936,988.61237
1715,691.01904,1006.7339
1716,650.5932,1027.3253
1717,662.42535,1042.4349
1718,767.1756,1043.1925
1719,917.3293,1028.6344
1720,997.73627,1012.3717
1721,972.3349,1006.9879
1722,909.607,1010.5206
1723,873.4612,1017.1393
1724,877.2204,1024.8683
1725,905.6688,1030.8564
1726,922.27637,1032.7563
1727,880.067,1034.9347
1728,779.01935,1047.8612
1729,695.86005,1076.0856
1730,698.2271,1108.9591
1731,759.8013,1131.8484
1732,809.8305,1140.3655
1733,822.13116,1137.8313
1734,822.0559,1126.34
1735,835.664,1102.9435
1736,856.4743,1063.7028
1737,869.47736,1014.1824
1738,884.8486,973.1944
1739,920.53094,956.66907
1740,972.27203,959.9462
1741,1010.5256,964.5365
1742,1004.25055,958.31964
1743,956.7633,945.2582
1744,888.6156,937.408
1745,799.75116,940.60236
1746,703.2244,951.75934
1747,640.68964,965.2473
1748,622.7164,977.07465
1749,624.05676,987.9174
1750,633.0468,1002.2162
1751,655.289,1021.0778
1752,694.3608,1039.3298
1753,740.7191,1050.8494
1754,773.02686,1053.2854
1755,781.2901,1048.3707
1756,777.1779,1041.6559
1757,773.4674,1038.8918
1758,764.7442,1040.4309
1759,735.1976,1043.2446
1760,687.0899,1042.428
1761,656.25446,1023.939
1762,695.9045,983.88666
1763,819.895,959.90295
1764,949.1533,982.1063
1765,987.1735,1016.04736
1766,944.3319,1021.99243
1767,896.6863,1010.98883
1768,876.94415,1007.614
1769,874.9144,1016.1493
1770,881.62213,1030.1998
1771,896.025,1045.2714
1772,917.7981,1059.3629
1773,943.0791,1072.2257
1774,949.8476,1084.5391
1775,897.278,1094.3162
1776,780.65985,1100.415
1777,671.7537,1107.4641
1778,651.0312,1119.2357
1779,718.71893,1132.7449
1780,805.7997,1139.8772
1781,851.7198,1131.6523
1782,854.07043,1106.69
1783,846.7884,1074.0352
1784,855.19336,1043.8375
1785,888.6105,1019.19385
1786,944.08417,995.9507
1787,1001.3913,969.60504
1788,1036.0753,944.7411
1789,1035.1698,929.8894
1790,1000.5631,925.4614
1791,947.1305,928.07715
1792,882.3198,935.7905
1793,801.9224,943.866
1794,721.7952,947.79333
1795,667.23566,948.03827
1796,638.3152,947.7367
1797,629.24927,950.0011
1798,642.5943,955.77167
1799,670.7159,964.22424
1800,703.42804,975.8173
1801,741.1314,989.9137
1802,777.9317,1001.11786
1803,797.97845,1004.33905
1804,799.68805,1001.3457
1805,795.18854,998.1178
1806,784.8283,996.9767
1807,758.82166,994.7294
1808,723.5831,989.6053
1809,700.35547,984.7929
1810,695.54486,983.0059
1811,697.28174,982.27856
1812,699.65314,978.5545
1813,708.63336,971.30566
1814,727.7711,964.51886
1815,765.3013,961.9025
1816,839.3275,963.69727
1817,929.7039,965.99567
1818,975.4907,963.27405
1819,965.1784,955.62445
1820,955.10516,950.5992
1821,977.8735,954.85284
1822,980.34595,966.31464
1823,888.5627,976.1038
1824,738.6469,977.9904
1825,649.2933,974.9753
1826,657.6847,974.4298
1827,701.8464,977.7699
1828,729.3581,979.64667
1829,737.2179,977.006
1830,749.0881,973.1634
1831,781.4521,971.87744
1832,814.2376,972.0224
1833,824.0597,972.15015
1834,833.4737,975.6521
1835,853.73474,982.7052
1836,837.05786,986.16254
1837,773.2971,984.11053
1838,734.10767,982.20013
1839,764.32117,980.8564
1840,828.6863,975.3462
1841,879.1359,967.1718
1842,908.88495,961.44336
1843,934.18304,956.65875
1844,955.0658,949.6051
1845,940.1365,941.2806
1846,853.37695,930.66223
1847,726.01306,916.6314
1848,666.6727,906.74207
1849,742.0828,910.4393
1850,883.67914,925.9906
1851,962.49677,941.28326
1852,919.8158,943.9298
1853,793.639,932.46014
1854,673.3377,918.6695
1855,624.603,912.0038
1856,628.78674,911.00525
1857,635.0488,915.43195
1858,634.5948,928.2177
1859,650.37445,945.20044
1860,699.02,956.8947
1861,760.7761,957.1849
1862,796.50256,949.1814
1863,802.19147,943.17676
1864,798.6777,943.2042
1865,789.7763,943.8445
1866,778.16315,944.51227
1867,782.76483,951.1542
1868,812.68866,962.51105
1869,853.9963,970.83966
1870,881.1716,972.86224
1871,876.3225,970.03723
1872,857.0606,967.89636
1873,862.98895,975.96533
1874,898.7005,999.5625
1875,922.45526,1031.2896
1876,901.57794,1046.2009
1877,855.8346,1022.42633
1878,829.3877,981.0502
1879,831.38043,971.44104
1880,833.6481,1013.63635
1881,825.48773,1078.3019
1882,828.9627,1102.062
1883,847.8447,1029.6041
1884,842.9512,879.2656
1885,791.1738,740.3945
1886,728.676,674.5649
1887,696.0278,665.5753
1888,692.27014,686.52515
1889,708.9268,755.4167
1890,755.59564,888.38
1891,827.03314,1040.0718
1892,883.2679,1140.814
1893,895.6722,1170.6301
1894,876.0171,1161.225
1895,837.84314,1145.4857
1896,789.9545,1127.0785
1897,769.03094,1096.5005
1898,802.57635,1064.7649
1899,853.51807,1062.5186
1900,864.9494,1100.1549
1901,835.838,1149.8495
1902,808.68555,1177.612
1903,813.3955,1172.8765
1904,848.3734,1147.2899
1905,886.2913,1124.0419
1906,897.8055,1121.0851
1907,882.95966,1135.9867
1908,861.2722,1152.2347
1909,841.8856,1157.2379
1910,825.10565,1150.7072
1911,815.6965,1139.5383
1912,817.4334,1129.0942
1913,822.2612,1121.1335
1914,812.2719,1117.8346
1915,775.5562,1121.6787
1916,727.39264,1128.2803
1917,709.58594,1127.8575
1918,750.38086,1118.8082
1919,824.7061,1110.3246
1920,877.75653,1108.8154
1921,885.86597,1111.567
1922,860.1958,1113.0392
1923,810.98,1109.96
1924,755.29376,1103.6285
1925,732.57166,1096.17
1926,766.5977,1085.6802
1927,823.5435,1074.0685
1928,845.2257,1068.2932
1929,824.4153,1068.509
1930,806.3706,1069.4808
1931,819.964,1070.3455
1932,848.7407,1074.3556
1933,864.55194,1081.6421
1934,861.4809,1087.2002
1935,853.3785,1088.9221
1936,852.9215,1090.9996
1937,861.26416,1095.2583
1938,871.9573,1096.6296
1939,880.0816,1092.6932
1940,885.24786,1092.9764
1941,882.75543,1104.6798
1942,862.9053,1100.7861
1943,831.71936,1029.1451
1944,812.26263,888.1467
1945,811.5627,756.0879
1946,813.8,697.21344
1947,808.5737,688.971
1948,800.843,680.6389
1949,800.2387,680.0552
1950,812.76385,750.8363
1951,835.0539,913.6193
1952,854.71606,1084.5612
1953,862.77875,1170.6348
1954,862.6862,1175.9893
1955,861.14935,1159.1627
1956,858.2651,1151.8622
1957,853.449,1154.334
1958,851.579,1160.669
1959,854.7473,1167.1501
1960,856.96564,1171.2626
1961,854.1202,1171.6887
1962,847.7409,1169.2604
1963,833.34186,1166.6113
1964,801.18616,1165.9556
1965,758.35876,1166.0333
1966,728.32764,1162.9851
1967,722.81354,1155.2374
1968,741.09174,1143.4045
1969,783.89886,1127.4128
1970,842.9976,1108.801
1971,897.89984,1090.5671
1972,927.35834,1073.2819
1973,920.2786,1056.9531
1974,889.01776,1044.0337
1975,848.6894,1039.1165
1976,789.9497,1046.0897
1977,715.7325,1061.2695
1978,662.5701,1075.8402
1979,650.894,1087.9005
1980,666.7501,1099.5988
1981,695.11066,1107.666
1982,733.06976,1108.8737
1983,784.3247,1104.172
1984,847.49115,1094.9039
1985,901.1006,1085.9099
1986,922.04144,1084.9265
1987,914.41364,1093.1311
1988,898.2627,1104.5374
1989,886.6566,1113.2272
1990,880.94604,1116.9797
1991,875.2068,1116.2404
1992,868.31494,1111.7709
1993,868.4786,1105.0546
1994,875.0669,1100.3335
1995,872.9953,1101.9734
1996,858.05,1108.4165
1997,844.8728,1112.6969
1998,844.1989,1109.7072
1999,851.73157,1100.2826
2000,857.8373,1088.5052
2001,856.877,1077.2999
2002,849.238,1067.952
2003,839.6748,1060.9883
2004,831.8894,1055.3109
2005,821.4622,1049.09
2006,794.2083,1042.2754
2007,738.6465,1035.9626
2008,673.4851,1028.2657
2009,649.47644,1014.41205
2010,696.295,994.76117
2011,779.6504,979.00946
2012,838.68915,976.8701
2013,852.39233,987.8026
2014,843.1674,1004.84033
2015,836.2735,1023.41034
2016,839.9591,1041.8109
2017,848.83453,1058.0812
2018,854.6101,1070.8087
2019,855.39703,1081.0078
2020,853.75305,1090.874
2021,851.5009,1101.503
2022,849.6603,1112.3282
2023,847.76984,1121.2295
2024,845.13837,1124.1062
2025,845.38763,1116.9995
2026,851.97034,1101.6642
2027,860.5937,1085.9701
2028,865.1467,1076.2085
2029,862.2331,1072.56
2030,847.0976,1072.0504
2031,823.223,1072.1674
2032,810.18353,1071.4491
2033,822.6175,1067.6726
2034,848.6636,1058.6444
2035,864.016,1045.4796
2036,861.4698,1031.3934
2037,851.18353,1019.77075
2038,837.98395,1014.84973
2039,817.47046,1018.58417
2040,793.22205,1026.6063
2041,777.80664,1032.6978
2042,771.2537,1036.904
2043,758.2297,1044.4077
2044,734.3098,1057.2122
2045,717.1977,1071.6796
2046,721.91656,1083.1736
2047,737.5812,1087.5862
2048,742.77594,1082.0353
2049,732.8991,1070.1619
2050,707.722,1059.2976
2051,655.31665,1051.9993
2052,587.5796,1050.1617
2053,549.7567,1059.8663
2054,567.93506,1083.3297
2055,631.32477,1110.9685
2056,713.8709,1114.8615
2057,790.65845,1047.6226
2058,852.7702,890.35547
2059,896.66943,713.923
2060,911.3497,618.76373
2061,897.71655,617.6529
2062,871.77686,650.46564
2063,844.93854,668.477
2064,826.5929,657.99805
2065,842.56757,640.6177
2066,910.8599,679.35443
2067,983.96814,827.98206
2068,990.40674,1037.8156
2069,939.6786,1187.7922
2070,896.1197,1229.5018
2071,887.6777,1214.1769
2072,904.0688,1198.0228
2073,929.1209,1196.3301
2074,948.3453,1198.981
2075,950.5711,1191.5597
2076,932.7376,1168.9739
2077,905.5827,1140.2954
2078,873.70715,1122.0466
2079,816.89246,1121.9635
2080,734.4675,1132.5391
2081,672.57355,1141.9955
2082,669.3429,1145.2527
2083,716.09503,1144.399
2084,774.7496,1143.2845
2085,812.34894,1143.687
2086,826.42456,1145.2584
2087,832.0932,1147.3341
2088,843.2166,1150.674
2089,871.93994,1156.9039
2090,910.98956,1164.8779
2091,928.85486,1167.0483
2092,907.9325,1155.1534
2093,868.50385,1133.648
2094,848.32745,1118.054
2095,866.47363,1116.4294
2096,904.8578,1122.3289
2097,930.37085,1127.0018
2098,931.72174,1129.3109
2099,920.6846,1131.2316
2100,909.17664,1131.844
2101,900.6986,1130.089
2102,893.35284,1128.176
2103,878.5403,1129.288
2104,845.4237,1134.8369
2105,802.1231,1142.4115
2106,782.46063,1140.5348
2107,809.2664,1116.3074
2108,860.36554,1078.5957
2109,898.9346,1054.2749
2110,919.75037,1056.2483
2111,934.0203,1073.6794
2112,940.91504,1090.378
2113,938.277,1100.7867
2114,932.97327,1109.0073
2115,932.73157,1119.3378
2116,938.7236,1131.6472
2117,946.21155,1142.8143
2118,949.5713,1149.5251
2119,945.20953,1148.4425
2120,933.24286,1134.99
2121,917.8491,1108.1047
2122,902.02716,1079.0524
2123,883.50323,1065.3074
2124,855.23303,1074.4158
2125,810.5518,1102.3483
2126,759.69055,1134.8558
2127,724.9279,1151.1335
2128,714.1733,1141.8173
2129,730.8711,1113.7822
2130,774.98724,1079.6659
2131,816.3393,1053.1831
2132,831.3369,1043.6631
2133,842.17,1050.2451
2134,866.29865,1063.8551
2135,880.9136,1074.7346
2136,865.4626,1078.7485
2137,833.4135,1076.9177
2138,809.39905,1073.4774
2139,798.7678,1077.7025
2140,791.82153,1098.5243
2141,783.31506,1128.9652
2142,762.0069,1149.1992
2143,704.60846,1150.0808
2144,619.8246,1137.1628
2145,560.7994,1119.0193
2146,577.6614,1103.6097
2147,682.22015,1095.1093
2148,822.54517,1093.113
2149,913.3147,1093.768
2150,927.90125,1084.7432
2151,905.5629,1055.8245
2152,889.66046,1024.0094
2153,902.70874,1017.9602
2154,933.2502,1034.8794
2155,940.98004,1049.0382
2156,905.5403,1049.5581
2157,854.61444,1042.0846
2158,829.90784,1034.334
2159,838.1983,1032.0662
2160,838.8867,1035.7206
2161,783.2149,1041.4979
2162,680.8617,1048.7269
2163,600.4095,1051.7146
2164,597.5071,1013.0392
2165,675.94476,883.722
2166,786.06586,691.0225
2167,859.20685,541.96234
2168,877.13806,513.7724
2169,869.94586,610.4584
2170,856.2093,778.99316
2171,839.2755,924.56323
2172,835.956,985.4758
2173,863.4576,984.55457
2174,908.7136,971.82837
2175,938.248,965.8167
2176,936.2712,962.097
2177,918.4948,958.03485
2178,908.3759,957.13574
2179,911.33466,961.5541
2180,917.03986,968.7901
2181,905.5266,976.6572
2182,845.34406,987.8272
2183,729.2825,1006.3403
2184,612.3018,1029.8154
2185,561.22363,1049.8203
2186,589.592,1061.1675
2187,670.962,1065.6461
2188,761.1787,1068.0522
2189,813.4241,1071.744
2190,817.9933,1076.4309
2191,802.4498,1080.7244
2192,792.14404,1084.6635
2193,801.40424,1087.0347
2194,839.62195,1084.9507
2195,894.43835,1079.0803
2196,931.54004,1073.9833
2197,933.89185,1072.1981
2198,918.0285,1072.0339
2199,904.5085,1068.1299
2200,895.9562,1055.108
2201,885.8343,1037.5189
2202,872.0367,1030.2125
2203,856.45465,1041.2086
2204,841.5115,1059.4784
2205,833.9809,1065.2251
2206,839.39484,1053.4498
2207,845.227,1044.441
2208,832.1793,1059.0837
2209,807.3369,1087.3359
2210,799.9742,1100.5916
2211,824.60913,1086.7433
2212,865.0526,1059.7548
2213,900.1532,1045.1461
2214,930.2551,1056.0691
2215,958.6475,1079.8258
2216,976.8625,1094.7727
2217,985.57947,1094.5988
2218,990.70197,1088.7401
2219,979.2746,1088.3025
2220,936.6471,1096.9082
2221,877.9419,1110.4268
2222,820.423,1123.7456
2223,750.2594,1136.5775
2224,672.014,1149.5176
2225,639.2353,1157.734
2226,683.3633,1156.5914
2227,762.6848,1151.5651
2228,815.7933,1153.7255
2229,828.60876,1168.8687
2230,820.7065,1194.8336
2231,805.4977,1220.8473
2232,789.17065,1232.9308
2233,776.9767,1228.5662
2234,770.64886,1218.1343
2235,769.2528,1209.291
2236,770.2479,1197.4877
2237,767.3849,1169.8115
2238,751.8818,1120.6172
2239,721.6579,1066.8721
2240,688.33484,1032.3466
2241,678.97296,1021.07056
2242,718.3383,1022.4486
2243,787.0711,1026.6945
2244,830.86127,1029.0493
2245,826.664,1031.121
2246,795.4861,1038.5338
2247,760.0529,1054.7723
2248,728.96967,1075.4769
2249,706.9489,1091.3984
2250,698.679,1100.3973
2251,705.1957,1107.6753
2252,719.8659,1112.7164
2253,733.3219,1109.8475
2254,741.4259,1100.6757
2255,743.88043,1092.9956
2256,744.91925,1090.3866
2257,758.68243,1089.1143
2258,797.6009,1082.5865
2259,846.6718,1070.8304
2260,874.57587,1062.5731
2261,879.7054,1062.2351
2262,889.1805,1064.1366
2263,913.0167,1062.9502
2264,931.85645,1060.5131
2265,914.8103,1062.9767
2266,842.6378,1074.673
2267,745.3174,1091.0911
2268,685.281,1103.6156
2269,678.78046,1113.0153
2270,689.1982,1126.0552
2271,690.623,1144.6027
2272,687.15735,1166.8582
2273,690.14575,1186.9979
2274,716.9954,1190.9178
2275,789.0091,1166.803
2276,885.40393,1125.7697
2277,934.6208,1099.4
2278,894.9062,1106.6294
2279,808.2972,1133.1078
2280,742.6766,1153.1825
2281,709.7535,1158.3851
2282,680.6117,1152.3689
2283,665.01434,1134.8546
2284,713.4281,1103.9413
2285,825.11536,1067.9106
2286,923.6141,1041.3464
2287,953.53094,1027.1942
2288,934.67395,1017.2462
2289,908.86664,1004.9845
2290,891.6434,987.97
2291,879.6951,969.71466
2292,870.80493,959.1338
2293,867.4152,959.6368
2294,871.1639,964.9499
2295,879.314,969.2104
2296,882.9272,974.163
2297,871.793,983.16187
2298,849.2312,994.1445
2299,833.80664,1005.19116
2300,840.17633,1020.5292
2301,865.70233,1042.793
2302,893.62195,1067.6097
2303,907.3928,1090.3307
2304,901.1566,1109.3059
2305,874.6665,1120.7219
2306,835.8678,1116.5592
2307,811.3421,1092.3741
2308,825.3496,1057.0977
2309,864.75635,1029.2076
2310,893.59076,1019.94495
2311,898.6037,1025.7786
2312,891.9053,1037.6448
2313,883.36395,1049.7144
2314,875.3627,1058.7665
2315,869.82446,1062.7375
2316,866.168,1063.5563
2317,861.378,1066.6333
2318,857.457,1074.8267
2319,858.78705,1087.9586
2320,861.4615,1105.9137
2321,866.7131,1123.0127
2322,892.126,1127.3505
2323,934.2979,1115.1294
2324,949.8864,1094.6193
2325,908.94244,1075.297
2326,839.6801,1063.433
2327,792.7939,1063.0211
2328,778.7053,1074.2917
2329,773.70447,1090.7543
2330,753.94525,1099.8538
2331,690.63464,1093.8456
2332,588.6857,1078.4021
2333,520.45154,1065.849
2334,535.57117,1065.0486
2335,596.2591,1077.1425
2336,641.7301,1095.4585
2337,654.5542,1109.9629
2338,657.26825,1113.8883
2339,674.31775,1107.0297
2340,701.2967,1093.6917
2341,715.30896,1078.9069
2342,711.6011,1066.1838
2343,708.0146,1058.0652
2344,717.13153,1057.377
2345,733.2901,1064.4553
2346,749.11865,1074.6621
2347,768.48004,1083.194
2348,790.0986,1090.943
2349,801.509,1101.9299
2350,799.73914,1116.8395
2351,793.7709,1131.2706
2352,790.69244,1137.8387
2353,792.6982,1130.9225
2354,799.94684,1113.1097
2355,822.5702,1095.0552
2356,877.7561,1085.811
2357,953.1813,1084.7279
2358,1009.8197,1084.3098
2359,1025.8562,1078.2625
2360,998.5928,1067.2858
2361,920.18964,1061.4907
2362,786.36487,1069.7272
2363,642.8592,1084.7212
2364,569.8707,1094.4596
2365,584.33,1100.2035
2366,635.0268,1108.6653
2367,687.4042,1121.0581
2368,739.2713,1134.407
2369,783.9303,1144.5769
2370,807.67505,1149.2808
2371,810.7884,1148.8024
2372,803.4846,1144.7313
2373,792.54297,1139.4088
2374,785.09247,1134.0786
2375,786.1552,1126.878
2376,793.31274,1115.1487
2377,820.8443,1101.1267
2378,897.1946,1089.9282
2379,1001.9003,1082.7069
2380,1078.3561,1080.8014
2381,1108.1625,1088.642
2382,1080.081,1105.1776
2383,965.9061,1122.2435
2384,809.18933,1131.2593
2385,712.973,1128.2985
2386,705.27454,1117.6628
2387,733.6796,1108.0934
2388,762.3023,1102.2207
2389,788.5202,1095.7384
2390,811.20593,1088.6115
2391,837.8994,1086.755
2392,890.6217,1090.3345
2393,958.2646,1092.3275
2394,981.9757,1088.2922
2395,929.40314,1078.3262
2396,848.8923,1063.3597
2397,819.56836,1044.6473
2398,858.55927,1024.4934
2399,910.9712,1007.64197
2400,927.4839,1001.44226
2401,901.61084,1010.0989
2402,843.7991,1031.297
2403,778.16064,1062.0885
2404,740.7162,1100.5953
2405,741.72296,1139.5511
2406,767.6744,1165.7323
2407,823.09283,1169.7509
2408,915.8451,1155.8123
2409,1010.5915,1136.7191
2410,1054.1866,1120.3057
2411,1028.1211,1109.1779
2412,938.55804,1109.8922
2413,811.3736,1127.6754
2414,709.0974,1149.8322
2415,680.1236,1153.1261
2416,702.1944,1128.7517
2417,720.3659,1084.2396
2418,714.41644,1033.3391
2419,715.67126,992.26556
2420,764.8842,971.121
2421,850.5383,966.7995
2422,920.4733,966.9625
2423,944.4161,960.8321
2424,912.01624,949.14624
2425,823.7679,940.5931
2426,738.4683,939.11975
2427,740.0261,943.3984
2428,819.7632,952.10614
2429,887.51465,950.33154
2430,895.5423,899.3484
2431,865.11523,778.3621
2432,826.0427,633.05725
2433,793.1371,546.8875
2434,773.2421,587.00116
2435,764.83295,768.4812
2436,762.627,1004.80176
2437,765.25824,1160.2499
2438,770.56934,1198.4508
2439,769.86676,1182.1547
2440,753.2694,1161.1779
2441,721.4778,1148.7407
2442,693.31635,1147.0962
2443,706.07697,1146.947
2444,787.677,1133.6179
2445,900.965,1108.7765
2446,967.64667,1088.4484
2447,968.9765,1079.7666
2448,950.70526,1076.3901
2449,939.279,1071.4751
2450,912.47345,1065.826
2451,842.2061,1067.3899
2452,741.5054,1079.6404
2453,657.0676,1090.148
2454,620.1176,1084.3524
2455,624.8385,1067.0436
2456,647.26514,1053.7379
2457,661.6457,1050.0029
2458,649.34143,1050.5424
2459,619.4721,1047.8422
2460,609.4053,1037.3967
2461,640.9692,1021.0465
2462,691.61914,1005.99194
2463,725.2146,998.575
2464,733.26215,1000.4635
2465,731.7762,1011.57666
2466,736.2702,1031.4906
2467,755.20105,1054.9958
2468,799.5605,1070.9406
2469,878.09375,1069.8102
2470,964.3848,1054.0867
2471,1006.6604,1036.4169
2472,996.6603,1024.1816
2473,971.491,1014.55444
2474,944.97455,1005.43964
2475,894.0912,1000.6169
2476,810.29626,1002.57294
2477,729.13635,1007.4648
2478,693.85254,1010.9543
2479,709.1574,1013.7985
2480,750.95483,1020.03436
2481,798.7027,1033.0497
2482,837.2249,1049.2639
2483,847.09607,1056.8197
2484,820.0326,1048.378
2485,781.51575,1033.0416
2486,772.64886,1026.2991
2487,805.49603,1027.2198
2488,858.7305,1020.91156
2489,903.9543,1006.2312
2490,921.89667,998.2339
2491,916.52,1003.18835
2492,911.30457,1012.61414
2493,918.5514,1018.10284
2494,917.8415,1020.6298
2495,878.2076,1025.6611
2496,810.055,1032.3302
2497,765.20056,1037.1935
2498,771.88544,1044.4692
2499,806.1853,1056.6676
2500,836.4509,1063.8024
2501,859.2367,1056.299
2502,877.72925,1040.4692
2503,886.90784,1029.0549
2504,892.03436,1023.7193
2505,899.6601,1021.46454
2506,895.4049,1030.0201
2507,863.57587,1058.7164
2508,816.0084,1097.8319
2509,776.8747,1125.2186
2510,752.205,1132.1743
2511,739.1639,1127.1752
2512,754.7409,1118.0521
2513,817.1919,1104.3032
2514,886.0709,1090.0829
2515,884.4156,1088.947
2516,815.22876,1101.491
2517,776.2376,1107.7637
2518,832.29504,1095.7242
2519,935.1089,1076.48
2520,984.19006,1063.8627
2521,937.4239,1058.8469
2522,844.5182,1058.6731
2523,777.23486,1064.8177
2524,749.57,1078.0104
2525,728.00366,1095.386
2526,699.315,1112.1305
2527,685.93036,1121.2477
2528,699.85925,1117.8749
2529,724.25116,1103.3319
2530,758.418,1081.413
2531,827.8324,1061.624
2532,903.5137,1064.0468
2533,902.7589,1100.1464
2534,820.24725,1148.3245
2535,738.1638,1175.0996
2536,705.64496,1174.6339
2537,722.7329,1150.5372
2538,788.0248,1094.077
2539,876.03406,1023.03955
2540,934.95044,980.71344
2541,948.3897,975.1962
2542,943.2835,979.55664
2543,936.90564,981.1371
2544,921.13367,988.30786
2545,885.95416,1004.7902
2546,830.1758,1022.47675
2547,765.4448,1033.2979
2548,720.549,1033.7101
2549,726.13025,1023.5127
2550,785.86676,1009.643
2551,862.4623,1001.7968
2552,911.9511,1000.4729
2553,924.7006,999.32526
2554,902.00104,998.45654
2555,839.55066,1003.95966
2556,777.39026,1012.44135
2557,786.3484,1011.2569
2558,863.9561,1000.54114
2559,934.7432,995.5132
2560,957.5788,1004.0823
2561,950.2566,1020.8068
2562,937.4608,1037.8151
2563,929.11926,1049.6537
2564,926.32166,1054.0018
2565,925.9981,1052.0918
2566,928.52167,1044.417
2567,941.7755,1024.3881
2568,964.2795,986.4906
2569,973.4997,945.64923
2570,956.68427,925.4671
2571,933.7815,926.27264
2572,925.94507,931.5748
2573,931.8643,934.1255
2574,942.70135,936.70435
2575,952.6277,940.7422
2576,957.87225,944.45276
2577,958.2541,948.21674
2578,956.63654,955.23737
2579,955.4864,965.32715
2580,955.01764,973.9792
2581,952.1825,979.30066
2582,942.3096,984.2078
2583,926.6779,991.0998
2584,916.2032,998.59937
2585,918.8895,1003.6952
2586,925.85315,1004.1665
2587,922.55804,999.9665
2588,910.84546,994.977
2589,904.5093,994.18
2590,909.40607,997.85974
2591,921.3082,1002.1843
2592,933.8095,1003.52264
2593,941.13544,1001.11426
2594,941.1712,998.92755
2595,936.4398,1002.40015
2596,930.1695,1011.09973
2597,927.5787,1018.5213
2598,942.39197,1018.74695
2599,981.05914,1010.7774
2600,999.9588,999.68744
2601,925.49713,995.45654
2602,765.8478,1005.54236
2603,629.0786,1025.4484
2604,584.9434,1044.4227
2605,600.25903,1059.5715
2606,631.67316,1069.3391
2607,696.4385,1063.531
2608,822.9413,1040.9198
2609,972.4702,1021.85455
2610,1047.734,1028.3898
2611,987.28125,1064.4482
2612,839.8609,1113.8867
2613,714.12054,1150.8042
2614,663.865,1161.9258
2615,666.8565,1156.4844
2616,683.54913,1150.7611
2617,692.09393,1152.4102
2618,693.0909,1156.017
2619,712.0433,1145.8496
2620,778.2735,1110.3988
2621,871.33484,1061.3568
2622,929.92365,1024.8981
2623,932.2447,1011.318
2624,908.64386,1011.68884
2625,890.4236,1016.19257
2626,889.0497,1019.5741
2627,900.1482,1019.1301
2628,912.39886,1015.2271
2629,918.5999,1011.41296
2630,919.39594,1012.8074
2631,919.9759,1020.84534
2632,922.52594,1029.9194
2633,918.8345,1033.8503
2634,887.5512,1032.0037
2635,812.0395,1025.9092
2636,719.6794,1017.0122
2637,666.6471,1008.1176
2638,666.66626,1001.95123
2639,690.6168,999.76514
2640,719.8774,1000.8043
2641,746.6311,1002.797
2642,759.0867,1005.7312
2643,756.60205,1011.9913
2644,749.6983,1020.53955
2645,739.3963,1025.9536
2646,717.84406,1025.8597
2647,690.49286,1025.635
2648,679.13116,1032.2175
2649,695.1955,1045.4899
2650,723.85944,1059.3667
2651,743.0727,1069.2463
2652,745.825,1073.236
2653,736.41693,1068.6334
2654,721.8959,1055.4993
2655,712.2677,1040.7905
2656,713.304,1032.1068
2657,725.95074,1030.0233
2658,762.40845,1027.8813
2659,834.61676,1018.90796
2660,916.6418,1005.62933
2661,961.677,996.6353
2662,959.09204,994.26013
2663,934.9459,995.6898
2664,914.00977,1000.1638
2665,906.9321,1007.0881
2666,913.9404,1013.9357
2667,923.7131,1017.7981
2668,908.1024,1015.59656
2669,842.653,1005.80646
2670,751.8172,993.3159
2671,693.13684,986.186
2672,687.65607,985.1183
2673,712.6896,984.6301
2674,741.6991,982.662
2675,759.03094,981.45306
2676,763.1458,983.3497
2677,761.9813,990.5667
2678,755.51154,1003.9471
2679,735.45593,1020.5392
2680,705.1119,1039.4036
2681,682.4338,1059.2145
2682,680.8385,1049.2509
2683,704.7381,956.9305
2684,748.9032,793.2081
2685,782.83167,654.06525
2686,781.2643,604.3265
2687,767.9395,612.8478
2688,772.2746,636.4668
2689,784.6632,699.7493
2690,787.2732,840.5448
2691,776.26434,1008.1318
2692,755.4675,1105.3201
2693,744.66223,1116.4866
2694,772.3425,1102.3329
2695,832.04816,1103.4293
2696,879.9305,1113.2832
2697,893.38617,1115.4005
2698,889.42444,1108.9991
2699,887.8874,1102.4071
2700,892.24615,1099.2778
2701,896.6039,1097.2484
2702,888.9827,1092.9998
2703,856.06946,1083.8976
2704,805.43195,1070.0759
2705,765.56836,1055.9027
2706,750.15607,1045.2059
2707,750.2193,1040.3185
2708,755.57983,1043.4716
2709,760.58295,1050.7367
2710,762.5572,1052.9281
2711,763.0664,1048.8517
2712,763.7624,1047.5791
2713,763.9341,1055.264
2714,763.89197,1067.8997
2715,764.60266,1076.3523
2716,763.67084,1076.3008
2717,755.02625,1075.5841
2718,735.37036,1086.6327
2719,714.0723,1107.3296
2720,708.5048,1118.4814
2721,722.9331,1106.3593
2722,743.7144,1080.1083
2723,758.4407,1061.0691
2724,763.7976,1060.446
2725,755.60333,1073.4966
2726,732.3343,1089.3025
2727,710.2145,1096.7874
2728,712.04755,1087.3524
2729,738.72235,1066.0333
2730,773.69073,1051.9333
2731,804.1496,1053.544
2732,822.04205,1060.9995
2733,824.2842,1066.2003
2734,816.19763,1069.1779
2735,807.7407,1072.0615
2736,806.66156,1075.9067
2737,816.74664,1077.6769
2738,843.492,1074.9629
2739,884.1404,1070.7975
2740,917.6824,1068.585
2741,929.09424,1068.2444
2742,927.45135,1068.457
2743,925.27814,1068.7302
2744,914.7626,1066.7343
2745,877.5879,1057.9375
2746,819.4762,1044.5857
2747,771.17065,1037.8898
2748,749.48773,1045.3649
2749,748.219,1062.8577
2750,756.322,1078.4335
2751,760.77606,1080.1257
2752,752.58307,1065.8997
2753,740.9312,1048.0826
2754,753.02905,1039.3977
2755,809.4715,1037.7479
2756,884.63794,1035.9089
2757,908.3566,1037.5175
2758,838.7774,1050.9377
2759,725.40924,1071.927
2760,659.7578,1083.6196
2761,668.91705,1074.5013
2762,707.55835,1050.9077
2763,737.79004,1031.8137
2764,768.89954,1029.2793
2765,822.3166,1037.7053
2766,884.6019,1046.3661
2767,921.97736,1050.991
2768,924.02484,1049.3871
2769,902.1583,1039.2496
2770,871.35297,1026.6311
2771,833.70746,1025.4418
2772,771.9654,1039.9462
2773,694.88,1055.6793
2774,646.02856,1057.6758
2775,641.6449,1049.8423
2776,674.337,1043.1465
2777,747.0525,1037.7638
2778,833.0977,1031.5557
2779,878.95685,1029.1833
2780,884.37933,1033.0481
2781,893.1451,1039.3971
2782,905.0126,1044.5298
2783,878.76514,1045.0682
2784,816.17065,1035.6821
2785,767.62585,1020.3728
2786,753.063,1019.84
2787,745.0701,1043.726
2788,722.7298,1071.2339
2789,689.912,1079.0656
2790,655.9984,1065.1754
2791,629.5372,1043.2876
2792,619.0003,1028.4244
2793,630.51733,1023.6635
2794,677.057,1021.7284
2795,768.2898,1017.2708
2796,868.2282,1011.9759
2797,917.45575,1010.0624
2798,914.09814,1013.0832
2799,906.3617,1020.03345
2800,916.7892,1027.4891
2801,921.166,1029.5979
2802,880.95917,1024.5096
2803,789.1083,1018.5666
2804,696.1166,1018.0685
2805,675.49854,1020.8268
2806,751.5601,1021.9226
2807,865.57587,1023.738
2808,936.68585,1032.1901
2809,949.8331,1045.5054
2810,943.06976,1056.0983
2811,939.5579,1060.702
2812,934.2323,1060.8035
2813,917.20276,1057.6232
2814,889.4419,1051.916
2815,867.0117,1046.8672
2816,863.9682,1046.1935
2817,859.3306,1046.7413
2818,814.88544,1041.2098
2819,744.7862,1030.5446
2820,702.67126,1022.95557
2821,692.2916,1022.7272
2822,672.2687,1027.829
2823,639.9997,1033.2725
2824,650.70966,1034.1622
2825,746.07104,1029.3433
2826,877.90265,1023.3939
2827,953.98975,1025.0796
2828,955.86285,1038.6727
2829,933.13934,1055.3447
2830,918.2828,1062.5079
2831,911.1596,1060.1501
2832,904.57196,1057.9464
2833,897.17847,1060.8821
2834,893.5524,1066.1582
2835,895.90576,1070.7719
2836,897.35236,1075.0753
2837,876.9041,1079.7275
2838,815.88245,1083.5951
2839,738.3832,1083.8265
2840,705.29346,1077.6377
2841,745.0036,1066.044
2842,815.9979,1055.0013
2843,859.63586,1049.7794
2844,866.7835,1048.944
2845,861.07996,1049.7285
2846,841.5616,1056.419
2847,792.1222,1070.8059
2848,742.5798,1074.5112
2849,750.15814,1047.9607
2850,804.99146,1010.17126
2851,837.05884,996.8662
2852,818.39,1008.62573
2853,783.51794,1019.08997
2854,766.75726,1012.4345
2855,769.7873,997.33905
2856,779.4357,992.9641
2857,790.0345,1005.9127
2858,807.5939,1032.6814
2859,838.9825,1068.3905
2860,874.8508,1093.3638
2861,892.30286,1083.6757
2862,880.5266,1049.6892
2863,851.0916,1025.1213
2864,823.9612,1022.0229
2865,812.7502,1029.5902
2866,820.52014,1038.0316
2867,841.0286,1043.5269
2868,860.9866,1045.1774
2869,869.0017,1046.0848
2870,863.6443,1050.1355
2871,852.1888,1052.6488
2872,848.99316,1040.8135
2873,864.48425,1014.8188
2874,889.3303,1002.57385
2875,910.1497,1026.5596
2876,930.5947,1065.4115
2877,951.1101,1086.6702
2878,947.2565,1091.2716
2879,896.3862,1089.4536
2880,819.751,1060.834
2881,764.97784,964.1671
2882,745.0433,797.86334
2883,737.10956,640.5609
2884,739.79205,600.8695
2885,776.35406,721.24164
2886,835.1594,925.28687
2887,870.82855,1083.1759
2888,874.265,1141.1964
2889,874.55255,1137.9464
2890,866.17664,1123.1205
2891,809.84546,1113.9214
2892,717.85254,1099.4221
2893,650.1446,1069.7438
2894,626.96924,1036.2996
2895,628.01654,1013.7043
2896,636.42285,1007.83624
2897,643.6314,1019.2083
2898,655.3203,1035.6791
2899,679.1633,1041.2345
2900,707.9046,1035.6495
2901,755.61475,1031.326
2902,853.6107,1037.2322
2903,960.31836,1050.2726
2904,975.58264,1063.0201
2905,884.6479,1074.0648
2906,779.7525,1082.5488
2907,735.38776,1083.6416
2908,745.1766,1075.5311
2909,765.10333,1061.5596
2910,769.6588,1046.8062
2911,770.2667,1038.499
2912,788.94806,1043.8538
2913,815.4007,1059.5396
2914,816.95483,1071.3765
2915,791.2189,1071.1968
2916,765.6385,1063.1277
2917,755.1154,1054.1361
2918,759.50995,1050.6827
2919,778.3927,1055.9746
2920,796.4765,1059.1436
2921,789.83417,1047.5801
2922,765.0489,1034.7374
2923,748.78033,1040.7153
2924,746.6345,1056.8014
2925,748.1872,1065.1154
2926,746.3172,1065.9419
2927,738.57666,1063.7501
2928,728.00183,1055.9617
2929,722.4019,1046.0027
2930,727.37256,1042.9432
2931,738.98724,1045.808
2932,746.8825,1047.3711
2933,750.5407,1045.2936
2934,775.26556,1042.1716
2935,848.2726,1044.2329
2936,939.63495,1052.3589
2937,982.8042,1057.9447
2938,971.1798,1056.5396
2939,956.9294,1051.1259
2940,959.5675,1046.754
2941,940.9027,1053.6471
2942,868.73047,1079.4185
2943,779.6483,1111.864
2944,739.7375,1127.849
2945,748.9491,1120.37
2946,755.6791,1099.392
2947,741.75323,1076.0237
2948,728.5555,1059.0853
2949,732.9016,1052.648
2950,750.89215,1053.3214
2951,767.98004,1057.1713
2952,774.81506,1062.9518
2953,774.44635,1067.3186
2954,773.426,1066.789
2955,775.0137,1063.477
2956,786.3198,1062.191
2957,821.5868,1063.3081
2958,888.63367,1061.4496
2959,965.0498,1052.7262
2960,1008.02527,1041.5818
2961,999.86786,1036.2698
2962,948.7969,1037.6228
2963,867.8872,1038.6343
2964,804.0103,1036.9257
2965,823.626,1036.3633
2966,916.4577,1036.1338
2967,991.0243,1033.1738
2968,982.93384,1032.6105
2969,901.8805,1041.7576
2970,804.0412,1054.6687
2971,751.7605,1054.7041
2972,767.5203,1040.0114
2973,825.28735,1031.9044
2974,882.8797,1042.1052
2975,915.627,1056.0443
2976,929.3871,1062.9254
2977,939.81903,1069.102
2978,947.9464,1077.3453
2979,938.18353,1081.0405
2980,894.2569,1079.0526
2981,828.2428,1081.7415
2982,777.6304,1093.891
2983,767.2676,1099.6987
2984,794.86804,1084.726
2985,834.3796,1062.8865
2986,856.20184,1057.8883
2987,859.7997,1072.0735
2988,860.35114,1091.6226
2989,861.2001,1105.1139
2990,861.3133,1107.415
2991,859.04584,1098.8892
2992,846.4693,1084.0388
2993,819.4232,1068.8671
2994,792.6221,1059.0991
2995,791.3334,1053.9628
2996,811.33606,1044.6661
2997,813.3817,1026.1794
2998,781.8726,1002.7262
2999,744.7777,983.02826
3000,727.00635,978.48773
3001,732.2439,996.1897
3002,760.22565,1026.8013
3003,802.781,1048.909
3004,838.2081,1052.2158
3005,850.9434,1047.2358
3006,845.27606,1047.1161
3007,837.7242,1052.5317
3008,842.38043,1057.0992
3009,857.8428,1056.2593
3010,864.7172,1051.2793
3011,840.5057,1052.8533
3012,786.7475,1070.3226
3013,740.0173,1090.9856
3014,734.7988,1092.3856
3015,761.78125,1075.0679
3016,787.39496,1058.2905
3017,795.38354,1051.8988
3018,792.202,1051.941
3019,791.4502,1052.7328
3020,800.00494,1050.2632
3021,812.12946,1042.5844
3022,817.1939,1032.9978
3023,809.5219,1027.2637
3024,789.767,1027.8955
3025,766.39545,1034.8668
3026,752.55005,1047.277
3027,754.7035,1058.317
3028,770.3795,1057.1101
3029,790.57294,1043.5361
3030,801.9635,1029.7819
3031,799.5792,1024.1256
3032,790.61804,1024.3647
3033,779.62146,1025.2327
3034,764.3581,1024.8973
3035,747.4083,1026.0208
3036,734.8857,1033.0647
3037,726.7712,1044.9088
3038,723.9299,1050.7565
3039,731.32275,1042.7749
3040,746.779,1028.3741
3041,762.6837,1019.2608
3042,773.3969,1017.83875
3043,779.2395,1020.7065
3044,795.95483,1025.2736
3045,841.30225,1029.5645
3046,900.02124,1031.1667
3047,930.2145,1029.5844
3048,906.8943,1028.5219
3049,841.43835,1031.3865
3050,770.2597,1034.6407
3051,726.3452,1033.4445
3052,713.42944,1030.3003
3053,715.13934,1029.0518
3054,721.6362,1028.9342
3055,732.4794,1029.4087
3056,740.5978,1032.3613
3057,734.72705,1038.5343
3058,718.1419,1045.223
3059,702.38336,1049.8553
3060,688.8209,1053.8047
3061,678.2377,1055.6862
3062,679.5598,1048.3636
3063,693.1259,1032.5452
3064,709.8399,1020.9257
3065,727.62976,1021.911
3066,745.49445,1030.7335
3067,755.7149,1037.9805
3068,760.2981,1039.0259
3069,778.05493,1034.9054
3070,818.41046,1026.4521
3071,858.9466,1008.4247
3072,877.7915,982.7185
3073,890.5092,972.8157
3074,911.9769,990.827
3075,925.7522,1012.7382
3076,923.3847,1018.5474
3077,917.5063,1016.3276
3078,912.2946,1017.3975
3079,900.3587,1021.6413
3080,885.153,1024.9688
3081,885.15314,1025.9224
3082,903.7395,1025.282
3083,910.5158,1023.9837
3084,873.4652,1022.46014
3085,803.0243,1022.54065
3086,742.35315,1028.7888
3087,713.5918,1043.0898
3088,704.6218,1057.5448
3089,705.04205,1059.5566
3090,717.3518,1046.4923
3091,736.8639,1029.657
3092,749.5319,1020.8959
3093,749.6232,1020.43207
3094,744.55225,1022.0616
3095,742.69946,1023.05725
3096,742.19183,1023.7742
3097,734.25024,1024.6178
3098,719.31354,1025.853
3099,710.41144,1026.2256
3100,718.3017,1023.9687
3101,748.0207,1020.8671
3102,799.12463,1020.4976
3103,851.66754,1020.7674
3104,879.9319,1010.96063
3105,883.08704,986.48114
3106,871.27625,967.106
3107,846.9367,974.1517
3108,818.829,996.2318
3109,804.56415,1009.6883
3110,812.8945,1011.29803
3111,834.1147,1010.11383
3112,853.1854,1011.1295
3113,868.4629,1015.2477
3114,883.74805,1020.9601
3115,890.7298,1023.2944
3116,876.9025,1018.7468
3117,841.8152,1012.1568
3118,795.6519,1012.24536
3119,751.9503,1020.4076
3120,720.53534,1030.4469
3121,700.83984,1037.4415
3122,689.53326,1041.2916
3123,687.0409,1043.5862
3124,692.0451,1044.5576
3125,702.0529,1043.7838
3126,714.16425,1042.4246
3127,722.5283,1042.2979
3128,723.8563,1042.3837
3129,722.18066,1038.0453
3130,728.30646,1024.239
3131,751.9269,1002.5382
3132,782.0003,987.18365
3133,793.6956,993.1978
3134,789.5495,1015.66754
3135,797.34784,1036.241
3136,825.2071,1046.6077
3137,858.6939,1051.8503
3138,886.49384,1059.0414
3139,902.102,1069.3556
3140,901.2457,1077.2488
3141,888.63043,1078.4855
3142,874.1505,1075.6791
3143,863.9135,1072.8723
3144,860.1559,1071.4553
3145,860.7553,1071.6027
3146,856.45404,1072.5204
3147,837.8123,1073.0957
3148,809.38574,1073.9963
3149,790.0895,1076.6864
3150,791.8548,1080.2601
3151,803.47064,1081.1383
3152,803.1682,1077.1079
3153,783.5427,1071.6705
3154,756.4564,1070.5344
3155,736.2226,1072.8635
3156,723.8737,1072.6051
3157,708.7479,1067.705
3158,688.27856,1060.7495
3159,681.57104,1053.1237
3160,708.4464,1044.3182
3161,752.2457,1035.8783
3162,770.1992,1031.2014
3163,750.4887,1031.2404
3164,727.11176,1034.8838
3165,732.7074,1041.1742
3166,761.11316,1047.7963
3167,782.54083,1051.4141
3168,778.265,1051.5774
3169,750.58875,1051.3641
3170,720.37177,1052.7253
3171,717.64905,1053.539
3172,759.2868,1049.0978
3173,836.75037,1036.7302
3174,913.2418,1022.40344
3175,946.01117,1016.63135
3176,929.6491,1021.38525
3177,883.7211,1031.0902
3178,817.4577,1041.8689
3179,748.41595,1050.8019
3180,710.1613,1055.0078
3181,715.5843,1055.9371
3182,745.93494,1058.0093
3183,776.1226,1060.9812
3184,791.72894,1056.3678
3185,789.1021,1037.702
3186,780.09656,1014.45966
3187,787.9402,1004.7224
3188,814.0889,1013.90735
3189,834.4051,1032.1172
3190,839.703,1048.9353
3191,839.998,1060.5795
3192,837.5131,1066.8859
3193,825.3379,1067.8359
3194,800.1239,1063.379
3195,770.77423,1056.7338
3196,754.5131,1053.3065
3197,760.1368,1053.5854
3198,783.4056,1053.2493
3199,815.8719,1051.2375
3200,848.4605,1050.69
3201,862.7666,1052.2993
3202,836.98895,1054.689
3203,781.5638,1058.1614
3204,737.40985,1058.439
3205,728.49536,1044.8215
3206,750.0362,1022.69775
3207,780.9153,1022.0489
3208,789.95667,1050.2224
3209,767.1608,1071.7845
3210,739.0461,1066.1968
3211,728.4977,1051.8893
3212,729.415,1047.6962
3213,728.2722,1053.8667
3214,722.63983,1061.8802
3215,717.85846,1064.0232
3216,718.1654,1057.998
3217,721.6956,1048.0303
3218,723.8688,1040.6292
3219,724.1104,1038.417
3220,725.51306,1040.0936
3221,730.4171,1043.4948
3222,737.0544,1046.6831
3223,739.38513,1049.1759
3224,733.34467,1052.0648
3225,723.2554,1054.9965
3226,719.8395,1054.019
3227,731.1295,1045.8633
3228,752.50116,1034.7748
3229,765.5654,1029.3392
3230,757.948,1030.8689
3231,748.09125,1030.1414
3232,768.25366,1020.62823
3233,813.54456,1012.24945
3234,842.4967,1017.8149
3235,842.08246,1030.5698
3236,846.0676,1036.4944
3237,872.6785,1036.3967
3238,896.53516,1037.5234
3239,895.7923,1039.8877
3240,880.4036,1041.2408
3241,869.16016,1042.1536
3242,869.1806,1041.2113
3243,874.8038,1033.6604
3244,866.14246,1020.11774
3245,821.81366,1013.0432
3246,753.9604,1025.257
3247,701.97064,1050.4716
3248,685.2604,1066.005
3249,695.6749,1057.7863
3250,718.0652,1033.9883
3251,741.26483,1013.4442
3252,763.1895,1007.0469
3253,779.76385,1011.01447
3254,778.8315,1015.343
3255,759.74927,1014.5409
3256,741.4203,1008.5018
3257,744.336,999.5781
3258,771.66345,992.6168
3259,804.72943,991.76935
3260,823.3577,995.36383
3261,830.5051,999.0699
3262,840.62946,1001.49866
3263,850.71967,1002.7826
3264,841.84796,1003.632
3265,806.34656,1006.8315
3266,762.24713,1014.1275
3267,735.0701,1023.9151
3268,730.2513,1034.8374
3269,735.48914,1046.5403
3270,740.09143,1055.3901
3271,740.8055,1056.9581
3272,743.1123,1052.6708
3273,758.5399,1047.5509
3274,782.8381,1043.4595
3275,786.10266,1038.0989
3276,753.6246,1035.9877
3277,713.3953,1050.3575
3278,694.0712,1077.326
3279,691.96515,1092.9866
3280,695.9318,1088.1038
3281,708.4767,1075.4617
3282,728.779,1065.4528
3283,742.0749,1055.7146
3284,741.7539,1041.937
3285,742.9083,1029.9171
3286,755.7979,1028.0908
3287,767.65533,1034.3544
3288,765.1637,1044.158
3289,747.04034,1057.9839
3290,717.77997,1071.9595
3291,688.087,1077.7448
3292,674.1687,1072.0631
3293,688.3254,1057.524
3294,724.7591,1041.0828
3295,772.0684,1030.2401
3296,832.8948,1025.1028
3297,892.2576,1020.4742
3298,900.0197,1015.08484
3299,830.51404,1014.431
3300,728.9932,1023.6451
3301,664.2422,1038.6501
3302,653.2704,1050.6492
3303,666.3241,1055.6852
3304,683.4115,1053.894
3305,708.25903,1047.0748
3306,751.7511,1037.6456
3307,819.8182,1026.2697
3308,893.51514,1014.84155
3309,935.256,1006.73987
3310,929.2007,1001.1922
3311,883.1152,997.8018
3312,809.753,1001.1846
3313,738.78125,1011.1751
3314,705.4788,1020.51154
3315,710.63135,1026.6328
3316,720.0134,1035.3848
3317,706.35187,1052.1869
3318,679.8507,1071.7418
3319,666.6687,1081.2563
3320,671.48663,1076.5248
3321,685.1992,1063.9875
3322,708.97644,1048.5594
3323,753.8091,1031.5017
3324,824.3156,1014.4699
3325,894.8925,1000.6829
3326,922.0376,995.82983
3327,903.6379,1001.7699
3328,890.72375,1006.7309
3329,922.9573,995.42126
3330,976.75104,972.6709
3331,992.39026,959.2579
3332,945.4283,964.1935
3333,873.44867,979.06305
3334,829.44086,993.88214
3335,822.2529,1004.4192
3336,811.3293,1010.1435
3337,758.42236,1013.3323
3338,681.00287,1016.93744
3339,635.29333,1021.83527
3340,655.18304,1026.1172
3341,732.73,1026.1139
3342,824.0783,1021.6126
3343,878.6159,1016.74286
3344,891.59534,1013.6562
3345,891.784,1012.9366
3346,890.50714,1016.7647
3347,879.60266,1024.755
3348,844.8765,1033.4642
3349,777.4788,1041.4941
3350,703.6577,1047.8894
3351,671.3174,1050.983
3352,689.30774,1052.4436
3353,724.0443,1054.5233
3354,753.08185,1055.2728
3355,782.2432,1051.9628
3356,813.2642,1045.3472
3357,830.7417,1037.6957
3358,829.68677,1032.506
3359,824.6097,1035.1096
3360,826.5567,1043.6971
3361,833.8507,1046.8247
3362,841.7254,1038.3322
3363,845.24866,1021.2829
3364,840.76013,999.1909
3365,832.0903,980.05414
3366,822.13727,971.92523
3367,804.0951,969.2466
3368,772.0295,966.71356
3369,731.1712,972.6075
3370,699.31335,993.30145
3371,694.88086,1021.1688
3372,722.0043,1041.0917
3373,772.524,1043.2643
3374,825.31354,1033.7262
3375,860.8037,1028.7693
3376,892.90814,1035.3372
3377,936.22644,1043.346
3378,953.4773,1034.6583
3379,908.5438,1007.2939
3380,839.9037,990.9467
3381,807.4131,1005.58044
3382,811.4189,1029.194
3383,820.33105,1039.9855
3384,822.83466,1040.9227
3385,824.49,1038.6195
3386,832.3055,1038.069
3387,846.9439,1044.354
3388,848.7037,1058.8063
3389,809.46124,1078.7207
3390,741.9534,1094.9404
3391,692.80444,1097.0392
3392,676.90393,1087.1735
3393,677.8948,1077.1627
3394,700.10614,1071.2682
3395,762.26306,1063.745
3396,842.6176,1052.9822
3397,888.8345,1047.1259
3398,892.2432,1050.5873
3399,896.5346,1050.4656
3400,932.93976,1029.8993
3401,977.67224,996.9919
3402,979.98145,977.22864
3403,926.51483,978.6643
3404,857.9817,990.9437
3405,820.5908,1006.1529
3406,819.8734,1021.2989
3407,832.0676,1032.7227
3408,841.1393,1037.7792
3409,847.83826,1037.2736
3410,857.07367,1033.17
3411,866.1997,1024.4061
3412,867.0233,1008.986
3413,859.875,994.5464
3414,856.9449,997.3223
3415,866.2107,1022.31384
3416,879.331,1053.6823
3417,884.56,1069.3182
3418,881.7383,1057.85
3419,875.27057,1024.1565
3420,868.7345,987.4478
3421,863.28815,968.0071
3422,842.72015,972.04706
3423,786.4075,992.8668
3424,715.735,1015.5351
3425,689.2601,1019.7141
3426,735.23474,995.5994
3427,815.22925,957.9413
3428,869.60156,930.2841
3429,882.587,919.29456
3430,879.3682,918.6116
3431,883.0353,927.2378
3432,896.58264,949.6799
3433,893.9224,985.82446
3434,835.8233,1027.7423
3435,736.03235,1063.8678
3436,671.98645,1084.7759
3437,703.90204,1085.3436
3438,819.33356,1067.059
3439,933.198,1045.4009
3440,944.61536,1045.5762
3441,842.98883,1075.8208
3442,722.58307,1112.4142
3443,674.13983,1123.8313
3444,718.3965,1101.2296
3445,823.37585,1061.4799
3446,911.76373,1031.153
3447,898.853,1027.5406
3448,790.8253,1048.0676
3449,689.10126,1073.7631
3450,667.3468,1085.8005
3451,706.37933,1080.3146
3452,752.5404,1065.2458
3453,771.9306,1052.9601
3454,753.4961,1053.6385
3455,711.1039,1064.2002
3456,676.5345,1071.5637
3457,675.1935,1067.7253
3458,706.43524,1055.7747
3459,738.14886,1046.5757
3460,739.4963,1047.5874
3461,723.7475,1053.5402
3462,722.0862,1055.4343
3463,728.3703,1053.3455
3464,714.56903,1052.8585
3465,683.58923,1054.9579
3466,670.084,1055.0117
3467,694.1411,1050.6633
3468,733.001,1046.5281
3469,753.5273,1046.7657
3470,772.2319,1045.4779
3471,835.583,1033.2577
3472,923.243,1014.83673
3473,942.08276,1008.92377
3474,847.2488,1025.356
3475,711.6523,1050.4055
3476,635.95966,1062.4073
3477,630.8063,1058.5737
3478,646.15656,1052.1285
3479,678.973,1045.0956
3480,767.70844,1026.3014
3481,889.4339,996.5962
3482,958.1918,972.4095
3483,930.0193,968.5677
3484,836.32275,990.2476
3485,745.8548,1024.4768
3486,710.7087,1046.3594
3487,717.70404,1048.5864
3488,725.15686,1044.2592
3489,725.5029,1042.0045
3490,731.3193,1039.6577
3491,740.7504,1036.5779
3492,743.34125,1036.7389
3493,743.61066,1038.9783
3494,762.7939,1032.1412
3495,810.8447,1007.49316
3496,864.54,975.79443
3497,888.01996,959.32416
3498,873.2646,965.9646
3499,845.0512,985.11395
3500,827.88654,1003.92615
3501,825.3949,1015.8958
3502,829.0287,1020.7139
3503,825.1606,1023.0746
3504,796.4647,1028.4554
3505,741.77545,1037.6482
3506,690.9958,1046.6768
3507,678.1077,1051.9185
3508,705.96124,1053.3423
3509,746.94934,1053.0028
3510,768.7179,1052.5535
3511,754.3729,1053.3824
3512,712.1229,1055.3181
3513,688.3581,1049.4357
3514,737.5773,1022.5188
3515,839.07245,980.5513
3516,903.63855,949.7587
3517,886.26715,945.77155
3518,824.04877,964.64294
3519,770.0263,997.95154
3520,744.5032,1032.3536
3521,736.6437,1051.8391
3522,724.8366,1054.8047
3523,703.7258,1051.459
3524,686.89386,1048.3606
3525,681.88184,1047.2098
3526,687.836,1048.0734
3527,709.7596,1047.0602
3528,754.9962,1035.0754
3529,821.7111,1006.2454
3530,888.2438,972.11554
3531,917.70734,954.5747
3532,892.50024,958.69147
3533,839.1596,971.3765
3534,795.9514,986.77167
3535,767.7104,1011.1633
3536,744.1065,1042.4642
3537,732.61646,1065.0962
3538,744.569,1067.855
3539,777.3366,1053.0969
3540,813.6741,1033.6064
3541,834.4557,1023.2971
3542,839.3536,1024.4526
3543,839.9608,1029.9413
3544,835.1425,1033.4495
3545,808.1741,1034.7173
3546,750.551,1040.8657
3547,685.8305,1055.2192
3548,653.9126,1066.7965
3549,673.6621,1057.5756
3550,734.4793,1025.5063
3551,805.4873,999.94305
3552,846.8387,1004.4426
3553,832.26495,1023.15094
3554,765.8095,1038.4875
3555,681.7001,1053.6506
3556,627.9739,1066.982
3557,647.3776,1063.4225
3558,754.27057,1031.6449
3559,890.59515,986.1345
3560,956.837,958.3053
3561,928.6751,958.1233
3562,869.06537,969.6382
3563,825.56726,983.2373
3564,789.28265,1006.63446
3565,748.8015,1041.2731
3566,722.7349,1071.4619
3567,730.94574,1083.9551
3568,771.64233,1078.8557
3569,820.2576,1064.7504
3570,846.9186,1052.812
3571,848.61206,1048.8676
3572,843.9423,1052.2162
3573,840.86255,1058.4977
3574,835.31854,1060.1757
3575,828.2891,1053.0712
3576,826.01215,1042.4501
3577,830.9104,1036.9912
3578,838.40845,1039.4617
3579,840.73834,1046.8278
3580,835.895,1054.7109
3581,830.2126,1058.6205
3582,829.30133,1056.6844
3583,832.39996,1052.4594
3584,836.2534,1050.873
3585,839.0892,1052.1154
3586,840.3672,1052.284
3587,842.30664,1049.2904
3588,853.6946,1044.4539
3589,880.2856,1039.5148
3590,908.32336,1036.708
3591,912.845,1036.8693
3592,884.2667,1035.1321
3593,840.45184,1028.2986
3594,810.48804,1023.89056
3595,806.70917,1030.8033
3596,819.2956,1046.3612
3597,829.0,1061.3195
3598,815.8601,1073.6027
3599,776.3384,1088.3341
3600,737.0808,1103.7854
3601,733.5428,1106.52
3602,774.4661,1085.0924
3603,830.1863,1045.6196
3604,859.8125,1009.64417
3605,852.6548,994.2697
3606,830.5366,997.52167
3607,815.6026,1004.6362
3608,813.6672,1004.9262
3609,821.11584,999.9852
3610,831.412,997.238
3611,838.5517,1001.02136
3612,842.2308,1011.28485
3613,844.815,1026.4657
3614,845.8354,1043.9868
3615,845.97784,1058.7728
3616,848.0471,1066.2172
3617,850.1944,1066.016
3618,849.3625,1060.515
3619,847.9884,1054.0463
3620,848.06323,1052.2039
3621,850.7193,1055.1887
3622,859.52454,1056.7568
3623,870.0619,1054.1442
3624,870.60065,1051.6215
3625,855.0387,1052.9302
3626,821.872,1058.6534
3627,784.3665,1066.5355
3628,777.68744,1069.3762
3629,811.4784,1063.8247
3630,847.50616,1056.3357
3631,857.0024,1051.4725
3632,849.58026,1048.8894
3633,842.62354,1050.377
3634,842.2841,1055.8085
3635,846.52576,1060.1703
3636,849.376,1060.0101
3637,846.9974,1055.7529
3638,846.86237,1049.8132
3639,861.14484,1045.8634
3640,885.06683,1046.2596
3641,900.2484,1049.2522
3642,897.43555,1051.7065
3643,879.46967,1054.0603
3644,858.94794,1056.127
3645,854.74506,1049.4508
3646,866.6554,1024.5198
3647,872.2315,991.8195
3648,864.4959,983.5476
3649,856.13983,1010.7651
3650,851.2762,1042.5914
3651,850.51965,1054.2786
3652,857.5502,1054.7102
3653,857.209,1059.2894
3654,822.38336,1071.7852
3655,759.5793,1086.3942
3656,713.44806,1094.7534
3657,718.8197,1092.8231
3658,774.18774,1080.5223
3659,844.91406,1062.2522
3660,883.01263,1047.4963
3661,865.49194,1043.2192
3662,810.40424,1049.9819
3663,754.78925,1063.981
3664,723.52704,1077.6105
3665,713.00684,1084.2799
3666,704.38617,1084.456
3667,693.5447,1082.7316
3668,690.5147,1079.4908
3669,691.8936,1068.4738
3670,686.6238,1045.1989
3671,684.72644,1014.9
3672,705.61676,987.6312
3673,736.77527,970.5402
3674,738.26135,966.2502
3675,699.4254,971.9797
3676,658.19086,983.3806
3677,650.80225,1000.40607
3678,670.4238,1022.1192
3679,691.8012,1040.0221
3680,713.26587,1044.1956
3681,756.2355,1031.568
3682,835.0406,1005.30225
3683,922.86145,975.2067
3684,956.42755,957.6284
3685,901.4578,963.66095
3686,795.94855,988.2841
3687,713.5695,1012.5205
3688,706.9967,1016.1702
3689,781.648,993.7036
3690,887.26373,959.7135
3691,951.62506,936.7631
3692,938.7794,938.42444
3693,857.9504,963.19904
3694,755.9542,996.8053
3695,693.83124,1023.34814
3696,687.7295,1039.0538
3697,706.9385,1048.6484
3698,718.2624,1055.1047
3699,701.4377,1059.6964
3700,664.1101,1062.187
3701,645.4737,1056.6499
3702,669.3048,1036.9894
3703,711.57916,1011.4391
3704,748.4414,994.82574
3705,800.01276,985.4515
3706,872.46875,975.31415
3707,911.95544,972.8663
3708,871.665,985.4976
3709,773.96204,996.5848
3710,678.8931,992.80927
3711,621.1082,990.3502
3712,601.4075,1003.00464
3713,621.24994,1018.07715
3714,689.76965,1020.38513
3715,798.3577,1009.51904
3716,899.66174,990.226
3717,937.9174,962.70496
3718,914.30414,932.2725
3719,883.46,919.2827
3720,880.5758,933.4215
3721,892.8465,955.42633
3722,899.57635,967.2413
3723,899.67755,969.0397
3724,896.8359,964.37195
3725,881.81854,954.4654
3726,836.3175,941.43896
3727,761.8825,932.32513
3728,695.72626,936.9322
3729,671.14685,955.45233
3730,683.3185,975.7994
3731,719.3911,985.14746
3732,780.97186,979.23804
3733,852.0257,966.6171
3734,895.1107,964.13965
3735,897.7681,979.90094
3736,881.1462,1004.8166
3737,867.0715,1025.5239
3738,862.1891,1037.9952
3739,861.7358,1044.2433
3740,857.7805,1043.5001
3741,846.8511,1034.06
3742,833.5296,1020.58704
3743,827.5017,1014.529
3744,834.1215,1023.37573
3745,848.6525,1040.4596
3746,861.37866,1052.8134
3747,866.614,1055.2089
3748,865.95605,1050.6068
3749,865.0996,1044.0007
3750,870.35767,1038.0039
3751,883.2722,1030.8071
3752,887.52,1018.81165
3753,854.3137,1004.6705
3754,784.00616,1000.98175
3755,719.227,1014.5147
3756,698.33057,1032.3436
3757,730.0435,1037.532
3758,804.5282,1027.5315
3759,886.50653,1008.40765
3760,932.5036,984.1902
3761,935.6089,962.59015
3762,903.15674,961.07587
3763,825.7972,990.538
3764,725.4356,1035.9806
3765,658.56604,1068.705
3766,644.933,1077.5809
3767,661.9874,1075.1891
3768,687.32434,1075.0992
3769,705.4592,1077.7793
3770,704.2535,1079.3002
3771,690.13855,1079.4148
3772,704.4241,1073.7269
3773,786.27966,1052.7076
3774,898.2677,1020.57965
3775,957.94525,996.8348
3776,947.8893,991.6635
3777,902.2805,1001.70807
3778,833.32947,1024.0161
3779,757.94385,1052.3333
3780,719.59357,1074.319
3781,736.9847,1084.0485
3782,794.9688,1081.2662
3783,874.7143,1063.891
3784,941.90826,1038.6575
3785,943.9075,1026.8365
3786,866.2289,1041.0017
3787,776.1104,1061.4197
3788,760.54755,1057.7762
3789,815.43097,1034.6891
3790,864.6338,1023.64514
3791,875.0926,1034.3013
3792,875.88104,1047.8202
3793,892.74896,1047.4928
3794,910.30133,1033.6614
3795,897.08386,1015.4545
3796,853.7521,1001.9584
3797,805.18024,1005.7542
3798,764.202,1036.0911
3799,739.04156,1077.463
3800,740.09894,1099.8662
3801,765.2974,1094.3226
3802,805.65344,1075.0664
3803,847.04126,1056.5765
3804,868.0691,1044.5259
3805,863.85156,1037.2805
3806,850.98517,1030.6442
3807,841.3054,1024.4022
3808,836.05414,1020.56903
3809,836.4377,1017.9462
3810,840.8527,1015.73615
3811,843.33966,1017.28845
3812,842.29346,1024.0553
3813,842.29254,1032.5704
3814,845.9347,1038.9839
3815,851.30475,1039.9686
3816,858.4135,1033.7863
3817,867.89667,1025.731
3818,875.30396,1023.7298
3819,876.36194,1027.6632
3820,871.3648,1032.9924
3821,862.1105,1039.5865
3822,853.4737,1047.6263
3823,854.31744,1051.9971
3824,868.60956,1048.2064
3825,888.1332,1039.2517
3826,898.2938,1032.4229
3827,891.19543,1031.811
3828,868.3385,1034.6296
3829,830.9759,1036.0519
3830,785.1945,1037.1799
3831,753.74207,1041.3345
3832,753.24866,1047.7361
3833,768.7087,1054.8116
3834,772.9336,1061.6713
3835,756.79095,1066.4907
3836,734.7708,1066.8406
3837,729.13934,1059.8209
3838,745.222,1044.6772
3839,767.32184,1027.5139
3840,786.56775,1017.2109
3841,811.9899,1012.658
3842,842.4937,993.9005
3843,860.9643,926.77655
3844,859.0819,805.9819
3845,841.35767,693.1398
3846,818.29205,653.67676
3847,802.9789,679.5023
3848,801.1096,725.0334
3849,806.7988,769.61646
3850,810.1131,818.24054
3851,806.1033,876.9171
3852,796.8734,938.1545
3853,788.94727,984.24524
3854,788.23615,1000.2892
3855,794.1737,989.1451
3856,801.86945,975.2429
3857,802.95355,974.83765
3858,782.1352,975.6035
3859,733.62683,963.57794
3860,689.02734,938.4731
3861,695.761,906.5462
3862,748.5123,885.9464
3863,790.9977,889.66003
3864,797.0276,900.00146
3865,790.7465,892.3855
3866,790.0116,868.32074
3867,776.2486,849.32983
3868,727.3887,850.08057
3869,661.4002,862.7923
3870,621.2352,871.1779
3871,628.9601,869.7811
3872,677.6585,862.5467
3873,740.9298,855.5435
3874,786.14233,852.14124
3875,797.3962,849.0534
3876,768.7048,843.61084
3877,698.0887,843.4823
3878,627.85785,863.55023
3879,627.70905,912.4153
3880,696.05817,975.9987
3881,760.8017,1025.1277
3882,786.11456,1046.0352
3883,795.471,1046.7767
3884,810.2112,1038.9551
3885,826.1734,1022.5288
3886,831.5979,988.4361
3887,822.244,946.0312
3888,806.4126,931.19916
3889,796.73413,966.7161
3890,795.36505,1030.32
3891,792.50995,1076.3671
3892,790.43445,1085.8207
3893,819.3399,1079.1221
3894,893.26166,1078.0789
3895,963.3442,1083.0314
3896,964.5064,1084.181
3897,891.2522,1070.7212
3898,792.33344,1043.5049
3899,716.9719,1023.2931
3900,687.2068,1025.9333
3901,702.36975,1038.5035
3902,742.8896,1036.6735
3903,774.6532,1018.7976
3904,782.47876,1006.7539
3905,783.5838,1013.3984
3906,791.3227,1029.2646
3907,803.6159,1042.1672
3908,823.42395,1050.2527
3909,861.67737,1055.1385
3910,916.8095,1055.6964
3911,954.43005,1051.1832
3912,937.16815,1043.6328
3913,878.2771,1035.7172
3914,828.11633,1031.2251
3915,813.09216,1034.0839
3916,819.22986,1042.4786
3917,826.45276,1049.4739
3918,827.8245,1050.0876
3919,820.54626,1044.3533
3920,808.1823,1037.3049
3921,806.205,1036.2921
3922,816.63995,1041.4453
3923,812.6809,1042.4021
3924,782.9575,1035.214
3925,760.60114,1032.2103
3926,770.61926,1039.1165
3927,792.72766,1043.62
3928,799.5285,1039.5343
3929,790.9555,1034.488
3930,788.3888,1035.0284
3931,808.44525,1043.5498
3932,840.80615,1057.582
3933,861.1118,1064.6729
3934,861.0313,1051.5139
3935,853.0009,1020.88007
3936,853.4218,995.0055
3937,861.5757,996.55255
3938,855.0632,1018.01416
3939,829.7315,1036.9463
3940,818.12396,1056.1693
3941,832.14624,1076.6241
3942,840.4566,1071.7535
3943,824.0693,1034.263
3944,799.5273,996.8785
3945,785.8965,989.3346
3946,782.1338,1004.28424
3947,776.6666,1013.2441
3948,767.69855,1007.3048
3949,762.5563,1002.412
3950,763.6684,1006.31555
3951,771.6637,1005.91376
3952,784.8751,993.08563
3953,789.3209,984.73004
3954,777.4444,994.45593
3955,763.63477,1007.96106
3956,759.58234,1014.169
3957,760.7451,1019.942
3958,759.1089,1026.3022
3959,747.7015,1030.2466
3960,725.3151,1036.6952
3961,707.08606,1046.938
3962,709.5831,1052.8557
3963,722.3031,1049.471
3964,719.5443,1040.6221
3965,695.8792,1032.0184
3966,667.0084,1027.1613
3967,649.6248,1027.4653
3968,651.45667,1031.3402
3969,662.2288,1035.9884
3970,657.64777,1039.8534
3971,628.6253,1042.0383
3972,602.30804,1042.5986
3973,632.03253,1039.8419
3974,743.84204,1027.3682
3975,874.2274,1003.747
3976,926.92346,978.5674
3977,897.58636,960.57196
3978,857.4539,948.0374
3979,850.002,934.5281
3980,865.865,922.92377
3981,880.1112,927.3366
3982,883.447,958.4012
3983,881.426,1011.2753
3984,877.0209,1063.3156
3985,867.26166,1088.7546
3986,851.67926,1080.1918
3987,835.4824,1048.8575
3988,827.1527,1014.32495
3989,832.5313,993.45386
3990,845.1739,987.506
3991,850.0379,986.89935
3992,841.63153,985.6843
3993,827.01746,982.86615
3994,815.5603,977.848
3995,817.6561,969.5818
3996,839.5833,957.19574
3997,870.77466,942.8846
3998,893.1521,932.9532
3999,902.28864,931.9975
4000,900.8759,939.8154
4001,884.5174,954.04913
4002,854.07697,969.90533
4003,823.38855,981.04517
4004,802.56757,985.279
4005,791.00275,986.92395
4006,787.48444,991.67303
4007,794.2122,998.6245
4008,810.3736,1000.9667
4009,828.67584,995.34094
4010,839.0614,984.9444
4011,835.06616,974.59863
4012,821.5504,968.6594
4013,810.43317,974.63513
4014,805.7761,999.5221
4015,804.64703,1034.8197
4016,810.0615,1059.5399
4017,828.04785,1064.8822
4018,850.5843,1059.8821
4019,860.98303,1055.3586
4020,862.267,1054.8252
4021,872.3956,1056.182
4022,887.7722,1056.5096
4023,883.32355,1055.5057
4024,848.2716,1054.4845
4025,799.7569,1052.9265
4026,762.06934,1049.2008
4027,743.03485,1045.0742
4028,736.6826,1044.9694
4029,738.8082,1050.5109
4030,744.3881,1058.7373
4031,743.4798,1064.856
4032,736.74133,1065.3794
4033,736.14276,1060.1393
4034,743.8597,1052.7571
4035,752.46313,1048.9845
4036,755.92365,1053.6378
4037,749.90564,1066.0553
4038,739.5031,1078.5427
4039,734.688,1083.6418
4040,730.5724,1081.7662
4041,717.0801,1077.5829
4042,697.3613,1072.7333
4043,683.32117,1067.4464
4044,686.28986,1064.3396
4045,705.12445,1064.6494
4046,721.061,1065.7085
4047,718.6147,1066.0657
4048,707.97797,1066.7079
4049,709.17444,1066.8765
4050,719.37494,1065.1884
4051,720.4209,1061.3055
4052,708.24634,1053.3483
4053,691.5429,1040.6093
4054,677.6469,1029.3243
4055,668.1499,1027.3599
4056,654.5724,1032.6998
4057,637.3811,1034.4666
4058,662.1011,1023.7162
4059,774.81604,999.46136
4060,917.3379,970.04645
4061,975.2037,947.161
4062,938.7564,933.68976
4063,891.9572,924.0027
4064,882.003,915.4624
4065,898.4406,911.18494
4066,922.42957,915.43
4067,935.3319,934.76624
4068,921.7884,974.0359
4069,901.6392,1019.34735
4070,915.33966,1043.1743
4071,955.68097,1037.5945
4072,975.9534,1020.2177
4073,963.7408,1007.0556
4074,936.70447,1003.7518
4075,900.49506,1013.8745
4076,863.21747,1031.7867
4077,846.4536,1036.2919
4078,860.1916,1010.8087
4079,890.5532,967.4781
4080,916.3652,934.9737
4081,927.44763,925.255
4082,915.1185,932.6431
4083,868.2598,953.9171
4084,804.2789,986.47925
4085,764.5311,1021.73804
4086,765.45264,1053.1619
4087,796.12463,1077.9916
4088,844.07904,1090.4595
4089,887.29663,1085.1085
4090,898.71857,1066.5251
4091,880.22327,1048.5612
4092,861.5398,1043.0067
4093,860.83203,1051.9186
4094,858.0106,1069.4412
4095,817.70435,1087.1046
4096,750.11456,1095.1204
4097,717.0842,1084.2474
4098,755.0465,1057.2983
4099,827.496,1034.0942
4100,872.8606,1030.995
4101,872.95734,1040.7041
4102,854.2991,1044.6406
4103,842.38715,1036.9744
4104,839.4579,1027.8875
4105,836.0483,1030.26
4106,816.8625,1045.7933
4107,766.72394,1062.68
4108,703.6848,1066.9166
4109,679.86475,1052.7504
4110,720.33496,1027.523
4111,791.5937,1012.04486
4112,845.3601,1021.20264
4113,864.33276,1041.6158
4114,855.9673,1046.921
4115,834.1224,1029.468
4116,814.7779,1005.17694
4117,806.05664,995.5252
4118,793.83685,1008.78754
4119,753.51,1034.8981
4120,696.8981,1053.4167
4121,677.0515,1046.6207
4122,719.6155,1017.5182
4123,789.007,994.389
4124,837.31665,999.93536
4125,850.48047,1021.6868
4126,838.9107,1030.2131
4127,817.7225,1017.36804
4128,796.9414,1001.0272
4129,771.9171,999.6996
4130,741.61066,1014.1313
4131,722.6888,1029.0656
4132,721.0606,1028.2252
4133,722.4666,1009.0317
4134,719.1198,983.6541
4135,716.12024,967.51215
4136,716.2959,967.4481
4137,716.45935,978.5191
4138,716.79767,988.84607
4139,724.9462,989.9346
4140,742.86774,984.86505
4141,756.3933,982.1262
4142,755.5167,982.00287
4143,756.4787,977.0178
4144,786.37506,965.5441
4145,852.3514,954.6685
4146,926.63464,948.75085
4147,962.9675,944.7251
4148,934.80426,940.2106
4149,856.1032,940.50085
4150,771.50995,952.03534
4151,720.33923,970.2228
4152,708.7152,982.47064
4153,732.29474,984.3007
4154,794.22394,984.14734
4155,873.7397,990.6251
4156,923.55414,1003.5058
4157,911.2687,1018.13617
4158,845.6792,1028.5502
4159,793.292,1026.0286
4160,826.0944,1008.4305
4161,904.96936,990.7734
4162,919.0268,988.8933
4163,853.5732,997.0509
4164,789.9547,998.77673
4165,767.97845,991.5391
4166,759.75055,988.90466
4167,743.9361,1002.8855
4168,732.5967,1031.1194
4169,746.29315,1060.333
4170,794.0465,1077.0063
4171,857.1923,1078.0566
4172,899.09,1072.1862
4173,907.4919,1066.9949
4174,900.1763,1061.5126
4175,891.43176,1053.8978
4176,882.5939,1047.8519
4177,876.3603,1047.2616
4178,875.0278,1050.1746
4179,866.23566,1052.8297
4180,839.4548,1051.3853
4181,815.75055,1038.6492
4182,819.21155,1014.63965
4183,836.14294,993.374
4184,842.9734,983.22375
4185,834.54663,978.4695
4186,812.72687,977.08606
4187,783.18054,982.80096
4188,757.86523,991.0194
4189,752.333,991.5695
4190,770.51776,983.5408
4191,791.357,977.7893
4192,797.55646,981.0689
4193,801.5314,985.88336
4194,816.3163,985.3724
4195,834.4652,983.4173
4196,851.03925,981.7017
4197,869.5536,976.59454
4198,886.7717,970.44147
4199,896.5217,970.39905
4200,896.68713,978.5713
4201,881.8423,989.5338
4202,844.4973,995.5982
4203,796.7824,995.0159
4204,764.98083,997.48334
4205,754.1481,1015.50464
4206,754.19543,1045.6898
4207,759.80383,1072.1616
4208,759.3064,1088.5344
4209,748.03723,1094.7325
4210,748.4697,1079.8165
4211,781.7119,1042.402
4212,835.7064,1017.4277
4213,873.7333,1030.9496
4214,873.67206,1055.4185
4215,853.2381,1059.5104
4216,840.2554,1051.149
4217,830.5675,1051.6472
4218,798.8205,1069.405
4219,745.00494,1094.1901
4220,709.79095,1105.7703
4221,746.215,1093.9264
4222,866.0354,1069.9967
4223,996.5328,1056.873
4224,1046.9792,1064.4319
4225,1018.4026,1080.4435
4226,973.7843,1087.8655
4227,948.6628,1081.5297
4228,938.5658,1069.6394
4229,910.6611,1068.5728
4230,830.7561,1088.9622
4231,727.6549,1116.1003
4232,678.65125,1118.8754
4233,705.7207,1085.9266
4234,759.6428,1037.7465
4235,798.783,1004.8761
4236,820.96027,1000.3031
4237,835.18024,1009.20654
4238,843.95953,1009.25507
4239,851.5533,996.5323
4240,861.39026,981.6822
4241,867.11127,970.2934
4242,862.99585,959.3879
4243,845.4477,946.7189
4244,807.79205,933.90155
4245,760.20953,922.5367
4246,727.3445,915.01874
4247,713.9424,917.7322
4248,709.0801,933.8137
4249,706.09894,954.8229
4250,696.47894,968.46954
4251,678.5668,973.7293
4252,667.4242,982.50775
4253,676.01697,1003.39557
4254,707.8328,1028.8584
4255,757.98126,1044.9716
4256,803.7293,1047.2789
4257,818.97925,1042.2048
4258,802.90375,1040.607
4259,774.966,1048.5894
4260,744.9481,1060.0457
4261,707.1083,1065.4312
4262,666.9119,1066.3385
4263,646.8102,1070.2935
4264,662.2396,1075.0515
4265,720.83356,1070.3359
4266,826.47614,1053.3922
4267,946.6023,1033.8828
4268,1015.2344,1022.0929
4269,1009.1016,1018.57367
4270,973.9232,1018.4068
4271,959.86505,1019.21045
4272,974.32495,1023.7333
4273,983.24677,1038.5972
4274,936.8985,1068.7596
4275,829.16736,1109.5537
4276,726.8571,1145.2207
4277,699.2608,1163.7134
4278,741.9787,1167.891
4279,797.576,1163.7858
4280,822.55884,1152.1826
4281,820.4407,1134.4031
4282,820.2602,1115.0092
4283,835.54553,1099.5253
4284,856.98376,1089.2684
4285,875.1565,1078.6028
4286,892.0585,1062.2593
4287,912.6443,1041.4893
4288,936.065,1020.54877
4289,953.2744,1003.23773
4290,952.8785,992.00433
4291,937.59076,987.4382
4292,921.81934,989.3606
4293,897.24286,998.2861
4294,834.73956,1014.13153
4295,746.9224,1032.2655
4296,685.39557,1046.8077
4297,662.12524,1058.2229
4298,656.4384,1069.6915
4299,674.9452,1079.1951
4300,730.7313,1083.0356
4301,798.3128,1084.1619
4302,836.7783,1087.1455
4303,838.5157,1086.3105
4304,825.4719,1071.0226
4305,813.63605,1041.8004
4306,802.5898,1011.90826
4307,782.3432,994.43976
4308,744.7956,993.3626
4309,704.8479,1004.9345
4310,692.02795,1019.42065
4311,711.95,1023.08344
4312,761.093,1011.53235
4313,853.12976,996.51965
4314,962.0507,989.5193
4315,1015.5691,989.4902
4316,996.8502,991.0835
4317,960.6432,994.9262
4318,948.8453,1004.5944
4319,960.00726,1018.23016
4320,975.49945,1030.2747
4321,962.8828,1038.1022
4322,883.5107,1045.039
4323,756.37445,1058.6439
4324,669.7087,1080.7821
4325,675.2144,1103.4147
4326,731.6055,1119.8766
4327,774.5879,1129.6221
4328,785.37103,1132.3779
4329,786.7913,1128.5333
4330,800.6262,1119.7529
4331,820.91693,1105.5422
4332,835.23303,1084.611
4333,849.0515,1058.0725
4334,869.5401,1030.7556
4335,894.09906,1010.3473
4336,921.9034,1000.3925
4337,948.1669,995.83203
4338,960.3348,991.1619
4339,951.46826,988.29456
4340,908.5187,991.688
4341,813.1793,1002.36816
4342,694.02924,1019.65576
4343,617.5605,1040.5164
4344,606.59094,1057.9677
4345,630.5077,1067.0944
4346,658.44305,1069.9042
4347,685.8979,1072.1506
4348,722.96045,1076.2477
4349,762.1562,1078.345
4350,779.97546,1072.6487
4351,776.24976,1056.6742
4352,775.6817,1035.3429
4353,787.16656,1018.80334
4354,787.70557,1011.96075
4355,754.3791,1012.2134
4356,703.5319,1017.9143
4357,679.18066,1029.4246
4358,701.8292,1042.8
4359,746.7447,1050.7844
4360,779.6183,1049.3612
4361,814.921,1038.7759
4362,901.77606,1021.6285
4363,1023.7967,1004.36975
4364,1089.6356,994.4286
4365,1038.3,992.9359
4366,887.4084,995.6333
4367,724.316,999.4346
4368,650.4274,1007.48987
4369,677.2099,1025.796
4370,733.30853,1048.3662
4371,768.3771,1058.2892
4372,782.7289,1051.2874
4373,787.42706,1040.9127
4374,788.2939,1037.6449
4375,792.01306,1037.8118
4376,795.6401,1034.6768
4377,795.6299,1027.5675
4378,809.3369,1017.5093
4379,842.8107,1005.69604
4380,861.7485,996.273
4381,836.0819,992.7457
4382,786.1011,994.01
4383,748.2763,995.78094
4384,719.9043,993.42896
4385,687.0197,987.5434
4386,679.30975,987.995
4387,733.4751,1002.02625
4388,819.3145,1020.53546
4389,870.9341,1029.4973
4390,876.7789,1028.1057
4391,871.5937,1024.7704
4392,873.8761,1023.2918
4393,881.8233,1020.14624
4394,898.9921,1011.5206
4395,932.0212,998.5005
4396,959.393,984.4688
4397,935.1815,972.8106
4398,852.8324,968.82574
4399,765.3994,976.3784
4400,720.50134,993.1308
4401,718.7169,1013.0377
4402,740.4341,1030.7224
4403,768.7799,1043.8077
4404,786.78094,1053.2147
4405,786.6851,1060.6478
4406,790.6976,1064.4084
4407,840.9987,1058.7865
4408,936.7933,1041.757
4409,994.4714,1021.6127
4410,930.9985,1010.7054
4411,784.72406,1013.40796
4412,683.37494,1023.34155
4413,692.12225,1031.0509
4414,759.33057,1030.03
4415,795.1612,1018.0095
4416,749.30457,999.79645
4417,652.2547,985.8958
4418,601.6564,982.9967
4419,659.3164,988.5214
4420,774.3736,996.4608
4421,845.3531,1005.1473
4422,823.3159,1015.5841
4423,729.8871,1024.663
4424,627.6404,1024.6467
4425,586.7471,1010.5351
4426,630.27704,987.46735
4427,706.1387,968.2816
4428,745.2593,961.13885
4429,748.2733,961.4167
4430,778.2837,961.5152
4431,864.22614,964.80664
4432,956.5232,977.1941
4433,984.1385,992.99603
4434,918.7624,1005.4208
4435,799.53186,1017.02484
4436,710.2635,1027.6263
4437,698.7928,1030.8059
4438,736.964,1026.8359
4439,774.8732,1022.6627
4440,790.81854,1023.2043
4441,785.7338,1029.7468
4442,765.549,1039.9773
4443,737.7763,1049.5996
4444,711.4448,1055.9677
4445,693.58777,1058.4923
4446,685.2679,1057.1707
4447,680.60065,1051.7931
4448,673.6836,1041.7178
4449,667.86676,1027.2826
4450,673.5138,1011.6381
4451,694.26715,999.8156
4452,720.4931,996.07495
4453,745.7768,999.42126
4454,775.8741,1002.0932
4455,808.0813,999.02515
4456,837.3729,992.8175
4457,879.58606,985.62445
4458,940.08905,977.89026
4459,987.2887,971.66656
4460,986.0045,966.9568
4461,924.30237,964.09344
4462,823.28314,967.8981
4463,738.925,978.4221
4464,712.40765,989.2239
4465,726.4247,998.71716
4466,734.72144,1004.86786
4467,710.2323,1000.906
4468,669.0661,993.42017
4469,650.7125,998.54065
4470,673.1119,1013.3011
4471,726.22144,1019.2402
4472,782.5953,1010.4885
4473,812.9738,996.9839
4474,817.75903,988.4299
4475,818.32336,988.0579
4476,822.277,994.6108
4477,825.26245,1004.4954
4478,830.6251,1014.873
4479,848.92426,1024.1093
4480,882.27454,1030.4302
4481,911.96204,1032.9905
4482,916.38165,1032.2094
4483,909.3574,1027.855
4484,925.82733,1019.68066
4485,966.1685,1010.8613
4486,993.3139,1006.75385
4487,966.54297,1005.9448
4488,866.7521,998.9747
4489,735.21277,984.9965
4490,652.1468,976.89197
4491,643.15643,982.91547
4492,667.5229,1001.073
4493,683.1475,1027.2914
4494,677.30334,1052.6804
4495,661.7554,1063.912
4496,658.941,1056.2598
4497,688.0049,1038.4191
4498,745.72595,1023.2015
4499,795.1127,1016.91504
4500,803.99365,1013.2689
4501,790.0342,999.64185
4502,793.134,976.9367
4503,826.0014,963.44293
4504,868.9897,968.2465
4505,887.5124,975.58685
4506,865.27844,968.9874
4507,829.4967,953.5675
4508,816.5331,942.73785
4509,825.2087,941.8959
4510,828.91156,949.703
4511,815.3368,960.2379
4512,800.9872,964.11536
4513,812.9913,955.7829
4514,851.2044,942.1281
4515,880.6547,936.0428
4516,879.9167,939.82294
4517,864.2651,946.835
4518,845.87897,955.1409
4519,818.34625,966.97003
4520,790.92883,979.20636
4521,790.2775,983.96436
4522,823.75854,980.9856
4523,872.3397,977.47864
4524,900.6655,964.90594
4525,875.6875,932.2753
4526,812.72064,912.2371
4527,766.724,940.7744
4528,760.48895,990.0095
4529,773.36945,1015.1671
4530,782.52075,1013.92236
4531,776.6875,1004.4917
4532,758.8537,997.21204
4533,740.76495,995.34344
4534,721.83777,998.4619
4535,697.59045,1000.7266
4536,681.003,996.0924
4537,685.7618,987.3293
4538,705.1835,982.9298
4539,728.8671,984.2211
4540,759.9021,982.77936
4541,796.8028,974.1833
4542,825.84174,962.9877
4543,843.25543,951.1642
4544,856.1473,936.0892
4545,870.0594,918.69305
4546,891.2788,904.5346
4547,917.5721,900.5213
4548,929.2222,909.5313
4549,909.0011,926.24005
4550,865.0621,942.8378
4551,827.3836,956.775
4552,815.19073,970.90015
4553,816.0413,988.63245
4554,807.9943,1009.03375
4555,784.256,1027.243
4556,757.4561,1039.9791
4557,748.5753,1047.6487
4558,765.09216,1050.9147
4559,795.6397,1049.0332
4560,822.1981,1041.15
4561,837.6528,1027.2712
4562,849.2693,1010.4311
4563,848.1169,998.30725
4564,806.3442,998.46533
4565,738.2223,1009.56256
4566,724.6723,1019.6784
4567,821.9626,1017.6168
4568,962.5304,1007.10046
4569,1031.4722,1001.62427
4570,1018.60223,1004.6505
4571,992.51385,1008.7381
4572,985.59564,1010.3159
4573,988.1936,1012.6013
4574,996.14685,1019.05255
4575,1010.84375,1031.0403
4576,1004.12225,1051.0411
4577,934.79034,1081.4983
4578,828.77844,1115.4725
4579,766.4384,1139.2228
4580,772.1748,1148.9475
4581,805.29675,1151.1853
4582,831.5313,1149.0051
4583,839.85095,1139.4645
4584,833.29974,1119.4977
4585,827.8114,1089.1404
4586,836.3984,1051.234
4587,855.3267,1011.22577
4588,875.8897,977.6067
4589,899.6536,957.25165
4590,932.9701,949.6987
4591,969.702,948.8963
4592,991.5215,949.72626
4593,994.19653,952.2679
4594,990.65,957.9444
4595,971.1114,963.42523
4596,900.8239,965.29047
4597,789.3903,966.67706
4598,705.42426,972.461
4599,688.4298,984.3659
4600,711.43805,1002.7193
4601,741.0119,1025.1606
4602,772.24976,1045.8566
4603,803.51843,1060.7917
4604,823.52985,1068.7728
4605,830.1453,1067.6034
4606,833.39087,1056.6538
4607,836.15906,1041.1031
4608,823.3384,1029.3763
4609,778.31696,1028.0155
4610,720.515,1033.9497
4611,714.1025,1028.9719
4612,807.203,1002.5331
4613,953.9252,980.1443
4614,1046.2205,987.7167
4615,1042.4407,1006.90186
4616,998.8554,1010.8543
4617,974.9934,1002.2485
4618,975.37726,994.22754
4619,977.6108,992.7487
4620,972.836,999.118
4621,969.9745,1011.7765
4622,977.17505,1027.9996
4623,985.86395,1048.0221
4624,963.25806,1072.7115
4625,881.5153,1097.1671
4626,775.7378,1114.9562
4627,720.1517,1127.7722
4628,733.8882,1140.2933
4629,774.0817,1149.3224
4630,804.24316,1149.6991
4631,822.6486,1142.9014
4632,843.3914,1134.09
4633,869.1215,1128.729
4634,887.8766,1127.5168
4635,893.919,1121.8615
4636,894.5046,1103.6185
4637,900.2569,1072.9834
4638,929.3834,1027.5444
4639,992.5165,969.5865
4640,1047.1078,929.71985
4641,1039.4506,933.78235
4642,992.5198,960.8327
4643,961.3182,979.5793
4644,939.0037,987.31885
4645,876.0315,995.4847
4646,771.4429,1011.2097
4647,689.0679,1033.0752
4648,669.6833,1054.639
4649,690.9288,1072.7174
4650,717.88934,1088.5116
4651,738.5732,1100.6907
4652,758.27496,1104.7325
4653,783.1278,1100.6578
4654,810.5063,1092.661
4655,832.6526,1081.4883
4656,844.0053,1067.2045
4657,843.6104,1054.7153
4658,829.31744,1047.3872
4659,797.6808,1042.2542
4660,757.8556,1036.0067
4661,731.8258,1027.2911
4662,736.8692,1016.43567
4663,772.8023,1009.9459
4664,816.38153,1012.741
4665,841.01886,1015.9972
4666,847.159,1009.4191
4667,850.0936,997.79486
4668,863.4465,991.12256
4669,906.8016,989.7699
4670,979.0645,989.7354
4671,1038.4858,991.08765
4672,1050.4878,995.8765
4673,1005.1591,1006.33545
4674,896.56213,1023.33514
4675,767.68695,1039.8896
4676,702.57196,1044.2273
4677,715.4452,1035.2699
4678,751.3165,1022.6965
4679,779.4708,1011.798
4680,799.36475,1002.6939
4681,806.50323,997.69147
4682,797.0146,999.6671
4683,768.71515,1009.8148
4684,717.7075,1026.7655
4685,664.9392,1042.5681
4686,672.3032,1043.0944
4687,786.5542,1020.3957
4688,954.52386,986.8482
4689,1059.1656,964.41815
4690,1060.8674,959.0746
4691,1021.49615,961.4621
4692,998.2083,964.125
4693,992.37946,966.08826
4694,984.7208,969.26666
4695,964.46967,974.7629
4696,912.1042,981.81964
4697,804.8381,989.7104
4698,681.83386,998.71094
4699,628.49866,1009.0853
4700,660.7866,1018.89496
4701,714.4131,1025.9398
4702,745.39,1032.9066
4703,762.74915,1042.8563
4704,779.02014,1050.7228
4705,788.37286,1049.5026
4706,790.68744,1040.8395
4707,792.617,1031.3481
4708,785.42474,1024.0992
4709,758.5957,1018.07263
4710,725.73193,1013.0148
4711,708.2939,1011.18304
4712,713.3965,1012.9906
4713,738.68756,1014.5372
4714,779.6703,1009.7939
4715,841.69946,994.5604
4716,932.2257,971.94617
4717,1020.8346,951.542
4718,1065.5262,938.324
4719,1071.0038,929.0338
4720,1033.8739,925.4764
4721,910.9681,936.3869
4722,736.28845,959.3925
4723,626.3225,979.3267
4724,621.55286,984.3133
4725,668.10034,975.0032
4726,715.46594,963.81793
4727,738.9836,962.1545
4728,736.67206,968.57385
4729,739.9512,972.44727
4730,796.1022,963.68475
4731,912.22235,943.8777
4732,1019.0452,927.36597
4733,1042.3301,922.7128
4734,997.58777,920.5886
4735,958.6064,907.30286
4736,956.60803,886.35315
4737,941.5276,879.74615
4738,851.05316,901.4023
4739,720.1208,936.56824
4740,651.31635,961.7623
4741,671.06555,973.26917
4742,718.3297,980.0386
4743,749.3864,983.9882
4744,766.4695,981.6674
4745,774.4013,977.23706
4746,766.0039,981.03845
4747,746.57526,994.1459
4748,733.2225,1005.7568
4749,722.3335,1007.75073
4750,691.67566,1002.5743
4751,644.1553,996.09827
4752,621.61945,988.36694
4753,658.0124,974.6962
4754,731.1923,958.7919
4755,784.51215,955.56274
4756,799.4121,968.3453
4757,809.6286,981.963
4758,834.419,988.6218
4759,848.37714,995.6869
4760,827.4963,1007.04126
4761,787.10596,1009.26843
4762,767.3664,974.4519
4763,790.405,894.7223
4764,836.4997,812.1975
4765,870.5518,773.22
4766,879.0886,768.74097
4767,869.9501,768.2067
4768,846.35187,787.4484
4769,799.00476,866.15094
4770,737.54895,982.76556
4771,696.1034,1064.4799
4772,688.05524,1086.1193
4773,695.897,1081.1783
4774,699.2282,1073.9172
4775,686.69366,1061.9233
4776,660.4856,1042.2031
4777,633.9261,1021.5088
4778,615.0517,1008.10645
4779,599.12933,1005.4164
4780,587.7043,1009.7796
4781,623.76294,1008.3563
4782,760.67456,987.6575
4783,952.1501,952.5515
4784,1074.0034,923.5541
4785,1086.3234,910.48553
4786,1050.0024,908.0315
4787,1016.53046,911.15894
4788,996.35785,918.2736
4789,980.6814,931.315
4790,956.81635,953.7694
4791,928.00037,977.38007
4792,910.8161,987.8681
4793,908.32874,988.02966
4794,909.33795,990.1226
4795,914.29285,991.61975
4796,933.3497,982.1271
4797,954.2414,966.15344
4798,949.3638,959.1335
4799,921.8249,964.4662
4800,904.489,968.97705
4801,913.3463,961.12665
4802,929.45465,948.8363
4803,928.98834,952.03864
4804,921.37744,973.656
4805,939.46906,994.62445
4806,987.7179,1001.02374
4807,1024.8159,994.7676
4808,1006.4258,975.3546
4809,939.64453,942.1449
4810,887.0216,921.0915
4811,889.4608,938.3727
4812,914.0283,974.80597
4813,913.1834,997.26587
4814,880.4307,1000.96936
4815,839.93353,999.1666
4816,818.6443,1003.0766
4817,819.12885,1012.0886
4818,822.4379,1019.41473
4819,818.4175,1026.1438
4820,809.15,1034.5272
4821,791.6456,1031.6677
4822,770.6716,1004.9972
4823,771.7452,962.37134
4824,815.13336,905.93524
4825,879.30194,822.88367
4826,896.82623,725.56793
4827,835.4922,652.70764
4828,757.4148,629.7965
4829,732.2894,670.53375
4830,766.99524,790.2652
4831,831.55676,957.4805
4832,881.25336,1085.392
4833,887.0289,1130.6962
4834,865.6722,1129.6641
4835,849.02783,1124.1095
4836,828.1793,1117.6943
4837,763.0709,1098.9393
4838,659.577,1070.802
4839,581.78973,1047.166
4840,584.73535,1034.1058
4841,678.4816,1030.8639
4842,810.07935,1036.2407
4843,890.6967,1044.6279
4844,896.4333,1048.7709
4845,882.6087,1047.5927
4846,890.7284,1044.1478
4847,911.44366,1040.3395
4848,922.72437,1037.1233
4849,914.9315,1034.1375
4850,890.27826,1028.9741
4851,863.663,1022.41846
4852,843.35895,1019.0335
4853,806.0388,1018.5654
4854,730.66815,1016.0667
4855,637.8042,1011.0279
4856,565.7409,1007.7806
4857,556.08026,1003.6161
4858,660.2595,981.7717
4859,873.06915,936.68036
4860,1070.1343,901.49036
4861,1119.8422,911.8202
4862,1032.2556,955.11053
4863,911.6835,993.2029
4864,829.7877,1010.50793
4865,800.33527,1015.9014
4866,808.8991,1019.05066
4867,829.8264,1019.25385
4868,843.8322,1011.88666
4869,851.2775,998.8451
4870,860.2259,988.044
4871,869.58984,984.2391
4872,873.51447,984.2949
4873,873.88586,981.5466
4874,873.00415,974.4178
4875,863.6949,968.7925
4876,846.00793,969.4061
4877,834.81104,973.5427
4878,837.7515,977.332
4879,846.85516,981.676
4880,853.4347,987.26166
4881,856.9555,989.5509
4882,861.1613,983.92145
4883,867.6403,973.3293
4884,874.35767,965.1122
4885,877.89484,962.2295
4886,870.6678,963.8589
4887,844.3867,969.0927
4888,809.6741,974.73413
4889,794.67017,975.4434
4890,810.7894,968.68475
4891,838.4367,957.94904
4892,853.6345,950.1098
4893,853.0335,949.2261
4894,846.52374,953.7271
4895,839.72986,956.1043
4896,831.88715,943.5032
4897,825.34216,914.0713
4898,828.6461,894.1884
4899,841.40314,905.75226
4900,850.4271,930.36053
4901,850.58826,941.76746
4902,849.32983,939.01666
4903,851.96204,933.07904
4904,857.6755,931.7548
4905,866.0899,935.72644
4906,878.87195,939.7331
4907,893.01276,941.54517
4908,901.6418,945.4629
4909,904.18616,952.539
4910,906.3702,955.91
4911,909.5036,952.01025
4912,906.5985,950.9281
4913,892.7413,965.16284
4914,875.43896,987.87585
4915,866.34686,1000.5883
4916,865.8252,999.1469
4917,867.2274,989.8021
4918,872.08093,974.5603
4919,884.6462,958.84705
4920,892.609,954.1481
4921,875.62415,963.54584
4922,840.4777,977.6714
4923,823.702,983.3977
4924,846.15436,973.2428
4925,885.5796,953.89386
4926,908.47845,939.0732
4927,907.632,931.97156
4928,891.4261,929.028
4929,865.9186,932.64056
4930,849.0417,944.4864
4931,864.4141,957.76434
4932,902.1745,965.84674
4933,927.23285,970.3767
4934,923.6494,978.72723
4935,898.33527,996.7134
4936,868.59076,1019.1602
4937,858.5722,1030.638
4938,876.277,1023.69507
4939,896.9601,1010.215
4940,892.98206,1005.807
4941,872.8837,1007.44604
4942,866.67365,999.56714
4943,880.08374,980.0172
4944,896.4205,963.84406
4945,910.1075,963.0494
4946,921.0291,974.5995
4947,917.00275,986.8317
4948,890.9166,992.0212
4949,861.00684,993.1183
4950,856.6138,996.6733
4951,880.3883,1002.8149
4952,899.76483,1009.01495
4953,887.9824,1015.0133
4954,858.18317,1019.7382
4955,837.09235,1022.1337
4956,821.55664,1023.7422
4957,793.3451,1026.5789
4958,755.63184,1031.4634
4959,729.2831,1034.9948
4960,730.7113,1023.861
4961,759.2678,991.1029
4962,798.51227,962.4294
4963,825.8977,968.46313
4964,826.1459,1000.7743
4965,806.32446,1030.564
4966,791.0604,1043.2009
4967,798.1353,1041.1449
4968,827.3179,1034.3826
4969,861.93054,1030.3949
4970,863.8606,1027.4967
4971,795.3224,1017.4752
4972,679.997,999.3261
4973,592.2051,982.63116
4974,559.59924,973.1468
4975,549.4534,969.3642
4976,553.7444,971.0642
4977,625.5345,981.2986
4978,796.7659,1000.58777
4979,981.0409,1020.1989
4980,1057.7268,1029.7589
4981,1020.03076,1029.0061
4982,924.16895,1020.3258
4983,797.9459,1004.1558
4984,679.6471,988.1822
4985,619.3837,982.51294
4986,617.3981,986.17053
4987,631.5652,988.79694
4988,625.7482,983.0737
4989,599.55597,972.7924
4990,590.9502,967.9563
4991,631.1832,973.11414
4992,697.1298,983.4936
4993,744.15076,990.47345
4994,768.51135,989.65515
4995,787.9426,983.7071
4996,799.447,975.9601
4997,797.8921,966.6204
4998,792.5216,958.1297
4999,790.2017,954.0331
5000,787.63446,952.0794
5001,779.74097,948.80273
5002,768.2778,945.583
5003,761.75653,943.7737
5004,766.0174,941.7175
5005,780.1474,938.5823
5006,801.67395,934.24005
5007,821.0902,925.59717
5008,821.796,909.96844
5009,804.8508,891.1711
5010,795.99695,876.2591
5011,815.9303,869.38306
5012,853.13715,871.89185
5013,875.98303,882.8709
5014,871.3546,897.9255
5015,855.08685,912.38446
5016,847.0769,926.86237
5017,852.76025,944.8247
5018,865.01294,964.33734
5019,872.0451,978.1942
5020,859.5023,983.14844
5021,820.126,982.7095
5022,776.7777,978.5353
5023,769.446,968.7614
5024,800.24524,957.4684
5025,829.03723,951.66003
5026,832.7493,950.92816
5027,831.1301,953.1625
5028,854.82556,959.01996
5029,903.08887,964.41547
5030,923.02356,963.8034
5031,854.2373,960.0748
5032,725.3567,961.636
5033,660.29724,972.20795
5034,733.87067,985.6867
5035,861.357,991.334
5036,906.5213,985.6195
5037,855.5086,975.9715
5038,789.8202,969.8792
5039,755.08264,966.7179
5040,751.7024,964.1393
5041,780.6843,962.5227
5042,827.1343,961.7184
5043,860.59985,961.36554
5044,873.18225,960.06537
5045,857.9553,954.36676
5046,789.92584,947.3423
5047,691.18024,950.18884
5048,633.5816,965.64905
5049,634.5779,981.9255
5050,643.55963,988.3087
5051,635.8731,984.45636
5052,650.31195,975.02686
5053,727.7354,963.4599
5054,834.3125,951.4533
5055,890.4737,942.3226
5056,861.3053,939.47186
5057,765.44617,942.0673
5058,650.959,946.9204
5059,576.1765,951.0921
5060,570.6267,951.8973
5061,634.25244,948.7502
5062,741.8386,944.2636
5063,836.14777,940.7041
5064,874.2125,937.8325
5065,858.08386,936.178
5066,808.0496,935.6281
5067,752.59216,931.9727
5068,719.01245,923.35535
5069,698.1215,915.0105
5070,655.593,912.88745
5071,589.4927,918.2059
5072,542.76465,928.49835
5073,568.9529,938.58356
5074,686.49615,941.3711
5075,829.6952,934.00183
5076,890.8806,923.1048
5077,842.96173,917.6575
5078,756.24005,916.0011
5079,703.19696,905.821
5080,699.4556,879.75604
5081,719.95,847.41254
5082,737.3388,827.9432
5083,738.15137,832.31024
5084,722.2446,856.03925
5085,706.933,884.8729
5086,714.8977,903.9834
5087,742.4607,906.02734
5088,759.82916,893.30194
5089,745.0944,877.20575
5090,703.10144,874.709
5091,659.1545,894.6711
5092,639.4814,929.16833
5093,654.6252,960.8283
5094,697.65674,974.7719
5095,747.1297,969.7522
5096,778.47144,958.32166
5097,777.1801,952.44446
5098,739.3171,954.57837
5099,680.82416,960.5016
5100,635.1193,965.8123
5101,615.02185,969.5591
5102,607.0073,971.7143
5103,621.5333,973.4055
5104,703.1542,980.13214
5105,849.1758,995.3826
5106,958.5734,1010.015
5107,927.26904,1009.3519
5108,774.2638,993.05396
5109,622.6717,974.78436
5110,565.0227,963.8141
5111,590.21875,957.71606
5112,640.0489,949.0258
5113,677.5508,934.4996
5114,693.6659,918.58997
5115,698.00916,909.1371
5116,706.73224,911.58215
5117,722.0336,925.2896
5118,732.98376,942.5427
5119,733.5275,951.53613
5120,727.66547,943.4748
5121,725.25854,920.9047
5122,733.88684,897.1423
5123,749.71686,883.03827
5124,769.8553,880.28326
5125,801.0945,888.7884
5126,836.722,908.3105
5127,857.62274,932.9857
5128,861.9655,954.0419
5129,861.54675,967.41956
5130,863.8651,975.7779
5131,871.64105,982.14636
5132,878.08386,982.669
5133,855.5052,971.9119
5134,775.2099,953.55084
5135,658.535,937.85175
5136,574.7319,931.952
5137,582.97107,938.3516
5138,692.3007,955.8425
5139,837.7207,974.8207
5140,922.00586,980.5245
5141,908.9878,965.17505
5142,830.12964,932.5677
5143,745.36145,895.42255
5144,712.46436,867.16595
5145,732.4,853.71313
5146,752.444,858.1777
5147,738.8711,884.68933
5148,709.7644,928.08264
5149,703.19226,970.98016
5150,733.2106,996.9121
5151,778.2977,999.0072
5152,806.34467,982.92126
5153,799.2773,966.2829
5154,757.91797,963.5668
5155,707.84576,973.30707
5156,690.0336,985.8867
5157,719.07245,994.3464
5158,765.1098,994.5602
5159,787.85333,985.3096
5160,766.9422,972.36
5161,701.83057,965.9139
5162,617.49115,971.356
5163,564.21436,983.9941
5164,596.1378,993.2614
5165,733.31274,992.27905
5166,903.06494,982.6281
5167,985.67975,971.30817
5168,954.0247,964.10004
5169,872.4177,961.56024
5170,805.9385,963.6895
5171,791.7753,972.67773
5172,818.0736,984.2735
5173,832.18506,987.74603
5174,805.98553,979.29926
5175,762.9088,963.72156
5176,735.67474,945.1476
5177,727.0298,927.3601
5178,723.6479,918.454
5179,721.7845,924.20044
5180,723.2141,938.76306
5181,726.16296,949.6569
5182,728.15643,950.1114
5183,725.188,942.9753
5184,712.5806,935.23914
5185,698.4588,930.4277
5186,698.2072,926.7238
5187,705.3641,922.1613
5188,698.05334,918.343
5189,677.46295,917.7606
5190,665.52386,918.1467
5191,671.5957,911.5063
5192,686.2441,898.2909
5193,694.1693,897.5782
5194,688.2999,918.33136
5195,676.503,940.3018
5196,665.6328,948.54443
5197,658.3708,950.02905
5198,687.02374,949.87103
5199,795.3394,945.17975
5200,940.5234,939.4364
5201,993.3606,944.4989
5202,893.4766,964.96985
5203,734.30945,988.1384
5204,642.80884,997.02356
5205,634.9587,990.76025
5206,650.46826,983.46716
5207,660.33636,984.95953
5208,674.34174,992.8466
5209,694.6275,1000.4581
5210,706.7549,1003.1255
5211,702.6495,999.4623
5212,690.4007,991.7345
5213,682.03253,981.38464
5214,683.79407,962.58563
5215,695.06946,936.32544
5216,705.472,928.4751
5217,699.327,955.34326
5218,676.60516,990.6265
5219,660.748,1007.24475
5220,678.3593,1008.3525
5221,727.7485,1001.3446
5222,759.65283,988.1585
5223,725.62946,977.3676
5224,652.7294,976.51746
5225,604.5175,980.6511
5226,590.8907,982.39056
5227,590.3936,983.1291
5228,628.1218,985.8369
5229,748.7864,988.0258
5230,910.7252,988.743
5231,1010.671,992.06384
5232,1020.7481,998.5204
5233,987.29425,1001.8372
5234,936.8797,996.66284
5235,875.38434,984.4824
5236,821.5976,971.9772
5237,795.178,965.4191
5238,798.7426,966.5435
5239,819.6483,972.1743
5240,839.7664,975.50116
5241,848.9446,972.2375
5242,856.9258,969.58594
5243,880.22974,979.1081
5244,910.9185,996.32806
5245,918.30786,1001.5394
5246,884.6999,983.5901
5247,825.1831,952.09985
5248,777.95197,927.1076
5249,782.8131,921.5454
5250,851.0788,933.2109
5251,935.6082,950.8151
5252,957.2097,963.52264
5253,889.3246,965.932
5254,787.92865,960.94794
5255,721.55835,957.19745
5256,703.4374,958.48914
5257,705.74445,961.31494
5258,709.91693,962.84595
5259,719.851,962.4342
5260,737.73285,959.42175
5261,746.6867,955.04584
5262,725.9545,952.8758
5263,682.15906,955.7038
5264,654.6962,960.1414
5265,686.0313,954.5697
5266,767.80536,935.276
5267,814.8401,922.0447
5268,767.1814,931.1086
5269,682.7759,948.7612
5270,638.7213,957.78424
5271,635.1358,959.2503
5272,641.4285,959.36694
5273,645.97656,960.4525
5274,651.6586,963.1817
5275,661.04596,967.5638
5276,669.1421,971.8666
5277,667.8101,973.11426
5278,658.2968,970.6554
5279,652.7565,967.5388
5280,658.6242,966.5045
5281,669.4273,967.3819
5282,674.8874,968.7216
5283,672.5656,968.75885
5284,666.1384,966.5777
5285,659.0509,963.7713
5286,654.9755,962.4723
5287,659.0515,963.4172
5288,672.42773,967.0187
5289,685.96277,971.2175
5290,682.52625,969.6457
5291,654.72766,960.3322
5292,620.9106,952.5258
5293,605.61426,955.0143
5294,609.1639,964.20654
5295,622.31366,971.30927
5296,660.5651,971.44995
5297,748.832,964.2293
5298,867.80884,955.16547
5299,954.82416,952.02673
5300,978.1342,956.63916
5301,966.12756,964.4352
5302,944.76263,967.6771
5303,906.9479,962.2458
5304,860.9369,954.83276
5305,840.6891,955.8164
5306,855.8391,965.874
5307,882.76447,975.3918
5308,898.0628,977.19904
5309,890.0519,972.782
5310,856.2211,962.8961
5311,811.764,945.82385
5312,782.2749,926.4839
5313,776.98254,913.0292
5314,786.3165,907.39325
5315,795.805,906.7106
5316,793.11176,907.16187
5317,780.512,905.13965
5318,770.0194,903.5974
5319,760.92084,911.6256
5320,747.73035,929.6843
5321,735.7858,947.16364
5322,730.87646,957.2051
5323,732.8651,961.3385
5324,740.8273,962.03564
5325,753.45917,960.20807
5326,766.58105,957.14594
5327,771.34357,952.6185
5328,758.6671,944.05316
5329,735.4838,935.1906
5330,723.32385,940.39185
5331,727.15466,964.07117
5332,732.2012,984.4852
5333,732.1856,980.8779
5334,732.53625,963.4267
5335,737.33057,956.4953
5336,744.6002,966.5393
5337,745.94916,981.26575
5338,736.34906,990.53534
5339,725.3563,995.45416
5340,725.3286,1001.50464
5341,733.30273,1011.1608
5342,738.04266,1021.269
5343,735.17474,1026.1775
5344,730.13434,1024.5634
5345,730.9154,1020.6458
5346,734.0703,1018.61536
5347,726.57196,1017.32074
5348,706.8878,1012.1523
5349,689.087,1003.31384
5350,681.56165,996.1392
5351,677.13855,992.43335
5352,670.2009,989.6151
5353,667.03766,986.15137
5354,671.1858,981.19366
5355,672.2181,974.1258
5356,656.47064,969.02484
5357,629.5437,971.49554
5358,640.8592,976.3071
5359,751.3177,969.40204
5360,927.5824,948.5591
5361,1051.6237,927.8649
5362,1064.044,919.8549
5363,980.55664,931.1312
5364,830.36694,964.3934
5365,679.92065,1004.6481
5366,607.18207,1026.3118
5367,623.0458,1024.806
5368,681.49023,1015.6327
5369,725.3351,1008.08234
5370,715.4288,1001.04004
5371,662.15216,994.57526
5372,613.05096,991.40466
5373,607.5346,990.9679
5374,654.7241,990.09015
5375,725.08673,987.5882
5376,775.48883,984.1717
5377,800.9524,980.02673
5378,826.59045,975.1697
5379,855.8808,970.98944
5380,873.37366,967.62805
5381,879.646,961.68854
5382,872.4008,952.22485
5383,824.19836,945.8646
5384,729.68536,949.5698
5385,638.6437,960.34705
5386,605.71674,970.2247
5387,634.49,977.9989
5388,686.7427,984.9051
5389,727.07513,986.8714
5390,748.3269,980.6603
5391,760.49396,969.1948
5392,769.99426,957.5585
5393,775.1169,948.03345
5394,776.1591,940.0532
5395,782.7401,933.9005
5396,799.0605,930.48224
5397,817.53766,928.5669
5398,834.5165,927.1841
5399,845.44916,927.27313
5400,844.2698,927.45435
5401,852.135,922.5078
5402,900.38947,910.46533
5403,964.5052,897.9072
5404,974.85895,893.17145
5405,907.3255,899.098
5406,811.85815,912.06915
5407,750.6512,921.56506
5408,743.5206,919.12195
5409,778.51624,909.81464
5410,838.1679,904.2106
5411,895.0293,904.7244
5412,917.8604,907.2066
5413,892.32404,908.09705
5414,826.9343,906.9729
5415,758.99664,907.6855
5416,736.7143,915.578
5417,766.0925,929.5572
5418,794.6393,940.8322
5419,771.0282,941.2149
5420,711.6948,932.41437
5421,671.9373,926.8637
5422,663.56525,932.4239
5423,655.0902,941.4861
5424,635.9817,945.8384
5425,627.0312,949.10596
5426,635.19995,955.14856
5427,642.8522,959.1452
5428,641.40295,956.4802
5429,637.3532,949.1987
5430,629.4691,941.40106
5431,613.673,937.46783
5432,596.31805,941.36926
5433,584.4951,950.0961
5434,586.5897,955.34955
5435,612.74817,953.6953
5436,647.52136,947.32574
5437,654.341,938.01263
5438,628.2556,926.528
5439,604.25085,915.6679
5440,609.3235,909.7154
5441,638.7866,910.4988
5442,669.21484,915.1032
5443,682.3784,918.3296
5444,685.0502,919.771
5445,695.24866,925.8848
5446,707.31464,938.13885
5447,692.5396,947.46484
5448,647.0022,948.51666
5449,629.62286,941.3633
5450,712.8179,923.12476
5451,873.3596,900.8148
5452,996.82587,888.58167
5453,1001.1527,887.6149
5454,885.0779,898.1265
5455,714.09503,925.73193
5456,598.39496,960.7596
5457,587.4943,984.3956
5458,613.9434,992.6262
5459,610.70807,994.41565
5460,602.63043,996.7588
5461,631.5675,997.6832
5462,675.51465,990.2157
5463,696.6307,975.297
5464,703.99506,961.65283
5465,720.08594,949.36755
5466,735.33795,930.39496
5467,734.21875,907.4248
5468,731.7454,893.36755
5469,755.71265,889.9351
5470,819.9322,885.9255
5471,908.1198,876.5856
5472,955.66516,865.48474
5473,903.07666,852.2272
5474,788.5773,836.0939
5475,713.05396,824.84033
5476,721.55457,827.1647
5477,782.00323,841.66833
5478,839.9698,858.56366
5479,849.11646,867.25696
5480,793.09247,862.54956
5481,712.8786,850.98627
5482,676.1701,846.48425
5483,695.6717,854.8196
5484,722.58093,871.9299
5485,735.60376,896.2279
5486,767.7217,929.107
5487,825.6165,963.50964
5488,868.13446,987.2605
5489,874.2895,998.4553
5490,852.3297,1001.4658
5491,806.6567,994.1109
5492,755.8644,975.69525
5493,733.8665,957.6807
5494,743.06177,952.4926
5495,754.40985,957.94904
5496,751.4885,960.8584
5497,743.43964,954.48883
5498,746.6121,945.6384
5499,767.0966,944.104
5500,800.34216,952.42084
5501,835.54297,961.4629
5502,851.8063,954.9366
5503,829.888,929.5476
5504,780.3145,902.3626
5505,741.0374,889.28754
5506,733.4549,891.4071
5507,740.1078,903.56433
5508,734.45514,919.5911
5509,710.27344,931.86896
5510,684.57465,936.7093
5511,680.9563,936.4106
5512,700.9874,933.527
5513,719.84546,927.7682
5514,715.39417,919.25806
5515,691.24255,912.01996
5516,665.21045,910.34143
5517,645.1224,911.96075
5518,630.1221,911.4995
5519,623.1957,909.6157
5520,627.07196,910.6728
5521,633.7412,913.3192
5522,628.33,911.6481
5523,607.5827,905.3921
5524,590.727,902.0942
5525,620.9511,910.74524
5526,738.0459,935.6085
5527,905.84,968.0698
5528,1024.647,989.9805
5529,1055.6042,994.535
5530,1032.1573,987.734
5531,956.0232,970.86725
5532,813.9136,945.7251
5533,677.08026,922.9639
5534,666.01605,911.94055
5535,809.06433,917.3809
5536,993.19525,936.01154
5537,1087.6959,952.41693
5538,1071.7568,954.2752
5539,977.10474,943.91583
5540,817.6191,931.4196
5541,657.1851,925.6578
5542,593.8368,926.7079
5543,632.7061,926.083
5544,694.3799,919.82336
5545,726.2189,914.00824
5546,729.1585,916.2041
5547,716.3214,928.2741
5548,698.28894,943.5579
5549,695.64294,950.62695
5550,730.2062,944.88184
5551,800.50885,934.8803
5552,883.1812,932.8766
5553,944.7,939.0212
5554,958.2852,942.17224
5555,934.13226,935.86084
5556,904.8167,924.65564
5557,884.076,917.0314
5558,870.33685,917.9186
5559,862.0572,925.42584
5560,848.10046,933.286
5561,813.0376,938.60205
5562,768.0985,943.5648
5563,740.9542,950.14435
5564,734.33594,958.1355
5565,735.3209,964.4634
5566,737.8828,964.86755
5567,735.5945,960.6886
5568,727.99677,957.436
5569,722.04803,956.5697
5570,716.3213,957.22296
5571,711.2268,960.21606
5572,712.59814,963.81934
5573,710.3259,963.9642
5574,692.455,961.3225
5575,672.40283,961.31274
5576,667.53595,966.37897
5577,673.78894,973.6033
5578,682.4521,980.22076
5579,693.3417,985.2736
5580,703.567,987.43866
5581,708.37866,986.5649
5582,705.96857,984.46857
5583,694.8221,982.3527
5584,695.4573,977.16327
5585,757.153,963.623
5586,884.2364,944.77527
5587,988.7849,928.91907
5588,993.56134,914.77136
5589,930.5305,897.2463
5590,874.56683,880.1504
5591,851.94763,872.4423
5592,850.3736,883.7991
5593,857.0165,920.5305
5594,867.75104,972.5987
5595,885.4918,1016.3415
5596,911.3977,1038.3883
5597,933.3848,1042.6713
5598,940.1261,1038.1829
5599,938.9376,1031.694
5600,936.381,1024.913
5601,927.2461,1017.02875
5602,916.43787,1010.678
5603,917.3196,1008.86615
5604,924.93005,1008.9053
5605,910.58716,1003.82587
5606,854.47833,989.63684
5607,784.6845,972.62164
5608,754.06134,963.9824
5609,775.4742,966.7883
5610,816.9954,976.0716
5611,845.1242,984.36395
5612,841.148,983.90155
5613,803.7698,975.7906
5614,756.5793,971.73474
5615,728.45514,978.3703
5616,727.0311,989.87524
5617,744.89014,997.4333
5618,764.92676,999.8494
5619,765.4344,1000.2578
5620,755.7163,989.3579
5621,764.4153,956.4818
5622,774.3347,924.8029
5623,748.5804,927.66974
5624,701.972,955.83325
5625,669.6164,976.5088
5626,657.2772,978.4097
5627,659.28595,971.418
5628,681.56757,968.01074
5629,733.7308,973.52234
5630,799.27094,982.3044
5631,826.6568,981.0635
5632,777.7175,963.06335
5633,681.52057,939.3815
5634,610.2195,927.1427
5635,613.4397,931.19696
5636,695.6745,945.8592
5637,812.8372,963.66113
5638,901.2938,978.5061
5639,943.57916,987.33057
5640,963.0348,989.1395
5641,966.7712,984.1418
5642,944.29596,972.82465
5643,901.51764,955.81274
5644,860.5484,939.3865
5645,831.05426,936.27405
5646,804.9586,950.9824
5647,785.421,969.28796
5648,789.523,974.1077
5649,811.51013,966.8812
5650,823.76996,962.1931
5651,813.02655,965.8626
5652,788.1162,971.18756
5653,767.26764,972.93976
5654,759.64484,971.56915
5655,751.5474,968.12036
5656,731.7718,963.90576
5657,715.6611,961.22736
5658,717.6603,961.11554
5659,727.57214,962.829
5660,729.3225,964.93787
5661,722.2702,964.7624
5662,710.76904,959.6538
5663,687.1452,951.5204
5664,653.22546,944.9984
5665,652.2412,934.40247
5666,738.6354,909.46173
5667,891.24524,884.2057
5668,1002.4344,880.86
5669,1000.17255,887.13965
5670,921.46454,878.3174
5671,842.5442,859.23065
5672,806.15985,853.5729
5673,816.0957,876.8219
5674,852.74713,926.13306
5675,888.6582,982.8123
5676,911.21075,1024.6687
5677,933.0059,1041.0864
5678,959.97784,1037.8396
5679,973.9712,1025.8022
5680,967.8702,1010.55835
5681,952.2753,997.4429
5682,930.30786,993.9439
5683,904.96594,999.56274
5684,886.7442,1002.7532
5685,878.09937,992.5071
5686,875.16724,970.4717
5687,880.7023,948.37555
5688,892.28094,934.8716
5689,889.8961,930.8717
5690,859.5882,934.5373
5691,818.8032,945.64136
5692,796.3716,965.66223
5693,798.7051,993.51794
5694,820.24475,1022.9374
5695,863.1868,1045.5018
5696,915.18695,1055.0901
5697,942.4361,1050.8438
5698,931.9169,1037.8983
5699,909.2335,1024.2838
5700,898.91565,1015.6002
5701,884.48724,1011.3352
5702,831.0338,1007.3809
5703,751.6944,1003.11206
5704,707.6999,1000.0333
5705,733.57477,997.82874
5706,807.72107,999.42523
5707,883.9137,1003.9003
5708,929.8646,993.39
5709,940.6262,957.26776
5710,918.6138,923.35736
5711,877.3265,922.92523
5712,842.3393,943.03357
5713,807.3981,955.7508
5714,750.0263,959.20184
5715,692.00433,961.9735
5716,681.80273,961.87787
5717,736.358,955.0034
5718,821.83344,947.22986
5719,886.3208,946.7387
5720,906.1644,950.6602
5721,887.9391,948.21265
5722,852.50024,937.6858
5723,824.2566,929.2182
5724,802.17145,928.8044
5725,761.86774,932.8393
5726,706.89233,938.0825
5727,675.8941,944.0977
5728,694.53064,947.032
5729,754.77716,942.6871
5730,822.3843,934.9985
5731,855.3624,930.9181
5732,842.5615,931.0532
5733,814.8098,933.1217
5734,801.1973,936.5
5735,790.963,939.00775
5736,760.64105,937.4198
5737,720.83093,933.6384
5738,700.44446,933.12024
5739,702.734,936.0227
5740,710.88745,936.9366
5741,717.1681,932.85815
5742,722.275,925.4766
5743,721.706,916.24786
5744,709.3824,905.08636
5745,690.12415,896.4842
5746,676.3718,897.48615
5747,674.84937,905.7134
5748,687.96063,911.60266
5749,725.91504,911.17834
5750,799.55994,906.8223
5751,887.3796,901.28937
5752,942.91895,896.5164
5753,949.73206,893.36444
5754,917.1255,889.3161
5755,844.44855,879.9248
5756,749.03357,865.70844
5757,680.0538,854.7808
5758,674.4806,856.46686
5759,735.46735,875.18713
5760,830.38855,907.7698
5761,905.4643,941.7075
5762,937.3746,961.4762
5763,940.06934,961.2065
5764,915.5208,948.7268
5765,851.8988,936.8837
5766,772.7908,932.9355
5767,735.91785,935.67004
5768,767.81525,941.0748
5769,835.0898,948.5945
5770,888.7172,957.89825
5771,911.57526,964.8285
5772,914.7665,966.61664
5773,906.54926,962.83307
5774,885.3107,952.0135
5775,858.81085,937.8757
5776,844.4731,929.6188
5777,845.82574,929.2346
5778,847.7237,931.5023
5779,828.5037,934.7443
5780,777.68726,939.9461
5781,727.73193,944.12885
5782,743.3186,945.19507
5783,837.17804,949.5049
5784,930.3708,960.32245
5785,938.7326,966.4204
5786,863.1513,957.74414
5787,769.03644,940.14685
5788,717.38806,925.07086
5789,727.97675,917.3621
5790,780.5899,918.6209
5791,836.01575,928.4083
5792,859.7722,937.6334
5793,846.712,936.2782
5794,824.44885,926.4683
5795,820.99585,917.25085
5796,843.3371,911.95886
5797,881.87994,904.4087
5798,914.021,891.16583
5799,914.96155,885.3802
5800,876.9475,899.8057
5801,814.91943,925.6099
5802,760.53174,949.95
5803,742.7277,973.3475
5804,759.09534,997.05536
5805,785.21484,1014.4649
5806,797.8927,1019.56976
5807,778.1098,1017.1019
5808,736.0739,1019.9157
5809,709.2449,1032.878
5810,712.951,1045.4596
5811,735.644,1044.3584
5812,760.7972,1030.4403
5813,772.97266,1018.1504
5814,768.625,1018.34314
5815,758.95557,1029.5137
5816,772.61774,1041.0549
5817,841.27057,1040.743
5818,938.8174,1029.7626
5819,977.62286,1022.9199
5820,901.3059,1026.7299
5821,746.9741,1033.5026
5822,614.85187,1035.8458
5823,596.00116,1032.044
5824,711.1878,1022.0773
5825,881.85376,1010.9947
5826,990.0253,1008.863
5827,1000.82294,1016.9355
5828,965.74097,1026.4137
5829,908.3513,1033.8114
5830,805.3748,1043.1849
5831,688.16174,1057.7511
5832,648.40344,1080.1333
5833,712.5968,1110.3815
5834,807.6271,1137.1848
5835,859.10535,1144.486
5836,858.9317,1128.307
5837,839.7168,1098.8649
5838,826.9316,1069.412
5839,828.69775,1046.211
5840,843.6263,1028.8792
5841,861.05347,1016.9684
5842,874.3752,1010.2942
5843,894.0146,1006.4447
5844,919.7155,1004.3565
5845,929.98376,1006.1793
5846,916.09753,1011.80444
5847,872.84467,1016.2697
5848,781.692,1014.9468
5849,664.63904,1008.9497
5850,587.66046,1003.21643
5851,572.09515,1000.7789
5852,582.19336,1003.5693
5853,595.52893,1013.79193
5854,622.9915,1029.0557
5855,674.43604,1044.3818
5856,732.0635,1059.0479
5857,764.40936,1072.7145
5858,762.46106,1081.2716
5859,746.0295,1082.6929
5860,736.2752,1078.2141
5861,730.59814,1067.8853
5862,707.2578,1053.238
5863,657.33856,1040.843
5864,605.2216,1037.291
5865,596.7303,1040.4752
5866,668.9571,1040.5336
5867,803.96326,1032.8766
5868,917.6687,1022.7795
5869,947.4676,1017.0608
5870,922.38885,1018.8792
5871,901.929,1027.1959
5872,905.6446,1039.4122
5873,926.35046,1053.8754
5874,950.5284,1066.4031
5875,943.0159,1067.0212
5876,862.8121,1049.0322
5877,738.223,1026.3347
5878,668.80475,1024.6873
5879,705.8318,1046.8041
5880,790.82275,1068.2742
5881,834.9964,1071.8525
5882,812.0229,1062.5916
5883,762.0442,1050.4504
5884,735.83826,1040.077
5885,749.43964,1033.9799
5886,788.0871,1031.9475
5887,833.02167,1031.401
5888,864.8268,1029.8503
5889,873.2328,1022.2632
5890,868.797,995.6409
5891,856.98083,943.7519
5892,841.47504,898.3212
5893,840.66016,900.58984
5894,839.44934,934.7244
5895,791.3219,952.857
5896,705.52094,947.0199
5897,642.2412,940.2664
5898,626.6439,942.6177
5899,638.80505,950.48773
5900,657.1454,960.05316
5901,677.70245,967.938
5902,709.9543,973.3618
5903,754.5298,977.9656
5904,789.8258,980.01605
5905,797.1654,975.36804
5906,785.6603,965.1483
5907,774.24524,956.2544
5908,761.5265,952.4388
5909,732.0345,952.2199
5910,689.8157,954.97217
5911,662.28345,959.7066
5912,670.65436,962.43396
5913,713.5349,960.92053
5914,763.5164,954.99414
5915,786.44965,943.42365
5916,787.8658,928.23553
5917,816.1356,918.8451
5918,893.7323,923.9842
5919,968.8573,939.652
5920,983.54364,954.1266
5921,957.5646,962.25507
5922,941.9205,964.35785
5923,946.5609,959.3207
5924,964.13885,945.4547
5925,1001.59064,922.9551
5926,1054.1976,897.7063
5927,1086.623,880.1258
5928,1044.7235,877.08563
5929,901.6605,888.4634
5930,730.1687,907.40796
5931,648.5231,924.7225
5932,670.8634,935.50934
5933,720.7595,937.8168
5934,753.3617,930.6926
5935,782.24164,919.17615
5936,835.291,913.2124
5937,906.9134,914.868
5938,950.4436,915.2741
5939,932.3491,908.19006
5940,861.55255,897.7188
5941,770.1447,894.3624
5942,701.3379,904.6162
5943,678.02686,920.7286
5944,677.544,929.2334
5945,675.399,929.93677
5946,683.1524,934.65497
5947,724.5546,950.29926
5948,798.755,972.01886
5949,872.0368,989.20703
5950,909.6784,994.1825
5951,907.2998,986.2003
5952,889.20654,972.4725
5953,888.3668,965.63074
5954,908.8143,969.5903
5955,922.46106,974.2434
5956,920.8079,972.32117
5957,922.34644,967.18024
5958,932.9524,963.2761
5959,940.504,960.6237
5960,926.01117,954.62744
5961,870.8329,941.1598
5962,784.6873,927.0106
5963,711.136,923.6567
5964,680.83563,930.4374
5965,688.6299,940.0324
5966,720.2776,952.7671
5967,764.5097,972.78735
5968,803.66504,997.70386
5969,821.1869,1019.452
5970,816.99567,1032.2354
5971,802.57245,1036.2169
5972,787.8507,1035.3359
5973,789.068,1033.608
5974,824.11304,1032.4027
5975,865.81744,1027.9187
5976,858.84766,1015.91125
5977,820.4556,1002.9337
5978,823.15265,1000.29205
5979,857.1918,1003.693
5980,840.31213,997.39056
5981,766.3652,981.00055
5982,707.3474,967.9036
5983,687.1896,959.4744
5984,677.20886,950.6478
5985,673.81445,948.6403
5986,701.1465,961.17773
5987,770.6333,982.53516
5988,855.84674,1001.9356
5989,910.47156,1013.4979
5990,918.1943,1015.97864
5991,902.075,1012.86835
5992,893.559,1012.4918
5993,905.06445,1017.40106
5994,924.08777,1021.41547
5995,939.58563,1023.93097
5996,959.1856,1029.9474
5997,983.1704,1036.0519
5998,988.64813,1034.402
5999,951.4636,1024.6204
6000,872.22516,1011.81824
6001,789.62036,1001.486
6002,745.4869,994.3205
6003,733.70984,984.49915
6004,728.5363,973.69904
6005,728.5347,974.8993
6006,738.13104,993.9118
6007,752.87933,1022.7748
6008,769.3601,1046.8804
6009,780.3492,1048.2843
6010,774.4307,1018.57184
6011,758.50836,975.59454
6012,757.6219,948.02155
6013,777.5116,941.7081
6014,794.79626,939.96844
6015,796.22705,931.2928
6016,797.0079,919.42053
6017,806.22046,911.21436
6018,806.5535,909.02966
6019,785.12115,914.20654
6020,755.7356,925.64185
6021,737.1864,937.2649
6022,730.2738,945.8168
6023,727.4061,953.02924
6024,728.2319,957.60236
6025,732.9062,955.7614
6026,729.63873,946.81146
6027,702.317,932.7096
6028,656.99744,919.50275
6029,630.865,914.9549
6030,658.1281,917.87616
6031,728.6602,920.14246
6032,794.0887,919.99097
6033,819.3897,921.2084
6034,814.4952,921.68896
6035,808.0923,915.836
6036,809.06116,906.8524
6037,806.95605,902.923
6038,797.79517,902.7602
6039,790.5244,898.28143
6040,790.08795,887.72003
6041,792.33777,874.73505
6042,795.1718,861.26996
6043,799.6031,850.30664
6044,806.1363,848.6489
6045,813.61334,858.8841
6046,811.7156,872.3269
6047,792.65753,879.8657
6048,770.46326,886.5865
6049,763.4222,904.22205
6050,774.01404,934.7685
6051,793.8822,968.4396
6052,811.9422,993.1152
6053,824.5001,1004.3347
6054,835.7479,1008.3251
6055,844.66693,1014.48456
6056,846.01416,1024.1101
6057,841.4192,1031.7554
6058,840.94916,1037.0417
6059,857.71063,1045.7051
6060,890.82916,1058.6755
6061,905.0393,1067.0458
6062,861.5403,1062.6459
6063,783.7362,1051.1504
6064,737.41376,1045.0541
6065,745.00574,1047.8269
6066,769.8165,1053.3544
6067,768.477,1053.8417
6068,738.6726,1047.2062
6069,713.4439,1038.1237
6070,710.301,1029.5234
6071,716.7432,1020.27277
6072,716.969,1010.7604
6073,706.2958,1003.0716
6074,693.7448,998.2628
6075,692.53033,996.8609
6076,703.758,999.0594
6077,725.5912,1002.6259
6078,762.3953,1003.0524
6079,803.92914,998.3857
6080,830.6375,993.5936
6081,842.8696,996.85565
6082,849.82764,1010.086
6083,850.15265,1017.244
6084,835.4281,975.6483
6085,799.409,856.479
6086,752.4831,712.69464
6087,716.8516,635.34515
6088,704.53906,645.11285
6089,712.76324,698.40686
6090,727.73773,755.64136
6091,732.71875,799.647
6092,724.761,829.74915
6093,715.7728,852.93896
6094,718.029,872.68005
6095,732.40015,890.4147
6096,736.96576,911.5498
6097,701.69104,939.95416
6098,635.86993,968.5871
6099,587.01654,986.45984
6100,580.20984,995.6622
6101,598.9555,1007.1354
6102,619.0201,1022.32697
6103,632.1567,1032.8593
6104,651.597,1033.2852
6105,696.85156,1027.1449
6106,760.3771,1023.4507
6107,813.1852,1027.5352
6108,846.7887,1034.5618
6109,872.0917,1034.5046
6110,885.3675,1022.4365
6111,879.386,1002.8058
6112,876.05615,986.4145
6113,898.4838,981.0485
6114,924.448,982.83673
6115,906.2504,979.5736
6116,828.3257,963.5522
6117,737.8965,940.88293
6118,701.9181,924.22797
6119,725.3013,916.13556
6120,756.3356,908.51294
6121,764.1888,896.7176
6122,759.8559,884.7072
6123,759.8564,878.612
6124,761.23254,879.8732
6125,748.2861,879.7786
6126,718.1397,863.0562
6127,689.4879,828.0429
6128,680.1977,793.69714
6129,687.5056,776.7927
6130,694.50385,779.1038
6131,692.15784,796.0084
6132,694.8111,816.7384
6133,716.6875,828.9117
6134,736.26654,838.22174
6135,731.1584,858.434
6136,727.3138,878.0301
6137,756.38354,873.57544
6138,799.7929,848.26434
6139,823.5161,818.32367
6140,831.3637,790.455
6141,832.0073,777.73157
6142,803.01074,789.4613
6143,742.2499,809.02673
6144,691.5648,820.23816
6145,680.5841,831.2581
6146,699.4179,854.238
6147,725.3662,880.0232
6148,744.1859,884.4375
6149,751.56067,857.6627
6150,750.3252,820.35626
6151,753.1365,798.6669
6152,776.2573,791.57764
6153,811.6265,785.7699
6154,833.033,782.0205
6155,836.99744,785.71216
6156,832.80304,796.42633
6157,816.17596,813.0219
6158,786.22424,833.31445
6159,755.20074,851.18536
6160,733.9309,858.25574
6161,723.03937,852.0753
6162,715.34674,842.58203
6163,709.32715,837.55725
6164,726.2381,821.231
6165,790.4548,770.6619
6166,879.4901,697.0814
6167,954.4636,627.80176
