frame,x,y
0,355.06747,712.09973
1,412.39886,702.5401
2,528.8444,733.1854
3,631.42816,775.86774
4,626.0721,783.0253
5,548.66003,764.39954
6,490.75882,756.88354
7,482.62436,768.8652
8,513.54236,788.6649
9,569.76556,802.18677
10,630.4868,795.9179
11,674.7081,769.4004
12,699.2363,744.15234
13,712.7139,746.2598
14,719.6502,780.5771
15,724.23413,828.8675
16,734.2321,870.4674
17,751.10754,898.17834
18,768.12,916.77747
19,774.7131,932.2409
20,748.593,939.81573
21,669.494,927.4367
22,568.15137,897.7913
23,512.19934,868.44183
24,526.07153,847.4603
25,581.24115,834.2506
26,650.10944,836.8536
27,722.8881,864.52686
28,786.4562,905.4563
29,815.65344,930.3758
30,796.69116,925.3038
31,749.32697,906.39795
32,708.94556,898.722
33,691.6555,911.6933
34,691.4364,935.66235
35,698.85736,954.37683
36,707.2761,958.6792
37,714.20447,951.90173
38,726.811,947.85236
39,756.0548,964.1786
40,796.52515,1005.2589
41,825.62854,1050.32
42,832.51666,1076.3699
43,828.96686,1087.7925
44,830.7687,1102.3114
45,842.8811,1119.3586
46,857.72015,1124.3517
47,865.4282,1113.5293
48,862.1388,1094.506
49,847.56104,1067.3771
50,828.9564,1018.0469
51,811.9058,937.83795
52,767.70233,849.5379
53,664.05804,790.6681
54,556.8781,772.41516
55,560.10187,781.1149
56,691.472,802.0551
57,838.4417,824.83203
58,898.3262,844.66565
59,878.9716,863.9661
60,841.487,883.9093
61,806.09753,897.4356
62,738.29443,894.6811
63,610.05273,872.938
64,468.7623,840.61456
65,400.1555,805.9507
66,420.68875,767.5312
67,468.72714,728.6057
68,482.10858,704.3055
69,446.68665,702.2526
70,399.74292,710.13055
71,407.54163,711.619
72,508.93216,706.83905
73,653.789,705.4063
74,745.38666,708.7632
75,755.2339,712.505
76,728.77155,715.55835
77,707.2627,719.07245
78,701.51245,725.9413
79,706.0686,745.9182
80,711.76056,788.1733
81,715.4693,840.7769
82,721.99695,876.2431
83,735.3685,886.57825
84,749.7024,889.6193
85,750.8113,897.7008
86,731.2199,907.79346
87,705.98444,922.1651
88,704.7042,944.88513
89,736.86945,962.6245
90,769.0089,960.89734
91,762.7301,940.8147
92,734.4254,907.3495
93,731.2825,866.4515
94,760.7385,832.97095
95,786.2557,827.811
96,768.85455,857.0539
97,705.2565,892.6997
98,633.84326,892.0963
99,587.9516,851.848
100,570.81726,832.97363
101,569.2592,892.95703
102,558.2112,1005.7152
103,531.45105,1099.6089
104,522.21014,1136.0024
105,548.43085,1115.7753
106,572.7306,1058.7423
107,555.8719,997.69617
108,514.7798,969.81476
109,487.33334,997.1686
110,479.98917,1060.8689
111,485.41208,1108.3553
112,508.02713,1111.1049
113,552.0336,1092.8712
114,605.1519,1086.3738
115,643.97174,1092.41
116,659.1587,1090.8448
117,664.0119,1071.0964
118,672.07404,1044.4823
119,682.6353,1029.2435
120,689.7821,1028.5928
121,692.4101,1032.6841
122,694.5797,1034.5902
123,699.2296,1033.8204
124,698.5717,1032.9073
125,676.3926,1034.3247
126,628.7875,1033.8906
127,574.0911,1021.4186
128,535.2965,991.6716
129,519.8268,947.55994
130,518.48615,896.2853
131,519.78625,849.422
132,520.2353,818.10675
133,521.40247,805.5305
134,523.95575,812.5348
135,525.6879,842.27765
136,526.0398,888.53326
137,534.39417,934.7851
138,565.19366,974.54456
139,618.7545,1015.0881
140,674.76776,1055.6377
141,696.8877,1074.92
142,643.99524,1045.4071
143,529.51715,968.48926
144,440.4836,889.2159
145,415.99173,847.9872
146,408.36337,840.104
147,401.60956,841.943
148,413.77728,840.276
149,428.51227,838.18317
150,441.41153,849.3491
151,484.92047,877.3991
152,557.53577,906.8656
153,617.491,923.10425
154,666.9842,934.7416
155,754.78955,958.80194
156,868.95905,988.85614
157,918.8984,1007.72327
158,862.8842,1014.7053
159,765.78564,1015.14624
160,703.95984,1010.3285
161,689.4315,1006.20825
162,701.20526,1014.4733
163,733.67303,1037.5609
164,791.3704,1053.3645
165,861.3306,1039.1632
166,915.78564,1008.59595
167,939.50165,989.93634
168,937.15234,987.1377
169,918.7384,990.5313
170,893.618,997.60724
171,870.56805,1006.79755
172,851.9819,1011.51843
173,832.4561,1009.42285
174,808.0606,1005.80804
175,784.2713,1004.3834
176,770.5318,1002.8771
177,768.6936,999.0263
178,771.30865,996.22034
179,769.7777,999.54724
180,761.4804,1008.6295
181,750.4243,1017.85724
182,742.48505,1020.81
183,740.1085,1015.32916
184,741.8225,1006.5457
185,746.6611,1001.60236
186,755.18646,1002.08704
187,765.85376,1005.0093
188,775.59467,1007.5699
189,782.68365,1007.7942
190,786.26245,1005.2634
191,787.03876,1003.6081
192,790.1384,1007.29926
193,799.3397,1013.84955
194,804.30054,1014.56476
195,789.1779,1006.7314
196,760.10846,998.84595
197,741.1764,998.72455
198,741.24347,1003.611
199,747.2746,1005.96075
200,744.49725,1002.54944
201,727.15955,996.7449
202,697.20056,995.3496
203,665.506,998.98267
204,653.4723,991.88904
205,675.4294,955.67535
206,715.9596,899.8924
207,746.63434,854.8003
208,757.60815,835.6521
209,752.8657,838.54834
210,736.4875,854.8302
211,714.5118,875.0648
212,692.06616,893.61584
213,670.8809,911.82446
214,655.6848,931.79114
215,653.779,950.87537
216,665.37695,965.86523
217,680.96796,977.83496
218,690.4724,988.95874
219,691.67816,998.3759
220,690.1791,1003.4119
221,693.20654,1003.32007
222,704.3823,1002.0848
223,723.2666,1008.6573
224,743.9796,1029.5021
225,756.18835,1056.4895
226,755.83716,1073.4401
227,750.58856,1076.9772
228,750.65875,1075.1991
229,761.06,1071.7664
230,779.77325,1066.3597
231,795.81213,1062.6213
232,796.5941,1065.4867
233,784.2203,1074.8257
234,773.86945,1086.0012
235,772.9133,1094.6667
236,775.45294,1099.4681
237,775.6389,1101.3254
238,773.9068,1101.6947
239,772.9148,1101.5261
240,773.8308,1101.3037
241,775.85754,1101.8218
242,777.4806,1103.6613
243,777.19885,1105.9602
244,772.7113,1107.634
245,759.6384,1109.4124
246,735.51184,1112.8722
247,708.82587,1118.2771
248,693.694,1124.6969
249,691.67816,1130.359
250,692.64655,1132.4528
251,691.90314,1130.2173
252,692.94543,1127.936
253,696.05054,1130.3749
254,697.2037,1134.1555
255,701.3136,1126.1355
256,721.7056,1097.4089
257,756.697,1061.1222
258,785.72485,1039.5781
259,798.5136,1032.816
260,805.7334,1022.696
261,819.16205,1001.686
262,840.3869,979.6156
263,865.5594,968.11743
264,887.2867,967.15784
265,888.003,966.7244
266,851.88965,959.9535
267,805.92505,954.4325
268,806.23505,959.22266
269,848.8645,950.2853
270,859.1643,886.38654
271,797.8277,785.7324
272,721.60535,722.5155
273,723.72144,726.8203
274,826.6304,761.2754
275,943.4041,788.16565
276,970.97186,799.69403
277,898.94574,805.43805
278,785.0573,829.1546
279,673.4207,895.06116
280,589.43353,988.5359
281,550.4551,1062.8875
282,541.72626,1096.925
283,541.8609,1099.1807
284,547.85046,1069.5656
285,528.2958,1000.01526
286,444.18268,902.9979
287,336.43738,817.8232
288,297.1914,777.1632
289,395.27332,774.5018
290,652.13403,770.643
291,970.87256,732.4358
292,1158.9246,672.41974
293,1128.3795,628.01605
294,961.56305,605.81213
295,777.4481,590.3647
296,640.5735,585.3144
297,563.517,603.8345
298,531.4001,639.8957
299,527.7721,673.4918
300,544.9713,689.95386
301,571.94476,684.06476
302,592.35785,659.83295
303,600.3344,632.92847
304,597.6328,624.09314
305,579.23926,642.05615
306,547.84863,669.2014
307,529.7317,671.08563
308,546.845,635.1848
309,583.0402,595.6414
310,602.1849,595.8203
311,591.3807,635.33905
312,566.688,681.0467
313,548.3812,708.01447
314,544.8201,710.1178
315,554.21106,696.5693
316,576.1802,686.1412
317,618.05566,692.4466
318,682.94275,717.5789
319,757.2082,759.807
320,819.97455,809.72156
321,857.98145,833.5696
322,872.591,795.8065
323,872.39844,720.7071
324,851.998,690.5474
325,802.28906,750.7998
326,746.07153,849.41455
327,718.85175,903.94446
328,719.87915,897.1675
329,732.21686,868.9804
330,763.68695,858.36615
331,812.5718,877.41956
332,832.436,895.32935
333,790.35547,863.51355
334,728.4005,795.6084
335,715.1981,774.44446
336,749.6054,843.27
337,768.64545,943.5132
338,763.57477,1003.3904
339,790.10455,1025.241
340,848.34406,1035.8994
341,882.4937,1032.5752
342,874.97595,1015.7204
343,835.5722,1006.51086
344,757.6221,1016.8528
345,658.47144,1033.654
346,598.18866,1039.2667
347,605.08295,1034.6458
348,644.6994,1030.3702
349,678.3585,1027.0779
350,698.43225,1019.0583
351,711.8406,1007.8651
352,721.1562,1001.0279
353,724.461,1001.57074
354,724.00775,1007.5801
355,726.9152,1017.9089
356,735.89465,1031.114
357,744.3585,1044.7792
358,744.976,1058.6696
359,739.8873,1072.9434
360,736.9816,1085.8699
361,737.8191,1098.4265
362,735.73865,1114.8115
363,718.9497,1129.9545
364,668.2951,1125.2821
365,580.5446,1089.125
366,497.24002,1032.9025
367,464.75864,979.0892
368,481.04993,943.8739
369,518.1916,932.1236
370,561.7548,937.815
371,607.7231,951.44086
372,651.26495,967.47076
373,690.3307,980.79083
374,726.7428,984.9463
375,753.5344,977.4777
376,752.49176,959.06696
377,720.2721,929.0841
378,679.80365,889.04016
379,654.09015,852.03253
380,650.5919,843.3183
381,667.2085,877.7027
382,691.12787,935.3697
383,702.4257,980.43616
384,691.50165,999.97345
385,664.5303,1000.6011
386,632.25714,986.2585
387,601.39703,963.1734
388,580.4319,945.81384
389,598.2733,950.0152
390,688.17145,982.5455
391,822.785,1026.1182
392,917.02155,1048.9669
393,910.0993,1035.4514
394,802.9584,992.0388
395,656.9055,939.6776
396,556.4121,899.17523
397,530.74023,869.8969
398,556.63635,850.56464
399,628.1203,868.7288
400,747.1271,943.46765
401,869.8118,1039.7157
402,942.56036,1102.76
403,964.6566,1117.2051
404,946.5168,1102.3448
405,863.06213,1082.1737
406,721.82117,1075.5436
407,607.9444,1086.4752
408,589.9272,1102.5604
409,634.2743,1097.8114
410,653.7172,1032.6156
411,608.91376,902.18585
412,547.18286,781.9091
413,536.8094,750.5464
414,584.96265,798.7982
415,650.01434,871.4756
416,695.1921,929.3539
417,705.3482,944.6372
418,692.53186,921.34393
419,692.88116,912.08624
420,728.6261,953.0992
421,770.3355,1006.36414
422,765.7626,1006.3001
423,714.46967,952.33826
424,668.73676,906.30927
425,660.54584,903.49023
426,679.51074,922.4144
427,703.95105,928.90063
428,718.8115,910.2049
429,724.0539,879.4221
430,733.31354,863.9785
431,751.25604,878.6168
432,764.554,910.23004
433,766.3835,940.9918
434,772.2731,969.9792
435,804.1553,1000.2646
436,862.52985,1024.7191
437,916.24225,1039.188
438,936.561,1054.1431
439,934.18134,1075.8538
440,933.7519,1092.8062
441,933.2969,1093.7998
442,923.4021,1080.1604
443,916.7919,1057.9199
444,927.7028,1032.2902
445,952.883,1000.2421
446,983.10016,950.9661
447,1000.9627,894.53485
448,983.2868,868.16595
449,928.5933,892.0131
450,861.3565,945.0279
451,812.9201,989.5102
452,810.8752,994.9453
453,870.6356,952.1149
454,964.50635,883.5337
455,1008.2404,821.03503
456,967.4223,782.86505
457,933.803,779.7779
458,976.9114,807.83856
459,1041.2169,844.9607
460,1056.28,871.01044
461,1014.33124,877.80273
462,949.67114,869.4762
463,902.8025,855.45483
464,885.4652,837.83875
465,881.51825,815.6982
466,872.4688,798.0014
467,849.7545,801.1947
468,817.3712,833.5472
469,785.91583,885.35443
470,760.7101,936.48175
471,742.05304,972.62616
472,731.41876,994.9184
473,726.8929,1013.3915
474,719.2482,1031.5662
475,702.016,1045.7191
476,680.4589,1055.9913
477,664.2979,1067.3987
478,658.3767,1083.6666
479,661.1941,1101.352
480,658.9647,1111.5068
481,631.27295,1113.0541
482,592.6296,1108.3708
483,607.4952,1078.0927
484,708.7588,996.78845
485,826.49005,887.9908
486,872.1824,811.86444
487,855.2131,789.3259
488,839.5977,793.3651
489,843.94165,800.30005
490,847.6287,805.26086
491,843.81256,808.43585
492,839.1227,816.1828
493,824.5829,852.6192
494,788.01514,937.46246
495,752.0064,1039.1327
496,751.88745,1097.6256
497,780.3033,1099.6594
498,801.46075,1081.0405
499,801.35596,1072.836
500,791.4883,1079.1484
501,785.3641,1089.2878
502,788.71136,1097.5923
503,800.9976,1108.1566
504,814.57495,1122.4905
505,818.35596,1132.1283
506,808.4554,1121.0938
507,789.4152,1086.5544
508,772.7369,1062.5629
509,774.04315,1079.7815
510,792.84393,1113.7483
511,808.6582,1128.4185
512,810.73706,1126.7117
513,809.018,1123.8584
514,814.30707,1120.8486
515,825.336,1115.2401
516,833.542,1109.6086
517,833.3294,1106.3579
518,825.957,1105.4503
519,816.2814,1106.88
520,809.2192,1110.2977
521,806.1875,1114.069
522,804.087,1116.9575
523,801.4121,1119.0553
524,801.13635,1120.0118
525,804.0133,1118.5402
526,805.9235,1114.7375
527,804.7378,1111.2042
528,803.24615,1111.3164
529,804.1261,1115.5684
530,807.79205,1116.1305
531,814.211,1096.3129
532,818.7206,1057.3975
533,811.34863,1040.9447
534,794.31085,1072.0284
535,784.3319,1112.1073
536,787.13416,1123.2281
537,793.7465,1114.8971
538,798.53674,1107.509
539,801.9645,1106.2911
540,804.50775,1107.9274
541,806.2299,1109.8632
542,807.5073,1111.2946
543,807.3064,1110.0305
544,801.30615,1106.0778
545,786.1069,1103.5117
546,768.9525,1103.9403
547,762.2803,1104.332
548,765.4407,1102.071
549,767.9323,1097.4768
550,767.32806,1092.1963
551,768.0882,1087.8116
552,769.7728,1086.3586
553,768.2583,1090.3291
554,765.80536,1096.602
555,777.532,1081.9934
556,814.0394,1013.0841
557,852.1154,901.0735
558,863.9556,808.95245
559,864.972,772.589
560,879.6016,768.8704
561,896.91266,771.1834
562,888.02203,792.56116
563,839.60895,861.13184
564,776.85,960.0989
565,742.1606,1033.9072
566,743.3913,1061.2815
567,755.9903,1066.9993
568,762.1643,1071.6536
569,761.12646,1075.2423
570,758.60266,1075.022
571,758.18945,1073.1396
572,757.6571,1071.6581
573,749.7738,1070.8634
574,729.91943,1071.3466
575,706.64496,1073.2334
576,694.9837,1074.5112
577,697.7453,1073.6716
578,705.46783,1072.6141
579,710.0672,1075.3044
580,710.3814,1086.8838
581,712.1684,1108.8168
582,726.9117,1121.01
583,759.7146,1081.4249
584,793.96106,978.9755
585,806.2689,871.5827
586,794.1532,832.6946
587,767.2512,879.2349
588,730.99884,965.5083
589,698.3595,1027.9668
590,697.68005,1026.9916
591,747.2684,957.38367
592,821.58093,857.40283
593,869.6885,795.30334
594,866.44635,811.8894
595,824.7264,891.5216
596,782.3538,979.98914
597,776.3063,1027.736
598,804.2645,1031.5635
599,829.29443,1021.7263
600,825.1294,1022.43787
601,798.9792,1037.9374
602,774.48065,1057.6393
603,764.12555,1070.334
604,764.49634,1075.3486
605,770.02386,1078.1855
606,778.41486,1082.0522
607,785.72736,1085.8793
608,785.42554,1086.3036
609,776.8937,1081.9801
610,770.0403,1076.0417
611,773.05975,1072.62
612,780.5116,1072.6282
613,781.91644,1074.5381
614,775.5572,1077.8678
615,767.1656,1083.3531
616,765.4399,1086.581
617,781.532,1072.1024
618,809.57227,1035.0385
619,818.0455,1012.2874
620,800.0741,1041.2191
621,789.9134,1094.9624
622,801.22943,1122.0404
623,813.96765,1116.143
624,815.02625,1102.245
625,807.11017,1095.4158
626,798.3616,1094.9495
627,794.32715,1096.0472
628,792.30554,1095.9941
629,788.64636,1093.8721
630,788.6581,1089.463
631,798.24603,1085.798
632,811.3773,1089.7487
633,815.00183,1099.1809
634,803.01263,1100.1321
635,784.31464,1089.096
636,773.5344,1077.4321
637,773.0498,1073.2559
638,773.3262,1078.7651
639,771.5096,1091.3605
640,783.2603,1085.0992
641,824.4986,1019.438
642,880.8596,905.84515
643,917.21265,817.4598
644,907.0412,807.7271
645,843.0967,872.4916
646,755.69464,965.67834
647,699.2465,1030.512
648,690.92786,1050.6364
649,705.5899,1051.6119
650,721.9264,1054.1608
651,733.8918,1058.6794
652,739.66156,1061.5812
653,740.5936,1064.6404
654,742.0124,1070.7604
655,749.3117,1079.527
656,763.2723,1087.363
657,773.8486,1089.4893
658,756.007,1087.3439
659,686.7045,1091.5095
660,579.6283,1104.2931
661,490.2606,1114.8394
662,463.50864,1119.2216
663,485.2648,1118.4677
664,512.27625,1103.5321
665,526.9508,1064.08
666,532.1402,1006.50836
667,526.3212,951.56195
668,513.7665,914.9059
669,520.9151,906.8528
670,573.37616,936.51416
671,651.1158,989.23254
672,709.8581,1030.2429
673,742.194,1046.0281
674,761.7587,1049.0099
675,767.5293,1050.1482
676,762.7616,1051.9061
677,759.40753,1053.7356
678,755.42035,1055.0492
679,735.6583,1056.9186
680,695.37616,1054.4517
681,650.20856,1037.8053
682,614.0244,1015.7297
683,587.145,1012.7246
684,572.02057,1036.0393
685,570.9257,1069.2512
686,577.374,1089.0778
687,588.62616,1078.9056
688,608.6504,1038.8135
689,634.3964,988.8522
690,657.543,952.5149
691,679.4269,935.1309
692,707.9935,930.1024
693,741.0737,936.39813
694,763.74475,958.4709
695,765.55676,993.7894
696,761.32635,1024.2167
697,785.80457,1024.8547
698,846.8953,985.29846
699,899.8965,924.3621
700,907.96326,878.49506
701,894.08417,865.4934
702,891.522,870.87494
703,895.9888,876.7934
704,893.73645,881.2387
705,885.4053,887.6384
706,865.8694,903.2233
707,823.4169,939.38214
708,774.5573,989.6199
709,753.65814,1029.714
710,762.7069,1049.4672
711,775.1637,1055.6693
712,775.2804,1055.0319
713,767.8801,1053.7659
714,766.04724,1057.4757
715,776.4128,1066.8142
716,792.58325,1078.5504
717,804.75354,1088.0607
718,811.8553,1093.4832
719,818.0854,1097.4373
720,822.8724,1101.5061
721,823.6189,1104.3055
722,822.1577,1104.1714
723,819.9744,1099.3356
724,815.27484,1091.1537
725,809.76025,1085.5004
726,808.0098,1085.3489
727,808.3432,1087.4099
728,805.87787,1089.2041
729,803.6256,1093.2212
730,807.829,1099.1903
731,815.4324,1100.4819
732,818.0454,1094.5834
733,814.08563,1087.2847
734,808.9041,1083.887
735,807.269,1084.7943
736,809.34784,1088.5591
737,811.2982,1093.2379
738,809.42377,1096.7397
739,803.54626,1099.1676
740,795.9603,1102.0757
741,791.2759,1102.5947
742,798.4151,1091.5271
743,819.2188,1070.1111
744,834.3468,1063.474
745,828.3794,1086.6757
746,816.19464,1117.2014
747,815.0292,1133.1953
748,820.5482,1139.0947
749,823.09503,1141.6531
750,820.5223,1139.6251
751,815.7631,1134.9865
752,812.4003,1133.2397
753,810.42114,1133.3923
754,806.99927,1128.2504
755,802.6389,1116.8678
756,800.3386,1107.2227
757,799.65643,1105.388
758,798.5504,1108.8168
759,797.1411,1111.153
760,797.0537,1111.7896
761,800.1568,1115.1014
762,805.5629,1120.3417
763,808.2233,1121.1738
764,799.0955,1111.1367
765,769.5383,1090.9783
766,728.5494,1078.0461
767,705.7736,1087.7646
768,724.45245,1110.4188
769,774.47833,1128.7334
770,817.8475,1135.8529
771,830.0775,1132.4224
772,822.5685,1124.6177
773,816.05914,1118.7705
774,815.35693,1116.3062
775,815.04095,1116.2899
776,813.1606,1119.5088
777,810.8831,1128.2845
778,805.28845,1140.8112
779,791.4386,1149.4937
780,772.55927,1148.1377
781,763.27515,1138.29
782,774.35126,1128.1597
783,795.2183,1125.1865
784,801.7795,1129.6744
785,783.7499,1135.0474
786,761.34595,1122.5804
787,768.0865,1061.9042
788,809.13074,951.07227
789,851.73517,842.5947
790,871.4969,788.18744
791,880.04706,784.64844
792,893.2671,798.93225
793,909.953,808.8043
794,926.5995,808.21356
795,931.3335,804.4206
796,880.2495,819.81213
797,731.68787,872.1038
798,530.72437,941.1089
799,392.74158,983.3563
800,366.84528,984.77435
801,397.41602,967.86523
802,426.55817,951.8366
803,448.3466,934.1168
804,472.67017,909.7376
805,497.66272,884.77997
806,518.90906,865.45056
807,535.4912,856.1362
808,544.70465,864.545
809,545.9111,889.04834
810,542.5767,917.22003
811,537.14124,942.7549
812,534.6431,964.1338
813,541.9699,975.71857
814,553.5426,970.647
815,553.9659,948.19806
816,542.14966,924.94495
817,534.78296,924.8986
818,548.4478,949.3719
819,589.5689,978.4508
820,645.2602,997.4025
821,689.0613,1005.6412
822,708.9306,1009.04364
823,710.7247,1011.0254
824,695.49554,1009.781
825,656.1405,1003.59845
826,602.45715,995.67883
827,569.8048,985.4056
828,579.8584,963.58826
829,614.01654,933.90735
830,664.70984,921.7609
831,773.7545,946.9094
832,935.87775,1001.2444
833,1037.0781,1054.6434
834,1010.84796,1079.0931
835,936.5657,1071.8829
836,898.14,1053.3141
837,891.9542,1040.8036
838,888.78033,1034.1444
839,875.314,1026.6068
840,848.7411,1016.31396
841,814.31964,1003.74994
842,780.7198,989.14526
843,752.77625,974.98694
844,729.3365,965.6776
845,705.0521,963.2456
846,676.98926,964.87695
847,653.561,966.94366
848,653.88385,970.8245
849,687.89764,980.62415
850,734.19324,991.8117
851,759.31146,989.88617
852,760.27246,974.14923
853,755.83356,963.91144
854,752.3385,968.0572
855,750.50885,978.41534
856,756.2662,988.83856
857,768.87634,996.9136
858,783.6116,1001.92444
859,801.4878,1007.9363
860,822.34033,1019.1259
861,838.90796,1033.7957
862,841.0559,1043.7667
863,824.33435,1041.3851
864,799.34296,1030.2115
865,781.394,1022.6258
866,765.9637,1027.718
867,736.8455,1045.85
868,703.4993,1068.95
869,698.98956,1086.735
870,727.8765,1095.2828
871,755.9566,1096.2927
872,763.82947,1091.592
873,766.305,1083.067
874,779.98724,1076.422
875,799.47565,1077.1727
876,791.7403,1083.464
877,724.12744,1091.8584
878,622.1571,1101.514
879,556.4446,1108.6821
880,557.1502,1111.4531
881,595.87054,1115.0938
882,637.3763,1121.2601
883,665.9413,1123.0422
884,686.6811,1115.2208
885,718.8358,1101.1664
886,768.59674,1090.4152
887,808.48486,1086.3336
888,808.4808,1081.0848
889,779.4904,1074.0106
890,752.1995,1075.5962
891,733.5229,1084.9427
892,715.3217,1089.875
893,701.65875,1089.6135
894,705.2482,1093.2449
895,728.01184,1099.9484
896,755.1981,1100.0195
897,770.40424,1089.2526
898,772.9723,1070.2267
899,774.4428,1049.3995
900,780.7686,1033.5367
901,786.5322,1019.27094
902,787.61975,996.9113
903,790.9404,965.2028
904,809.32947,932.8254
905,850.71045,912.7513
906,904.3603,909.1636
907,939.4793,906.30286
908,934.29645,892.01685
909,899.39496,882.4322
910,863.2374,893.54364
911,847.5665,914.96387
912,852.5969,934.0749
913,857.90485,949.00134
914,844.3804,956.92395
915,814.6962,958.3187
916,787.569,959.9452
917,775.2815,963.5472
918,775.3375,963.27454
919,776.8832,956.7595
920,767.5537,952.16327
921,748.7349,957.64813
922,752.8245,964.8839
923,820.6067,957.3222
924,922.36633,938.86273
925,946.6807,932.58466
926,846.08405,946.54456
927,717.00494,968.01843
928,664.82416,988.14636
929,688.5546,1004.48956
930,729.0113,1014.1291
931,749.33496,1019.34314
932,751.9922,1022.7614
933,752.043,1020.6688
934,754.3406,1011.2071
935,755.7417,1000.58545
936,754.83527,997.0199
937,752.12646,1001.4018
938,749.1554,1007.1645
939,747.7174,1007.6826
940,745.28735,1001.76483
941,742.40576,993.307
942,744.87744,983.1014
943,745.6448,966.145
944,734.666,941.4386
945,722.7321,916.1864
946,718.91736,906.73755
947,710.26825,930.59705
948,690.37115,976.9748
949,674.38885,1011.5442
950,670.7747,1023.34985
951,670.8975,1029.1523
952,670.089,1037.479
953,670.02875,1041.1448
954,670.33386,1036.2635
955,672.84076,1028.6925
956,678.267,1023.53394
957,680.8441,1019.0518
958,677.8053,1013.6146
959,673.4712,1010.23236
960,670.26044,1009.7759
961,666.8498,1009.0269
962,663.1125,1007.54297
963,660.24084,1008.11487
964,659.3277,1011.86755
965,660.7704,1017.243
966,662.8537,1020.8259
967,661.917,1018.91644
968,656.7071,1011.7681
969,650.9398,1004.0285
970,648.8373,999.6471
971,650.86,999.3196
972,654.0656,1000.5783
973,655.6364,998.97375
974,655.86035,993.66034
975,655.9692,990.7726
976,655.7834,995.29987
977,654.913,1002.33856
978,653.79474,1003.4529
979,654.1718,997.80676
980,658.6289,991.30457
981,667.0565,988.1463
982,674.40564,986.6088
983,675.4955,983.7241
984,671.5931,981.1105
985,669.0076,981.1462
986,671.6117,982.1309
987,677.80743,981.6943
988,683.82513,978.6022
989,687.08386,971.51807
990,686.82404,960.8702
991,682.71185,949.26483
992,674.37445,939.93744
993,663.10626,936.19055
994,652.1077,940.011
995,644.48566,950.693
996,641.69403,964.0303
997,642.85364,973.09827
998,645.0563,972.0207
999,645.904,959.7557
1000,646.13904,940.6299
1001,647.51215,919.76074
1002,648.59894,901.2141
1003,646.933,891.49817
1004,643.7781,893.67114
1005,642.71594,898.9366
1006,645.2467,896.1875
1007,648.3875,886.6254
1008,647.59515,879.20593
1009,643.46906,876.9657
1010,640.97284,877.09814
1011,642.4523,878.98
1012,645.5255,885.7008
1013,646.38416,899.9737
1014,644.0817,919.37445
1015,641.50116,936.36536
1016,641.3444,944.2971
1017,642.61285,942.84
1018,643.4152,937.6381
1019,645.0636,933.9074
1020,649.3275,931.4432
1021,653.7298,926.86835
1022,654.22546,918.15015
1023,651.19745,907.1333
1024,647.40796,897.99963
1025,642.3119,892.6475
1026,634.8929,889.68677
1027,628.07495,887.2199
1028,624.9867,884.8815
1029,625.1858,883.70294
1030,626.48083,883.906
1031,626.36414,883.8986
1032,623.5239,882.6688
1033,620.9983,882.0226
1034,622.12885,884.6087
1035,624.2311,890.08307
1036,624.31036,894.9743
1037,625.43896,896.3194
1038,630.1834,894.0952
1039,635.5834,886.85406
1040,638.8579,870.00507
1041,640.8569,847.3497
1042,642.7251,832.0541
1043,643.95776,827.9639
1044,644.0698,826.3798
1045,643.4234,824.28595
1046,640.8298,833.3324
1047,634.00555,864.80164
1048,625.57434,907.1877
1049,621.9028,934.3555
1050,624.47656,937.4618
1051,629.8807,927.80756
1052,635.10095,916.1342
1053,638.6504,907.30664
1054,640.0977,903.158
1055,639.3227,901.575
1056,637.0267,899.3599
1057,635.4866,895.5744
1058,635.6859,890.5897
1059,635.67816,885.32336
1060,633.9345,880.75287
1061,631.21594,877.0436
1062,628.92096,874.47125
1063,628.6695,873.77234
1064,631.2548,874.73846
1065,633.3373,875.5263
1066,629.708,874.22125
1067,621.453,871.3572
1068,616.94556,868.27704
1069,621.5595,864.4116
1070,630.1827,860.27325
1071,634.443,858.7047
1072,633.4161,860.76917
1073,631.6506,864.5521
1074,631.2879,866.8697
1075,630.5027,866.03
1076,626.78424,865.5282
1077,620.7088,870.9662
1078,617.14197,881.8464
1079,622.0176,888.5485
1080,636.61676,879.33154
1081,653.1143,855.92236
1082,661.17584,834.873
1083,661.2115,827.0926
1084,661.51447,829.07153
1085,664.8779,833.78015
1086,666.86774,838.57806
1087,663.2109,843.89215
1088,654.36584,849.25
1089,644.45984,852.83527
1090,637.5609,853.97217
1091,635.4572,853.6398
1092,637.81476,853.46844
1093,642.742,855.75543
1094,646.99335,863.5262
1095,646.6205,877.99054
1096,641.2629,895.23083
1097,636.1943,908.7796
1098,634.881,915.0522
1099,635.2771,914.3626
1100,635.7663,909.8701
1101,637.5063,905.3858
1102,640.88605,902.726
1103,644.1863,902.0184
1104,646.1163,903.0587
1105,647.14624,904.9426
1106,648.10254,905.1708
1107,649.60236,901.95374
1108,651.5787,897.24994
1109,652.70355,894.19226
1110,652.50867,893.54425
1111,652.30145,894.6744
1112,653.04364,896.6779
1113,654.42145,898.0958
1114,653.9735,896.71906
1115,648.01294,890.1905
1116,638.002,879.42365
1117,631.25525,869.8033
1118,631.27356,865.5885
1119,633.6908,865.6711
1120,633.2704,866.559
1121,630.8436,867.17993
1122,631.4926,869.5852
1123,635.8067,875.6973
1124,638.1533,884.66516
1125,636.29346,893.6337
1126,634.88525,899.7597
1127,637.11206,901.9944
1128,641.0467,902.3145
1129,643.9625,904.04626
1130,644.1362,908.9419
1131,641.56134,916.8592
1132,639.009,926.03204
1133,638.63873,933.23596
1134,639.1104,937.3091
1135,638.0201,941.19336
1136,634.4538,946.9773
1137,629.00385,952.32916
1138,622.9243,954.3432
1139,617.4998,953.9052
1140,614.416,954.5496
1141,615.36365,957.95276
1142,619.28723,962.288
1143,622.36847,965.8274
1144,622.5131,969.42957
1145,620.6635,973.2094
1146,618.71875,975.25964
1147,618.45734,975.66327
1148,620.15936,976.53894
1149,622.44366,978.81195
1150,623.62646,982.55695
1151,622.2755,987.4721
1152,618.5813,991.9649
1153,615.39923,995.3863
1154,616.2398,1001.20715
1155,621.7568,1013.23663
1156,628.5397,1025.956
1157,635.22845,1022.298
1158,646.1678,989.9997
1159,660.87024,943.10956
1160,671.2043,910.7317
1161,674.77386,900.6323
1162,676.2951,897.3966
1163,677.5195,892.7983
1164,677.0127,892.10284
1165,675.6853,896.36163
1166,676.4662,899.9963
1167,679.31683,902.03455
1168,679.158,906.20435
1169,670.8819,913.7714
1170,656.6122,922.0907
1171,645.85333,927.78754
1172,645.9575,930.5927
1173,653.56976,932.55023
1174,660.0377,933.357
1175,662.59064,930.5696
1176,663.6182,923.7869
1177,664.13257,915.88763
1178,663.2461,910.60443
1179,660.21014,909.53174
1180,655.83203,910.93054
1181,652.10535,911.63794
1182,650.1899,910.7437
1183,649.8945,909.4158
1184,650.07776,908.0601
1185,649.33356,907.04724
1186,647.55756,907.55096
1187,646.1963,909.43005
1188,646.18396,911.4759
1189,646.4117,914.0646
1190,645.258,918.65216
1191,642.78973,924.6721
1192,639.83093,929.32587
1193,636.59796,930.97046
1194,633.93085,930.8236
1195,633.07135,931.0392
1196,633.8733,932.0957
1197,635.7214,932.11816
1198,638.409,929.42114
1199,641.0102,924.80994
1200,642.7912,920.21765
1201,644.4061,917.47906
1202,645.39813,917.6497
1203,643.9322,919.58295
1204,641.37885,922.2529
1205,641.40344,926.2932
1206,643.76996,930.6936
1207,645.3121,933.8383
1208,645.2332,936.1403
1209,646.08276,935.8344
1210,652.53534,925.2427
1211,666.8905,899.26056
1212,682.3636,870.57635
1213,688.33765,859.1921
1214,684.2577,862.03784
1215,678.5502,859.0083
1216,675.94135,845.70667
1217,675.2056,834.5015
1218,675.90186,832.8786
1219,678.6407,838.9217
1220,680.0318,848.1117
1221,676.2944,855.5862
1222,670.25037,860.0765
1223,666.8696,866.7509
1224,666.1944,880.7236
1225,665.6572,900.3419
1226,663.8854,918.7913
1227,659.42633,930.06177
1228,650.9177,933.223
1229,639.60205,931.6326
1230,628.28754,928.8254
1231,619.758,926.12494
1232,616.67456,923.5691
1233,619.0227,921.79706
1234,622.64014,922.101
1235,624.5082,924.6122
1236,628.5327,927.61536
1237,641.07886,928.87
1238,662.24054,927.7626
1239,685.2727,926.334
1240,701.1602,925.5052
1241,704.25793,921.2552
1242,697.39087,911.8053
1243,688.3388,908.03174
1244,681.6945,924.0541
1245,678.45624,955.3001
1246,678.4117,980.45123
1247,677.76624,987.7323
1248,670.82043,985.21436
1249,657.83167,981.18756
1250,647.83307,970.68365
1251,650.6567,952.21344
1252,664.40796,939.26917
1253,677.3781,941.9004
1254,683.8898,952.8121
1255,687.09283,958.85535
1256,690.7966,956.7479
1257,698.8716,953.9739
1258,713.65546,956.8683
1259,729.7916,962.6364
1260,739.3554,965.828
1261,741.4003,967.3057
1262,736.73883,970.6504
1263,722.81616,974.76654
1264,702.0859,976.33276
1265,685.16144,974.29987
1266,681.9854,967.7758
1267,692.5593,955.0009
1268,706.5421,938.1394
1269,713.7669,923.87555
1270,713.1348,915.6412
1271,709.2316,910.16846
1272,704.82104,904.8814
1273,699.9977,905.5108
1274,694.7838,919.89856
1275,689.98285,942.06494
1276,688.274,953.99896
1277,692.5509,947.269
1278,701.3657,930.61346
1279,710.0262,918.2569
1280,715.12897,919.4919
1281,715.13873,932.576
1282,709.4723,947.71246
1283,699.1635,961.3391
1284,687.54504,975.29034
1285,679.3565,983.3111
1286,677.2478,979.8603
1287,678.94116,972.7549
1288,679.24255,969.9833
1289,674.8624,969.01263
1290,667.7785,966.1511
1291,662.9708,961.3285
1292,663.21155,953.46814
1293,666.44403,942.81476
1294,666.56006,934.5598
1295,660.55023,932.0328
1296,653.8999,931.4817
1297,651.93506,928.3619
1298,651.083,923.20703
1299,646.5447,919.91473
1300,642.3964,921.7757
1301,646.27496,928.839
1302,656.89215,937.6341
1303,662.97797,944.4107
1304,657.71967,949.543
1305,648.17255,955.5049
1306,643.1873,961.1633
1307,642.7681,963.4412
1308,645.4324,962.2744
1309,652.4825,960.40533
1310,664.0961,959.9555
1311,680.8715,958.2589
1312,703.17395,949.33984
1313,726.29486,933.8934
1314,745.13464,921.3335
1315,756.17474,919.6955
1316,751.3226,929.9638
1317,726.32465,945.5077
1318,693.6337,955.35754
1319,672.3745,956.0076
1320,668.7219,954.1341
1321,674.64484,954.4013
1322,680.65857,956.2386
1323,681.70825,959.7976
1324,675.82996,964.5998
1325,665.4562,967.75244
1326,657.553,968.40454
1327,657.51917,968.3371
1328,663.1889,968.01666
1329,667.2588,967.15985
1330,666.8169,966.9804
1331,666.3483,968.2454
1332,669.8757,969.63745
1333,677.1394,969.936
1334,685.61426,969.9591
1335,688.9532,970.88574
1336,682.14624,972.1556
1337,671.39166,972.4086
1338,667.47797,969.0151
1339,671.8106,955.5088
1340,676.62317,928.21423
1341,676.2404,897.3819
1342,672.3932,878.8671
1343,669.4279,874.9772
1344,670.4538,875.7383
1345,676.2086,874.749
1346,684.9131,874.2519
1347,693.38824,877.13245
1348,694.29974,881.75903
1349,679.14734,886.0956
1350,653.8457,889.7416
1351,636.4795,890.99603
1352,632.3476,888.0067
1353,632.3512,882.1689
1354,633.3177,877.4194
1355,638.9416,876.81085
1356,648.7637,880.2344
1357,658.343,884.85315
1358,664.90356,887.7662
1359,670.1282,888.9377
1360,676.9686,890.1478
1361,684.0352,891.71893
1362,687.4315,893.03394
1363,686.56915,894.0705
1364,683.79175,894.7451
1365,678.9177,894.3411
1366,669.8523,891.4723
1367,660.19196,886.4143
1368,656.41626,883.50275
1369,657.5091,886.6709
1370,658.241,894.50134
1371,658.2509,902.96783
1372,661.4541,910.3232
1373,669.63043,917.7981
1374,678.19275,926.7908
1375,681.4157,936.62225
1376,679.91473,943.7122
1377,678.9206,941.0551
1378,682.5487,923.3172
1379,689.69196,897.2436
1380,694.9036,879.58984
1381,693.68677,883.3424
1382,686.99567,911.0494
1383,681.9345,950.47504
1384,682.7915,977.87
1385,684.072,979.0564
1386,680.3897,959.57776
1387,675.85236,933.64795
1388,677.97656,914.7796
1389,687.3276,908.6305
1390,695.8276,906.5216
1391,695.28076,896.1394
1392,687.42255,881.0121
1393,681.59985,877.1093
1394,682.0759,889.4261
1395,685.22174,905.8048
1396,687.19965,914.35785
1397,686.5346,914.60944
1398,683.34344,912.54803
1399,678.9068,912.7872
1400,673.6012,915.28424
1401,668.2706,917.6894
1402,665.7857,919.2848
1403,667.142,921.1019
1404,669.294,923.3944
1405,668.34,924.5126
1406,663.82574,923.53455
1407,659.3354,922.9266
1408,658.191,925.318
1409,659.38055,928.93774
1410,657.8941,929.47296
1411,650.5023,925.5639
1412,641.6197,921.1441
1413,639.03564,921.4404
1414,644.0045,927.12305
1415,648.058,932.7885
1416,637.4046,925.05865
1417,605.7216,890.3521
1418,566.38275,838.0495
1419,542.22375,798.118
1420,547.35846,793.4731
1421,583.83136,828.2895
1422,635.6493,883.33295
1423,670.65234,926.8455
1424,671.28973,946.59515
1425,652.0334,952.9026
1426,636.50256,956.1488
1427,632.25916,959.1504
1428,633.22754,961.83655
1429,633.7841,963.37915
1430,632.20404,958.72705
1431,628.6944,942.48083
1432,629.624,925.0064
1433,644.99036,927.0932
1434,671.0543,948.4436
1435,690.1779,966.65875
1436,694.07513,970.13544
1437,689.5099,966.5354
1438,683.96967,964.02783
1439,679.3392,962.9067
1440,675.33093,960.9401
1441,672.82465,957.1109
1442,672.8827,951.5572
1443,673.64624,944.9103
1444,671.9117,937.96356
1445,668.16003,932.60815
1446,666.1964,931.2487
1447,667.57947,933.21857
1448,669.7518,934.42957
1449,670.0816,932.9844
1450,669.0916,932.04407
1451,668.26807,934.7012
1452,666.9185,939.1562
1453,663.807,941.6743
1454,660.1538,942.3981
1455,657.8756,944.8149
1456,656.70483,950.68384
1457,656.35425,959.3794
1458,658.24066,969.11633
1459,657.23114,970.91266
1460,641.37134,951.56714
1461,615.69965,918.10236
1462,604.9368,898.22754
1463,619.8926,904.43854
1464,646.75574,923.3261
1465,667.65906,939.62933
1466,674.06067,951.0557
1467,665.5201,960.8715
1468,646.0824,967.0727
1469,625.5678,966.30164
1470,616.09863,961.79486
1471,622.4544,959.20306
1472,640.826,960.3244
1473,662.60065,964.209
1474,678.6633,969.4376
1475,685.6296,974.19806
1476,685.6268,976.14526
1477,684.74243,972.4308
1478,692.7716,961.5401
1479,712.4552,946.26984
1480,733.56946,931.6331
1481,746.4333,919.64734
1482,749.4681,910.5791
1483,739.59015,910.2539
1484,713.3172,927.6334
1485,682.2701,958.3349
1486,666.2307,984.2783
1487,667.97815,994.67676
1488,674.2485,992.7166
1489,676.0534,987.3382
1490,674.5191,987.53864
1491,673.9423,996.1784
1492,676.15436,1007.70593
1493,679.99695,1015.22186
1494,683.1376,1017.0235
1495,681.55536,1015.26337
1496,669.5025,1012.6163
1497,651.24084,1010.94464
1498,663.9766,1009.05255
1499,755.7062,1003.80334
1500,901.88586,996.31396
1501,1005.90564,990.6329
1502,1015.0088,984.6398
1503,962.41547,972.9115
1504,902.64166,957.13837
1505,862.4038,942.23145
1506,838.0132,929.6496
1507,816.65936,921.0022
1508,796.2903,919.093
1509,781.7478,926.4826
1510,771.807,944.4732
1511,761.8358,966.50867
1512,753.2629,980.37305
1513,751.00256,982.25085
1514,757.2371,977.0467
1515,771.5004,969.3537
1516,783.8307,967.284
1517,764.83514,984.742
1518,684.993,1020.5463
1519,561.78613,1048.2065
1520,467.70267,1049.7119
1521,458.35843,1034.828
1522,513.42065,1016.64984
1523,577.0727,1001.8065
1524,621.89484,996.7605
1525,652.183,1001.6517
1526,674.4499,1008.32086
1527,686.22845,1010.9758
1528,687.41187,1014.0128
1529,684.89813,1023.3703
1530,683.19446,1033.0696
1531,678.7598,1030.7245
1532,665.3437,1015.29767
1533,644.20056,997.9893
1534,624.7999,986.3813
1535,613.2227,979.30255
1536,606.6536,974.20984
1537,599.77875,970.191
1538,592.3979,966.72595
1539,590.8715,963.406
1540,599.59766,959.37006
1541,613.5784,953.547
1542,624.79016,945.6426
1543,631.3512,935.9356
1544,636.827,926.19293
1545,643.0267,920.141
1546,646.1064,920.1274
1547,642.286,923.82294
1548,635.5699,926.1858
1549,633.8683,925.69055
1550,638.8191,924.8882
1551,646.1016,924.2141
1552,652.1719,921.8783
1553,654.9551,918.5289
1554,653.1194,915.627
1555,646.84753,910.8812
1556,635.99927,900.46985
1557,619.3107,884.9925
1558,597.88,869.37897
1559,577.66327,857.90686
1560,565.3457,851.1299
1561,562.41766,847.0819
1562,565.00287,844.36426
1563,568.28955,842.84216
1564,571.2091,842.3558
1565,576.4957,842.5303
1566,584.8464,843.5592
1567,592.2758,846.9176
1568,597.3196,855.9824
1569,606.251,873.59393
1570,623.71454,896.40564
1571,643.64764,916.1444
1572,658.4117,927.8296
1573,668.1475,932.886
1574,674.55334,937.217
1575,677.3308,946.24646
1576,677.6326,959.095
1577,676.9804,970.6251
1578,676.5767,976.3304
1579,678.3252,974.104
1580,683.1596,967.43335
1581,689.05475,963.0784
1582,690.3233,962.443
1583,682.12274,962.4289
1584,670.01984,961.83124
1585,671.15796,960.6187
1586,695.3256,960.0014
1587,721.9195,966.12134
1588,717.5994,979.5231
1589,675.66174,973.97485
1590,592.59937,915.2423
1591,463.8657,819.624
1592,386.10428,754.70276
1593,500.59592,764.9335
1594,748.11743,831.8159
1595,912.03766,910.5155
1596,914.33734,971.20715
1597,858.8057,994.8601
1598,847.62054,960.54877
1599,887.75977,876.8784
1600,928.0593,805.40753
1601,924.4018,794.2523
1602,874.8447,822.2948
1603,809.4271,857.9149
1604,751.2583,904.63007
1605,707.86743,956.5434
1606,691.67596,978.72675
1607,713.34235,955.9896
1608,757.108,918.098
1609,789.14,900.0276
1610,795.5428,904.16595
1611,787.6733,913.8959
1612,783.08875,924.10126
1613,808.499,943.95166
1614,876.8895,974.4982
1615,941.86993,996.9467
1616,926.45917,997.25146
1617,806.3909,989.89453
1618,645.8685,995.089
1619,538.33984,1008.7051
1620,514.302,1014.5787
1621,540.3184,1009.03546
1622,579.5696,998.595
1623,609.46277,987.0076
1624,618.1021,975.141
1625,612.3913,965.3477
1626,609.5275,958.6456
1627,613.6791,952.4484
1628,617.92,941.7099
1629,619.1786,917.9134
1630,609.3982,878.84875
1631,576.71246,842.8467
1632,515.0265,831.7894
1633,427.29565,845.07935
1634,357.24368,869.3757
1635,360.03897,898.9636
1636,418.24112,932.8652
1637,478.67908,967.1875
1638,532.6897,1003.27264
1639,589.22253,1045.8505
1640,630.0692,1082.378
1641,633.99084,1091.0461
1642,612.73804,1073.1578
1643,597.1423,1051.5132
1644,601.44965,1041.6078
1645,614.5094,1039.904
1646,613.4313,1033.0405
1647,586.4277,1015.0684
1648,552.50146,997.20703
1649,547.16315,992.2745
1650,581.0129,997.1021
1651,629.1906,1001.13055
1652,667.1631,999.57495
1653,692.4688,994.3208
1654,705.2941,989.43787
1655,699.0057,986.45953
1656,675.7351,984.395
1657,646.9371,983.20056
1658,619.51434,987.54803
1659,593.5063,1004.33875
1660,570.03345,1030.1946
1661,553.4148,1050.2738
1662,547.13873,1054.9459
1663,567.5998,1043.5836
1664,652.9584,1014.48224
1665,807.69556,968.6439
1666,958.6897,915.4149
1667,1024.6494,864.7354
1668,994.0636,826.41064
1669,911.9399,814.4138
1670,831.8902,835.9894
1671,787.58105,876.45465
1672,797.9208,904.20605
1673,859.90784,893.23755
1674,915.0326,844.64343
1675,906.2551,790.17444
1676,861.1971,762.2751
1677,828.3467,766.62134
1678,802.4507,795.8609
1679,769.6649,843.57825
1680,743.21466,895.7973
1681,734.15234,935.3727
1682,731.8795,959.9004
1683,722.0262,978.6653
1684,707.1646,994.3532
1685,698.6846,1003.5568
1686,696.21783,1007.9672
1687,689.93335,1011.9173
1688,678.92267,1015.26624
1689,673.2363,1015.448
1690,677.80457,1013.62085
1691,688.29175,1013.0087
1692,722.7927,1004.8049
1693,819.187,968.7083
1694,946.8634,909.07513
1695,1009.9422,862.9347
1696,982.0766,849.6239
1697,925.9578,850.4672
1698,892.7024,845.0963
1699,881.96814,835.4075
1700,872.8997,831.76117
1701,860.98816,834.9575
1702,859.2648,838.68164
1703,872.3216,837.97174
1704,887.58405,831.3588
1705,884.16364,827.72424
1706,838.05133,853.79535
1707,743.29803,928.21454
1708,644.6052,1020.4694
1709,600.9785,1079.4624
1710,617.68604,1096.0911
1711,678.985,1088.4845
1712,790.46375,1062.403
1713,918.0799,1027.8877
1714,982.8378,1005.9948
1715,963.3386,996.38824
1716,913.8404,981.8913
1717,881.7467,963.4622
1718,873.5036,960.542
1719,877.7011,983.6448
1720,880.0564,1012.0212
1721,872.5511,1009.55005
1722,860.62384,972.5117
1723,853.07697,933.8406
1724,851.97675,917.4981
1725,853.90326,918.77545
1726,854.06464,923.41736
1727,850.15796,922.9453
1728,842.36926,915.705
1729,834.33685,907.06995
1730,837.0615,907.969
1731,859.9783,923.93445
1732,890.0158,948.32074
1733,898.4387,973.60266
1734,880.6652,993.6688
1735,861.47876,994.8688
1736,854.3918,970.8205
1737,849.98956,937.4047
1738,842.0644,916.5487
1739,836.7957,914.4983
1740,842.2983,919.64984
1741,858.534,920.2568
1742,862.2137,926.19745
1743,812.00586,962.33374
1744,705.95245,1029.2147
1745,611.1825,1090.0084
1746,590.16315,1110.7612
1747,629.2771,1095.5338
1748,671.2243,1076.1154
1749,684.41785,1075.7429
1750,678.149,1088.2838
1751,671.04706,1096.4114
1752,670.75555,1096.3279
1753,675.8332,1094.4144
1754,679.5539,1093.4669
1755,674.91046,1091.0527
1756,660.90265,1085.284
1757,643.1782,1076.6371
1758,627.5898,1062.2278
1759,616.328,1036.7214
1760,610.4025,1006.3143
1761,609.9722,985.6224
1762,614.6913,976.9584
1763,624.79297,971.89075
1764,637.071,966.4852
1765,644.6176,961.6408
1766,643.59314,958.0606
1767,636.0561,955.89545
1768,627.6431,955.44
1769,623.5882,957.37335
1770,623.99506,961.98895
1771,622.9427,968.42615
1772,616.1029,974.96594
1773,608.2941,979.2191
1774,606.05286,979.3008
1775,607.5095,975.8669
1776,607.84375,970.7174
1777,606.93854,963.96497
1778,605.87946,953.83246
1779,601.91895,938.7167
1780,592.65405,922.15625
1781,581.7427,912.1376
1782,574.8469,910.745
1783,574.4635,911.54364
1784,580.2445,907.6481
1785,589.15784,896.87665
1786,596.95715,883.2566
1787,600.76685,874.49005
1788,600.60583,873.9033
1789,599.7989,877.2677
1790,600.5257,878.5329
1791,600.6972,875.86505
1792,598.4357,871.942
1793,595.0774,869.01843
1794,593.15,866.13464
1795,595.26544,862.0269
1796,602.7484,856.67694
1797,612.4277,849.4157
1798,618.52936,839.62006
1799,620.2245,830.2972
1800,622.9473,828.16345
1801,630.5056,837.0153
1802,640.227,850.4369
1803,646.57513,857.202
1804,647.38806,853.70844
1805,647.09314,842.04755
1806,652.1931,823.41064
1807,662.2056,803.2982
1808,670.215,791.6987
1809,673.2108,792.5953
1810,674.6466,801.0731
1811,677.115,808.9468
1812,678.7788,811.59094
1813,677.6784,813.2328
1814,675.74097,821.3354
1815,675.9981,835.0057
1816,678.9126,847.088
1817,682.96075,854.5465
1818,685.8621,858.83905
1819,687.2538,862.7192
1820,690.4765,869.3152
1821,696.5976,877.0707
1822,700.99915,880.5373
1823,700.6381,878.92944
1824,698.0252,875.7522
1825,697.4447,872.3119
1826,701.36127,865.5778
1827,707.97986,851.97797
1828,712.8442,835.60284
1829,714.41425,826.27075
1830,714.184,826.62067
1831,712.597,830.37305
1832,709.5908,832.0347
1833,706.3329,831.49005
1834,703.9809,831.1423
1835,703.01843,831.47
1836,703.15356,828.8848
1837,703.1249,819.72217
1838,701.47394,807.55945
1839,695.94385,800.3367
1840,683.32904,801.0799
1841,665.051,809.1093
1842,650.3955,823.4082
1843,647.1621,840.3695
1844,652.14575,857.20795
1845,655.33466,875.1767
1846,651.4011,893.5895
1847,645.9118,907.0407
1848,647.0594,911.55194
1849,652.69147,910.41614
1850,655.0387,911.1753
1851,653.49646,918.1754
1852,651.51056,933.80426
1853,649.30945,959.68317
1854,648.5368,987.60297
1855,655.7204,1002.4313
1856,671.3144,1002.29785
1857,681.2917,1003.32263
1858,675.9189,1017.92
1859,665.2357,1038.8715
1860,659.20166,1050.8623
1861,653.7095,1046.0521
1862,644.77075,1027.9565
1863,639.11646,1012.2658
1864,646.6572,1014.69604
1865,666.0283,1031.4326
1866,682.24615,1045.4932
1867,681.9768,1050.0499
1868,667.64453,1051.158
1869,653.79443,1054.5681
1870,650.9963,1060.1864
1871,657.20514,1064.272
1872,664.3421,1063.828
1873,667.6088,1059.0404
1874,668.3475,1051.2535
1875,669.8229,1043.5793
1876,671.94165,1042.3009
1877,673.5683,1049.1294
1878,674.8129,1056.2631
1879,674.0614,1054.7853
1880,669.4976,1042.3644
1881,662.5822,1025.4706
1882,657.95215,1013.78125
1883,660.28876,1008.21564
1884,665.4823,1006.0324
1885,661.1419,1011.8544
1886,645.8698,1026.9471
1887,633.2308,1041.9296
1888,630.38104,1049.0013
1889,631.18726,1047.4976
1890,630.1104,1041.5677
1891,629.2686,1040.104
1892,632.70087,1047.0245
1893,638.8125,1050.3994
1894,641.1961,1035.9497
1895,637.2638,1009.4358
1896,631.48883,989.3192
1897,628.9603,982.5175
1898,630.3082,982.70074
1899,633.62274,983.4389
1900,637.61,982.3229
1901,641.3774,979.3016
1902,643.3237,975.3094
1903,642.7385,970.89795
1904,641.6529,966.7428
1905,642.81494,963.71234
1906,646.2632,961.29456
1907,648.5227,958.7034
1908,645.9735,956.58673
1909,640.5926,955.82855
1910,638.6283,956.8074
1911,641.6264,958.9272
1912,644.4161,959.742
1913,642.58795,956.70654
1914,638.275,948.97955
1915,638.04816,937.9128
1916,644.13135,927.4555
1917,650.7402,921.51855
1918,652.7564,919.87714
1919,652.6981,919.32135
1920,655.65265,920.396
1921,661.8194,927.6548
1922,667.37683,938.9913
1923,669.0589,943.8586
1924,666.2503,937.1208
1925,662.0887,925.4304
1926,659.7792,916.7747
1927,656.985,911.92633
1928,649.86835,909.2712
1929,641.0434,909.645
1930,636.2292,912.9207
1931,635.4865,917.0623
1932,635.3649,920.9137
1933,635.0281,923.68414
1934,634.4188,924.3518
1935,632.3784,922.7509
1936,628.6469,919.6771
1937,623.93823,917.08044
1938,619.33203,917.1159
1939,615.6568,918.9452
1940,611.80927,918.842
1941,606.90356,915.0222
1942,603.2701,909.31323
1943,603.66565,904.5717
1944,608.935,904.0479
1945,619.43994,909.5261
1946,634.4674,916.43555
1947,650.9661,915.7143
1948,666.321,904.0938
1949,681.2284,890.3326
1950,695.63153,887.3773
1951,704.5341,898.6776
1952,704.8054,915.52997
1953,700.18066,925.5129
1954,694.523,922.896
1955,688.93396,914.0443
1956,684.1545,911.90247
1957,678.8352,925.37335
1958,671.72076,953.7054
1959,665.12537,985.4203
1960,659.6181,1002.69324
1961,652.2455,994.68176
1962,642.07477,966.71136
1963,633.21027,936.3381
1964,631.94604,923.1778
1965,637.6443,932.8798
1966,643.4344,950.3182
1967,648.72687,957.9466
1968,657.827,952.88196
1969,669.8752,942.28564
1970,681.96204,932.2524
1971,694.2643,923.49365
1972,702.47375,914.94855
1973,697.36536,907.8806
1974,680.95746,904.4917
1975,666.7428,905.942
1976,661.04956,911.53326
1977,659.6832,917.6119
1978,657.9328,920.1252
1979,653.3474,918.82275
1980,646.0906,916.4682
1981,641.39496,915.36035
1982,644.64764,915.644
1983,651.9337,914.9488
1984,651.9997,910.7197
1985,641.3011,905.044
1986,629.32745,902.3432
1987,625.45197,900.9532
1988,629.82104,896.4603
1989,636.56274,890.95245
1990,639.68414,887.56744
1991,637.7092,883.0061
1992,633.1227,874.44354
1993,628.17975,865.3104
1994,623.99884,859.04706
1995,621.88196,854.05865
1996,622.5811,848.271
1997,625.79504,845.42596
1998,631.51306,851.5754
1999,639.02313,863.9425
2000,644.8863,872.6996
2001,645.5247,874.58716
2002,641.57043,873.62683
2003,636.8285,872.764
2004,633.5452,872.8293
2005,631.1589,874.26794
2006,629.01166,875.9732
2007,628.1281,875.3826
2008,629.7335,871.77374
2009,632.8441,867.08044
2010,634.5143,862.8589
2011,633.3024,860.24286
2012,631.9146,861.1575
2013,633.9003,864.8352
2014,638.3021,867.11096
2015,641.4274,866.6146
2016,642.25336,866.4506
2017,642.6863,868.37146
2018,645.6177,869.8575
2019,655.1922,867.1483
2020,673.9409,859.3565
2021,696.199,850.57294
2022,710.9691,846.10864
2023,714.4407,845.5445
2024,714.63403,843.3967
2025,720.43396,837.7287
2026,726.4001,834.9393
2027,718.59717,842.21716
2028,695.82416,856.7298
2029,669.7056,867.2447
2030,649.4541,867.16077
2031,637.4581,863.77966
2032,632.5788,870.4191
2033,632.5025,889.5921
2034,635.0451,910.09534
2035,642.15564,920.8642
2036,659.6913,920.35706
2037,684.2011,913.47876
2038,695.57965,909.7138
2039,675.6833,918.4538
2040,635.2219,936.66205
2041,607.0881,951.07166
2042,610.4258,952.6113
2043,637.6195,940.17615
2044,670.74835,921.4242
2045,703.4174,911.4742
2046,745.34015,917.8155
2047,793.3604,931.2618
2048,815.9574,938.91376
2049,788.03326,939.052
2050,727.0581,938.59186
2051,677.8301,942.10944
2052,664.9354,948.8057
2053,676.91974,956.6289
2054,692.14136,963.566
2055,700.8089,966.3224
2056,704.3445,963.50543
2057,705.15247,959.2832
2058,702.08154,960.75824
2059,694.8338,970.87024
2060,686.652,982.9993
2061,680.65826,988.05115
2062,678.25555,986.9119
2063,679.6556,986.5474
2064,682.62555,988.9344
2065,684.69763,991.61035
2066,685.9711,992.5496
2067,685.2784,991.54663
2068,678.13983,990.57294
2069,664.6827,992.8676
2070,653.12274,998.9604
2071,649.07764,1003.6281
2072,647.4297,1001.361
2073,639.0079,995.6864
2074,630.5674,995.6859
2075,663.7855,1000.9677
2076,776.21783,996.88513
2077,919.4691,970.2247
2078,996.2906,929.3148
2079,987.84546,897.06396
2080,949.0531,883.49036
2081,916.98193,883.27246
2082,895.1821,893.098
2083,879.5579,912.30176
2084,864.32385,933.9044
2085,841.84845,945.66797
2086,809.7994,942.56134
2087,777.751,934.95123
2088,760.006,933.0481
2089,757.994,933.7072
2090,749.2745,941.8565
2091,704.649,979.74005
2092,631.24506,1045.6515
2093,573.7287,1097.7749
2094,560.71747,1106.488
2095,591.0289,1083.8383
2096,656.8212,1055.2709
2097,743.995,1036.3344
2098,843.32733,1028.4868
2099,946.43524,1025.5819
2100,1014.036,1022.4323
2101,1013.19666,1010.66876
2102,964.9683,984.7048
2103,909.7325,955.7999
2104,869.89996,937.9938
2105,849.9251,927.8681
2106,837.52264,919.5382
2107,801.29535,929.9926
2108,713.4315,980.54944
2109,602.11694,1048.1403
2110,545.38007,1076.4788
2111,581.52527,1048.403
2112,667.3716,1001.23676
2113,736.2006,962.8745
2114,759.4981,919.2598
2115,748.44,863.1205
2116,722.0264,824.22107
2117,690.53156,824.02686
2118,663.50995,847.7129
2119,649.67145,873.0547
2120,641.75055,893.40314
2121,623.0427,910.56537
2122,595.2787,922.7099
2123,580.8927,925.2567
2124,593.8908,919.0736
2125,622.82294,911.65247
2126,636.7578,907.33075
2127,608.90704,900.8663
2128,559.6099,887.17163
2129,562.60565,868.79596
2130,664.2139,852.1433
2131,806.70294,849.17773
2132,890.1565,870.69916
2133,886.6886,905.6635
2134,839.00165,923.56256
2135,801.15247,905.8924
2136,802.84375,867.542
2137,823.1502,838.267
2138,819.7021,827.4151
2139,789.38477,823.8195
2140,760.30035,821.7165
2141,750.5443,823.1091
2142,761.8932,825.9416
2143,780.859,828.26886
2144,784.6376,831.69824
2145,766.71124,834.5758
2146,741.98376,836.11414
2147,728.18317,845.59625
2148,728.89154,868.4142
2149,724.48804,886.8966
2150,698.90094,881.7849
2151,667.0875,864.81384
2152,649.5269,860.7529
2153,654.88367,872.7514
2154,692.91113,891.3995
2155,754.33746,917.778
2156,794.72235,953.6709
2157,782.64215,985.74884
2158,729.91113,992.3556
2159,659.0072,961.9591
2160,590.8863,911.49036
2161,549.63837,872.5235
2162,543.7911,855.75323
2163,574.3751,859.7159
2164,646.18567,891.1193
2165,730.49115,940.3648
2166,772.16565,976.96295
2167,759.97003,988.9762
2168,729.681,992.9716
2169,707.4057,1006.3241
2170,695.12036,1026.9116
2171,690.1171,1040.7723
2172,692.0057,1044.2413
2173,699.51263,1046.0581
2174,709.39575,1052.5894
2175,717.70435,1062.7827
2176,721.7352,1071.9161
2177,722.2523,1072.121
2178,725.865,1053.0302
2179,736.22375,1015.07275
2180,740.0715,979.57855
2181,725.505,966.9514
2182,705.98083,972.8445
2183,695.5398,983.74677
2184,687.3029,996.7146
2185,680.917,1006.4465
2186,696.8285,995.3893
2187,741.9203,957.56464
2188,785.80707,914.3909
2189,796.0047,883.2174
2190,778.5143,854.4432
2191,761.4514,822.3537
2192,758.3578,796.92426
2193,764.39575,776.02277
2194,773.6354,751.5694
2195,787.2275,730.1159
2196,807.9174,733.3824
2197,829.9101,799.1999
2198,839.7553,939.0025
2199,834.51996,1084.6691
2200,825.9315,1151.7764
2201,819.9116,1138.661
2202,812.15643,1102.7351
2203,803.0097,1082.2493
2204,797.68884,1078.9357
2205,795.5737,1082.4232
2206,788.545,1085.966
2207,769.379,1086.6348
2208,741.58704,1087.0547
2209,718.5929,1092.1561
2210,711.9867,1086.0758
2211,723.23975,1025.7583
2212,745.70215,895.9652
2213,773.07104,758.4013
2214,808.2045,690.0415
2215,852.40326,694.66425
2216,867.4993,723.5292
2217,792.7429,742.84155
2218,649.4468,749.97925
2219,541.22974,752.1882
2220,502.23114,751.50653
2221,475.77042,748.7
2222,450.2461,748.26263
2223,460.1288,754.31836
2224,480.0529,763.1798
2225,458.98846,765.62494
2226,417.97256,761.18286
2227,417.36963,758.1988
2228,463.40997,760.59045
2229,510.41162,768.8699
2230,535.3925,784.39685
2231,556.61066,804.537
2232,586.8551,823.616
2233,613.99304,838.7368
2234,625.6098,848.69916
2235,626.0977,850.6425
2236,629.1248,844.6903
2237,642.8432,837.54504
2238,664.3073,835.60834
2239,686.71796,841.4528
2240,707.3051,860.57245
2241,727.51556,900.47186
2242,750.5521,953.3024
2243,776.1146,992.2678
2244,791.4924,1000.0422
2245,779.3851,988.3687
2246,746.5346,979.74207
2247,724.1115,981.4029
2248,728.21716,986.1809
2249,747.2305,991.49384
2250,774.1178,1001.72485
2251,817.85364,1010.02826
2252,868.9258,995.6595
2253,891.4918,948.62134
2254,873.9998,881.4621
2255,851.3213,811.3306
2256,857.2321,748.6985
2257,882.3031,703.37427
2258,897.4543,682.6291
2259,897.8916,683.03235
2260,892.7498,694.0356
2261,868.81537,705.32043
2262,807.0417,710.7654
2263,729.9083,714.76074
2264,686.4628,727.2176
2265,697.88763,748.6965
2266,752.4966,771.36975
2267,821.442,789.6903
2268,870.5072,802.24536
2269,887.8021,809.86786
2270,886.4271,814.94196
2271,880.4097,818.3881
2272,877.1673,817.50854
2273,881.5516,809.2315
2274,890.89,798.2887
2275,884.38574,807.93933
2276,837.85815,862.3155
2277,765.39734,938.3061
2278,714.88153,982.1561
2279,707.3744,984.31195
2280,719.9543,976.53687
2281,729.7329,973.16876
2282,737.7146,966.1156
2283,752.44006,954.9835
2284,772.92883,950.14514
2285,787.8569,953.8058
2286,789.8594,959.1611
2287,784.9026,963.1051
2288,778.34595,963.54425
2289,766.1372,955.23535
2290,747.51526,939.6385
2291,729.81195,931.08124
2292,717.7708,944.68604
2293,711.00146,975.4711
2294,708.81396,1001.06665
2295,711.8708,1010.3965
2296,721.6551,1011.81476
2297,732.34467,1013.43604
2298,731.7019,1014.71106
2299,718.8868,1014.7858
2300,706.0711,1015.0951
2301,701.4476,1014.7001
2302,700.4598,1009.03827
2303,692.83966,992.4186
2304,678.19464,963.6423
2305,671.8563,928.3588
2306,688.0922,893.0845
2307,718.9592,865.3002
2308,740.9367,854.3005
2309,742.7155,860.211
2310,733.6689,873.16437
2311,728.3481,885.07104
2312,733.3108,893.21185
2313,743.0337,898.9878
2314,745.6554,907.0767
2315,733.9072,920.9013
2316,709.0121,939.0237
2317,684.26935,957.081
2318,679.2985,971.76263
2319,692.16254,983.08746
2320,694.393,992.46375
2321,670.7875,997.27625
2322,639.9311,991.7568
2323,624.06244,976.44617
2324,625.51776,956.47034
2325,642.54047,929.2136
2326,680.27783,890.9817
2327,731.69806,853.12744
2328,770.96173,833.3192
2329,771.51685,837.2657
2330,723.1269,858.49054
2331,650.1469,882.97034
2332,599.01184,895.95746
2333,589.7421,894.4653
2334,613.6096,883.4474
2335,663.92255,866.07544
2336,724.0946,848.64874
2337,761.62286,839.0759
2338,766.5584,837.2605
2339,758.03467,838.07764
2340,750.0534,837.8561
2341,743.1228,834.9652
2342,737.0409,829.00775
2343,732.395,820.21906
2344,727.9263,810.801
2345,721.9558,803.6296
2346,715.33777,799.2298
2347,712.69635,797.63104
2348,716.64484,799.4165
2349,723.55066,803.5887
2350,729.11,807.3496
2351,732.823,807.3214
2352,735.5472,802.1711
2353,736.37573,795.9138
2354,734.3729,796.14545
2355,732.21106,806.45966
2356,733.0737,820.96124
2357,736.02576,830.3425
2358,738.8759,832.98206
2359,741.18286,833.7349
2360,742.74023,835.36285
2361,742.6893,836.95734
2362,740.5896,837.475
2363,736.78735,838.6096
2364,728.985,842.6687
2365,713.0665,844.12177
2366,696.4397,823.37823
2367,697.8497,766.0738
2368,721.6282,700.79596
2369,749.4776,676.7843
2370,756.12885,687.9055
2371,725.782,681.7487
2372,675.2979,650.93335
2373,646.1629,650.9623
2374,654.0244,720.0366
2375,674.2831,821.07916
2376,680.42834,885.30536
2377,672.71063,894.9229
2378,665.0287,887.8403
2379,661.33295,896.1462
2380,660.4858,913.844
2381,666.8998,918.8101
2382,677.8748,904.83093
2383,680.38403,881.40955
2384,675.13556,856.7403
2385,680.0151,836.1175
2386,700.57635,824.2712
2387,722.98456,819.67053
2388,742.85486,813.2567
2389,769.8798,799.1193
2390,793.12286,786.7398
2391,786.9687,791.87036
2392,758.2817,812.3943
2393,738.16724,829.4258
2394,737.424,832.82294
2395,743.2635,829.77167
2396,743.18964,829.92377
2397,735.44727,833.8751
2398,724.11676,836.16296
2399,715.501,833.6251
2400,715.4462,829.17017
2401,722.16797,828.373
2402,727.0406,834.0895
2403,726.18506,844.01373
2404,726.71747,851.13654
2405,735.66833,850.85834
2406,742.9548,853.1832
2407,729.9977,875.7398
2408,699.81683,915.80444
2409,676.7734,948.77106
2410,675.7784,955.59827
2411,692.87445,933.30334
2412,717.6054,892.9237
2413,741.2875,855.5657
2414,761.36554,834.343
2415,780.57043,824.76337
2416,800.4861,818.5239
2417,818.97015,814.23114
2418,830.66406,813.2708
2419,829.9362,815.735
2420,819.283,820.6355
2421,808.0798,825.65356
2422,798.17664,828.76904
2423,784.3991,829.87885
2424,771.64856,828.64124
2425,773.6022,824.37134
2426,792.8521,818.5934
2427,816.52716,814.06274
2428,826.25256,812.15045
2429,805.1856,810.8219
2430,757.8355,803.2853
2431,729.45245,780.56006
2432,762.65314,742.1225
2433,827.40247,711.0518
2434,850.50586,724.26953
2435,811.4036,788.4701
2436,753.8849,862.16846
2437,718.80774,901.8043
2438,709.21387,906.5563
2439,711.27167,901.57886
2440,715.566,901.50684
2441,717.3057,904.48615
2442,715.51544,902.7493
2443,709.6453,887.8025
2444,696.5768,855.9368
2445,683.4774,817.2731
2446,688.3109,789.442
2447,712.26025,779.6397
2448,740.5553,780.0963
2449,771.27185,778.84375
2450,800.015,774.2876
2451,794.45703,770.7735
2452,729.9171,763.1127
2453,635.74524,748.4764
2454,571.43646,740.8982
2455,559.207,755.4782
2456,570.3691,790.8628
2457,571.1212,832.05334
2458,555.6947,861.8341
2459,556.1277,862.33606
2460,625.15985,820.6875
2461,765.8162,752.2628
2462,891.1167,688.8828
2463,913.8049,639.9888
2464,847.14996,607.2315
2465,753.5653,603.5781
2466,652.00916,624.51935
2467,545.3565,647.0315
2468,474.0666,659.4993
2469,501.75595,664.4309
2470,665.2937,671.0983
2471,910.97675,699.2417
2472,1113.5575,764.691
2473,1188.8328,849.3698
2474,1146.1726,914.1082
2475,1058.8763,943.67035
2476,1002.9547,951.19666
2477,994.48016,949.4616
2478,978.9007,937.4992
2479,883.5296,909.9364
2480,710.9178,875.4497
2481,563.7938,852.39233
2482,526.0002,845.5012
2483,578.3532,859.4371
2484,661.26495,912.3338
2485,731.2224,988.6664
2486,763.69293,1032.9218
2487,770.0088,1024.7218
2488,785.6511,997.48846
2489,821.8913,982.81445
2490,859.04224,980.95557
2491,880.5637,975.0797
2492,885.0985,956.07886
2493,874.73706,931.93585
2494,855.2099,916.9335
2495,838.266,917.98834
2496,827.406,929.79926
2497,809.4571,941.6318
2498,771.3835,949.0836
2499,721.2764,954.3966
2500,681.77606,956.64764
2501,668.6791,950.19336
2502,685.91736,932.44556
2503,726.5744,905.57806
2504,773.0679,871.46875
2505,807.61615,833.99133
2506,822.13074,803.66
2507,817.6136,790.83405
2508,799.51874,798.12805
2509,775.08997,822.7296
2510,752.73706,856.71515
2511,742.9951,882.7448
2512,754.5641,885.38135
2513,783.6663,870.955
2514,814.69543,859.23376
2515,834.55383,858.04663
2516,841.49066,862.45624
2517,839.72095,869.54944
2518,829.6814,880.48773
2519,808.98694,894.9969
2520,779.1417,909.57794
2521,746.6569,918.17755
2522,720.57404,915.34576
2523,707.4783,899.9932
2524,707.1726,874.92554
2525,714.43005,845.6229
2526,723.1972,820.1379
2527,729.97034,804.28284
2528,735.3692,796.77136
2529,741.72455,792.97076
2530,750.243,790.5903
2531,760.6081,789.1144
2532,771.107,787.926
2533,779.7566,786.9298
2534,786.1538,785.8624
2535,791.7854,782.82837
2536,799.35785,775.5326
2537,811.27026,764.51624
2538,826.5801,754.5197
2539,840.7827,750.3226
2540,849.3206,751.415
2541,849.97943,753.3995
2542,845.0238,754.50385
2543,840.73114,758.2858
2544,840.58923,767.5103
2545,842.43,778.9478
2546,843.62946,788.631
2547,844.2386,796.1009
2548,845.3987,800.89355
2549,846.36584,800.8375
2550,841.1442,793.04016
2551,816.1422,774.52576
2552,759.427,746.66113
2553,683.9146,719.4375
2554,624.69354,703.53815
2555,601.39655,698.9997
2556,610.71716,701.0015
2557,650.56036,710.42236
2558,712.0903,727.40814
2559,765.6495,744.43195
2560,788.90393,755.519
2561,789.17944,762.8587
2562,783.8706,771.2128
2563,779.3686,783.15497
2564,774.0365,796.9435
2565,768.5867,805.36316
2566,767.41113,802.1874
2567,771.4922,791.2349
2568,775.99927,783.09656
2569,777.8919,783.13696
2570,779.99695,789.6621
2571,785.4679,801.5305
2572,794.1661,818.8375
2573,804.7529,838.84717
2574,817.15015,857.50934
2575,832.0077,872.1148
2576,847.64355,881.2777
2577,858.4313,885.27704
2578,857.85895,886.0866
2579,847.2996,885.6053
2580,837.86884,883.797
2581,837.55145,879.63196
2582,844.6543,873.7019
2583,855.07324,868.18243
2584,866.1611,864.5061
2585,875.41455,862.1337
2586,880.4516,858.99347
2587,879.10455,853.09564
2588,871.7308,843.9932
2589,864.2872,832.18427
2590,865.15594,818.3534
2591,877.7937,804.34467
2592,896.10913,793.1021
2593,908.7927,786.1388
2594,910.8338,782.4091
2595,906.7453,780.53674
2596,901.795,780.13403
2597,895.1351,780.4963
2598,882.4213,780.15857
2599,863.70966,778.42426
2600,846.05676,776.5237
2601,835.5131,775.9841
2602,829.9732,776.07623
2603,824.80884,775.06287
2604,820.5224,773.50446
2605,819.4009,773.4146
2606,820.01105,774.52466
2607,819.6608,774.94214
2608,818.6735,774.5724
2609,818.67413,774.2039
2610,819.7762,773.376
2611,821.7051,771.85406
2612,825.1057,771.2199
2613,830.5558,773.2024
2614,838.5536,775.47614
2615,853.7601,768.9536
2616,879.6091,746.59674
2617,901.31757,718.847
2618,898.5246,705.03625
2619,878.43225,707.66156
2620,864.30475,713.9202
2621,860.88245,716.01526
2622,858.2889,715.32135
2623,853.1686,716.63934
2624,849.9542,726.91797
2625,855.008,750.2807
2626,871.6692,777.4294
2627,891.0439,791.47974
2628,898.7843,788.4085
2629,894.4894,778.3853
2630,888.5885,770.3737
2631,886.18646,766.52765
2632,885.7478,765.86664
2633,885.88,767.5362
2634,887.04376,771.1303
2635,889.35443,774.79694
2636,891.09155,775.4847
2637,887.91534,771.2576
2638,875.4898,762.3588
2639,857.1775,752.16315
2640,843.6449,746.71185
2641,842.0109,750.81885
2642,851.5018,763.1056
2643,866.68024,774.202
2644,881.0099,775.82513
2645,891.02075,771.6172
2646,896.2609,771.20264
2647,895.0813,778.1045
2648,886.7699,788.209
2649,876.9755,794.9085
2650,872.40784,794.9618
2651,873.0235,791.07166
2652,875.14124,787.4614
2653,876.06775,785.28503
2654,874.818,785.4965
2655,873.3455,792.12463
2656,874.54724,807.14575
2657,877.1344,824.5877
2658,877.4344,836.8439
2659,876.10657,843.8549
2660,876.33746,848.08496
2661,877.01434,844.65967
2662,873.8104,826.12286
2663,866.7077,796.5596
2664,860.25464,770.899
2665,853.08325,757.75433
2666,836.67773,750.2282
2667,807.5402,736.89355
2668,772.5963,717.88654
2669,745.63965,704.2734
2670,736.4968,703.9929
2671,740.3506,714.14795
2672,747.21893,725.26294
2673,755.1394,729.6279
2674,765.02747,726.4169
2675,774.4161,720.87164
2676,780.51953,719.2898
2677,781.1197,725.0225
2678,773.92834,737.23785
2679,760.96204,751.13983
2680,748.5216,761.1447
2681,740.6912,765.99493
2682,738.06134,769.9227
2683,738.48236,778.34344
2684,735.479,792.9159
2685,724.4368,810.0669
2686,710.9094,823.45807
2687,704.0729,828.1498
2688,706.1707,823.61237
2689,714.17053,813.6363
2690,724.0525,802.7027
2691,732.1901,792.9957
2692,737.8001,784.9831
2693,741.6757,777.861
2694,743.2658,769.79785
2695,742.3929,759.9755
2696,740.878,750.2883
2697,742.161,745.43494
2698,749.64,748.635
2699,761.26636,755.87726
2700,769.84283,760.31085
2701,772.24786,761.122
2702,771.5473,761.4436
2703,771.1981,762.4506
2704,772.5439,764.1715
2705,775.1369,766.5806
2706,777.86053,768.602
2707,780.1797,769.891
2708,781.43506,771.87036
2709,780.7335,773.79706
2710,779.49365,771.22363
2711,781.5472,762.082
2712,788.2288,750.4803
2713,795.84485,740.4082
2714,800.2026,729.9831
2715,800.6379,717.19
2716,798.2182,707.3328
2717,794.14105,708.48
2718,790.2306,721.06085
2719,787.1952,736.38794
2720,783.3356,745.53326
2721,776.7861,747.0272
2722,767.13184,745.5641
2723,754.87805,746.1821
2724,741.98944,750.99646
2725,731.8911,759.4002
2726,726.06384,769.1861
2727,722.8835,777.7862
2728,721.40894,784.2226
2729,722.33374,789.7608
2730,724.8153,796.10156
2731,726.2732,803.8453
2732,725.83295,812.35345
2733,726.4932,819.82385
2734,733.6101,824.1686
2735,748.4578,825.41956
2736,761.8648,826.9123
2737,762.3584,832.0095
2738,752.03436,839.74164
2739,744.71124,846.12585
2740,749.5918,849.6609
2741,762.756,853.4886
2742,773.17584,861.68585
2743,773.93115,873.8987
2744,767.2632,884.44916
2745,762.10535,887.32434
2746,768.2438,881.5847
2747,788.8094,870.4286
2748,816.0255,856.01843
2749,838.1624,839.30084
2750,850.58905,823.7203
2751,856.4351,813.77216
2752,860.5658,810.3986
2753,865.34265,811.3365
2754,868.9787,814.96387
2755,868.8253,820.63983
2756,866.38275,825.58124
2757,864.3189,825.97955
2758,860.89905,821.3545
2759,854.8105,813.5522
2760,849.2558,804.0271
2761,845.2748,794.3017
2762,840.1457,785.96985
2763,833.6602,780.0208
2764,828.8548,776.16907
2765,827.00977,772.5523
2766,825.32684,767.9374
2767,821.26385,763.2831
2768,816.94885,759.70496
2769,815.9047,757.2243
2770,817.4449,755.7824
2771,817.0324,755.8749
2772,811.3766,758.4431
2773,802.1318,763.6658
2774,794.2214,770.2671
2775,790.61774,776.81683
2776,789.7366,782.2289
2777,788.7449,785.2564
2778,787.31757,785.5156
2779,786.87836,784.4755
2780,788.74335,784.166
2781,792.8048,785.5286
2782,796.5957,788.4396
2783,797.2903,792.72205
2784,795.15076,798.37494
2785,793.3872,804.81384
2786,794.5108,810.52655
2787,798.0443,813.55273
2788,801.5678,813.3525
2789,803.9071,812.2781
2790,806.7216,813.1289
2791,812.0619,816.4348
2792,820.15826,821.5817
2793,829.3541,827.71814
2794,836.97925,832.84436
2795,841.6292,835.1621
2796,843.7757,835.4055
2797,844.53876,835.47516
2798,845.2914,835.68414
2799,845.8845,834.6877
2800,844.30396,831.16205
2801,841.02313,825.6421
2802,839.4119,820.2273
2803,840.3493,816.16235
2804,842.2288,814.03033
2805,845.0633,814.9817
2806,849.8804,818.6214
2807,856.4645,822.18256
2808,863.10767,824.21643
2809,867.46704,826.4024
2810,868.0912,830.27386
2811,865.36273,834.4203
2812,862.73474,834.1564
2813,866.149,825.5638
2814,873.4633,816.9394
2815,869.7872,825.52386
2816,850.288,851.20233
2817,831.23004,874.50397
2818,824.38776,885.48773
2819,825.3301,890.0836
2820,827.8589,893.9342
2821,829.84485,897.15765
2822,829.9837,897.6522
2823,828.2875,894.0884
2824,826.69604,888.1678
2825,826.9676,882.3928
2826,830.07007,876.15674
2827,835.7673,867.18646
2828,840.70703,856.4772
2829,841.04016,848.44073
2830,837.9135,844.2938
2831,835.478,839.10864
2832,835.2402,829.1069
2833,837.29626,819.10986
2834,839.79803,820.0722
2835,833.47736,839.0031
2836,810.8031,871.4276
2837,781.0395,904.31696
2838,760.9724,924.8102
2839,755.5829,928.14294
2840,758.31744,920.2474
2841,763.8205,909.59906
2842,772.4001,899.4245
2843,782.7413,890.47046
2844,788.6327,884.13776
2845,787.0311,881.6364
2846,782.8821,882.5974
2847,782.8329,883.8448
2848,786.7069,882.27185
2849,787.92816,877.7371
2850,782.13477,870.55396
2851,771.108,861.89557
2852,758.8203,856.9607
2853,746.79663,861.9071
2854,734.2145,876.9624
2855,722.1647,894.24243
2856,713.63257,904.468
2857,708.42365,904.80194
2858,703.01483,898.5281
2859,696.9159,892.0823
2860,696.3386,893.36176
2861,708.4536,905.8002
2862,728.5232,923.4837
2863,737.8533,934.6792
2864,725.21533,931.42163
2865,702.0484,918.70105
2866,685.2694,908.9239
2867,678.37366,906.2802
2868,678.03625,905.1271
2869,683.32886,900.7033
2870,691.4795,894.7433
2871,697.5751,891.75494
2872,700.7588,892.81635
2873,700.53143,894.2483
2874,692.71564,892.2281
2875,680.60455,887.6345
2876,677.46136,884.07666
2877,687.6184,883.42676
2878,701.0518,885.5998
2879,709.1647,889.09656
2880,711.09436,891.7601
2881,709.4348,893.4546
2882,706.64404,895.32385
2883,703.3885,891.4578
2884,714.1331,865.18604
2885,778.10223,811.5111
2886,904.4246,757.119
2887,1027.6461,729.17114
2888,1078.0216,720.0897
2889,1032.5442,705.9334
2890,900.8097,682.81067
2891,747.12946,672.5425
2892,653.3239,687.21423
2893,637.9907,708.66766
2894,685.09894,723.3654
2895,782.7052,741.4267
2896,882.02527,779.89026
2897,914.6306,857.02026
2898,873.80786,964.0182
2899,810.26556,1045.136
2900,767.241,1060.2416
2901,753.7684,1030.7335
2902,756.7595,997.6606
2903,763.09827,979.6075
2904,769.5227,973.99493
2905,777.3785,972.67914
2906,785.69586,971.6639
2907,791.5586,970.7437
2908,794.2721,970.75146
2909,796.1288,974.0431
2910,801.8853,983.5373
2911,823.56854,994.31354
2912,871.1689,976.65674
2913,913.50684,888.67596
2914,889.8848,744.4365
2915,809.6289,628.5249
2916,779.8171,603.1207
2917,863.9201,659.1837
2918,970.35815,760.40857
2919,985.9405,870.08875
2920,944.5685,944.1285
2921,938.82886,945.42413
2922,977.7628,881.81244
2923,1028.0634,807.1584
2924,1088.6534,764.7718
2925,1165.6084,750.644
2926,1232.2738,740.7725
2927,1256.7122,725.844
2928,1242.8728,710.31415
2929,1215.5756,698.7982
2930,1188.4629,692.932
2931,1166.9218,692.68964
2932,1158.5269,695.596
2933,1162.7048,698.3687
2934,1166.8525,700.0387
2935,1163.7565,700.8807
2936,1159.1373,700.7924
2937,1158.6658,700.4274
2938,1159.3986,700.8058
2939,1156.0546,702.1407
2940,1151.269,705.1439
2941,1157.084,711.021
2942,1178.9395,717.99567
2943,1195.4039,719.3939
2944,1171.7341,709.98883
2945,1107.2078,694.73413
2946,1043.4332,682.4258
2947,1010.4502,674.81586
2948,997.0225,672.4859
2949,982.5915,679.5163
2950,967.2948,693.9397
2951,958.3513,705.53754
2952,947.6581,708.501
2953,924.90753,708.02716
2954,900.6841,710.36945
2955,891.13684,714.1118
2956,892.4445,714.95935
2957,892.8573,712.8628
2958,891.7272,710.6314
2959,891.71765,709.85443
2960,889.3306,710.9932
2961,880.49023,713.55835
2962,867.4204,716.93506
2963,859.3605,721.0041
2964,864.20654,723.99817
2965,874.7626,725.8261
2966,874.9321,730.385
2967,858.4302,737.7945
2968,828.5587,742.4892
2969,794.57605,743.1116
2970,770.3127,746.3935
2971,759.26886,758.59375
2972,750.081,778.3505
2973,732.96075,798.8215
2974,711.5575,814.31006
2975,699.07526,825.79504
2976,705.9436,840.60376
2977,730.792,865.2603
2978,761.2732,897.3979
2979,781.3357,925.8521
2980,780.14886,940.2732
2981,764.35504,938.769
2982,770.82764,926.0852
2983,841.0783,909.1343
2984,946.75433,895.59656
2985,989.5402,892.46875
2986,927.62616,904.9238
2987,827.7882,931.136
2988,760.3,955.97205
2989,731.84155,966.08057
2990,722.0989,967.3703
2991,715.5798,971.4193
2992,707.4957,977.31885
2993,702.1338,975.3955
2994,699.385,961.1499
2995,695.2012,943.39185
2996,692.9877,936.921
2997,696.0522,947.14404
2998,700.3782,964.80695
2999,703.1485,976.9078
3000,705.2218,980.20984
3001,706.4133,979.2713
3002,706.608,977.405
3003,707.8309,976.17267
3004,711.7273,976.7669
3005,717.10724,978.97144
3006,721.68677,981.1248
3007,725.2628,980.8431
3008,729.0992,977.4879
3009,733.8223,973.9203
3010,739.2195,972.48987
3011,743.8781,971.87994
3012,746.94824,973.2317
3013,749.58777,982.63885
3014,750.7364,1000.08215
3015,747.78876,1016.14813
3016,741.7826,1024.8914
3017,735.7465,1028.5737
3018,732.4473,1030.104
3019,732.99713,1029.2887
3020,734.66394,1026.3159
3021,733.42737,1025.5383
3022,727.91003,1029.4863
3023,721.2108,1030.6315
3024,719.4382,1020.67194
3025,725.72217,1005.60065
3026,735.9195,998.16376
3027,741.8925,1000.1387
3028,739.36505,1005.9515
3029,731.5974,1014.1447
3030,724.8768,1022.7027
3031,721.7485,1026.1118
3032,719.9235,1023.8185
3033,716.7852,1020.3262
3034,712.9759,1017.8354
3035,711.498,1015.5734
3036,713.84985,1012.8655
3037,718.856,1009.2849
3038,725.83,1003.7977
3039,733.97675,997.1387
3040,739.4333,994.63824
3041,742.0428,1000.3933
3042,753.7378,1000.8351
3043,779.78143,959.2375
3044,794.84644,855.43945
3045,777.8839,734.35114
3046,751.6919,666.3747
3047,743.82544,663.6591
3048,747.0497,682.32056
3049,740.7043,678.78033
3050,719.3848,642.6943
3051,692.1397,604.5321
3052,653.81177,597.1456
3053,584.8614,616.11676
3054,516.95264,662.9024
3055,530.78394,774.22125
3056,630.4492,938.87836
3057,721.8431,1064.0864
3058,746.89954,1090.6287
3059,733.0091,1059.6111
3060,721.2802,1034.7549
3061,722.7898,1032.4956
3062,729.8503,1037.8746
3063,733.1232,1038.8082
3064,728.50867,1034.2622
3065,718.8102,1028.985
3066,709.0234,1026.336
3067,700.6967,1025.351
3068,694.1443,1025.1467
3069,690.713,1026.4752
3070,690.8219,1028.6145
3071,693.4343,1029.3265
3072,696.87476,1027.2958
3073,699.3888,1023.7213
3074,700.2899,1020.8544
3075,700.48486,1018.15967
3076,700.476,1014.7949
3077,699.01825,1015.74945
3078,698.0253,1024.2699
3079,707.8556,1029.402
3080,736.38324,1016.6703
3081,771.5802,989.6117
3082,791.0117,965.09357
3083,784.0422,957.0762
3084,754.76,973.7729
3085,719.7694,1008.28546
3086,700.4258,1038.6321
3087,701.8299,1052.3795
3088,710.48346,1050.6073
3089,714.383,1036.1183
3090,712.3723,1018.42035
3091,708.7603,1009.58527
3092,707.8022,1007.37274
3093,709.7688,1001.49677
3094,710.01,992.6859
3095,704.5026,989.7264
3096,695.69806,993.32654
3097,689.36414,995.46326
3098,687.54266,991.821
3099,688.4736,988.12317
3100,691.0507,992.75354
3101,695.74115,1003.93555
3102,701.32623,1012.16907
3103,705.0224,1014.07465
3104,705.97766,1012.7645
3105,705.73834,1010.5144
3106,707.7091,1007.368
3107,714.6772,1001.7576
3108,724.7473,995.3826
3109,734.53534,995.72675
3110,743.115,1004.79456
3111,745.5754,1013.24915
3112,730.52185,1014.8665
3113,697.2344,1012.56494
3114,673.7031,995.28436
3115,692.8359,934.64355
3116,745.13763,834.4987
3117,794.4159,743.754
3118,816.1364,683.4376
3119,788.8837,622.2759
3120,720.0876,555.94727
3121,659.22516,528.0427
3122,638.66406,562.83636
3123,667.656,652.9857
3124,741.65173,775.2494
3125,810.2497,878.14844
3126,824.03284,918.89484
3127,802.6925,911.7129
3128,790.4556,901.1507
3129,793.791,914.9876
3130,800.09906,953.0067
3131,812.73016,997.2958
3132,839.8338,1027.4535
3133,870.86456,1032.6334
3134,891.16943,1018.09045
3135,901.7566,1000.7101
3136,904.59393,991.6001
3137,898.41235,989.2721
3138,893.6798,988.9141
3139,894.964,986.2802
3140,885.02545,979.83704
3141,855.448,974.7451
3142,821.63654,975.90515
3143,797.53546,981.5026
3144,783.4786,988.7289
3145,774.4367,996.94415
3146,763.7969,1004.83167
3147,745.21094,1012.4251
3148,720.15814,1022.25775
3149,699.3852,1033.7236
3150,692.1025,1042.059
3151,699.12024,1044.0912
3152,715.10266,1040.8646
3153,729.63617,1036.5167
3154,734.6622,1036.0933
3155,734.4071,1041.7039
3156,736.7559,1050.0474
3157,741.8487,1056.7513
3158,744.94025,1061.6129
3159,741.4622,1065.6593
3160,729.75684,1068.0587
3161,712.5919,1067.9254
3162,695.7288,1064.6187
3163,683.47894,1058.3683
3164,675.91907,1052.5471
3165,671.6846,1051.5314
3166,670.7118,1056.6868
3167,674.7425,1065.8507
3168,684.51874,1073.8334
3169,694.63727,1075.0406
3170,698.17645,1068.6865
3171,696.52167,1060.152
3172,696.7569,1055.7249
3173,701.64215,1056.294
3174,707.4192,1058.1014
3175,709.3552,1058.2773
3176,706.8868,1057.0442
3177,703.6205,1056.3408
3178,702.3036,1057.7817
3179,701.234,1060.8538
3180,698.2271,1063.2576
3181,697.8294,1063.1511
3182,706.5886,1060.782
3183,720.3156,1060.132
3184,728.3668,1066.4528
3185,725.06616,1078.2592
3186,711.02734,1086.7079
3187,695.4626,1084.8077
3188,691.91736,1074.1034
3189,705.4465,1062.7843
3190,730.51855,1055.6622
3191,755.86053,1047.8756
3192,770.0154,1034.9641
3193,770.4737,1023.0379
3194,766.3339,1020.1139
3195,769.0802,1023.89154
3196,781.89124,1025.5465
3197,797.36096,1020.847
3198,805.6608,1012.4386
3199,803.50244,1004.90295
3200,794.5643,1000.4093
3201,786.17096,997.8132
3202,785.0415,995.72437
3203,791.60333,994.5419
3204,797.8265,995.15533
3205,793.54114,999.44574
3206,777.54785,1011.15955
3207,759.1158,1030.7217
3208,746.68835,1049.7772
3209,740.90845,1058.1295
3210,739.77924,1055.8898
3211,741.53754,1053.2949
3212,743.05646,1059.3644
3213,744.1696,1072.378
3214,748.00934,1083.5881
3215,753.2975,1088.5961
3216,754.2229,1087.1252
3217,747.7308,1075.6537
3218,735.9217,1050.2928
3219,723.29236,1014.3167
3220,714.32605,980.5049
3221,713.5373,965.2697
3222,724.1707,970.7595
3223,742.13184,980.13354
3224,755.5903,981.9473
3225,755.843,981.5718
3226,746.821,984.61444
3227,741.41205,988.9576
3228,745.93713,991.87854
3229,753.0857,992.179
3230,755.4881,989.173
3231,755.91907,985.21136
3232,758.46826,983.7552
3233,761.1552,984.8008
3234,761.4567,986.30817
3235,761.3126,987.5415
3236,764.6787,988.99396
3237,772.913,989.982
3238,782.409,988.1048
3239,788.12683,982.61084
3240,789.6951,976.5687
3241,790.5349,974.90063
3242,793.2841,979.3677
3243,798.914,985.26324
3244,803.40125,987.6971
3245,790.5956,989.6116
3246,746.48773,996.42993
3247,693.47614,1004.8037
3248,673.93384,1005.1792
3249,690.8245,996.85254
3250,712.7177,993.5055
3251,724.35443,1005.9297
3252,729.367,1021.488
3253,727.9215,1017.4557
3254,720.1557,996.8003
3255,712.2389,985.9053
3256,703.9614,994.2005
3257,688.16547,1005.86456
3258,671.284,1009.1529
3259,669.16956,1007.7113
3260,677.4269,1009.33514
3261,680.40906,1015.9224
3262,684.5987,1021.1991
3263,704.09766,1016.9962
3264,725.8497,1004.1059
3265,725.4089,992.9172
3266,706.49084,985.9414
3267,695.5886,973.8965
3268,703.9733,957.99677
3269,716.3428,952.5457
3270,714.8535,959.8587
3271,701.3946,966.5431
3272,693.5954,964.5957
3273,704.0567,956.4297
3274,725.8964,947.37695
3275,737.4769,948.2577
3276,724.2177,970.9001
3277,696.6076,1008.7243
3278,675.923,1038.0032
3279,665.74585,1048.1761
3280,659.5956,1050.8423
3281,674.88745,1046.802
3282,744.6663,1005.71185
3283,851.1283,911.8345
3284,911.7183,813.7772
3285,879.734,774.3003
3286,804.5781,794.2621
3287,754.0497,832.5395
3288,739.96075,862.2034
3289,742.4677,879.3401
3290,751.9425,881.6098
3291,762.5171,854.75134
3292,760.545,794.77405
3293,746.3663,741.9241
3294,738.1801,748.19415
3295,737.56573,803.404
3296,725.5165,850.7907
3297,693.42126,869.97595
3298,651.98914,882.155
3299,619.12103,894.3839
3300,605.2526,895.72
3301,606.6587,890.8737
3302,619.30273,901.1634
3303,643.72034,934.6537
3304,668.2224,968.30927
3305,679.7745,975.186
3306,688.5335,961.0528
3307,709.08575,951.3419
3308,734.68604,961.3854
3309,749.05524,987.8391
3310,752.2362,1011.3907
3311,765.74207,1018.24994
3312,802.387,1013.0449
3313,841.57245,1001.384
3314,854.2347,986.32153
3315,830.4489,973.91986
3316,778.1378,960.9362
3317,736.2862,943.1661
3318,755.61127,934.48596
3319,823.23517,941.81213
3320,875.42566,948.62115
3321,889.5494,947.63617
3322,889.64294,947.9512
3323,891.42426,950.0687
3324,893.8363,947.2897
3325,895.6368,940.3398
3326,895.5615,934.05115
3327,892.7671,928.88983
3328,891.6413,923.07806
3329,895.08124,916.468
3330,898.895,909.913
3331,899.8765,905.4713
3332,901.19696,905.5994
3333,905.78674,908.7074
3334,908.66595,908.1092
3335,900.1125,899.9629
3336,877.8786,891.5901
3337,852.4943,894.37177
3338,838.43335,909.3319
3339,838.30786,927.3728
3340,832.408,936.7578
3341,799.84515,930.7434
3342,762.65155,920.97473
3343,770.7586,928.0074
3344,823.744,950.8712
3345,854.63,974.9136
3346,809.0391,998.1092
3347,714.2308,1020.7616
3348,648.7312,1037.2993
3349,646.42957,1043.8275
3350,673.04474,1032.2279
3351,698.60297,1001.42255
3352,731.6152,975.8792
3353,773.8816,982.05444
3354,794.75806,1013.8838
3355,773.2034,1043.1311
3356,738.41656,1056.1708
3357,733.60455,1058.8679
3358,755.48315,1053.3264
3359,773.5716,1031.8916
3360,781.2827,992.211
3361,785.818,948.58813
3362,784.3729,920.59106
3363,775.5886,911.38055
3364,765.6722,912.6503
3365,758.8267,924.96204
3366,756.76984,951.23157
3367,760.0801,979.3309
3368,764.9121,996.9776
3369,770.2753,1015.1313
3370,785.26746,1051.5869
3371,809.3902,1099.7708
3372,820.0544,1129.8256
3373,803.9172,1116.5522
3374,776.4614,1063.017
3375,761.38556,999.2047
3376,773.8167,956.5547
3377,809.3868,943.0765
3378,838.7943,948.7374
3379,836.4024,967.4291
3380,809.5394,993.6046
3381,781.4335,1012.22107
3382,762.2475,1018.0732
3383,747.8127,1026.352
3384,732.0906,1048.6475
3385,716.91125,1075.1416
3386,708.36127,1085.3308
3387,704.431,1068.9879
3388,700.4152,1035.9851
3389,702.3015,1006.71924
3390,717.4676,995.0875
3391,737.4844,1000.9464
3392,741.4041,1013.8054
3393,723.66986,1022.11395
3394,727.94916,1017.81714
3395,820.4065,993.2395
3396,997.54034,947.6649
3397,1165.4288,894.61523
3398,1231.1471,846.6348
3399,1184.4763,805.66174
3400,1093.3195,774.0509
3401,1023.41187,755.5148
3402,974.1306,748.96484
3403,923.22266,751.984
3404,886.0827,762.2813
3405,868.6127,773.3305
3406,829.86255,773.1113
3407,757.37286,752.8408
3408,716.2182,723.5312
3409,764.4,712.2758
3410,860.78687,731.49133
3411,921.45306,766.8176
3412,926.8333,795.61554
3413,906.8537,804.40186
3414,879.6708,795.49963
3415,850.23413,782.0896
3416,826.1338,775.76886
3417,824.3906,778.06757
3418,864.7541,781.54364
3419,933.1148,784.72
3420,971.574,797.12256
3421,950.9473,817.2449
3422,912.38385,829.6213
3423,893.8134,831.02295
3424,882.0621,833.0957
3425,859.3863,843.7898
3426,830.95386,859.4671
3427,802.4579,870.0064
3428,775.58954,873.95465
3429,760.9025,883.48285
3430,769.7921,903.6282
3431,799.0214,921.712
3432,829.5513,927.857
3433,842.39355,927.93146
3434,835.94775,932.58246
3435,820.84564,945.434
3436,810.3995,959.6724
3437,815.3381,965.6688
3438,828.4487,964.10706
3439,830.15497,962.356
3440,818.53064,960.86914
3441,810.24695,955.9972
3442,809.4576,950.4528
3443,798.6695,951.10394
3444,772.2732,959.7044
3445,771.33563,968.1244
3446,843.9611,958.9044
3447,948.9414,920.3702
3448,984.00836,869.1705
3449,925.5849,836.1891
3450,826.1742,829.3145
3451,717.75867,835.3999
3452,623.09735,846.00916
3453,583.087,864.64056
3454,609.14496,897.69684
3455,662.187,938.6419
3456,697.0551,968.85156
3457,704.3064,979.40466
3458,703.17523,977.82904
3459,705.9243,975.1729
3460,704.0576,975.32825
3461,688.6156,975.2505
3462,669.36975,972.75964
3463,663.51514,969.7538
3464,672.5983,968.75635
3465,684.1962,969.6236
3466,690.3436,968.48956
3467,691.5438,963.22064
3468,688.79333,958.79065
3469,684.01227,959.3346
3470,682.7866,961.9919
3471,686.0312,964.8907
3472,687.4782,969.0484
3473,685.55444,973.0896
3474,689.88043,979.37164
3475,714.6459,997.67645
3476,756.5239,1030.4929
3477,780.5974,1064.3082
3478,761.4228,1080.2717
3479,722.3056,1068.4507
3480,695.5601,1038.3533
3481,682.49603,1012.312
3482,674.6677,1002.2153
3483,672.9117,1001.98395
3484,679.5213,1000.2257
3485,693.7738,991.6951
3486,713.9359,981.4045
3487,737.2778,977.8766
3488,759.92554,980.7029
3489,777.36035,982.3868
3490,786.2684,979.8665
3491,789.9035,976.0945
3492,797.4772,974.5742
3493,811.1619,975.86017
3494,820.0864,978.06006
3495,814.6906,980.52295
3496,801.5277,984.79047
3497,796.4495,990.95807
3498,805.86084,995.60504
3499,822.1412,994.9639
3500,835.20575,989.46295
3501,841.5715,983.5982
3502,842.12445,980.5893
3503,838.5348,979.2807
3504,834.4371,977.3314
3505,830.82086,974.4124
3506,822.77246,971.05743
3507,808.68823,966.70514
3508,797.04974,962.0696
3509,803.0623,963.4502
3510,829.8695,975.3098
3511,849.97626,987.14655
3512,837.80914,985.63434
3513,809.98175,972.79565
3514,794.79114,954.8347
3515,794.60144,934.5145
3516,799.6024,918.749
3517,804.91113,912.38574
3518,808.5639,911.9504
3519,809.9777,913.25464
3520,811.23413,915.7353
3521,814.7365,920.14453
3522,821.41125,927.3485
3523,831.17474,935.7928
3524,841.0892,940.37164
3525,842.9401,940.0857
3526,830.53375,941.60046
3527,812.3697,947.9897
3528,802.50793,953.6217
3529,800.87714,954.84424
3530,800.6576,954.2837
3531,802.6045,953.8032
3532,807.1455,951.4482
3533,806.5016,944.3784
3534,794.73083,932.3894
3535,779.8757,919.8931
3536,777.42926,913.04974
3537,791.6662,913.3709
3538,812.3796,916.53156
3539,827.9078,918.3699
3540,833.8632,919.0085
3541,832.08014,920.4796
3542,827.50934,923.4953
3543,826.4663,927.6765
3544,830.6887,932.882
3545,833.26135,938.862
3546,828.1181,944.61835
3547,818.5682,949.3085
3548,810.1003,952.8103
3549,804.1504,955.45734
3550,802.3171,958.8346
3551,804.667,965.6661
3552,803.78735,975.24133
3553,795.104,979.7017
3554,788.36536,971.68976
3555,794.5082,953.5413
3556,811.83014,932.2092
3557,832.51776,911.75836
3558,850.1952,894.8303
3559,860.13873,884.5006
3560,860.54443,881.752
3561,854.1299,883.58417
3562,846.08856,885.8896
3563,840.27563,887.4502
3564,837.41895,889.6975
3565,835.9678,893.97424
3566,833.5676,900.0786
3567,828.404,906.067
3568,820.6159,909.6343
3569,812.5272,910.8806
3570,806.88306,911.94257
3571,803.65265,913.8047
3572,799.0161,916.2466
3573,791.20703,920.32434
3574,785.9792,928.2317
3575,790.3357,941.2618
3576,801.7196,958.539
3577,809.0084,975.66956
3578,804.92224,987.33966
3579,792.4811,992.47406
3580,779.125,992.88586
3581,769.37854,991.51984
3582,763.87244,992.3171
3583,761.5277,995.23303
3584,758.79236,997.22107
3585,753.46063,998.8931
3586,754.4135,1001.62805
3587,774.0682,1002.83295
3588,806.4308,999.9921
3589,830.20685,993.7039
3590,836.18604,986.74493
3591,834.1214,982.96375
3592,834.8146,982.7428
3593,842.75946,979.41864
3594,861.3203,963.86945
3595,887.1171,935.9425
3596,906.3075,908.02734
3597,910.1328,889.7069
3598,903.4964,877.70886
3599,892.46375,868.1839
3600,877.5018,864.4377
3601,862.0332,868.4207
3602,853.26624,876.962
3603,852.2915,886.67163
3604,853.0462,896.26544
3605,850.5149,905.63495
3606,844.95844,914.8808
3607,838.5719,923.4858
3608,830.7619,930.7221
3609,818.4983,936.98096
3610,802.0143,942.7309
3611,787.32477,947.07227
3612,778.7106,950.01935
3613,773.9052,953.9632
3614,771.59033,960.29645
3615,772.8621,967.0362
3616,773.86847,971.47845
3617,770.9911,973.3803
3618,768.853,974.3595
3619,772.8944,975.5054
3620,781.17194,976.93567
3621,787.52014,978.0167
3622,788.64124,976.954
3623,788.1734,973.787
3624,794.08105,973.4848
3625,807.996,978.9994
3626,819.5948,982.6581
3627,820.0341,974.74384
3628,813.1324,958.95984
3629,804.9482,947.9105
3630,796.1023,946.07776
3631,789.5883,947.5575
3632,792.30817,946.3463
3633,804.6669,941.4824
3634,818.501,935.8323
3635,826.6192,933.60974
3636,828.5714,936.9761
3637,829.2564,943.89435
3638,832.61005,949.55035
3639,837.96564,950.04626
3640,844.8891,945.73395
3641,852.8899,940.264
3642,856.27246,935.2694
3643,850.72095,929.1354
3644,841.96875,922.3121
3645,839.09784,918.6682
3646,844.3515,920.8538
3647,853.3699,927.8084
3648,859.32855,935.31226
3649,858.1281,939.2326
3650,851.47974,941.03375
3651,842.1611,946.52545
3652,831.2659,955.4737
3653,821.7124,958.46124
3654,818.38885,948.7716
3655,822.8789,931.28674
3656,829.3858,916.84454
3657,829.6632,911.43427
3658,824.4607,912.0932
3659,823.3174,912.9839
3660,830.1381,912.5926
3661,838.3924,913.1116
3662,842.71387,917.454
3663,844.6516,926.85187
3664,843.942,935.5307
3665,836.8296,934.9538
3666,826.0214,928.461
3667,818.63226,928.91534
3668,817.55835,940.82446
3669,823.7584,954.36646
3670,833.90704,955.60004
3671,837.6147,942.2419
3672,830.85583,926.66425
3673,820.1169,919.10974
3674,810.653,918.4945
3675,803.89453,920.92554
3676,801.2284,925.59326
3677,803.4272,933.4031
3678,809.12134,944.0665
3679,814.1127,954.7874
3680,813.206,963.4111
3681,805.4908,970.7066
3682,796.00116,977.4771
3683,789.7532,982.66486
3684,788.7999,985.3101
3685,796.2698,985.0989
3686,813.7503,981.99884
3687,834.79083,978.56085
3688,849.0887,978.8124
3689,850.0891,982.1328
3690,837.7183,983.51196
3691,820.5763,981.472
3692,810.80536,979.5637
3693,811.3193,979.8626
3694,815.10614,980.87195
3695,817.0805,980.94196
3696,819.16504,979.52936
3697,824.5475,974.48267
3698,832.21857,962.8336
3699,838.3362,947.1841
3700,839.84436,935.08246
3701,835.85974,930.26166
3702,829.3312,929.7759
3703,826.3538,929.22455
3704,828.5686,927.07214
3705,830.5288,924.04504
3706,829.0943,919.57715
3707,828.0061,910.8381
3708,830.44434,898.18317
3709,833.6519,888.2699
3710,832.23157,889.1917
3711,824.47296,904.04034
3712,815.1808,925.4075
3713,810.55194,939.90857
3714,812.06085,943.4173
3715,817.9925,943.3312
3716,825.4908,945.9709
3717,830.3966,950.82544
3718,830.51276,954.9239
3719,828.2492,956.94336
3720,827.8486,958.7734
3721,827.91425,964.8718
3722,819.1532,974.903
3723,799.6216,979.32214
3724,784.4478,972.40717
3725,785.5301,961.94305
3726,796.0904,956.4221
3727,804.72687,954.5434
3728,808.613,951.61334
3729,811.2877,946.23987
3730,816.91595,939.66705
3731,825.7767,933.5017
3732,833.4468,928.32666
3733,835.528,923.8505
3734,832.4486,920.7123
3735,828.10944,920.06354
3736,825.4195,921.7879
3737,824.9463,924.83136
3738,826.0029,927.8606
3739,827.93036,929.1493
3740,832.02686,927.0837
3741,841.38367,921.8553
3742,854.69055,915.3146
3743,861.90625,908.1537
3744,854.9458,899.95435
3745,842.32874,891.5936
3746,841.69604,883.8879
3747,857.9661,875.5209
3748,878.8331,866.4057
3749,889.7068,860.55884
3750,886.9312,861.5029
3751,877.35443,867.38416
3752,869.8341,872.5481
3753,869.3424,872.4905
3754,873.5619,868.52576
3755,875.8781,866.8274
3756,873.5329,871.35657
3757,867.4093,880.02216
3758,859.62195,887.2716
3759,854.7245,889.17865
3760,855.8601,886.9553
3761,860.4764,884.84973
3762,864.011,885.00793
3763,866.5063,886.19745
3764,872.1832,885.9467
3765,882.7674,880.7593
3766,894.9213,868.2979
3767,903.6996,854.2519
3768,906.9995,849.6442
3769,907.4483,857.18866
3770,907.73456,868.06573
3771,906.0005,874.1948
3772,899.6602,878.4657
3773,891.09546,887.6189
3774,887.8984,896.5162
3775,895.17255,893.177
3776,908.9401,879.99054
3777,920.9818,870.7212
3778,925.933,869.0737
3779,924.0587,867.591
3780,920.31805,862.3951
3781,918.5563,857.7756
3782,917.3961,858.43695
3783,914.2804,863.1047
3784,911.2577,867.45886
3785,911.9356,869.8773
3786,915.23303,870.86
3787,917.36945,870.10126
3788,916.5346,867.90466
3789,913.07874,865.89056
3790,909.0776,864.8336
3791,907.1917,865.0356
3792,907.7714,867.6817
3793,908.1835,874.1383
3794,903.826,885.01843
3795,894.89,896.84735
3796,892.9204,899.09546
3797,904.1631,886.1939
3798,914.27484,870.4456
3799,910.4538,866.1691
3800,899.54816,871.40924
3801,892.27704,877.6106
3802,890.4694,881.6017
3803,891.6392,883.10846
3804,893.61615,881.1151
3805,894.4853,876.2283
3806,892.53174,873.0118
3807,887.52783,875.19867
3808,879.5529,880.0304
3809,866.3183,880.7268
3810,846.9899,874.3737
3811,829.14594,865.2218
3812,822.61523,857.97876
3813,825.7848,853.0641
3814,829.11816,852.4965
3815,829.83484,861.1391
3816,830.90955,875.2652
3817,822.4936,874.83777
3818,784.5021,839.7388
3819,734.297,776.9025
3820,706.6629,712.59924
3821,646.08826,666.89325
3822,473.52783,658.70557
3823,267.40073,696.5878
3824,187.21143,747.4105
3825,265.71158,766.40906
3826,400.00732,753.6435
3827,488.36124,742.6522
3828,519.4157,753.2832
3829,550.55994,771.0818
3830,623.4948,765.24646
3831,704.1609,733.3756
3832,730.40955,710.3015
3833,701.57587,718.908
3834,663.1811,749.23956
3835,642.85693,788.72894
3836,644.6622,832.68866
3837,667.33234,871.63135
3838,706.45807,898.89386
3839,750.23566,925.8651
3840,783.1201,973.40094
3841,799.46594,1048.7032
3842,809.1865,1133.9128
3843,821.41174,1195.2312
3844,831.3796,1208.604
3845,832.3748,1184.544
3846,826.20465,1156.2618
3847,816.48315,1141.4528
3848,804.60956,1135.3188
3849,793.9549,1132.7524
3850,787.1904,1134.5269
3851,779.51025,1136.9128
3852,765.65356,1132.7037
3853,750.5784,1122.7247
3854,742.50507,1114.4978
3855,738.5351,1109.8806
3856,729.59546,1105.7875
3857,717.41925,1103.9564
3858,708.6544,1104.7356
3859,700.8261,1101.3391
3860,692.8322,1095.5387
3861,694.89294,1101.2408
3862,710.8092,1120.1624
3863,725.0982,1134.862
3864,724.4932,1134.2301
3865,714.67377,1124.686
3866,706.2793,1114.0808
3867,701.8811,1103.1268
3868,697.85785,1093.6707
3869,691.48956,1091.1223
3870,687.16046,1095.489
3871,692.944,1102.2069
3872,712.2608,1105.5337
3873,741.87006,1082.9827
3874,770.0104,1005.8735
3875,782.8665,895.2317
3876,789.35114,815.0937
3877,816.4534,792.6431
3878,851.3528,808.9783
3879,818.54926,849.6049
3880,667.744,903.1153
3881,470.28284,941.98663
3882,355.1739,946.5549
3883,360.803,930.9462
3884,423.98456,921.36316
3885,484.11627,919.82477
3886,526.724,910.3694
3887,550.38855,886.28143
3888,554.12445,856.9403
3889,551.7324,843.9919
3890,559.86255,868.6876
3891,578.39655,925.7053
3892,597.4729,978.7673
3893,612.2438,998.73016
3894,624.3717,992.40314
3895,635.38525,980.87537
3896,643.6173,972.04266
3897,645.2919,963.92377
3898,638.0945,954.2131
3899,627.3779,940.1607
3900,622.9893,918.5533
3901,626.39685,889.5048
3902,629.39465,857.5208
3903,626.2858,828.5414
3904,620.07574,807.413
3905,616.20935,795.7331
3906,614.3103,791.25824
3907,609.5754,790.5757
3908,601.70325,791.68353
3909,596.2088,793.83356
3910,595.89233,795.596
3911,597.87366,795.01434
3912,599.6318,791.7675
3913,601.10474,787.15393
3914,602.1344,783.5579
3915,603.8895,785.338
3916,608.4813,796.8746
3917,613.62445,816.7216
3918,613.71893,835.0579
3919,607.3429,841.9346
3920,598.2296,838.779
3921,591.5554,835.4515
3922,597.3257,836.95056
3923,627.2505,840.4004
3924,675.8141,842.4658
3925,720.5741,843.3208
3926,746.71246,844.7463
3927,755.74744,847.52277
3928,755.1976,850.7252
3929,749.36426,852.6958
3930,739.3664,852.4662
3931,728.3086,850.9289
3932,719.04193,850.613
3933,709.05,853.4495
3934,694.60956,858.73444
3935,678.60236,863.4001
3936,668.8317,864.6481
3937,670.79016,862.0814
3938,687.0281,856.8515
3939,715.4136,851.1638
3940,745.13153,848.6391
3941,765.56335,851.5701
3942,777.4919,858.54535
3943,788.33307,866.7154
3944,801.7758,874.13477
3945,817.2177,878.74786
3946,834.98737,877.8669
3947,856.30414,871.0772
3948,878.7438,863.7362
3949,894.7605,866.2957
3950,897.7364,884.48114
3951,892.0711,906.24225
3952,889.3639,908.6925
3953,892.177,885.92084
3954,894.1143,860.73083
3955,892.1713,858.2722
3956,889.0529,874.6879
3957,889.89984,888.20795
3958,898.24426,891.37146
3959,911.53864,890.90216
3960,923.71185,885.8057
3961,932.29553,868.17896
3962,939.57715,845.21533
3963,947.9129,836.7035
3964,956.4966,848.13043
3965,960.9981,868.53064
3966,956.20355,889.34875
3967,942.74524,909.11115
3968,930.1629,926.23834
3969,927.6648,937.981
3970,933.6939,945.57275
3971,939.1138,953.19434
3972,937.22595,961.68976
3973,929.1479,967.9409
3974,921.5608,970.19354
3975,918.61707,971.3821
3976,918.80756,973.8138
3977,920.74084,972.2444
3978,924.1785,961.6218
3979,926.57,948.09045
3980,927.5093,939.8144
3981,930.4138,934.6039
3982,935.2694,926.8964
3983,938.7986,917.69244
3984,940.0793,911.0084
3985,940.84015,907.1764
3986,942.9247,903.50946
3987,944.5889,898.9759
3988,942.6229,895.564
3989,938.82684,893.94586
3990,936.828,890.9114
3991,937.82227,884.1868
3992,942.5434,876.40955
3993,949.7934,871.4804
3994,956.3004,870.3053
3995,960.27344,872.9094
3996,961.60834,880.24524
3997,961.1964,889.7642
3998,960.52295,894.6754
3999,960.4389,891.23517
4000,961.59784,881.6265
4001,965.3006,869.03455
4002,972.3769,854.91455
4003,980.57623,841.81244
4004,983.29346,835.09326
4005,975.01624,837.77356
4006,959.1135,845.1405
4007,945.6677,848.4836
4008,940.38873,844.125
4009,938.8949,838.0433
4010,934.51886,838.2457
4011,928.0015,843.0653
4012,924.18585,844.57196
4013,922.26825,841.1225
4014,917.42255,838.27515
4015,911.89014,839.8188
4016,913.58997,844.34283
4017,923.6968,848.7386
4018,935.4611,850.94977
4019,942.1453,850.9648
4020,941.80194,850.6299
4021,938.37976,851.1508
4022,937.3247,851.75336
4023,938.639,851.8939
4024,938.3474,851.6474
4025,936.4379,849.7304
4026,937.43195,845.5898
4027,942.70544,842.70294
4028,948.11206,844.7164
4029,951.3532,848.496
4030,955.6494,847.30023
4031,962.58856,841.207
4032,968.58545,836.87494
4033,970.22797,837.69556
4034,966.3234,840.9595
4035,957.68567,842.87695
4036,948.8855,841.7264
4037,944.2388,837.2778
4038,941.881,830.4811
4039,937.48126,823.96735
4040,930.3038,820.01715
4041,921.64343,818.2466
4042,913.2067,817.6539
4043,907.8759,818.4108
4044,906.5605,820.21924
4045,906.40576,821.9714
4046,904.8175,822.4
4047,902.12555,820.93225
4048,900.4123,821.07336
4049,900.0409,827.971
4050,895.32855,837.9949
4051,880.83484,840.9237
4052,862.2269,834.5445
4053,849.60596,825.8472
4054,845.12146,820.75635
4055,844.2433,819.9208
4056,842.6128,820.9748
4057,839.5029,821.5534
4058,837.0531,820.6975
4059,836.1771,819.0309
4060,835.2653,817.11957
4061,833.8831,813.40515
4062,833.492,807.2508
4063,834.6341,802.34143
4064,836.79736,802.2832
4065,838.8577,806.32416
4066,839.50244,812.0698
4067,839.2588,818.2476
4068,839.52966,824.11035
4069,839.6836,828.91504
4070,837.50415,831.78687
4071,831.804,831.5819
4072,823.8385,828.37866
4073,815.5759,824.8534
4074,808.011,824.24005
4075,802.24896,827.22595
4076,799.01587,832.337
4077,797.1207,838.0574
4078,795.06836,843.0077
4079,793.31775,845.44836
4080,793.15015,844.01074
4081,793.58264,839.1688
4082,792.5032,833.2203
4083,790.70966,828.11084
4084,790.78204,824.52094
4085,794.8592,822.48627
4086,804.80084,821.5536
4087,818.53687,822.4946
4088,829.2663,828.5856
4089,831.1108,842.71924
4090,823.2219,862.68506
4091,812.8307,879.761
4092,809.6049,886.2495
4093,811.93384,883.2117
4094,810.31805,875.91815
4095,803.0837,866.94385
4096,796.0604,856.08167
4097,792.8362,844.00684
4098,793.73694,835.16565
4099,797.8213,833.2306
4100,803.7773,835.169
4101,810.6103,835.6477
4102,815.94543,833.99066
4103,817.8016,832.27124
4104,818.21924,830.5554
4105,820.4576,827.72986
4106,825.9169,824.5927
4107,836.62573,823.961
4108,854.44336,827.85394
4109,874.9315,832.8243
4110,888.12305,830.5092
4111,887.16345,819.4144
4112,874.1584,809.24744
4113,858.04895,806.3339
4114,846.93243,805.91504
4115,843.7202,802.3419
4116,848.32404,796.83746
4117,858.6088,793.9083
4118,866.49054,795.69885
4119,860.45233,802.3256
4120,840.0559,813.8439
4121,820.8885,827.3675
4122,818.098,836.7724
4123,829.382,839.14044
4124,838.2436,836.5531
4125,834.421,832.7565
4126,824.78674,832.5266
4127,821.0303,838.6374
4128,825.6848,848.36884
4129,832.8959,856.6713
4130,836.9356,860.09326
4131,837.58386,859.1988
4132,836.8923,859.5878
4133,835.4131,867.7459
4134,834.819,882.60114
4135,836.4876,892.61194
4136,837.8331,889.6062
4137,837.02356,880.84436
4138,835.80145,877.3442
4139,835.66077,879.8586
4140,837.2268,882.8527
4141,841.4136,883.7947
4142,848.3642,884.321
4143,856.84033,885.70917
4144,865.03253,886.49066
4145,871.88885,884.73895
4146,876.90344,881.32684
4147,879.55994,879.0333
4148,880.7526,878.5466
4149,882.4125,876.50494
4150,883.8675,868.1949
4151,880.05444,853.211
4152,868.81287,837.06915
4153,858.4267,827.0486
4154,856.57697,826.03455
4155,858.2963,828.1259
4156,856.1337,824.6536
4157,850.00903,819.296
4158,837.95575,833.77466
4159,810.6723,884.69855
4160,768.2526,951.72864
4161,729.9295,997.40936
4162,709.7842,1014.0991
4163,697.3476,1016.403
4164,679.26215,1012.34076
4165,659.76013,1005.23914
4166,653.32135,997.282
4167,685.68976,986.32837
4168,773.3583,973.4447
4169,859.81,967.994
4170,847.145,961.7563
4171,730.9821,917.2331
4172,599.1841,836.1755
4173,491.18872,790.7168
4174,383.8093,822.3628
4175,298.12073,887.26685
4176,291.56815,934.93396
4177,359.10687,961.5056
4178,443.9772,979.6146
4179,524.1657,990.5352
4180,609.72876,993.2795
4181,685.58795,995.13934
4182,725.1475,1001.80023
4183,734.52594,1011.03754
4184,735.2607,1021.2871
4185,728.3117,1033.3029
4186,705.62415,1042.227
4187,678.29364,1040.5219
4188,666.4725,1032.1292
4189,673.9383,1030.2365
4190,691.4983,1039.6414
4191,709.3379,1053.6335
4192,721.84467,1061.3702
4193,725.38104,1053.2714
4194,716.2349,1031.6383
4195,705.09424,1012.7879
4196,711.7142,1005.50745
4197,733.22406,1000.0006
4198,748.52094,990.89484
4199,748.75854,988.91644
4200,741.43115,997.60864
4201,736.3384,1003.97974
4202,736.8453,1000.68274
4203,740.04486,994.5132
4204,741.28357,993.222
4205,737.42334,1000.3142
4206,729.232,1014.2918
4207,721.20264,1027.3672
4208,716.34436,1033.6016
4209,712.6859,1034.6923
4210,705.1836,1034.1179
4211,690.74225,1030.6234
4212,683.4784,1018.0352
4213,724.7974,988.46484
4214,837.01184,937.6839
4215,981.70483,873.60785
4216,1115.3627,817.68414
4217,1215.4518,790.4998
4218,1244.7092,792.57275
4219,1187.1458,801.4933
4220,1077.6887,797.4014
4221,962.6253,786.06067
4222,872.9738,783.66156
4223,819.8738,795.2395
4224,795.45184,819.36127
4225,781.91656,854.7133
4226,766.822,895.0328
4227,752.4271,930.0398
4228,747.98,955.971
4229,756.3164,977.24036
4230,766.49066,994.266
4231,760.5499,999.3582
4232,733.10626,988.8911
4233,700.655,971.76294
4234,685.9719,963.5035
4235,693.42444,972.9931
4236,707.52167,993.91626
4237,715.6297,1011.1173
4238,718.84845,1015.15454
4239,720.8813,1009.9777
4240,717.3592,1005.4663
4241,702.04755,1002.66364
4242,681.2565,994.5293
4243,670.4227,979.8909
4244,673.69336,964.89417
4245,679.405,953.86426
4246,677.5059,947.12897
4247,669.35925,943.6853
4248,661.38873,941.3297
4249,658.33813,937.313
4250,660.27765,930.8587
4251,663.2066,923.9613
4252,662.8539,920.7637
4253,657.0912,923.6651
4254,648.52124,927.38104
4255,644.7743,924.0156
4256,651.93164,914.16095
4257,668.8623,904.4864
4258,690.4032,898.5673
4259,712.3542,896.13007
4260,729.2314,896.9135
4261,735.873,900.73047
4262,738.2169,905.1046
4263,751.8703,906.3702
4264,786.567,901.4604
4265,836.9645,889.1549
4266,883.0173,875.70355
4267,903.21985,872.25903
4268,896.1101,879.4389
4269,878.8128,887.1725
4270,865.41583,890.6781
4271,858.42755,892.8055
4272,853.4125,895.9127
4273,845.1702,899.9172
4274,832.62427,903.7596
4275,818.8324,905.82837
4276,810.34656,902.2754
4277,813.2908,888.57837
4278,821.13153,868.8571
4279,815.26294,856.7905
4280,788.8942,862.34314
4281,759.82605,881.38293
4282,750.2693,896.1007
4283,760.66644,891.9763
4284,768.2432,878.99316
4285,752.6391,880.7736
4286,718.5491,902.609
4287,685.9692,925.55176
4288,668.9693,932.13873
4289,674.2409,930.6684
4290,702.4298,943.01746
4291,735.4387,970.0506
4292,745.9836,992.0268
4293,731.04004,999.93115
4294,709.99146,1003.6367
4295,695.9658,1012.53955
4296,689.4607,1020.8226
4297,683.44556,1016.85956
4298,667.3649,1004.7175
4299,642.2033,999.0246
4300,624.5156,1000.4508
4301,625.1012,999.4188
4302,638.1461,992.0361
4303,654.3602,978.6202
4304,672.1214,965.5546
4305,691.14166,965.03156
4306,705.12384,979.15063
4307,711.8259,995.8566
4308,718.52325,1004.0895
4309,729.6006,1002.2282
4310,740.23413,995.29834
4311,741.2449,991.4971
4312,724.78345,994.50653
4313,691.3697,1000.9626
4314,652.88855,1008.7402
4315,623.4123,1015.8457
4316,608.13904,1016.56995
4317,603.87787,1010.18835
4318,604.98663,1003.8335
4319,606.332,1002.1574
4320,606.08075,1002.3191
4321,606.62286,1000.17804
4322,609.47125,997.61847
4323,612.39825,1000.3234
4324,613.72736,1007.5952
4325,614.94104,1012.6406
4326,618.88495,1012.5486
4327,627.6062,1008.75415
4328,638.3498,1003.20123
4329,642.3932,999.59406
4330,635.71313,1000.2623
4331,628.6207,1000.0622
4332,633.71216,991.47955
4333,647.8427,975.4708
4334,657.73035,959.6257
4335,657.28455,947.1887
4336,650.44684,935.14417
4337,643.2652,921.9426
4338,639.0602,911.0164
4339,638.7669,906.4875
4340,641.973,908.52924
4341,647.5641,912.88385
4342,654.92114,915.07117
4343,662.89703,914.40875
4344,668.5908,911.5885
4345,670.66364,906.18274
4346,671.1471,898.9678
4347,671.80524,891.4652
4348,672.2855,883.70557
4349,671.3529,876.40216
4350,667.6201,872.3967
4351,661.6306,872.71466
4352,657.1957,873.95953
4353,656.7224,873.0374
4354,657.9814,870.8287
4355,658.95166,869.3359
4356,660.136,869.94073
4357,661.45795,872.877
4358,662.2302,876.6338
4359,661.6471,881.28796
4360,658.3001,888.2695
4361,653.8098,894.091
4362,653.84924,892.8448
4363,660.25226,885.4835
4364,667.3243,878.30756
4365,670.2454,874.94775
4366,670.16254,875.18396
4367,668.8984,877.5003
4368,666.39233,879.91516
4369,663.8979,880.8046
4370,664.419,880.21484
4371,669.1044,880.60065
4372,675.0701,885.0944
4373,678.96814,893.07947
4374,680.6403,900.04144
4375,680.84644,903.15076
4376,680.22833,903.6532
4377,680.8111,903.5082
4378,682.8891,902.5968
4379,683.3625,900.27423
4380,681.0909,897.14343
4381,679.21436,894.28485
4382,679.55096,893.8634
4383,680.0116,899.68616
4384,678.74304,912.8124
4385,675.6611,927.42706
4386,671.6288,935.63025
4387,669.06335,935.8373
4388,670.4017,931.927
4389,675.2938,926.3222
4390,680.77075,919.1706
4391,684.2852,911.91174
4392,686.02783,906.8724
4393,688.2229,904.05945
4394,691.82074,901.4103
4395,694.1003,898.83307
4396,692.24084,899.2562
4397,688.4322,903.6727
4398,686.8605,909.18134
4399,687.1234,913.3158
4400,685.70337,915.39404
4401,682.0628,914.889
4402,679.0247,912.3949
4403,678.68616,909.7533
4404,679.9,907.5043
4405,679.3662,904.7836
4406,676.0409,902.08685
4407,673.2112,901.2782
4408,673.4936,903.13214
4409,674.70026,907.9857
4410,673.717,916.292
4411,671.2786,924.62177
4412,670.1289,926.94653
4413,670.6258,922.42456
4414,671.30273,915.3652
4415,672.09485,909.3731
4416,673.6901,905.43353
4417,675.46875,902.5109
4418,676.6737,899.20984
4419,678.35004,895.13434
4420,682.0744,891.30634
4421,687.15936,890.8755
4422,690.7685,896.65967
4423,690.6575,906.97394
4424,687.6716,916.9705
4425,685.6887,923.8485
4426,686.9664,929.42377
4427,687.41034,937.30945
4428,680.77313,947.0818
4429,668.4024,954.04895
4430,658.9877,955.57837
4431,658.6864,953.3768
4432,666.646,950.1206
4433,677.4832,947.2941
4434,686.08246,945.2445
4435,692.3341,943.49396
4436,698.78204,942.55646
4437,703.85034,946.38995
4438,704.1459,958.09796
4439,701.7929,973.75476
4440,701.41614,988.0636
4441,702.77344,1000.91693
4442,702.79877,1013.15
4443,701.9916,1024.0156
4444,703.8452,1030.2834
4445,708.5197,1022.3031
4446,710.6366,996.1767
4447,704.09045,970.31525
4448,691.5739,963.8145
4449,684.50104,969.60614
4450,677.06085,975.3577
4451,644.996,983.01074
4452,596.0872,993.1695
4453,572.4673,1000.49615
4454,588.60846,1002.06976
4455,618.4729,995.9786
4456,637.3933,983.2567
4457,642.40784,969.85785
4458,642.6459,959.64594
4459,645.5338,952.13715
4460,649.4857,946.17615
4461,649.21014,940.91327
4462,645.60767,936.0217
4463,644.3184,931.4453
4464,647.40704,926.7467
4465,650.72705,922.86304
4466,649.21155,921.5947
4467,644.0969,921.8637
4468,641.1051,921.1349
4469,641.51514,919.272
4470,642.01807,916.62524
4471,641.5244,912.69965
4472,641.4071,908.6146
4473,642.10297,906.0056
4474,642.63995,904.74854
4475,641.9289,904.66766
4476,639.7701,907.13995
4477,637.46234,912.52356
4478,637.8932,917.00494
4479,641.5439,915.69476
4480,644.3177,909.0172
4481,644.1408,901.5827
4482,645.21436,892.809
4483,651.9407,876.842
4484,662.86444,859.99255
4485,677.955,865.3184
4486,698.00195,900.333
4487,706.7233,932.8692
4488,689.78436,931.05206
4489,667.4642,909.11566
4490,665.85626,898.9414
4491,679.1321,906.7229
4492,686.1159,920.25433
4493,680.89185,930.4983
4494,672.28796,935.10315
4495,664.8219,933.2347
4496,655.1645,925.682
4497,643.4272,918.57306
4498,637.00183,920.0117
4499,641.02094,932.2308
4500,649.294,949.0017
4501,652.77325,961.15576
4502,652.14105,964.2599
4503,652.4826,959.8062
4504,654.0459,952.97107
4505,653.7893,950.1253
4506,649.65204,953.9736
4507,643.0405,962.9151
4508,638.16833,973.04517
4509,638.59467,977.8429
4510,645.71533,973.9882
4511,657.42255,968.1283
4512,668.0026,969.0437
4513,672.7174,974.78754
4514,669.6166,974.34546
4515,659.4425,961.8707
4516,649.7987,946.1395
4517,650.55945,941.1322
4518,660.6914,951.3368
4519,670.5512,971.8185
4520,674.81,992.2336
4521,674.1673,1002.3622
4522,670.8216,1001.116
4523,667.3598,994.0236
4524,665.6513,988.7078
4525,665.6508,993.45917
4526,666.6359,1006.4729
4527,669.3582,1013.93445
4528,675.5547,1007.5962
4529,682.53613,995.2206
4530,683.7588,988.6089
4531,681.00336,987.56274
4532,684.80536,983.51337
4533,696.76984,975.13837
4534,704.5509,971.11584
4535,698.72034,977.8161
4536,685.2856,989.7107
4537,676.7332,996.06024
4538,676.5728,993.96027
4539,679.8964,988.5833
4540,682.7585,985.07916
4541,683.8426,984.9511
4542,683.60376,986.2506
4543,684.2805,986.0513
4544,686.01794,984.35956
4545,685.5855,984.1751
4546,681.6086,986.65857
4547,677.16656,988.9672
4548,677.064,988.51086
4549,684.317,985.4128
4550,696.0838,980.8833
4551,703.99536,977.2982
4552,701.90784,977.2255
4553,691.4316,980.71704
4554,680.0478,985.4407
4555,674.9016,988.2441
4556,675.7206,987.6811
4557,673.83234,986.59717
4558,661.45764,989.30566
4559,641.39264,995.2397
4560,624.4889,997.9387
4561,617.9454,992.7226
4562,619.337,983.6179
4563,623.0368,977.32965
4564,626.88947,974.20734
4565,630.43713,971.3582
4566,632.8435,967.21704
4567,634.4339,960.13965
4568,636.64996,950.7363
4569,639.29193,944.33984
4570,640.504,944.57635
4571,640.1406,947.6456
4572,640.10046,947.79095
4573,642.1318,943.0236
4574,646.5973,933.16437
4575,652.3204,920.41394
4576,657.57904,909.9833
4577,660.3084,903.5654
4578,658.0846,897.61334
4579,651.2076,890.7552
4580,645.5112,886.9156
4581,647.50134,889.6636
4582,656.01636,898.0442
4583,663.04535,908.6315
4584,663.89545,918.7264
4585,662.36554,927.61664
4586,663.0272,935.14374
4587,664.8371,940.03296
4588,666.4935,941.8263
4589,669.84265,942.3071
4590,676.05066,943.2208
4591,683.41736,944.9933
4592,686.9129,946.57996
4593,680.2366,944.03925
4594,663.0376,932.91504
4595,645.55615,916.35406
4596,641.03107,906.88544
4597,651.1427,913.6299
4598,663.7996,930.42487
4599,668.1027,944.2294
4600,664.804,950.753
4601,660.2103,953.2125
4602,657.9066,954.26294
4603,657.583,955.6421
4604,658.1446,958.1472
4605,659.25775,960.6795
4606,658.12396,962.1882
4607,651.54553,962.7778
4608,642.74304,962.00836
4609,637.2193,958.1549
4610,634.7842,951.4054
4611,633.69196,945.9034
4612,635.757,945.34814
4613,641.49866,949.0107
4614,648.094,954.21216
4615,652.99817,958.81146
4616,652.3206,960.54395
4617,642.19366,960.0887
4618,629.3902,964.36017
4619,629.61255,977.58606
4620,647.34204,992.0005
4621,665.4866,999.0406
4622,662.6385,1002.5894
4623,638.75885,1008.14386
4624,613.1811,1011.2249
4625,599.5759,1008.5076
4626,597.3575,1005.5008
4627,600.6835,1006.08295
4628,604.6887,1006.7702
4629,607.368,1003.9207
4630,609.28375,998.99414
4631,612.0007,994.89374
4632,615.5255,992.3521
4633,617.22864,991.808
4634,615.71234,994.15686
4635,613.3283,999.0463
4636,612.46783,1004.97107
4637,613.46545,1009.43036
4638,617.97363,1010.07874
4639,628.41473,1008.0286
4640,640.56866,1007.2236
4641,645.36847,1010.04865
4642,642.00305,1015.4287
4643,638.6854,1020.6269
4644,640.96735,1023.9628
4645,648.7857,1025.1716
4646,660.19476,1024.7107
4647,672.3202,1024.1813
4648,684.3852,1023.7196
4649,698.3447,1020.8743
4650,710.8381,1017.4073
4651,714.4937,1019.2364
4652,710.828,1025.6617
4653,707.17737,1028.6661
4654,700.76666,1023.71796
4655,680.6917,1010.9805
4656,648.0701,986.29126
4657,622.36053,948.125
4658,620.12256,913.65875
4659,637.55817,903.9925
4660,660.2154,917.1446
4661,677.5195,933.756
4662,684.31464,938.149
4663,681.2578,929.20905
4664,676.70795,919.3096
4665,677.3106,916.76654
4666,679.1278,914.62366
4667,675.8687,907.35443
4668,669.3604,904.4976
4669,668.67883,916.9189
4670,677.94763,939.86536
4671,689.4041,959.9774
4672,699.17487,972.7155
4673,714.45056,981.18274
4674,733.27716,987.11334
4675,740.4679,990.31116
4676,730.33154,989.02783
4677,713.9722,981.7954
4678,700.10657,970.2047
4679,683.16174,961.29
4680,660.0772,966.00134
4681,643.3717,984.97766
4682,644.5412,1004.03326
4683,660.4395,1012.327
4684,680.2495,1009.5962
4685,695.12244,997.88434
4686,703.0108,983.10156
4687,705.7482,974.7695
4688,702.58075,972.53424
4689,693.25006,966.383
4690,684.36346,955.6314
4691,684.4527,952.649
4692,694.4124,963.62067
4693,710.39905,981.48376
4694,731.5922,1001.4798
4695,752.91016,1024.0222
4696,760.68005,1044.4921
4697,749.8386,1057.5408
4698,733.96436,1063.644
4699,728.04803,1067.3369
4700,731.006,1073.8534
4701,733.7566,1083.604
4702,733.6779,1092.3478
4703,732.4431,1097.7083
4704,730.8711,1100.564
4705,730.9931,1102.167
4706,734.5604,1102.9043
4707,738.60974,1102.4438
4708,738.0535,1101.0652
4709,730.82495,1100.9858
4710,717.9224,1103.2521
4711,703.31586,1105.1132
4712,692.8568,1104.1924
4713,688.7606,1101.15
4714,688.32446,1097.2933
4715,687.6844,1092.955
4716,684.8998,1087.5914
4717,681.5781,1081.4796
4718,679.6935,1076.9615
4719,678.1058,1075.0879
4720,677.2446,1071.8757
4721,677.83813,1065.4071
4722,672.2664,1062.8993
4723,657.7536,1066.7375
4724,649.3584,1065.744
4725,656.0503,1051.8428
4726,665.57635,1027.844
4727,668.03,1000.7659
4728,669.20386,979.2116
4729,674.5999,966.61145
4730,679.72565,957.9874
4731,679.1751,952.9234
4732,674.4318,957.3023
4733,670.519,966.1475
4734,670.19055,966.6655
4735,673.0489,958.73517
4736,677.0632,953.5616
4737,679.7721,956.3046
4738,679.31195,963.09534
4739,674.69653,971.5424
4740,665.51196,980.21204
4741,651.7658,981.5324
4742,636.5413,971.97974
4743,628.76624,961.52203
4744,635.5585,959.589
4745,651.2858,963.2384
4746,663.2144,965.87695
4747,667.21783,966.1468
4748,668.8135,965.691
4749,670.7895,965.7014
4750,670.4462,966.97394
4751,667.1866,970.85364
4752,664.5227,978.3598
4753,665.3652,988.5016
4754,667.9105,1000.61914
4755,666.3424,1016.0634
4756,658.27344,1033.6564
4757,650.92645,1047.0374
4758,652.37915,1050.2379
4759,659.8096,1045.5869
4760,666.8008,1042.1149
4761,674.4734,1045.0132
4762,685.68164,1051.9539
4763,695.1435,1059.5645
4764,692.9667,1067.7389
4765,678.14404,1077.231
4766,662.3774,1085.1687
4767,656.80725,1086.2827
4768,660.7095,1082.197
4769,665.7853,1081.0203
4770,667.4987,1082.9443
4771,669.6796,1080.3174
4772,677.413,1072.5133
4773,686.9833,1067.1951
4774,687.9098,1071.1693
4775,675.71405,1084.8632
4776,656.28534,1099.3019
4777,638.9027,1103.3318
4778,630.3034,1097.4052
4779,631.99316,1090.6761
4780,640.276,1087.1658
4781,650.1365,1084.1051
4782,658.5158,1078.1377
4783,665.1823,1067.7906
4784,672.8313,1055.3154
4785,680.8405,1045.6056
4786,681.36786,1041.2651
4787,672.06146,1044.2087
4788,661.4914,1055.2543
4789,654.881,1066.1788
4790,650.3939,1067.0713
4791,648.9063,1060.6261
4792,654.7622,1055.3035
4793,669.0992,1055.103
4794,686.41156,1061.4792
4795,698.5611,1070.911
4796,702.3682,1074.2157
4797,699.83417,1067.9314
4798,691.9193,1057.9985
4799,676.39685,1050.0974
4800,655.3682,1043.9039
4801,639.69434,1035.868
4802,636.9024,1025.1085
4803,643.0615,1015.3847
4804,653.94794,1009.2547
4805,670.98834,1005.1709
4806,690.1926,1002.01074
4807,702.2794,999.69366
4808,705.9127,998.77057
4809,702.35504,1002.60376
4810,687.3991,1011.7772
4811,665.8774,1020.35516
4812,653.53125,1024.1458
4813,655.43304,1024.7311
4814,662.71326,1024.7701
4815,667.23267,1025.9656
4816,667.08044,1028.5605
4817,666.49646,1033.1492
4818,673.2615,1042.9845
4819,690.72253,1054.4218
4820,714.0004,1054.0944
4821,730.3487,1035.7319
4822,728.7406,1009.76636
4823,715.65826,993.06494
4824,706.43854,990.3508
4825,704.546,990.7071
4826,701.2166,983.3037
4827,688.9844,968.65375
4828,672.49084,956.81696
4829,662.49365,955.843
4830,662.0783,962.60266
4831,667.90955,970.9567
4832,675.75714,981.308
4833,679.3799,994.4106
4834,677.4309,1004.9485
4835,678.4379,1008.36115
4836,687.63257,1009.71716
4837,699.54193,1018.1475
4838,707.4456,1032.6504
4839,709.6999,1042.0667
4840,708.13043,1040.785
4841,703.59106,1036.5614
4842,694.2108,1039.4747
4843,679.2906,1050.1073
4844,663.3456,1061.3003
4845,658.27106,1065.7284
4846,675.41516,1061.6074
4847,707.01697,1052.5466
4848,729.4997,1038.8748
4849,731.7656,1016.69055
4850,723.32965,995.5224
4851,715.26544,997.45197
4852,705.13153,1024.9318
4853,681.81494,1055.4602
4854,648.5276,1072.2614
4855,643.4137,1074.837
4856,713.59314,1064.0289
4857,844.10913,1038.9846
4858,952.69385,1005.9283
4859,978.0548,975.16406
4860,919.3247,956.5405
4861,807.04156,963.701
4862,696.44696,1001.1347
4863,642.4682,1046.47
4864,646.066,1072.3164
4865,667.1339,1077.3708
4866,680.1925,1077.4247
4867,686.7138,1081.9624
4868,696.1682,1088.546
4869,710.6771,1087.4213
4870,720.10693,1069.4934
4871,715.8959,1036.6906
4872,705.3107,1004.9277
4873,700.41113,993.5652
4874,702.81885,1010.3486
4875,707.81464,1043.8082
4876,714.41174,1072.085
4877,725.23334,1082.9462
4878,739.38916,1080.0798
4879,750.9225,1072.3568
4880,755.2381,1066.0135
4881,753.1069,1062.2869
4882,746.1242,1059.5017
4883,729.56525,1059.4156
4884,699.2049,1063.2363
4885,668.92096,1066.3126
4886,660.2852,1068.0972
4887,673.3008,1073.4702
4888,690.6833,1080.0299
4889,699.1481,1079.9954
4890,692.53,1072.1282
4891,675.3441,1062.2346
4892,664.8017,1053.1445
4893,669.1453,1042.4086
4894,676.07275,1033.8918
4895,673.52875,1036.0404
4896,668.9108,1044.3306
4897,696.43365,1041.3231
4898,786.9961,1018.57574
4899,902.56506,991.7117
4900,965.8385,978.5371
4901,963.1022,971.814
4902,933.0241,960.4948
4903,894.53955,954.64154
4904,853.5175,964.23395
4905,830.0066,977.68787
4906,838.54755,977.5472
4907,862.5366,965.18756
4908,853.84766,962.25366
4909,763.04144,984.785
4910,608.89795,1016.3907
4911,488.388,1024.5325
4912,465.79785,1003.4952
4913,510.2137,977.43097
4914,564.02,967.1446
4915,604.81683,974.81335
4916,635.6335,992.3619
4917,661.02765,1009.67694
4918,684.0304,1019.4114
4919,707.3381,1020.4467
4920,728.3906,1016.2813
4921,740.8176,1011.2841
4922,742.98083,1008.9058
4923,739.901,1009.9128
4924,736.1377,1010.9107
4925,732.3119,1009.15
4926,727.57574,1009.36676
4927,721.2088,1018.11584
4928,714.2329,1030.8091
4929,708.8401,1035.9619
4930,705.1184,1032.0809
4931,702.62744,1027.403
4932,704.4767,1025.5294
4933,715.5664,1020.4296
4934,734.9729,1005.7084
4935,752.92584,987.8264
4936,760.8333,982.077
4937,759.21387,988.7039
4938,752.50275,990.51166
4939,746.0625,982.06116
4940,745.9093,977.22485
4941,750.78015,986.9577
4942,749.5205,1008.7936
4943,734.2507,1031.4603
4944,713.6002,1042.7118
4945,704.54645,1040.7373
4946,709.6914,1036.3599
4947,714.79407,1038.8289
4948,709.19226,1045.6306
4949,696.56836,1049.028
4950,687.77997,1046.1383
4951,687.5165,1041.1516
4952,689.2074,1040.4138
4953,686.0286,1045.4191
4954,681.35486,1050.154
4955,683.2884,1047.8297
4956,693.03595,1041.3221
4957,703.64636,1038.798
4958,708.5429,1034.0975
4959,706.8456,1011.2833
4960,702.6026,981.04944
4961,702.57227,976.6407
4962,710.73505,1000.3912
4963,722.9871,1020.8469
4964,728.82043,1024.5903
4965,718.9118,1028.1749
4966,697.8192,1042.6837
4967,683.3135,1055.6693
4968,683.81866,1053.4847
4969,689.7086,1042.1061
4970,690.4132,1035.3301
4971,695.28265,1039.4752
4972,737.62225,1048.2981
4973,833.8883,1041.5892
4974,937.963,1008.83105
4975,986.73267,967.5126
4976,978.4895,936.6945
4977,950.8861,919.52563
4978,919.57074,914.8909
4979,881.7219,920.0251
4980,840.5758,930.3909
4981,802.5638,943.62976
4982,769.81775,957.62976
4983,743.8788,969.36224
4984,728.6485,977.1413
4985,725.44684,981.53296
4986,728.6666,984.27997
4987,729.8221,987.7583
4988,724.3415,995.179
4989,713.3149,1007.39606
4990,701.7828,1019.8793
4991,693.6878,1027.3967
4992,688.88116,1030.3256
4993,690.00684,1033.682
4994,701.95264,1039.6484
4995,719.69073,1041.9349
4996,734.67645,1035.3777
4997,749.578,1029.2552
4998,766.171,1034.9786
4999,774.1341,1046.8706
5000,772.2147,1052.9955
5001,777.77747,1053.6576
5002,798.323,1053.7936
5003,818.6313,1053.0355
5004,825.4054,1054.1335
5005,821.7681,1061.0435
5006,815.8386,1068.2227
5007,810.876,1072.8575
5008,806.49347,1083.0096
5009,799.9242,1094.1089
5010,787.34625,1086.2368
5011,778.4296,1059.1166
5012,809.2482,1024.1943
5013,903.8064,964.99365
5014,1012.9869,871.8672
5015,1058.6686,790.50226
5016,1038.6349,770.21515
5017,1007.1904,803.7739
5018,984.6016,855.76697
5019,954.81464,908.7343
5020,914.98846,962.512
5021,879.35925,1014.5614
5022,852.98,1054.1927
5023,832.71985,1072.1411
5024,820.2419,1075.1207
5025,817.116,1086.8694
5026,819.01544,1124.5955
5027,816.8065,1175.7938
5028,804.79926,1212.167
5029,791.98987,1221.085
5030,791.3898,1210.7148
5031,799.9238,1196.5365
5032,804.139,1187.9517
5033,798.022,1183.7318
5034,785.26056,1181.7533
5035,772.26984,1182.5621
5036,764.01056,1183.277
5037,761.57074,1180.6631
5038,761.4785,1176.142
5039,758.40216,1171.4666
5040,751.2356,1166.4733
5041,746.5781,1163.1989
5042,752.71533,1165.6708
5043,771.5122,1174.4532
5044,794.93445,1177.8806
5045,800.35425,1144.532
5046,751.43866,1054.9384
5047,620.5964,952.5816
5048,436.90424,900.5487
5049,304.31238,897.39465
5050,299.6271,905.9038
5051,371.67828,915.466
5052,428.60397,930.2701
5053,453.92462,946.47485
5054,475.23553,957.6498
5055,504.26096,962.31976
5056,537.4375,964.95233
5057,570.9363,971.2173
5058,603.99554,980.72327
5059,641.5044,988.9185
5060,711.5711,994.811
5061,855.65314,995.9314
5062,1048.7206,982.5672
5063,1183.4915,953.6262
5064,1191.4816,926.2824
5065,1112.2299,917.55493
5066,1024.3385,927.4011
5067,968.83606,940.1492
5068,942.815,932.8316
5069,925.69385,892.68744
5070,894.3295,840.79755
5071,825.429,822.1792
5072,712.9416,860.5741
5073,590.33624,935.082
5074,502.44073,1001.29407
5075,456.35632,1025.9097
5076,434.13467,1001.3533
5077,433.3977,946.88245
5078,456.75162,897.51605
5079,489.94116,872.92596
5080,518.5265,868.90985
5081,538.1898,876.1903
5082,549.9627,888.3055
5083,575.3916,906.5027
5084,648.81506,943.33624
5085,758.269,1003.74884
5086,841.3615,1064.0217
5087,865.23505,1092.6476
5088,853.63306,1089.1968
5089,836.23065,1078.1951
5090,819.90857,1068.9884
5091,800.44714,1039.2858
5092,775.1944,970.83936
5093,747.13794,892.5927
5094,719.8935,853.00073
5095,685.7592,860.24304
5096,636.0668,885.37067
5097,584.3414,905.2052
5098,552.96924,917.953
5099,547.3178,928.81396
5100,567.6926,939.84467
5101,621.8766,957.9679
5102,700.52386,993.6243
5103,771.3038,1039.1195
5104,806.19257,1059.2595
5105,787.87103,1015.90466
5106,719.98926,912.77136
5107,649.637,810.08545
5108,636.54535,771.83435
5109,691.4925,805.51416
5110,767.687,866.5123
5111,825.6175,904.82166
5112,878.21936,902.64874
5113,932.8015,881.6844
5114,947.7354,885.09076
5115,898.3652,943.01526
5116,823.46295,1036.5792
5117,773.55444,1107.719
5118,759.0449,1108.5007
5119,764.16034,1028.5208
5120,774.89197,908.34564
5121,787.9981,823.6902
5122,809.4116,809.2151
5123,836.575,821.5515
5124,852.7758,802.68085
5125,845.4815,752.3043
5126,812.64294,716.621
5127,763.02606,717.88745
5128,718.1058,733.10864
5129,692.64996,746.0329
5130,683.9214,780.75757
5131,695.7869,867.30145
5132,740.74316,989.1618
5133,798.26465,1084.8748
5134,814.8659,1111.1515
5135,772.34216,1090.3196
5136,718.50684,1076.2098
5137,705.26654,1083.1047
5138,728.7744,1080.5504
5139,752.82886,1051.037
5140,757.70325,1009.363
5141,748.68365,976.34424
5142,737.5991,962.4833
5143,728.3824,965.38184
5144,720.73486,976.56396
5145,718.444,988.59515
5146,728.4893,996.0884
5147,753.7065,1000.26843
5148,783.9405,1005.70966
5149,803.0912,1010.72327
5150,808.78235,1012.0762
5151,809.38214,1011.0452
5152,803.9278,1007.34985
5153,784.0484,1000.3523
5154,754.8514,995.8058
5155,733.5449,995.07544
5156,726.24194,990.3215
5157,726.065,983.0806
5158,728.26355,983.4387
5159,732.27325,990.3445
5160,737.48505,995.1977
5161,742.53577,995.94446
5162,745.4132,995.83777
5163,745.3589,996.2826
5164,743.8755,996.1615
5165,742.71027,994.85425
5166,743.15375,993.1357
5167,746.06836,991.9002
5168,750.4086,991.3664
5169,753.8549,991.7641
5170,755.47705,993.1097
5171,756.0714,994.05786
5172,756.2407,993.2523
5173,755.3044,991.8544
5174,752.5753,992.39777
5175,749.4118,994.5503
5176,750.67944,994.4374
5177,761.4595,989.5281
5178,777.7152,982.6447
5179,788.95575,978.78094
5180,793.9281,977.93024
5181,799.0075,975.45996
5182,803.8526,970.4537
5183,804.60815,967.6372
5184,803.8146,969.5696
5185,805.45135,972.40625
5186,808.7043,971.9813
5187,811.5569,969.6143
5188,813.1619,968.31836
5189,813.40546,967.6482
5190,813.75104,966.3767
5191,815.1451,966.2625
5192,816.2879,968.64594
5193,816.64276,971.29584
5194,817.1946,972.38495
5195,817.89056,972.9417
5196,817.676,974.2895
5197,816.6553,976.2602
5198,816.0353,977.3263
5199,815.3559,975.8353
5200,812.6104,971.7324
5201,807.972,967.6557
5202,804.4755,966.76196
5203,804.3802,968.898
5204,805.55835,972.2697
5205,802.6885,976.72327
5206,795.06915,979.7108
5207,796.79376,968.241
5208,826.9159,928.8402
5209,872.67413,879.7398
5210,890.95166,862.97284
5211,865.22345,888.6938
5212,821.60895,928.5646
5213,786.1876,959.23505
5214,762.5451,975.698
5215,745.8763,977.86194
5216,737.5748,968.7536
5217,742.00085,960.6545
5218,753.7541,964.8407
5219,757.0725,971.1492
5220,737.24457,948.5056
5221,692.3846,877.09644
5222,643.9856,783.0086
5223,625.25684,714.2169
5224,643.64087,686.3046
5225,667.1118,688.798
5226,662.1596,714.40155
5227,638.3142,753.1055
5228,632.40814,792.18604
5229,653.0027,831.8945
5230,675.33746,875.39984
5231,683.7797,910.6268
5232,683.72955,926.95215
5233,680.3607,930.13336
5234,661.382,929.9712
5235,607.12134,934.98816
5236,533.71234,947.8804
5237,493.75073,957.4667
5238,518.06104,948.3523
5239,594.8817,918.2197
5240,686.99884,885.0522
5241,758.88635,872.5906
5242,803.82776,885.2586
5243,820.3842,906.54944
5244,793.56525,921.8074
5245,725.6271,935.82574
5246,640.0054,962.4813
5247,561.6472,998.12805
5248,512.0028,1023.44165
5249,502.194,1026.8997
5250,528.54346,1004.6932
5251,576.1439,960.64575
5252,625.7033,917.2584
5253,661.14435,895.8969
5254,678.22986,892.9663
5255,691.37213,893.21423
5256,718.69037,890.475
5257,755.20215,888.791
5258,775.66486,894.5337
5259,765.553,913.02484
5260,735.83563,944.4482
5261,705.72064,975.86743
5262,684.3849,988.0875
5263,673.64594,976.45825
5264,673.4094,955.10144
5265,678.41437,938.1844
5266,680.61774,926.58997
5267,678.173,917.6233
5268,678.6351,915.2425
5269,689.0924,922.7074
5270,703.6872,937.62225
5271,709.78613,957.31354
5272,705.5356,978.6084
5273,704.7473,994.2901
5274,723.9027,1000.3639
5275,764.3842,1002.8282
5276,809.0753,1007.9101
5277,838.86066,1014.1247
5278,850.9045,1018.9818
5279,857.00745,1022.92773
5280,865.5858,1025.5002
5281,871.94446,1025.9688
5282,866.281,1026.1669
5283,843.74567,1024.6666
5284,807.37494,1012.2327
5285,767.82983,982.4343
5286,737.3405,944.5034
5287,721.53204,917.0951
5288,723.7149,906.9477
5289,747.8686,903.46844
5290,784.26294,896.91205
5291,813.7676,886.76624
5292,831.9319,873.7643
5293,840.3035,860.25104
5294,827.9803,854.4317
5295,792.5459,863.2277
5296,761.7485,883.2446
5297,766.2936,902.06
5298,801.07715,907.8457
5299,836.40106,898.84094
5300,856.9282,884.09845
5301,867.10254,877.08575
5302,864.8913,891.6901
5303,835.84796,932.7867
5304,783.64886,977.1114
5305,739.1937,984.2115
5306,720.6023,948.7887
5307,714.4301,917.7849
5308,705.8929,933.03107
5309,697.34406,980.48444
5310,695.5317,1016.48895
5311,700.283,1019.9424
5312,706.5934,998.1227
5313,710.0051,967.6157
5314,710.23145,946.7156
5315,711.1168,945.30554
5316,714.71423,954.09625
5317,718.73566,956.4467
5318,721.71,949.1702
5319,724.38025,941.9854
5320,726.3987,941.9374
5321,727.21344,947.0359
5322,727.9679,952.6221
5323,728.78204,956.79645
5324,727.3081,958.14386
5325,722.42316,954.67505
5326,717.31354,946.65906
5327,716.8218,937.2474
5328,720.6397,931.8478
5329,723.5457,934.34546
5330,723.2054,941.6918
5331,720.43567,948.01245
5332,715.61304,952.04877
5333,710.5163,954.31573
5334,707.9781,952.8693
5335,708.06146,948.0308
5336,707.5974,944.9218
5337,703.91626,946.9798
5338,698.12177,951.90576
5339,693.833,954.5816
5340,694.4698,951.9239
5341,700.81146,946.79816
5342,709.19556,945.9796
5343,714.09534,950.4165
5344,712.75775,950.52344
5345,707.7403,939.1556
5346,704.2144,923.0935
5347,703.1815,911.1914
5348,701.4097,902.16174
5349,698.76697,893.014
5350,697.55176,888.3504
5351,696.2169,893.9127
5352,694.1833,907.36615
5353,697.0359,921.32007
5354,706.7223,929.44324
5355,713.42334,926.0451
5356,704.7908,909.1637
5357,680.7987,885.34735
5358,657.0376,864.2072
5359,649.9682,850.78015
5360,659.06256,845.6647
5361,670.791,847.18604
5362,676.9924,851.95135
5363,680.3091,856.67993
5364,684.587,859.297
5365,688.74164,858.2769
5366,689.97394,853.4797
5367,684.3377,846.22784
5368,667.76825,836.20447
5369,645.9637,822.27106
5370,632.89404,807.8441
5371,635.6412,798.8454
5372,650.36896,795.4099
5373,666.7564,791.3858
5374,674.4814,782.75336
5375,672.0091,772.57654
5376,664.7278,766.14935
5377,656.7551,764.40076
5378,649.6594,765.03436
5379,643.8902,767.924
5380,639.3774,774.5764
5381,637.32526,783.92334
5382,641.16016,794.2049
5383,654.45154,804.3585
5384,678.3639,806.7814
5385,710.90845,791.26874
5386,746.5756,765.60815
5387,779.7965,752.7518
5388,807.8217,763.6803
5389,818.73395,792.2806
5390,780.2191,823.8724
5391,676.3354,837.375
5392,561.9481,825.00903
5393,515.87384,807.1977
5394,542.6497,805.84125
5395,587.4589,819.59344
5396,614.86273,835.2422
5397,625.69867,845.1152
5398,630.26324,850.29865
5399,642.48145,853.88226
5400,680.1655,855.2157
5401,729.7267,854.7386
5402,733.215,857.5221
5403,652.9653,867.41626
5404,538.01685,884.1252
5405,481.8711,905.0103
5406,510.4973,926.5054
5407,569.6491,945.5575
5408,624.4745,960.43164
5409,693.40704,970.2913
5410,774.86395,975.47266
5411,828.5826,978.0619
5412,837.84705,979.6508
5413,819.5643,979.4938
5414,790.6847,976.07074
5415,761.1726,973.7192
5416,735.08514,981.962
5417,715.4383,996.249
5418,719.18243,990.604
5419,760.0608,944.0294
5420,815.5215,871.44244
5421,856.17035,808.1819
5422,883.7957,770.06226
5423,907.03937,762.4504
5424,927.3243,793.54724
5425,951.3474,846.182
5426,984.7501,881.5469
5427,1013.18994,877.3296
5428,1002.80096,837.8656
5429,938.05707,784.05383
5430,839.1958,742.7933
5431,734.5498,730.01306
5432,644.48346,739.68756
5433,582.8925,756.3324
5434,555.95483,772.8317
5435,560.7096,792.43335
5436,575.6062,827.0071
5437,564.3801,890.54395
5438,529.184,971.9003
5439,523.12396,1029.3438
5440,561.9011,1042.0242
5441,604.0136,1033.8541
5442,632.3078,1028.2311
5443,659.2182,1024.6288
5444,683.82184,1019.27844
5445,702.6301,1012.2968
5446,719.90466,1000.20013
5447,731.426,982.0569
5448,731.34106,969.4829
5449,729.8926,979.7623
5450,735.1673,1021.8267
5451,733.0055,1085.5864
5452,703.33746,1136.0554
5453,646.2474,1133.1432
5454,591.4343,1070.9194
5455,569.0807,981.8727
5456,574.13544,904.1223
5457,588.40063,859.3258
5458,620.5861,848.7236
5459,697.2395,860.2392
5460,814.6781,878.79193
5461,910.74164,888.7478
5462,911.2828,882.7632
5463,809.75885,871.15485
5464,674.7872,867.13947
5465,570.3427,870.41125
5466,502.49658,874.42615
5467,465.60446,876.30676
5468,477.91467,874.56305
5469,539.7621,867.9341
5470,616.817,860.59186
5471,673.33966,859.72546
5472,693.523,864.06586
5473,683.9921,863.024
5474,660.162,851.4895
5475,625.5393,843.5988
5476,578.23254,860.2284
5477,533.63043,897.4647
5478,509.53592,931.3088
5479,500.19623,952.9328
5480,507.17093,970.0675
5481,554.37463,983.9375
5482,632.7426,987.02594
5483,696.7265,979.2109
5484,726.6797,973.17114
5485,739.82214,978.8777
5486,754.4309,993.1313
5487,769.0319,1006.6224
5488,773.83813,1013.85724
5489,772.14526,1016.5216
5490,773.7744,1017.881
5491,777.8797,1017.1126
5492,777.254,1010.26776
5493,770.0321,995.80225
5494,761.54,982.4993
5495,757.25336,982.3516
5496,755.91064,991.8521
5497,754.9772,996.9388
5498,757.7425,993.695
5499,765.3178,991.35156
5500,769.8749,997.68066
5501,764.15784,1008.57
5502,754.9635,1012.39484
5503,765.86633,993.2004
5504,813.4258,941.5562
5505,874.53625,879.6944
5506,909.1003,846.2089
5507,910.0604,852.50037
5508,889.4113,888.0815
5509,848.4201,943.41425
5510,800.73627,999.09106
5511,778.2708,1030.1134
5512,792.2555,1033.916
5513,819.7503,1025.811
5514,814.6352,1013.0986
5515,725.1276,994.5977
5516,557.0055,975.22064
5517,408.2475,961.4472
5518,367.0962,952.89496
5519,410.3218,949.43536
5520,461.38602,950.5684
5521,486.99368,950.6652
5522,495.86145,945.55646
5523,501.12695,935.0982
5524,510.2723,919.5626
5525,524.58813,898.8086
5526,539.5803,873.64984
5527,551.34607,848.9328
5528,559.47864,835.1052
5529,565.48376,841.6366
5530,573.7401,867.1263
5531,589.66266,899.24054
5532,613.23486,924.7975
5533,637.96564,938.4774
5534,657.9025,942.6709
5535,674.2488,942.964
5536,692.4718,945.3729
5537,712.9511,951.9692
5538,728.90326,959.01514
5539,732.65247,963.26416
5540,723.0998,964.6075
5541,709.58417,963.17096
5542,703.2977,960.63446
5543,704.09436,960.74164
5544,702.694,964.85986
5545,695.243,969.93134
5546,691.51996,971.356
5547,703.928,966.3781
5548,727.5768,955.0855
5549,745.41223,940.19586
5550,752.2359,926.45795
5551,754.9947,917.6832
5552,758.7875,914.74524
5553,765.3399,918.5155
5554,771.9127,928.16223
5555,769.3551,934.77606
5556,753.49915,929.1253
5557,734.25684,915.26965
5558,723.662,904.5814
5559,721.99725,900.81976
5560,722.7037,899.08325
5561,724.5963,894.676
5562,732.6542,887.42316
5563,748.6343,879.3087
5564,765.3903,872.6369
5565,772.6393,870.2833
5566,767.9222,874.4104
5567,758.4197,883.5162
5568,751.8433,892.53284
5569,749.5671,898.2129
5570,749.21045,902.32275
5571,750.1635,907.59753
5572,752.68823,913.9989
5573,753.7254,921.01807
5574,749.2223,929.3078
5575,737.9504,938.3227
5576,719.79315,946.4746
5577,697.9086,952.49304
5578,682.28,954.652
5579,679.4782,952.7623
5580,682.4916,950.8082
5581,680.8975,952.9487
5582,677.92377,957.70374
5583,692.10486,960.54663
5584,735.9927,960.8231
5585,792.7642,961.8217
5586,826.0679,964.1826
5587,810.30273,959.9591
5588,748.34937,940.81165
5589,668.46045,916.69055
5590,597.09235,908.71747
5591,546.2451,919.3249
5592,537.90784,923.9793
5593,597.0456,896.083
5594,701.64545,842.6262
5595,795.15015,800.47656
5596,857.2669,789.14935
5597,900.4564,795.7316
5598,922.2673,800.29193
5599,919.22253,791.02783
5600,905.1939,769.8067
5601,888.096,749.0318
5602,862.37994,741.92926
5603,835.0396,770.0028
5604,830.3417,852.6303
5605,856.1928,954.1806
5606,897.315,989.1661
5607,941.05444,923.45337
5608,975.53784,821.6565
5609,973.99524,782.8385
5610,915.5306,860.60974
5611,824.44855,1011.53143
5612,754.07904,1126.8728
5613,725.38635,1150.4434
5614,723.6927,1122.9645
5615,737.95776,1103.3474
5616,755.19464,1100.126
5617,754.1585,1093.6626
5618,735.7081,1077.2543
5619,717.3508,1047.3993
5620,703.1081,1008.066
5621,691.123,986.5991
5622,684.57275,994.4359
5623,684.1409,1008.6695
5624,687.54736,1011.6394
5625,691.78973,1006.81665
5626,694.3635,1001.3546
5627,696.2275,999.5345
5628,698.7332,1005.1739
5629,700.81537,1016.677
5630,703.07,1024.4033
5631,709.1962,1019.08154
5632,719.8815,1003.2992
5633,728.0668,991.09406
5634,725.42065,992.39355
5635,713.54944,1003.2397
5636,703.12103,1013.3311
5637,700.60144,1016.57043
5638,702.49176,1013.1258
5639,704.00476,1006.3074
5640,704.9214,999.66754
5641,706.3491,995.2544
5642,708.7017,993.1311
5643,711.56537,992.23474
5644,712.99054,991.786
5645,713.28094,991.2724
5646,721.5963,988.394
5647,748.26855,980.5207
5648,783.97437,971.13416
5649,804.72473,968.29004
5650,801.0847,973.3244
5651,786.95624,976.5829
5652,789.18976,963.27734
5653,821.0208,930.24945
5654,853.65533,902.1285
5655,850.57684,906.3621
5656,818.96027,935.7584
5657,784.6185,965.20447
5658,754.0164,985.86676
5659,730.82416,1000.50574
5660,740.4563,999.8141
5661,799.9684,962.4586
5662,862.3316,889.95496
5663,865.0779,821.8423
5664,822.7276,791.9807
5665,784.8622,794.46875
5666,761.0152,811.0915
5667,732.0308,843.36884
5668,683.6011,901.4005
5669,638.8316,973.5085
5670,644.3419,1024.0225
5671,691.9211,1033.7999
5672,723.5665,1021.8937
5673,721.5094,1011.8256
5674,711.0775,1007.22687
5675,701.1318,1005.08246
5676,684.1933,1006.3189
5677,676.1711,1013.5482
5678,711.2921,1028.8676
5679,783.8411,1049.3574
5680,840.73615,1065.2533
5681,852.13434,1073.1116
5682,838.81464,1077.4697
5683,827.46155,1075.7583
5684,821.8261,1066.8418
5685,813.45654,1061.9255
5686,797.10864,1066.5559
5687,777.02435,1072.399
5688,765.5842,1073.883
5689,772.8022,1074.6226
5690,793.1955,1074.8143
5691,807.6329,1065.4869
5692,802.9662,1041.5557
5693,786.47754,1013.81134
5694,776.4403,1000.79706
5695,780.61725,1009.89294
5696,791.69855,1031.5399
5697,802.0374,1051.5485
5698,809.9328,1061.8835
5699,812.94965,1059.4371
5700,808.9745,1045.0005
5701,802.4812,1030.7544
5702,800.03455,1033.6339
5703,802.63806,1050.7438
5704,807.6635,1063.9344
5705,811.2774,1070.9429
5706,804.68164,1084.0848
5707,780.2569,1098.2211
5708,746.58563,1089.7472
5709,721.1753,1054.4778
5710,708.0183,1017.46515
5711,699.40906,1000.3823
5712,692.02124,1002.477
5713,687.8334,1010.41833
5714,688.571,1011.4531
5715,694.82385,1000.71045
5716,704.14264,984.6029
5717,711.3131,973.6123
5718,714.57,970.1433
5719,717.64825,970.2373
5720,724.3496,971.96716
5721,733.91656,974.0988
5722,743.26904,973.4128
5723,750.2942,970.2654
5724,748.9719,971.716
5725,731.76575,982.5599
5726,705.59467,996.65594
5727,688.72345,1004.0155
5728,687.6416,1003.4331
5729,691.85815,1001.5213
5730,690.407,1002.02185
5731,685.43536,1001.1126
5732,688.0625,993.3671
5733,704.48474,981.0377
5734,731.3902,975.169
5735,754.9425,983.8138
5736,754.2133,999.50604
5737,727.00116,1007.047
5738,699.22473,1001.4547
5739,691.6312,988.0931
5740,700.16907,974.92694
5741,711.7871,969.03827
5742,719.8627,971.31775
5743,724.64,976.9995
5744,727.9804,981.9096
5745,732.7949,984.08655
5746,742.8353,982.5276
5747,755.4247,978.7236
5748,760.63116,977.7943
5749,753.69135,982.9923
5750,741.6248,990.23737
5751,734.347,993.3085
5752,734.2534,992.1453
5753,736.97455,990.4926
5754,738.48865,989.42944
5755,739.0469,988.26355
5756,740.42035,987.29047
5757,739.8922,986.9333
5758,733.221,986.9694
5759,723.2886,987.2655
5760,715.8291,988.91614
5761,710.97437,993.6327
5762,707.3898,1000.1256
5763,705.7238,1003.89685
5764,704.8449,1002.7817
5765,703.28174,999.7011
5766,702.0704,998.3678
5767,702.5864,998.07654
5768,705.7562,996.1986
5769,713.07385,993.64355
5770,726.39984,991.7272
5771,747.22876,988.6624
5772,773.9096,986.11084
5773,796.81323,992.55383
5774,800.2616,1013.27734
5775,780.8349,1035.6881
5776,758.5004,1027.5654
5777,751.1972,969.7329
5778,752.6254,890.3229
5779,749.5472,831.53174
5780,739.8251,803.30804
5781,730.0731,815.2121
5782,728.5264,894.04956
5783,737.5726,1015.9228
5784,757.10333,1090.0941
5785,786.33203,1053.1335
5786,805.34595,941.7082
5787,787.9742,846.97614
5788,745.3915,812.2836
5789,718.3847,808.4965
5790,730.4398,791.96735
5791,766.7779,753.4258
5792,795.9371,729.7501
5793,801.9749,780.247
5794,785.9744,922.8402
5795,755.93695,1089.9274
5796,725.96576,1191.6532
5797,708.3901,1208.6626
5798,704.8164,1179.2482
5799,709.3875,1142.8223
5800,716.16235,1122.8627
5801,719.3253,1121.5487
5802,716.9984,1120.6677
5803,717.9099,1108.9219
5804,724.8051,1107.3827
5805,726.54755,1135.3036
5806,721.25494,1169.0048
5807,718.31696,1179.3105
5808,723.1528,1169.163
5809,737.6,1152.1915
5810,758.9861,1136.8489
5811,773.83765,1127.3143
5812,759.48724,1109.096
5813,701.8294,1049.0883
5814,624.01685,943.239
5815,576.61426,841.46985
5816,580.3138,788.72235
5817,607.21564,776.65137
5818,624.68,774.9661
5819,626.08875,769.7927
5820,619.0611,765.47327
5821,608.4507,770.56104
5822,593.7207,785.24335
5823,573.5638,804.33417
5824,559.6482,831.8777
5825,583.2303,885.5841
5826,660.9168,971.9784
5827,756.0469,1060.021
5828,812.4367,1110.9397
5829,821.6313,1126.8624
5830,817.1786,1135.6252
5831,817.89343,1146.2703
5832,813.71576,1147.1393
5833,792.8049,1131.286
5834,760.149,1108.4268
5835,737.1528,1097.6001
5836,746.1144,1111.6807
5837,783.7325,1141.4702
5838,818.027,1158.5391
5839,825.0708,1146.3086
5840,814.12,1120.1868
5841,806.7241,1110.2332
5842,806.61597,1128.7961
5843,803.8533,1158.6392
5844,795.24744,1175.6117
5845,783.8289,1173.1797
5846,773.3662,1161.9008
5847,770.0095,1156.3994
5848,772.4774,1160.302
5849,766.3725,1161.7539
5850,744.1519,1146.7694
5851,720.6805,1114.9546
5852,713.51733,1082.4799
5853,718.0827,1065.6973
5854,717.3177,1066.6266
5855,706.09753,1075.7856
5856,691.5266,1077.4902
5857,680.1768,1065.9851
5858,680.8821,1057.1283
5859,702.9698,1061.2747
5860,736.8487,1061.4806
5861,761.21136,1042.0402
5862,773.87274,1018.0912
5863,786.56964,1013.35443
5864,794.815,1027.8168
5865,780.59186,1046.9214
5866,745.2583,1062.7078
5867,715.34235,1071.8309
5868,707.7941,1066.0062
5869,712.9283,1040.5969
5870,714.59827,1009.0472
5871,707.3564,990.299
5872,695.2463,986.5015
5873,684.39465,988.44727
5874,677.80426,991.54486
5875,674.49365,995.73456
5876,672.4639,999.6339
5877,671.46857,999.945
5878,671.19904,996.39655
5879,670.91406,995.2888
5880,675.18695,997.6716
5881,693.8546,990.4726
5882,728.5044,967.0323
5883,767.0054,942.4411
5884,795.74097,930.3394
5885,797.0976,916.6065
5886,747.23865,874.8974
5887,655.95844,811.02094
5888,578.2712,765.35596
5889,550.9928,765.1367
5890,558.01825,803.37897
5891,566.6024,851.39056
5892,560.7812,877.5236
5893,544.09717,872.26935
5894,528.428,848.66785
5895,519.9121,820.68365
5896,516.1959,796.06573
5897,518.7408,784.77814
5898,548.0174,812.4843
5899,626.55664,897.1011
5900,728.0265,992.92194
5901,789.85736,1027.306
5902,795.049,1004.5017
5903,780.9355,989.7092
5904,775.2497,1009.307
5905,775.4646,1035.1459
5906,774.98834,1045.3269
5907,777.83246,1050.287
5908,785.0936,1057.5826
5909,786.51794,1054.0717
5910,777.16174,1035.3
5911,761.2494,1020.7258
5912,737.8044,1028.9318
5913,708.4546,1051.6833
5914,689.44324,1068.0941
5915,693.70825,1073.863
5916,714.6991,1075.4858
5917,737.4881,1075.3911
5918,750.93365,1073.0367
5919,749.69946,1064.6798
5920,737.4142,1050.6378
5921,725.87415,1046.6938
5922,724.0675,1069.1202
5923,730.7952,1103.6089
5924,742.80255,1113.5426
5925,758.22345,1086.5873
5926,771.5109,1050.2898
5927,778.6144,1038.195
5928,779.48785,1049.4163
5929,775.0326,1053.2281
5930,766.8827,1037.31
5931,755.8482,1019.6891
5932,742.48724,1012.2312
5933,728.5357,1009.42145
5934,718.3642,1007.0878
5935,717.18054,1009.145
5936,722.3727,1016.55865
5937,725.34015,1021.8752
5938,724.6172,1020.9692
5939,725.8916,1019.1575
5940,730.5699,1021.24567
5941,730.8215,1023.87604
5942,717.41534,1020.60846
5943,693.1092,1012.2586
5944,668.5831,1006.87445
5945,647.85236,1007.53174
5946,634.72546,1008.65186
5947,643.10504,1006.9178
5948,681.0315,1004.6005
5949,731.2227,1002.5489
5950,766.59467,1000.3113
5951,780.87946,997.5563
5952,783.958,993.12866
5953,781.98926,990.2467
5954,780.5403,994.61505
5955,785.1614,1006.55707
5956,790.2845,1023.50494
5957,784.54626,1040.9923
5958,762.3756,1052.5344
5959,728.7448,1055.4883
5960,706.91876,1049.9348
5961,721.27264,1040.1396
5962,759.1923,1035.9849
5963,780.79694,1041.3733
5964,765.6241,1052.5494
5965,735.8525,1064.1488
5966,758.0705,1059.2955
5967,895.9365,1008.0102
5968,1110.7837,908.0574
5969,1272.203,812.9658
5970,1301.3184,774.8493
5971,1225.8822,779.32806
5972,1112.9994,775.44824
5973,1020.6318,744.59064
5974,993.0319,722.18524
5975,1037.956,755.63983
5976,1092.1749,828.37775
5977,1077.2595,869.3893
5978,1001.7434,860.50366
5979,938.1798,850.40784
5980,908.42444,862.70996
5981,858.30774,883.85535
5982,748.689,918.7179
5983,624.60266,973.39197
5984,591.55914,1007.52405
5985,730.61633,972.3905
5986,990.7263,887.88025
5987,1185.4761,821.482
5988,1175.5724,795.10547
5989,1017.7856,778.3968
5990,872.51746,754.9509
5991,836.7528,746.06793
5992,902.5409,778.8504
5993,987.657,836.64044
5994,1016.9742,871.34045
5995,1004.5897,869.44885
5996,995.74347,852.19336
5997,998.3892,830.88983
5998,1008.0675,804.83673
5999,1002.6179,774.41254
6000,942.4336,738.1416
6001,806.6468,699.7574
6002,596.55524,683.31305
6003,369.68585,713.33264
6004,246.69118,769.6157
6005,266.37747,804.89716
6006,318.73483,813.2763
6007,321.4589,819.99945
6008,316.19385,826.4841
6009,335.31738,823.0267
6010,357.98132,812.8114
6011,393.7989,799.392
6012,448.5653,785.2829
6013,462.8742,777.15356
6014,388.0873,777.61615
6015,268.7159,786.5545
6016,200.74677,804.07477
6017,228.95865,821.8926
6018,308.8374,830.79626
6019,374.9195,831.48083
6020,408.13354,826.64
6021,421.8314,818.41644
6022,442.37933,809.92114
6023,525.21216,793.4562
6024,709.0829,750.3627
6025,915.83936,682.4767
6026,1005.6724,619.6521
6027,958.1673,582.1415
6028,884.26416,568.9532
6029,872.3436,572.403
6030,905.4584,580.548
6031,919.15137,587.1741
6032,888.8734,597.1307
6033,832.6628,607.4521
6034,767.1546,605.10846
6035,710.0137,590.3858
6036,694.08514,579.02893
6037,734.76556,584.7322
6038,802.4444,612.19293
6039,850.9574,653.5184
6040,852.09314,693.7212
6041,803.118,729.6369
6042,729.5772,768.17896
6043,665.6519,808.35724
6044,628.79565,837.7073
6045,634.4768,842.02625
6046,699.88306,822.67554
6047,804.6801,803.67096
6048,891.4898,809.14386
6049,927.90564,835.86426
6050,929.783,856.08075
6051,920.3462,841.94183
6052,904.117,790.8049
6053,878.1837,737.6071
6054,844.2995,722.7981
6055,807.83075,745.6512
6056,771.7915,779.01764
6057,740.33386,821.3213
6058,725.7706,898.0401
6059,732.44434,1005.33954
6060,742.7988,1096.8577
6061,737.7975,1143.4015
6062,714.12964,1156.9708
6063,679.6137,1157.3337
6064,647.76685,1146.8746
6065,639.0487,1107.1099
6066,675.52246,1025.5106
6067,746.73883,925.5437
6068,797.2311,837.1942
6069,783.8578,764.8633
6070,701.5379,729.476
6071,554.2755,777.658
6072,396.84012,889.2347
6073,337.69714,965.0985
6074,390.51358,958.228
6075,446.88446,918.23627
6076,449.24982,896.83563
6077,445.55963,899.37744
6078,477.03156,911.6885
6079,526.25146,919.0118
6080,560.3206,914.5078
6081,573.2016,907.7792
6082,581.85815,910.784
6083,590.83777,912.0907
6084,583.66534,884.0197
6085,551.39795,821.4467
6086,517.3816,758.6804
6087,526.5108,743.19086
6088,597.8979,794.7529
6089,691.7604,880.7966
6090,746.2437,946.4172
6091,745.0836,975.3904
6092,724.0668,989.0231
6093,724.01917,1001.2395
6094,756.4647,1009.9747
6095,798.7999,1012.0576
6096,820.2756,1009.2841
6097,814.2458,1005.2456
6098,795.4113,1002.1744
6099,777.26,1004.0856
6100,754.6533,1001.2936
6101,704.2388,961.9974
6102,618.6,886.8548
6103,530.9038,828.8641
6104,480.0645,818.42566
6105,472.52307,832.3589
6106,503.6795,839.1778
6107,571.37225,828.2585
6108,649.04333,812.9799
6109,728.7952,817.4208
6110,870.40076,846.35016
6111,1085.4888,876.9496
6112,1253.4363,887.5032
6113,1264.9332,877.9609
6114,1150.4023,855.8151
6115,1014.71924,824.503
6116,919.7775,794.7747
6117,859.8082,784.001
6118,817.5684,796.33234
6119,806.8582,817.7128
6120,847.11633,831.38947
6121,912.4908,834.86035
6122,942.6306,841.6611
6123,901.4019,864.50903
6124,805.47003,900.0572
6125,714.90393,930.7766
6126,682.66846,941.1991
6127,700.0815,935.2771
6128,716.0005,931.64954
6129,696.66705,939.8484
6130,657.89075,950.3802
6131,642.41614,950.4919
6132,663.98444,943.807
6133,694.6028,948.8549
6134,700.626,977.90656
6135,658.56274,1017.4591
6136,557.7048,1037.0891
6137,439.23404,1027.3046
6138,379.92078,1010.83374
6139,389.7696,1006.92773
6140,413.49402,1011.1794
6141,428.92307,1013.3727
6142,456.4284,1010.0918
6143,505.8171,1001.87805
6144,563.7872,991.6081
6145,612.91187,981.12775
6146,646.9375,970.07513
6147,670.7688,960.77594
6148,689.69617,955.7507
6149,703.64575,953.072
6150,714.45465,951.63696
6151,734.38,955.72205
6152,772.748,963.436
6153,813.7041,957.87695
6154,834.31445,936.4352
6155,837.0293,928.2178
6156,833.7295,949.6285
6157,822.99426,981.8851
6158,806.10754,1003.4013
6159,803.3018,1000.6715
6160,832.128,965.39325
6161,867.26056,913.9061
6162,858.8339,879.022
6163,801.04156,872.0814
6164,737.3391,881.41046
6165,701.34186,895.4764
6166,686.9541,907.523
6167,672.45404,913.0153
6168,650.66956,912.4886
